Sample in Buffer,Sample in Window,TRIGGER,Aquila_SoC/RISCV_CORE0/BPU_Profiler/incorrect_predictions_debug[63:0],Aquila_SoC/RISCV_CORE0/BPU_Profiler/prediction_accuracy_denominator_debug[63:0],Aquila_SoC/RISCV_CORE0/BPU_Profiler/mispred_penalty_debug[63:0],Aquila_SoC/RISCV_CORE0/BPU_Profiler/total_branches_debug[63:0],Aquila_SoC/RISCV_CORE0/BPU_Profiler/cpi_denominator_debug[63:0],Aquila_SoC/RISCV_CORE0/BPU_Profiler/correct_predictions_debug[63:0],Aquila_SoC/RISCV_CORE0/BPU_Profiler/bht_hits_debug[63:0],Aquila_SoC/RISCV_CORE0/BPU_Profiler/bht_hit_rate_numerator_debug[63:0],Aquila_SoC/RISCV_CORE0/BPU_Profiler/bht_misses_debug[63:0],Aquila_SoC/RISCV_CORE0/BPU_Profiler/bht_hit_rate_denominator_debug[63:0],Aquila_SoC/RISCV_CORE0/BPU_Profiler/prediction_accuracy_numerator_debug[63:0],Aquila_SoC/RISCV_CORE0/BPU_Profiler/instruction_completed_debug[63:0],Aquila_SoC/RISCV_CORE0/BPU_Profiler/fetch_pc_debug[31:0],Aquila_SoC/RISCV_CORE0/BPU_Profiler/execution_cycles_debug[63:0],Aquila_SoC/RISCV_CORE0/BPU_Profiler/cpi_numerator_debug[63:0],Aquila_SoC/RISCV_CORE0/BPU_Profiler/penalty_counting_debug
Radix - UNSIGNED,UNSIGNED,UNSIGNED,SIGNED,SIGNED,SIGNED,SIGNED,HEX,SIGNED,SIGNED,SIGNED,SIGNED,SIGNED,SIGNED,HEX,HEX,HEX,HEX,HEX
0,0,0,12494010,269963483,13775964,277768363,000000004ce310c3,257469473,39962900,39962900,262873664,302836564,257469473,000000004ce310c3,00004d1c,000000005af85713,000000005af85712,0
1,1,0,12494010,269963483,13775964,277768364,000000004ce310c3,257469474,39962900,39962900,262873665,302836564,257469473,000000004ce310c4,00004d20,000000005af85714,000000005af85713,0
2,2,0,12494010,269963484,13775964,277768364,000000004ce310c4,257469474,39962900,39962900,262873665,302836565,257469474,000000004ce310c5,00004d20,000000005af85715,000000005af85714,0
3,3,0,12494010,269963484,13775964,277768364,000000004ce310c5,257469474,39962900,39962900,262873665,302836565,257469474,000000004ce310c5,00004d20,000000005af85715,000000005af85715,0
4,4,0,12494010,269963484,13775964,277768364,000000004ce310c5,257469474,39962900,39962900,262873665,302836565,257469474,000000004ce310c6,00004d18,000000005af85716,000000005af85715,0
5,5,0,12494010,269963484,13775964,277768364,000000004ce310c6,257469474,39962900,39962900,262873665,302836565,257469474,000000004ce310c6,00004d1c,000000005af85717,000000005af85716,0
6,6,0,12494010,269963484,13775964,277768365,000000004ce310c6,257469475,39962900,39962900,262873666,302836565,257469474,000000004ce310c7,00004d20,000000005af85718,000000005af85717,0
7,7,0,12494010,269963485,13775964,277768365,000000004ce310c7,257469475,39962900,39962900,262873666,302836566,257469475,000000004ce310c8,00004d20,000000005af85719,000000005af85718,0
8,8,0,12494010,269963485,13775964,277768365,000000004ce310c8,257469475,39962900,39962900,262873666,302836566,257469475,000000004ce310c8,00004d20,000000005af85719,000000005af85719,0
9,9,0,12494010,269963485,13775964,277768365,000000004ce310c8,257469475,39962900,39962900,262873666,302836566,257469475,000000004ce310c9,00004d18,000000005af8571a,000000005af85719,0
10,10,0,12494010,269963485,13775964,277768365,000000004ce310c9,257469475,39962900,39962900,262873666,302836566,257469475,000000004ce310c9,00004d1c,000000005af8571b,000000005af8571a,0
11,11,0,12494010,269963485,13775964,277768366,000000004ce310c9,257469476,39962900,39962900,262873667,302836566,257469475,000000004ce310ca,00004d20,000000005af8571c,000000005af8571b,0
12,12,0,12494010,269963486,13775964,277768366,000000004ce310ca,257469476,39962900,39962900,262873667,302836567,257469476,000000004ce310cb,00004d20,000000005af8571d,000000005af8571c,0
13,13,0,12494010,269963486,13775964,277768366,000000004ce310cb,257469476,39962900,39962900,262873667,302836567,257469476,000000004ce310cb,00004d20,000000005af8571d,000000005af8571d,0
14,14,0,12494010,269963486,13775964,277768366,000000004ce310cb,257469476,39962900,39962900,262873667,302836567,257469476,000000004ce310cc,00004d18,000000005af8571e,000000005af8571d,0
15,15,0,12494010,269963486,13775964,277768366,000000004ce310cc,257469476,39962900,39962900,262873667,302836567,257469476,000000004ce310cc,00004d1c,000000005af8571f,000000005af8571e,0
16,16,0,12494010,269963486,13775964,277768367,000000004ce310cc,257469477,39962900,39962900,262873668,302836567,257469476,000000004ce310cd,00004d20,000000005af85720,000000005af8571f,0
17,17,0,12494010,269963487,13775964,277768367,000000004ce310cd,257469477,39962900,39962900,262873668,302836568,257469477,000000004ce310ce,00004d20,000000005af85721,000000005af85720,0
18,18,0,12494010,269963487,13775964,277768367,000000004ce310ce,257469477,39962900,39962900,262873668,302836568,257469477,000000004ce310ce,00004d20,000000005af85721,000000005af85721,0
19,19,0,12494010,269963487,13775964,277768367,000000004ce310ce,257469477,39962900,39962900,262873668,302836568,257469477,000000004ce310cf,00004d18,000000005af85722,000000005af85721,0
20,20,0,12494010,269963487,13775964,277768367,000000004ce310cf,257469477,39962900,39962900,262873668,302836568,257469477,000000004ce310cf,00004d1c,000000005af85723,000000005af85722,0
21,21,0,12494010,269963487,13775964,277768368,000000004ce310cf,257469478,39962900,39962900,262873669,302836568,257469477,000000004ce310d0,00004d20,000000005af85724,000000005af85723,0
22,22,0,12494010,269963488,13775964,277768368,000000004ce310d0,257469478,39962900,39962900,262873669,302836569,257469478,000000004ce310d1,00004d20,000000005af85725,000000005af85724,0
23,23,0,12494010,269963488,13775964,277768368,000000004ce310d1,257469478,39962900,39962900,262873669,302836569,257469478,000000004ce310d1,00004d20,000000005af85725,000000005af85725,0
24,24,0,12494010,269963488,13775964,277768368,000000004ce310d1,257469478,39962900,39962900,262873669,302836569,257469478,000000004ce310d2,00004d18,000000005af85726,000000005af85725,0
25,25,0,12494010,269963488,13775964,277768368,000000004ce310d2,257469478,39962900,39962900,262873669,302836569,257469478,000000004ce310d2,00004d1c,000000005af85727,000000005af85726,0
26,26,0,12494010,269963488,13775964,277768369,000000004ce310d2,257469479,39962900,39962900,262873670,302836569,257469478,000000004ce310d3,00004d20,000000005af85728,000000005af85727,0
27,27,0,12494010,269963489,13775964,277768369,000000004ce310d3,257469479,39962900,39962900,262873670,302836570,257469479,000000004ce310d4,00004d20,000000005af85729,000000005af85728,0
28,28,0,12494010,269963489,13775964,277768369,000000004ce310d4,257469479,39962900,39962900,262873670,302836570,257469479,000000004ce310d4,00004d20,000000005af85729,000000005af85729,0
29,29,0,12494010,269963489,13775964,277768369,000000004ce310d4,257469479,39962900,39962900,262873670,302836570,257469479,000000004ce310d5,00004d18,000000005af8572a,000000005af85729,0
30,30,0,12494010,269963489,13775964,277768369,000000004ce310d5,257469479,39962900,39962900,262873670,302836570,257469479,000000004ce310d5,00004d1c,000000005af8572b,000000005af8572a,0
31,31,0,12494010,269963489,13775964,277768370,000000004ce310d5,257469480,39962900,39962900,262873671,302836570,257469479,000000004ce310d6,00004d20,000000005af8572c,000000005af8572b,0
32,32,0,12494010,269963490,13775964,277768370,000000004ce310d6,257469480,39962900,39962900,262873671,302836571,257469480,000000004ce310d7,00004d20,000000005af8572d,000000005af8572c,0
33,33,0,12494010,269963490,13775964,277768370,000000004ce310d7,257469480,39962900,39962900,262873671,302836571,257469480,000000004ce310d7,00004d20,000000005af8572d,000000005af8572d,0
34,34,0,12494010,269963490,13775964,277768370,000000004ce310d7,257469480,39962900,39962900,262873671,302836571,257469480,000000004ce310d8,00004d18,000000005af8572e,000000005af8572d,0
35,35,0,12494010,269963490,13775964,277768370,000000004ce310d8,257469480,39962900,39962900,262873671,302836571,257469480,000000004ce310d8,00004d1c,000000005af8572f,000000005af8572e,0
36,36,0,12494010,269963490,13775964,277768371,000000004ce310d8,257469481,39962900,39962900,262873672,302836571,257469480,000000004ce310d9,00004d20,000000005af85730,000000005af8572f,0
37,37,0,12494010,269963491,13775964,277768371,000000004ce310d9,257469481,39962900,39962900,262873672,302836572,257469481,000000004ce310da,00004d20,000000005af85731,000000005af85730,0
38,38,0,12494010,269963491,13775964,277768371,000000004ce310da,257469481,39962900,39962900,262873672,302836572,257469481,000000004ce310da,00004d20,000000005af85731,000000005af85731,0
39,39,0,12494010,269963491,13775964,277768371,000000004ce310da,257469481,39962900,39962900,262873672,302836572,257469481,000000004ce310db,00004d18,000000005af85732,000000005af85731,0
40,40,0,12494010,269963491,13775964,277768371,000000004ce310db,257469481,39962900,39962900,262873672,302836572,257469481,000000004ce310db,00004d1c,000000005af85733,000000005af85732,0
41,41,0,12494010,269963491,13775964,277768372,000000004ce310db,257469482,39962900,39962900,262873673,302836572,257469481,000000004ce310dc,00004d20,000000005af85734,000000005af85733,0
42,42,0,12494010,269963492,13775964,277768372,000000004ce310dc,257469482,39962900,39962900,262873673,302836573,257469482,000000004ce310dd,00004d20,000000005af85735,000000005af85734,0
43,43,0,12494010,269963492,13775964,277768372,000000004ce310dd,257469482,39962900,39962900,262873673,302836573,257469482,000000004ce310dd,00004d20,000000005af85735,000000005af85735,0
44,44,0,12494010,269963492,13775964,277768372,000000004ce310dd,257469482,39962900,39962900,262873673,302836573,257469482,000000004ce310de,00004d18,000000005af85736,000000005af85735,0
45,45,0,12494010,269963492,13775964,277768372,000000004ce310de,257469482,39962900,39962900,262873673,302836573,257469482,000000004ce310de,00004d1c,000000005af85737,000000005af85736,0
46,46,0,12494010,269963492,13775964,277768373,000000004ce310de,257469483,39962900,39962900,262873674,302836573,257469482,000000004ce310df,00004d20,000000005af85738,000000005af85737,0
47,47,0,12494010,269963493,13775964,277768373,000000004ce310df,257469483,39962900,39962900,262873674,302836574,257469483,000000004ce310e0,00004d20,000000005af85739,000000005af85738,0
48,48,0,12494010,269963493,13775964,277768373,000000004ce310e0,257469483,39962900,39962900,262873674,302836574,257469483,000000004ce310e0,00004d20,000000005af85739,000000005af85739,0
49,49,0,12494010,269963493,13775964,277768373,000000004ce310e0,257469483,39962900,39962900,262873674,302836574,257469483,000000004ce310e1,00004d18,000000005af8573a,000000005af85739,0
50,50,0,12494010,269963493,13775964,277768373,000000004ce310e1,257469483,39962900,39962900,262873674,302836574,257469483,000000004ce310e1,00004d1c,000000005af8573b,000000005af8573a,0
51,51,0,12494010,269963493,13775964,277768374,000000004ce310e1,257469484,39962900,39962900,262873675,302836574,257469483,000000004ce310e2,00004d20,000000005af8573c,000000005af8573b,0
52,52,0,12494010,269963494,13775964,277768374,000000004ce310e2,257469484,39962900,39962900,262873675,302836575,257469484,000000004ce310e3,00004d20,000000005af8573d,000000005af8573c,0
53,53,0,12494010,269963494,13775964,277768374,000000004ce310e3,257469484,39962900,39962900,262873675,302836575,257469484,000000004ce310e3,00004d20,000000005af8573d,000000005af8573d,0
54,54,0,12494010,269963494,13775964,277768374,000000004ce310e3,257469484,39962900,39962900,262873675,302836575,257469484,000000004ce310e4,00004d18,000000005af8573e,000000005af8573d,0
55,55,0,12494010,269963494,13775964,277768374,000000004ce310e4,257469484,39962900,39962900,262873675,302836575,257469484,000000004ce310e4,00004d1c,000000005af8573f,000000005af8573e,0
56,56,0,12494010,269963494,13775964,277768375,000000004ce310e4,257469485,39962900,39962900,262873676,302836575,257469484,000000004ce310e5,00004d20,000000005af85740,000000005af8573f,0
57,57,0,12494010,269963495,13775964,277768375,000000004ce310e5,257469485,39962900,39962900,262873676,302836576,257469485,000000004ce310e6,00004d20,000000005af85741,000000005af85740,0
58,58,0,12494010,269963495,13775964,277768375,000000004ce310e6,257469485,39962900,39962900,262873676,302836576,257469485,000000004ce310e6,00004d20,000000005af85741,000000005af85741,0
59,59,0,12494010,269963495,13775964,277768375,000000004ce310e6,257469485,39962900,39962900,262873676,302836576,257469485,000000004ce310e7,00004d18,000000005af85742,000000005af85741,0
60,60,0,12494010,269963495,13775964,277768375,000000004ce310e7,257469485,39962900,39962900,262873676,302836576,257469485,000000004ce310e7,00004d1c,000000005af85743,000000005af85742,0
61,61,0,12494010,269963495,13775964,277768376,000000004ce310e7,257469486,39962900,39962900,262873677,302836576,257469485,000000004ce310e8,00004d20,000000005af85744,000000005af85743,0
62,62,0,12494010,269963496,13775964,277768376,000000004ce310e8,257469486,39962900,39962900,262873677,302836577,257469486,000000004ce310e9,00004d20,000000005af85745,000000005af85744,0
63,63,0,12494010,269963496,13775964,277768376,000000004ce310e9,257469486,39962900,39962900,262873677,302836577,257469486,000000004ce310e9,00004d20,000000005af85745,000000005af85745,0
64,64,0,12494010,269963496,13775964,277768376,000000004ce310e9,257469486,39962900,39962900,262873677,302836577,257469486,000000004ce310ea,00004d18,000000005af85746,000000005af85745,0
65,65,0,12494010,269963496,13775964,277768376,000000004ce310ea,257469486,39962900,39962900,262873677,302836577,257469486,000000004ce310ea,00004d1c,000000005af85747,000000005af85746,0
66,66,0,12494010,269963496,13775964,277768377,000000004ce310ea,257469487,39962900,39962900,262873678,302836577,257469486,000000004ce310eb,00004d20,000000005af85748,000000005af85747,0
67,67,0,12494010,269963497,13775964,277768377,000000004ce310eb,257469487,39962900,39962900,262873678,302836578,257469487,000000004ce310ec,00004d20,000000005af85749,000000005af85748,0
68,68,0,12494010,269963497,13775964,277768377,000000004ce310ec,257469487,39962900,39962900,262873678,302836578,257469487,000000004ce310ec,00004d20,000000005af85749,000000005af85749,0
69,69,0,12494010,269963497,13775964,277768377,000000004ce310ec,257469487,39962900,39962900,262873678,302836578,257469487,000000004ce310ed,00004d18,000000005af8574a,000000005af85749,0
70,70,0,12494010,269963497,13775964,277768377,000000004ce310ed,257469487,39962900,39962900,262873678,302836578,257469487,000000004ce310ed,00004d1c,000000005af8574b,000000005af8574a,0
71,71,0,12494010,269963497,13775964,277768378,000000004ce310ed,257469488,39962900,39962900,262873679,302836578,257469487,000000004ce310ee,00004d20,000000005af8574c,000000005af8574b,0
72,72,0,12494010,269963498,13775964,277768378,000000004ce310ee,257469488,39962900,39962900,262873679,302836579,257469488,000000004ce310ef,00004d20,000000005af8574d,000000005af8574c,0
73,73,0,12494010,269963498,13775964,277768378,000000004ce310ef,257469488,39962900,39962900,262873679,302836579,257469488,000000004ce310ef,00004d20,000000005af8574d,000000005af8574d,0
74,74,0,12494010,269963498,13775964,277768378,000000004ce310ef,257469488,39962900,39962900,262873679,302836579,257469488,000000004ce310f0,00004d18,000000005af8574e,000000005af8574d,0
75,75,0,12494010,269963498,13775964,277768378,000000004ce310f0,257469488,39962900,39962900,262873679,302836579,257469488,000000004ce310f0,00004d1c,000000005af8574f,000000005af8574e,0
76,76,0,12494010,269963498,13775964,277768379,000000004ce310f0,257469489,39962900,39962900,262873680,302836579,257469488,000000004ce310f1,00004d20,000000005af85750,000000005af8574f,0
77,77,0,12494010,269963499,13775964,277768379,000000004ce310f1,257469489,39962900,39962900,262873680,302836580,257469489,000000004ce310f2,00004d20,000000005af85751,000000005af85750,0
78,78,0,12494010,269963499,13775964,277768379,000000004ce310f2,257469489,39962900,39962900,262873680,302836580,257469489,000000004ce310f2,00004d20,000000005af85751,000000005af85751,0
79,79,0,12494010,269963499,13775964,277768379,000000004ce310f2,257469489,39962900,39962900,262873680,302836580,257469489,000000004ce310f3,00004d18,000000005af85752,000000005af85751,0
80,80,0,12494010,269963499,13775964,277768379,000000004ce310f3,257469489,39962900,39962900,262873680,302836580,257469489,000000004ce310f3,00004d1c,000000005af85753,000000005af85752,0
81,81,0,12494010,269963499,13775964,277768380,000000004ce310f3,257469490,39962900,39962900,262873681,302836580,257469489,000000004ce310f4,00004d20,000000005af85754,000000005af85753,0
82,82,0,12494010,269963500,13775964,277768380,000000004ce310f4,257469490,39962900,39962900,262873681,302836581,257469490,000000004ce310f5,00004d20,000000005af85755,000000005af85754,0
83,83,0,12494010,269963500,13775964,277768380,000000004ce310f5,257469490,39962900,39962900,262873681,302836581,257469490,000000004ce310f5,00004d20,000000005af85755,000000005af85755,0
84,84,0,12494010,269963500,13775964,277768380,000000004ce310f5,257469490,39962900,39962900,262873681,302836581,257469490,000000004ce310f6,00004d18,000000005af85756,000000005af85755,0
85,85,0,12494010,269963500,13775964,277768380,000000004ce310f6,257469490,39962900,39962900,262873681,302836581,257469490,000000004ce310f6,00004d1c,000000005af85757,000000005af85756,0
86,86,0,12494010,269963500,13775964,277768381,000000004ce310f6,257469491,39962900,39962900,262873682,302836581,257469490,000000004ce310f7,00004d20,000000005af85758,000000005af85757,0
87,87,0,12494010,269963501,13775964,277768381,000000004ce310f7,257469491,39962900,39962900,262873682,302836582,257469491,000000004ce310f8,00004d20,000000005af85759,000000005af85758,0
88,88,0,12494010,269963501,13775964,277768381,000000004ce310f8,257469491,39962900,39962900,262873682,302836582,257469491,000000004ce310f8,00004d20,000000005af85759,000000005af85759,0
89,89,0,12494010,269963501,13775964,277768381,000000004ce310f8,257469491,39962900,39962900,262873682,302836582,257469491,000000004ce310f9,00004d18,000000005af8575a,000000005af85759,0
90,90,0,12494010,269963501,13775964,277768381,000000004ce310f9,257469491,39962900,39962900,262873682,302836582,257469491,000000004ce310f9,00004d1c,000000005af8575b,000000005af8575a,0
91,91,0,12494010,269963501,13775964,277768382,000000004ce310f9,257469492,39962900,39962900,262873683,302836582,257469491,000000004ce310fa,00004d20,000000005af8575c,000000005af8575b,0
92,92,0,12494010,269963502,13775964,277768382,000000004ce310fa,257469492,39962900,39962900,262873683,302836583,257469492,000000004ce310fb,00004d20,000000005af8575d,000000005af8575c,0
93,93,0,12494010,269963502,13775964,277768382,000000004ce310fb,257469492,39962900,39962900,262873683,302836583,257469492,000000004ce310fb,00004d20,000000005af8575d,000000005af8575d,0
94,94,0,12494010,269963502,13775964,277768382,000000004ce310fb,257469492,39962900,39962900,262873683,302836583,257469492,000000004ce310fc,00004d18,000000005af8575e,000000005af8575d,0
95,95,0,12494010,269963502,13775964,277768382,000000004ce310fc,257469492,39962900,39962900,262873683,302836583,257469492,000000004ce310fc,00004d1c,000000005af8575f,000000005af8575e,0
96,96,0,12494010,269963502,13775964,277768383,000000004ce310fc,257469493,39962900,39962900,262873684,302836583,257469492,000000004ce310fd,00004d20,000000005af85760,000000005af8575f,0
97,97,0,12494010,269963503,13775964,277768383,000000004ce310fd,257469493,39962900,39962900,262873684,302836584,257469493,000000004ce310fe,00004d20,000000005af85761,000000005af85760,0
98,98,0,12494010,269963503,13775964,277768383,000000004ce310fe,257469493,39962900,39962900,262873684,302836584,257469493,000000004ce310fe,00004d20,000000005af85761,000000005af85761,0
99,99,0,12494010,269963503,13775964,277768383,000000004ce310fe,257469493,39962900,39962900,262873684,302836584,257469493,000000004ce310ff,00004d18,000000005af85762,000000005af85761,0
100,100,0,12494010,269963503,13775964,277768383,000000004ce310ff,257469493,39962900,39962900,262873684,302836584,257469493,000000004ce310ff,00004d1c,000000005af85763,000000005af85762,0
101,101,0,12494010,269963503,13775964,277768384,000000004ce310ff,257469494,39962900,39962900,262873685,302836584,257469493,000000004ce31100,00004d20,000000005af85764,000000005af85763,0
102,102,0,12494010,269963504,13775964,277768384,000000004ce31100,257469494,39962900,39962900,262873685,302836585,257469494,000000004ce31101,00004d20,000000005af85765,000000005af85764,0
103,103,0,12494010,269963504,13775964,277768384,000000004ce31101,257469494,39962900,39962900,262873685,302836585,257469494,000000004ce31101,00004d20,000000005af85765,000000005af85765,0
104,104,0,12494010,269963504,13775964,277768384,000000004ce31101,257469494,39962900,39962900,262873685,302836585,257469494,000000004ce31102,00004d18,000000005af85766,000000005af85765,0
105,105,0,12494010,269963504,13775964,277768384,000000004ce31102,257469494,39962900,39962900,262873685,302836585,257469494,000000004ce31102,00004d1c,000000005af85767,000000005af85766,0
106,106,0,12494010,269963504,13775964,277768385,000000004ce31102,257469495,39962900,39962900,262873686,302836585,257469494,000000004ce31103,00004d20,000000005af85768,000000005af85767,0
107,107,0,12494010,269963505,13775964,277768385,000000004ce31103,257469495,39962900,39962900,262873686,302836586,257469495,000000004ce31104,00004d20,000000005af85769,000000005af85768,0
108,108,0,12494010,269963505,13775964,277768385,000000004ce31104,257469495,39962900,39962900,262873686,302836586,257469495,000000004ce31104,00004d20,000000005af85769,000000005af85769,0
109,109,0,12494010,269963505,13775964,277768385,000000004ce31104,257469495,39962900,39962900,262873686,302836586,257469495,000000004ce31105,00004d18,000000005af8576a,000000005af85769,0
110,110,0,12494010,269963505,13775964,277768385,000000004ce31105,257469495,39962900,39962900,262873686,302836586,257469495,000000004ce31105,00004d1c,000000005af8576b,000000005af8576a,0
111,111,0,12494010,269963505,13775964,277768386,000000004ce31105,257469496,39962900,39962900,262873687,302836586,257469495,000000004ce31106,00004d20,000000005af8576c,000000005af8576b,0
112,112,0,12494010,269963506,13775964,277768386,000000004ce31106,257469496,39962900,39962900,262873687,302836587,257469496,000000004ce31107,00004d20,000000005af8576d,000000005af8576c,0
113,113,0,12494010,269963506,13775964,277768386,000000004ce31107,257469496,39962900,39962900,262873687,302836587,257469496,000000004ce31107,00004d20,000000005af8576d,000000005af8576d,0
114,114,0,12494010,269963506,13775964,277768386,000000004ce31107,257469496,39962900,39962900,262873687,302836587,257469496,000000004ce31108,00004d18,000000005af8576e,000000005af8576d,0
115,115,0,12494010,269963506,13775964,277768386,000000004ce31108,257469496,39962900,39962900,262873687,302836587,257469496,000000004ce31108,00004d1c,000000005af8576f,000000005af8576e,0
116,116,0,12494010,269963506,13775964,277768387,000000004ce31108,257469497,39962900,39962900,262873688,302836587,257469496,000000004ce31109,00004d20,000000005af85770,000000005af8576f,0
117,117,0,12494010,269963507,13775964,277768387,000000004ce31109,257469497,39962900,39962900,262873688,302836588,257469497,000000004ce3110a,00004d20,000000005af85771,000000005af85770,0
118,118,0,12494010,269963507,13775964,277768387,000000004ce3110a,257469497,39962900,39962900,262873688,302836588,257469497,000000004ce3110a,00004d20,000000005af85771,000000005af85771,0
119,119,0,12494010,269963507,13775964,277768387,000000004ce3110a,257469497,39962900,39962900,262873688,302836588,257469497,000000004ce3110b,00004d18,000000005af85772,000000005af85771,0
120,120,0,12494010,269963507,13775964,277768387,000000004ce3110b,257469497,39962900,39962900,262873688,302836588,257469497,000000004ce3110b,00004d1c,000000005af85773,000000005af85772,0
121,121,0,12494010,269963507,13775964,277768388,000000004ce3110b,257469498,39962900,39962900,262873689,302836588,257469497,000000004ce3110c,00004d20,000000005af85774,000000005af85773,0
122,122,0,12494010,269963508,13775964,277768388,000000004ce3110c,257469498,39962900,39962900,262873689,302836589,257469498,000000004ce3110d,00004d20,000000005af85775,000000005af85774,0
123,123,0,12494010,269963508,13775964,277768388,000000004ce3110d,257469498,39962900,39962900,262873689,302836589,257469498,000000004ce3110d,00004d20,000000005af85775,000000005af85775,0
124,124,0,12494010,269963508,13775964,277768388,000000004ce3110d,257469498,39962900,39962900,262873689,302836589,257469498,000000004ce3110e,00004d18,000000005af85776,000000005af85775,0
125,125,0,12494010,269963508,13775964,277768388,000000004ce3110e,257469498,39962900,39962900,262873689,302836589,257469498,000000004ce3110e,00004d1c,000000005af85777,000000005af85776,0
126,126,0,12494010,269963508,13775964,277768389,000000004ce3110e,257469499,39962900,39962900,262873690,302836589,257469498,000000004ce3110f,00004d20,000000005af85778,000000005af85777,0
127,127,0,12494010,269963509,13775964,277768389,000000004ce3110f,257469499,39962900,39962900,262873690,302836590,257469499,000000004ce31110,00004d20,000000005af85779,000000005af85778,0
128,128,0,12494010,269963509,13775964,277768389,000000004ce31110,257469499,39962900,39962900,262873690,302836590,257469499,000000004ce31110,00004d20,000000005af85779,000000005af85779,0
129,129,0,12494010,269963509,13775964,277768389,000000004ce31110,257469499,39962900,39962900,262873690,302836590,257469499,000000004ce31111,00004d18,000000005af8577a,000000005af85779,0
130,130,0,12494010,269963509,13775964,277768389,000000004ce31111,257469499,39962900,39962900,262873690,302836590,257469499,000000004ce31111,00004d1c,000000005af8577b,000000005af8577a,0
131,131,0,12494010,269963509,13775964,277768390,000000004ce31111,257469500,39962900,39962900,262873691,302836590,257469499,000000004ce31112,00004d20,000000005af8577c,000000005af8577b,0
132,132,0,12494010,269963510,13775964,277768390,000000004ce31112,257469500,39962900,39962900,262873691,302836591,257469500,000000004ce31113,00004d20,000000005af8577d,000000005af8577c,0
133,133,0,12494010,269963510,13775964,277768390,000000004ce31113,257469500,39962900,39962900,262873691,302836591,257469500,000000004ce31113,00004d20,000000005af8577d,000000005af8577d,0
134,134,0,12494010,269963510,13775964,277768390,000000004ce31113,257469500,39962900,39962900,262873691,302836591,257469500,000000004ce31114,00004d18,000000005af8577e,000000005af8577d,0
135,135,0,12494010,269963510,13775964,277768390,000000004ce31114,257469500,39962900,39962900,262873691,302836591,257469500,000000004ce31114,00004d1c,000000005af8577f,000000005af8577e,0
136,136,0,12494010,269963510,13775964,277768391,000000004ce31114,257469501,39962900,39962900,262873692,302836591,257469500,000000004ce31115,00004d20,000000005af85780,000000005af8577f,0
137,137,0,12494010,269963511,13775964,277768391,000000004ce31115,257469501,39962900,39962900,262873692,302836592,257469501,000000004ce31116,00004d20,000000005af85781,000000005af85780,0
138,138,0,12494010,269963511,13775964,277768391,000000004ce31116,257469501,39962900,39962900,262873692,302836592,257469501,000000004ce31116,00004d20,000000005af85781,000000005af85781,0
139,139,0,12494010,269963511,13775964,277768391,000000004ce31116,257469501,39962900,39962900,262873692,302836592,257469501,000000004ce31117,00004d18,000000005af85782,000000005af85781,0
140,140,0,12494010,269963511,13775964,277768391,000000004ce31117,257469501,39962900,39962900,262873692,302836592,257469501,000000004ce31117,00004d1c,000000005af85783,000000005af85782,0
141,141,0,12494010,269963511,13775964,277768392,000000004ce31117,257469502,39962900,39962900,262873693,302836592,257469501,000000004ce31118,00004d20,000000005af85784,000000005af85783,0
142,142,0,12494010,269963512,13775964,277768392,000000004ce31118,257469502,39962900,39962900,262873693,302836593,257469502,000000004ce31119,00004d20,000000005af85785,000000005af85784,0
143,143,0,12494010,269963512,13775964,277768392,000000004ce31119,257469502,39962900,39962900,262873693,302836593,257469502,000000004ce31119,00004d20,000000005af85785,000000005af85785,0
144,144,0,12494010,269963512,13775964,277768392,000000004ce31119,257469502,39962900,39962900,262873693,302836593,257469502,000000004ce3111a,00004d18,000000005af85786,000000005af85785,0
145,145,0,12494010,269963512,13775964,277768392,000000004ce3111a,257469502,39962900,39962900,262873693,302836593,257469502,000000004ce3111a,00004d1c,000000005af85787,000000005af85786,0
146,146,0,12494010,269963512,13775964,277768393,000000004ce3111a,257469503,39962900,39962900,262873694,302836593,257469502,000000004ce3111b,00004d20,000000005af85788,000000005af85787,0
147,147,0,12494010,269963513,13775964,277768393,000000004ce3111b,257469503,39962900,39962900,262873694,302836594,257469503,000000004ce3111c,00004d20,000000005af85789,000000005af85788,0
148,148,0,12494010,269963513,13775964,277768393,000000004ce3111c,257469503,39962900,39962900,262873694,302836594,257469503,000000004ce3111c,00004d20,000000005af85789,000000005af85789,0
149,149,0,12494010,269963513,13775964,277768393,000000004ce3111c,257469503,39962900,39962900,262873694,302836594,257469503,000000004ce3111d,00004d18,000000005af8578a,000000005af85789,0
150,150,0,12494010,269963513,13775964,277768393,000000004ce3111d,257469503,39962900,39962900,262873694,302836594,257469503,000000004ce3111d,00004d1c,000000005af8578b,000000005af8578a,0
151,151,0,12494010,269963513,13775964,277768394,000000004ce3111d,257469504,39962900,39962900,262873695,302836594,257469503,000000004ce3111e,00004d20,000000005af8578c,000000005af8578b,0
152,152,0,12494010,269963514,13775964,277768394,000000004ce3111e,257469504,39962900,39962900,262873695,302836595,257469504,000000004ce3111f,00004d20,000000005af8578d,000000005af8578c,0
153,153,0,12494010,269963514,13775964,277768394,000000004ce3111f,257469504,39962900,39962900,262873695,302836595,257469504,000000004ce3111f,00004d20,000000005af8578d,000000005af8578d,0
154,154,0,12494010,269963514,13775964,277768394,000000004ce3111f,257469504,39962900,39962900,262873695,302836595,257469504,000000004ce31120,00004d18,000000005af8578e,000000005af8578d,0
155,155,0,12494010,269963514,13775964,277768394,000000004ce31120,257469504,39962900,39962900,262873695,302836595,257469504,000000004ce31120,00004d1c,000000005af8578f,000000005af8578e,0
156,156,0,12494010,269963514,13775964,277768395,000000004ce31120,257469505,39962900,39962900,262873696,302836595,257469504,000000004ce31121,00004d20,000000005af85790,000000005af8578f,0
157,157,0,12494010,269963515,13775964,277768395,000000004ce31121,257469505,39962900,39962900,262873696,302836596,257469505,000000004ce31122,00004d20,000000005af85791,000000005af85790,0
158,158,0,12494010,269963515,13775964,277768395,000000004ce31122,257469505,39962900,39962900,262873696,302836596,257469505,000000004ce31122,00004d20,000000005af85791,000000005af85791,0
159,159,0,12494010,269963515,13775964,277768395,000000004ce31122,257469505,39962900,39962900,262873696,302836596,257469505,000000004ce31123,00004d18,000000005af85792,000000005af85791,0
160,160,0,12494010,269963515,13775964,277768395,000000004ce31123,257469505,39962900,39962900,262873696,302836596,257469505,000000004ce31123,00004d1c,000000005af85793,000000005af85792,0
161,161,0,12494010,269963515,13775964,277768396,000000004ce31123,257469506,39962900,39962900,262873697,302836596,257469505,000000004ce31124,00004d20,000000005af85794,000000005af85793,0
162,162,0,12494010,269963516,13775964,277768396,000000004ce31124,257469506,39962900,39962900,262873697,302836597,257469506,000000004ce31125,00004d20,000000005af85795,000000005af85794,0
163,163,0,12494010,269963516,13775964,277768396,000000004ce31125,257469506,39962900,39962900,262873697,302836597,257469506,000000004ce31125,00004d20,000000005af85795,000000005af85795,0
164,164,0,12494010,269963516,13775964,277768396,000000004ce31125,257469506,39962900,39962900,262873697,302836597,257469506,000000004ce31126,00004d18,000000005af85796,000000005af85795,0
165,165,0,12494010,269963516,13775964,277768396,000000004ce31126,257469506,39962900,39962900,262873697,302836597,257469506,000000004ce31126,00004d1c,000000005af85797,000000005af85796,0
166,166,0,12494010,269963516,13775964,277768397,000000004ce31126,257469507,39962900,39962900,262873698,302836597,257469506,000000004ce31127,00004d20,000000005af85798,000000005af85797,0
167,167,0,12494010,269963517,13775964,277768397,000000004ce31127,257469507,39962900,39962900,262873698,302836598,257469507,000000004ce31128,00004d20,000000005af85799,000000005af85798,0
168,168,0,12494010,269963517,13775964,277768397,000000004ce31128,257469507,39962900,39962900,262873698,302836598,257469507,000000004ce31128,00004d20,000000005af85799,000000005af85799,0
169,169,0,12494010,269963517,13775964,277768397,000000004ce31128,257469507,39962900,39962900,262873698,302836598,257469507,000000004ce31129,00004d18,000000005af8579a,000000005af85799,0
170,170,0,12494010,269963517,13775964,277768397,000000004ce31129,257469507,39962900,39962900,262873698,302836598,257469507,000000004ce31129,00004d1c,000000005af8579b,000000005af8579a,0
171,171,0,12494010,269963517,13775964,277768398,000000004ce31129,257469508,39962900,39962900,262873699,302836598,257469507,000000004ce3112a,00004d20,000000005af8579c,000000005af8579b,0
172,172,0,12494010,269963518,13775964,277768398,000000004ce3112a,257469508,39962900,39962900,262873699,302836599,257469508,000000004ce3112b,00004d20,000000005af8579d,000000005af8579c,0
173,173,0,12494010,269963518,13775964,277768398,000000004ce3112b,257469508,39962900,39962900,262873699,302836599,257469508,000000004ce3112b,00004d20,000000005af8579d,000000005af8579d,0
174,174,0,12494010,269963518,13775964,277768398,000000004ce3112b,257469508,39962900,39962900,262873699,302836599,257469508,000000004ce3112c,00004d18,000000005af8579e,000000005af8579d,0
175,175,0,12494010,269963518,13775964,277768398,000000004ce3112c,257469508,39962900,39962900,262873699,302836599,257469508,000000004ce3112c,00004d1c,000000005af8579f,000000005af8579e,0
176,176,0,12494010,269963518,13775964,277768399,000000004ce3112c,257469509,39962900,39962900,262873700,302836599,257469508,000000004ce3112d,00004d20,000000005af857a0,000000005af8579f,0
177,177,0,12494010,269963519,13775964,277768399,000000004ce3112d,257469509,39962900,39962900,262873700,302836600,257469509,000000004ce3112e,00004d20,000000005af857a1,000000005af857a0,0
178,178,0,12494010,269963519,13775964,277768399,000000004ce3112e,257469509,39962900,39962900,262873700,302836600,257469509,000000004ce3112e,00004d20,000000005af857a1,000000005af857a1,0
179,179,0,12494010,269963519,13775964,277768399,000000004ce3112e,257469509,39962900,39962900,262873700,302836600,257469509,000000004ce3112f,00004d18,000000005af857a2,000000005af857a1,0
180,180,0,12494010,269963519,13775964,277768399,000000004ce3112f,257469509,39962900,39962900,262873700,302836600,257469509,000000004ce3112f,00004d1c,000000005af857a3,000000005af857a2,0
181,181,0,12494010,269963519,13775964,277768400,000000004ce3112f,257469510,39962900,39962900,262873701,302836600,257469509,000000004ce31130,00004d20,000000005af857a4,000000005af857a3,0
182,182,0,12494010,269963520,13775964,277768400,000000004ce31130,257469510,39962900,39962900,262873701,302836601,257469510,000000004ce31131,00004d20,000000005af857a5,000000005af857a4,0
183,183,0,12494010,269963520,13775964,277768400,000000004ce31131,257469510,39962900,39962900,262873701,302836601,257469510,000000004ce31131,00004d20,000000005af857a5,000000005af857a5,0
184,184,0,12494010,269963520,13775964,277768400,000000004ce31131,257469510,39962900,39962900,262873701,302836601,257469510,000000004ce31132,00004d18,000000005af857a6,000000005af857a5,0
185,185,0,12494010,269963520,13775964,277768400,000000004ce31132,257469510,39962900,39962900,262873701,302836601,257469510,000000004ce31132,00004d1c,000000005af857a7,000000005af857a6,0
186,186,0,12494010,269963520,13775964,277768401,000000004ce31132,257469511,39962900,39962900,262873702,302836601,257469510,000000004ce31133,00004d20,000000005af857a8,000000005af857a7,0
187,187,0,12494010,269963521,13775964,277768401,000000004ce31133,257469511,39962900,39962900,262873702,302836602,257469511,000000004ce31134,00004d20,000000005af857a9,000000005af857a8,0
188,188,0,12494010,269963521,13775964,277768401,000000004ce31134,257469511,39962900,39962900,262873702,302836602,257469511,000000004ce31134,00004d20,000000005af857a9,000000005af857a9,0
189,189,0,12494010,269963521,13775964,277768401,000000004ce31134,257469511,39962900,39962900,262873702,302836602,257469511,000000004ce31135,00004d18,000000005af857aa,000000005af857a9,0
190,190,0,12494010,269963521,13775964,277768401,000000004ce31135,257469511,39962900,39962900,262873702,302836602,257469511,000000004ce31135,00004d1c,000000005af857ab,000000005af857aa,0
191,191,0,12494010,269963521,13775964,277768402,000000004ce31135,257469512,39962900,39962900,262873703,302836602,257469511,000000004ce31136,00004d20,000000005af857ac,000000005af857ab,0
192,192,0,12494010,269963522,13775964,277768402,000000004ce31136,257469512,39962900,39962900,262873703,302836603,257469512,000000004ce31137,00004d20,000000005af857ad,000000005af857ac,0
193,193,0,12494010,269963522,13775964,277768402,000000004ce31137,257469512,39962900,39962900,262873703,302836603,257469512,000000004ce31137,00004d20,000000005af857ad,000000005af857ad,0
194,194,0,12494010,269963522,13775964,277768402,000000004ce31137,257469512,39962900,39962900,262873703,302836603,257469512,000000004ce31138,00004d18,000000005af857ae,000000005af857ad,0
195,195,0,12494010,269963522,13775964,277768402,000000004ce31138,257469512,39962900,39962900,262873703,302836603,257469512,000000004ce31138,00004d1c,000000005af857af,000000005af857ae,0
196,196,0,12494010,269963522,13775964,277768403,000000004ce31138,257469513,39962900,39962900,262873704,302836603,257469512,000000004ce31139,00004d20,000000005af857b0,000000005af857af,0
197,197,0,12494010,269963523,13775964,277768403,000000004ce31139,257469513,39962900,39962900,262873704,302836604,257469513,000000004ce3113a,00004d20,000000005af857b1,000000005af857b0,0
198,198,0,12494010,269963523,13775964,277768403,000000004ce3113a,257469513,39962900,39962900,262873704,302836604,257469513,000000004ce3113a,00004d20,000000005af857b1,000000005af857b1,0
199,199,0,12494010,269963523,13775964,277768403,000000004ce3113a,257469513,39962900,39962900,262873704,302836604,257469513,000000004ce3113b,00004d18,000000005af857b2,000000005af857b1,0
200,200,0,12494010,269963523,13775964,277768403,000000004ce3113b,257469513,39962900,39962900,262873704,302836604,257469513,000000004ce3113b,00004d1c,000000005af857b3,000000005af857b2,0
201,201,0,12494010,269963523,13775964,277768404,000000004ce3113b,257469514,39962900,39962900,262873705,302836604,257469513,000000004ce3113c,00004d20,000000005af857b4,000000005af857b3,0
202,202,0,12494010,269963524,13775964,277768404,000000004ce3113c,257469514,39962900,39962900,262873705,302836605,257469514,000000004ce3113d,00004d20,000000005af857b5,000000005af857b4,0
203,203,0,12494010,269963524,13775964,277768404,000000004ce3113d,257469514,39962900,39962900,262873705,302836605,257469514,000000004ce3113d,00004d20,000000005af857b5,000000005af857b5,0
204,204,0,12494010,269963524,13775964,277768404,000000004ce3113d,257469514,39962900,39962900,262873705,302836605,257469514,000000004ce3113e,00004d18,000000005af857b6,000000005af857b5,0
205,205,0,12494010,269963524,13775964,277768404,000000004ce3113e,257469514,39962900,39962900,262873705,302836605,257469514,000000004ce3113e,00004d1c,000000005af857b7,000000005af857b6,0
206,206,0,12494010,269963524,13775964,277768405,000000004ce3113e,257469515,39962900,39962900,262873706,302836605,257469514,000000004ce3113f,00004d20,000000005af857b8,000000005af857b7,0
207,207,0,12494010,269963525,13775964,277768405,000000004ce3113f,257469515,39962900,39962900,262873706,302836606,257469515,000000004ce31140,00004d20,000000005af857b9,000000005af857b8,0
208,208,0,12494010,269963525,13775964,277768405,000000004ce31140,257469515,39962900,39962900,262873706,302836606,257469515,000000004ce31140,00004d20,000000005af857b9,000000005af857b9,0
209,209,0,12494010,269963525,13775964,277768405,000000004ce31140,257469515,39962900,39962900,262873706,302836606,257469515,000000004ce31141,00004d18,000000005af857ba,000000005af857b9,0
210,210,0,12494010,269963525,13775964,277768405,000000004ce31141,257469515,39962900,39962900,262873706,302836606,257469515,000000004ce31141,00004d1c,000000005af857bb,000000005af857ba,0
211,211,0,12494010,269963525,13775964,277768406,000000004ce31141,257469516,39962900,39962900,262873707,302836606,257469515,000000004ce31142,00004d20,000000005af857bc,000000005af857bb,0
212,212,0,12494010,269963526,13775964,277768406,000000004ce31142,257469516,39962900,39962900,262873707,302836607,257469516,000000004ce31143,00004d20,000000005af857bd,000000005af857bc,0
213,213,0,12494010,269963526,13775964,277768406,000000004ce31143,257469516,39962900,39962900,262873707,302836607,257469516,000000004ce31143,00004d20,000000005af857bd,000000005af857bd,0
214,214,0,12494010,269963526,13775964,277768406,000000004ce31143,257469516,39962900,39962900,262873707,302836607,257469516,000000004ce31144,00004d18,000000005af857be,000000005af857bd,0
215,215,0,12494010,269963526,13775964,277768406,000000004ce31144,257469516,39962900,39962900,262873707,302836607,257469516,000000004ce31144,00004d1c,000000005af857bf,000000005af857be,0
216,216,0,12494010,269963526,13775964,277768407,000000004ce31144,257469517,39962900,39962900,262873708,302836607,257469516,000000004ce31145,00004d20,000000005af857c0,000000005af857bf,0
217,217,0,12494010,269963527,13775964,277768407,000000004ce31145,257469517,39962900,39962900,262873708,302836608,257469517,000000004ce31146,00004d20,000000005af857c1,000000005af857c0,0
218,218,0,12494010,269963527,13775964,277768407,000000004ce31146,257469517,39962900,39962900,262873708,302836608,257469517,000000004ce31146,00004d20,000000005af857c1,000000005af857c1,0
219,219,0,12494010,269963527,13775964,277768407,000000004ce31146,257469517,39962900,39962900,262873708,302836608,257469517,000000004ce31147,00004d18,000000005af857c2,000000005af857c1,0
220,220,0,12494010,269963527,13775964,277768407,000000004ce31147,257469517,39962900,39962900,262873708,302836608,257469517,000000004ce31147,00004d1c,000000005af857c3,000000005af857c2,0
221,221,0,12494010,269963527,13775964,277768408,000000004ce31147,257469518,39962900,39962900,262873709,302836608,257469517,000000004ce31148,00004d20,000000005af857c4,000000005af857c3,0
222,222,0,12494010,269963528,13775964,277768408,000000004ce31148,257469518,39962900,39962900,262873709,302836609,257469518,000000004ce31149,00004d20,000000005af857c5,000000005af857c4,0
223,223,0,12494010,269963528,13775964,277768408,000000004ce31149,257469518,39962900,39962900,262873709,302836609,257469518,000000004ce31149,00004d20,000000005af857c5,000000005af857c5,0
224,224,0,12494010,269963528,13775964,277768408,000000004ce31149,257469518,39962900,39962900,262873709,302836609,257469518,000000004ce3114a,00004d18,000000005af857c6,000000005af857c5,0
225,225,0,12494010,269963528,13775964,277768408,000000004ce3114a,257469518,39962900,39962900,262873709,302836609,257469518,000000004ce3114a,00004d1c,000000005af857c7,000000005af857c6,0
226,226,0,12494010,269963528,13775964,277768409,000000004ce3114a,257469519,39962900,39962900,262873710,302836609,257469518,000000004ce3114b,00004d20,000000005af857c8,000000005af857c7,0
227,227,0,12494010,269963529,13775964,277768409,000000004ce3114b,257469519,39962900,39962900,262873710,302836610,257469519,000000004ce3114c,00004d20,000000005af857c9,000000005af857c8,0
228,228,0,12494010,269963529,13775964,277768409,000000004ce3114c,257469519,39962900,39962900,262873710,302836610,257469519,000000004ce3114c,00004d20,000000005af857c9,000000005af857c9,0
229,229,0,12494010,269963529,13775964,277768409,000000004ce3114c,257469519,39962900,39962900,262873710,302836610,257469519,000000004ce3114d,00004d18,000000005af857ca,000000005af857c9,0
230,230,0,12494010,269963529,13775964,277768409,000000004ce3114d,257469519,39962900,39962900,262873710,302836610,257469519,000000004ce3114d,00004d1c,000000005af857cb,000000005af857ca,0
231,231,0,12494010,269963529,13775964,277768410,000000004ce3114d,257469520,39962900,39962900,262873711,302836610,257469519,000000004ce3114e,00004d20,000000005af857cc,000000005af857cb,0
232,232,0,12494010,269963530,13775964,277768410,000000004ce3114e,257469520,39962900,39962900,262873711,302836611,257469520,000000004ce3114f,00004d20,000000005af857cd,000000005af857cc,0
233,233,0,12494010,269963530,13775964,277768410,000000004ce3114f,257469520,39962900,39962900,262873711,302836611,257469520,000000004ce3114f,00004d20,000000005af857cd,000000005af857cd,0
234,234,0,12494010,269963530,13775964,277768410,000000004ce3114f,257469520,39962900,39962900,262873711,302836611,257469520,000000004ce31150,00004d18,000000005af857ce,000000005af857cd,0
235,235,0,12494010,269963530,13775964,277768410,000000004ce31150,257469520,39962900,39962900,262873711,302836611,257469520,000000004ce31150,00004d1c,000000005af857cf,000000005af857ce,0
236,236,0,12494010,269963530,13775964,277768411,000000004ce31150,257469521,39962900,39962900,262873712,302836611,257469520,000000004ce31151,00004d20,000000005af857d0,000000005af857cf,0
237,237,0,12494010,269963531,13775964,277768411,000000004ce31151,257469521,39962900,39962900,262873712,302836612,257469521,000000004ce31152,00004d20,000000005af857d1,000000005af857d0,0
238,238,0,12494010,269963531,13775964,277768411,000000004ce31152,257469521,39962900,39962900,262873712,302836612,257469521,000000004ce31152,00004d20,000000005af857d1,000000005af857d1,0
239,239,0,12494010,269963531,13775964,277768411,000000004ce31152,257469521,39962900,39962900,262873712,302836612,257469521,000000004ce31153,00004d18,000000005af857d2,000000005af857d1,0
240,240,0,12494010,269963531,13775964,277768411,000000004ce31153,257469521,39962900,39962900,262873712,302836612,257469521,000000004ce31153,00004d1c,000000005af857d3,000000005af857d2,0
241,241,0,12494010,269963531,13775964,277768412,000000004ce31153,257469522,39962900,39962900,262873713,302836612,257469521,000000004ce31154,00004d20,000000005af857d4,000000005af857d3,0
242,242,0,12494010,269963532,13775964,277768412,000000004ce31154,257469522,39962900,39962900,262873713,302836613,257469522,000000004ce31155,00004d20,000000005af857d5,000000005af857d4,0
243,243,0,12494010,269963532,13775964,277768412,000000004ce31155,257469522,39962900,39962900,262873713,302836613,257469522,000000004ce31155,00004d20,000000005af857d5,000000005af857d5,0
244,244,0,12494010,269963532,13775964,277768412,000000004ce31155,257469522,39962900,39962900,262873713,302836613,257469522,000000004ce31156,00004d18,000000005af857d6,000000005af857d5,0
245,245,0,12494010,269963532,13775964,277768412,000000004ce31156,257469522,39962900,39962900,262873713,302836613,257469522,000000004ce31156,00004d1c,000000005af857d7,000000005af857d6,0
246,246,0,12494010,269963532,13775964,277768413,000000004ce31156,257469523,39962900,39962900,262873714,302836613,257469522,000000004ce31157,00004d20,000000005af857d8,000000005af857d7,0
247,247,0,12494010,269963533,13775964,277768413,000000004ce31157,257469523,39962900,39962900,262873714,302836614,257469523,000000004ce31158,00004d20,000000005af857d9,000000005af857d8,0
248,248,0,12494010,269963533,13775964,277768413,000000004ce31158,257469523,39962900,39962900,262873714,302836614,257469523,000000004ce31158,00004d20,000000005af857d9,000000005af857d9,0
249,249,0,12494010,269963533,13775964,277768413,000000004ce31158,257469523,39962900,39962900,262873714,302836614,257469523,000000004ce31159,00004d18,000000005af857da,000000005af857d9,0
250,250,0,12494010,269963533,13775964,277768413,000000004ce31159,257469523,39962900,39962900,262873714,302836614,257469523,000000004ce31159,00004d1c,000000005af857db,000000005af857da,0
251,251,0,12494010,269963533,13775964,277768414,000000004ce31159,257469524,39962900,39962900,262873715,302836614,257469523,000000004ce3115a,00004d20,000000005af857dc,000000005af857db,0
252,252,0,12494010,269963534,13775964,277768414,000000004ce3115a,257469524,39962900,39962900,262873715,302836615,257469524,000000004ce3115b,00004d20,000000005af857dd,000000005af857dc,0
253,253,0,12494010,269963534,13775964,277768414,000000004ce3115b,257469524,39962900,39962900,262873715,302836615,257469524,000000004ce3115b,00004d20,000000005af857dd,000000005af857dd,0
254,254,0,12494010,269963534,13775964,277768414,000000004ce3115b,257469524,39962900,39962900,262873715,302836615,257469524,000000004ce3115c,00004d18,000000005af857de,000000005af857dd,0
255,255,0,12494010,269963534,13775964,277768414,000000004ce3115c,257469524,39962900,39962900,262873715,302836615,257469524,000000004ce3115c,00004d1c,000000005af857df,000000005af857de,0
256,256,0,12494010,269963534,13775964,277768415,000000004ce3115c,257469525,39962900,39962900,262873716,302836615,257469524,000000004ce3115d,00004d20,000000005af857e0,000000005af857df,0
257,257,0,12494010,269963535,13775964,277768415,000000004ce3115d,257469525,39962900,39962900,262873716,302836616,257469525,000000004ce3115e,00004d20,000000005af857e1,000000005af857e0,0
258,258,0,12494010,269963535,13775964,277768415,000000004ce3115e,257469525,39962900,39962900,262873716,302836616,257469525,000000004ce3115e,00004d20,000000005af857e1,000000005af857e1,0
259,259,0,12494010,269963535,13775964,277768415,000000004ce3115e,257469525,39962900,39962900,262873716,302836616,257469525,000000004ce3115f,00004d18,000000005af857e2,000000005af857e1,0
260,260,0,12494010,269963535,13775964,277768415,000000004ce3115f,257469525,39962900,39962900,262873716,302836616,257469525,000000004ce3115f,00004d1c,000000005af857e3,000000005af857e2,0
261,261,0,12494010,269963535,13775964,277768416,000000004ce3115f,257469526,39962900,39962900,262873717,302836616,257469525,000000004ce31160,00004d20,000000005af857e4,000000005af857e3,0
262,262,0,12494010,269963536,13775964,277768416,000000004ce31160,257469526,39962900,39962900,262873717,302836617,257469526,000000004ce31161,00004d20,000000005af857e5,000000005af857e4,0
263,263,0,12494010,269963536,13775964,277768416,000000004ce31161,257469526,39962900,39962900,262873717,302836617,257469526,000000004ce31161,00004d20,000000005af857e5,000000005af857e5,0
264,264,0,12494010,269963536,13775964,277768416,000000004ce31161,257469526,39962900,39962900,262873717,302836617,257469526,000000004ce31162,00004d18,000000005af857e6,000000005af857e5,0
265,265,0,12494010,269963536,13775964,277768416,000000004ce31162,257469526,39962900,39962900,262873717,302836617,257469526,000000004ce31162,00004d1c,000000005af857e7,000000005af857e6,0
266,266,0,12494010,269963536,13775964,277768417,000000004ce31162,257469527,39962900,39962900,262873718,302836617,257469526,000000004ce31163,00004d20,000000005af857e8,000000005af857e7,0
267,267,0,12494010,269963537,13775964,277768417,000000004ce31163,257469527,39962900,39962900,262873718,302836618,257469527,000000004ce31164,00004d20,000000005af857e9,000000005af857e8,0
268,268,0,12494010,269963537,13775964,277768417,000000004ce31164,257469527,39962900,39962900,262873718,302836618,257469527,000000004ce31164,00004d20,000000005af857e9,000000005af857e9,0
269,269,0,12494010,269963537,13775964,277768417,000000004ce31164,257469527,39962900,39962900,262873718,302836618,257469527,000000004ce31165,00004d18,000000005af857ea,000000005af857e9,0
270,270,0,12494010,269963537,13775964,277768417,000000004ce31165,257469527,39962900,39962900,262873718,302836618,257469527,000000004ce31165,00004d1c,000000005af857eb,000000005af857ea,0
271,271,0,12494010,269963537,13775964,277768418,000000004ce31165,257469528,39962900,39962900,262873719,302836618,257469527,000000004ce31166,00004d20,000000005af857ec,000000005af857eb,0
272,272,0,12494010,269963538,13775964,277768418,000000004ce31166,257469528,39962900,39962900,262873719,302836619,257469528,000000004ce31167,00004d20,000000005af857ed,000000005af857ec,0
273,273,0,12494010,269963538,13775964,277768418,000000004ce31167,257469528,39962900,39962900,262873719,302836619,257469528,000000004ce31167,00004d20,000000005af857ed,000000005af857ed,0
274,274,0,12494010,269963538,13775964,277768418,000000004ce31167,257469528,39962900,39962900,262873719,302836619,257469528,000000004ce31168,00004d18,000000005af857ee,000000005af857ed,0
275,275,0,12494010,269963538,13775964,277768418,000000004ce31168,257469528,39962900,39962900,262873719,302836619,257469528,000000004ce31168,00004d1c,000000005af857ef,000000005af857ee,0
276,276,0,12494010,269963538,13775964,277768419,000000004ce31168,257469529,39962900,39962900,262873720,302836619,257469528,000000004ce31169,00004d20,000000005af857f0,000000005af857ef,0
277,277,0,12494010,269963539,13775964,277768419,000000004ce31169,257469529,39962900,39962900,262873720,302836620,257469529,000000004ce3116a,00004d20,000000005af857f1,000000005af857f0,0
278,278,0,12494010,269963539,13775964,277768419,000000004ce3116a,257469529,39962900,39962900,262873720,302836620,257469529,000000004ce3116a,00004d20,000000005af857f1,000000005af857f1,0
279,279,0,12494010,269963539,13775964,277768419,000000004ce3116a,257469529,39962900,39962900,262873720,302836620,257469529,000000004ce3116b,00004d18,000000005af857f2,000000005af857f1,0
280,280,0,12494010,269963539,13775964,277768419,000000004ce3116b,257469529,39962900,39962900,262873720,302836620,257469529,000000004ce3116b,00004d1c,000000005af857f3,000000005af857f2,0
281,281,0,12494010,269963539,13775964,277768420,000000004ce3116b,257469530,39962900,39962900,262873721,302836620,257469529,000000004ce3116c,00004d20,000000005af857f4,000000005af857f3,0
282,282,0,12494010,269963540,13775964,277768420,000000004ce3116c,257469530,39962900,39962900,262873721,302836621,257469530,000000004ce3116d,00004d20,000000005af857f5,000000005af857f4,0
283,283,0,12494010,269963540,13775964,277768420,000000004ce3116d,257469530,39962900,39962900,262873721,302836621,257469530,000000004ce3116d,00004d20,000000005af857f5,000000005af857f5,0
284,284,0,12494010,269963540,13775964,277768420,000000004ce3116d,257469530,39962900,39962900,262873721,302836621,257469530,000000004ce3116e,00004d18,000000005af857f6,000000005af857f5,0
285,285,0,12494010,269963540,13775964,277768420,000000004ce3116e,257469530,39962900,39962900,262873721,302836621,257469530,000000004ce3116e,00004d1c,000000005af857f7,000000005af857f6,0
286,286,0,12494010,269963540,13775964,277768421,000000004ce3116e,257469531,39962900,39962900,262873722,302836621,257469530,000000004ce3116f,00004d20,000000005af857f8,000000005af857f7,0
287,287,0,12494010,269963541,13775964,277768421,000000004ce3116f,257469531,39962900,39962900,262873722,302836622,257469531,000000004ce31170,00004d20,000000005af857f9,000000005af857f8,0
288,288,0,12494010,269963541,13775964,277768421,000000004ce31170,257469531,39962900,39962900,262873722,302836622,257469531,000000004ce31170,00004d20,000000005af857f9,000000005af857f9,0
289,289,0,12494010,269963541,13775964,277768421,000000004ce31170,257469531,39962900,39962900,262873722,302836622,257469531,000000004ce31171,00004d18,000000005af857fa,000000005af857f9,0
290,290,0,12494010,269963541,13775964,277768421,000000004ce31171,257469531,39962900,39962900,262873722,302836622,257469531,000000004ce31171,00004d1c,000000005af857fb,000000005af857fa,0
291,291,0,12494010,269963541,13775964,277768422,000000004ce31171,257469532,39962900,39962900,262873723,302836622,257469531,000000004ce31172,00004d20,000000005af857fc,000000005af857fb,0
292,292,0,12494010,269963542,13775964,277768422,000000004ce31172,257469532,39962900,39962900,262873723,302836623,257469532,000000004ce31173,00004d20,000000005af857fd,000000005af857fc,0
293,293,0,12494010,269963542,13775964,277768422,000000004ce31173,257469532,39962900,39962900,262873723,302836623,257469532,000000004ce31173,00004d20,000000005af857fd,000000005af857fd,0
294,294,0,12494010,269963542,13775964,277768422,000000004ce31173,257469532,39962900,39962900,262873723,302836623,257469532,000000004ce31174,00004d18,000000005af857fe,000000005af857fd,0
295,295,0,12494010,269963542,13775964,277768422,000000004ce31174,257469532,39962900,39962900,262873723,302836623,257469532,000000004ce31174,00004d1c,000000005af857ff,000000005af857fe,0
296,296,0,12494010,269963542,13775964,277768423,000000004ce31174,257469533,39962900,39962900,262873724,302836623,257469532,000000004ce31175,00004d20,000000005af85800,000000005af857ff,0
297,297,0,12494010,269963543,13775964,277768423,000000004ce31175,257469533,39962900,39962900,262873724,302836624,257469533,000000004ce31176,00004d20,000000005af85801,000000005af85800,0
298,298,0,12494010,269963543,13775964,277768423,000000004ce31176,257469533,39962900,39962900,262873724,302836624,257469533,000000004ce31176,00004d20,000000005af85801,000000005af85801,0
299,299,0,12494010,269963543,13775964,277768423,000000004ce31176,257469533,39962900,39962900,262873724,302836624,257469533,000000004ce31177,00004d18,000000005af85802,000000005af85801,0
300,300,0,12494010,269963543,13775964,277768423,000000004ce31177,257469533,39962900,39962900,262873724,302836624,257469533,000000004ce31177,00004d1c,000000005af85803,000000005af85802,0
301,301,0,12494010,269963543,13775964,277768424,000000004ce31177,257469534,39962900,39962900,262873725,302836624,257469533,000000004ce31178,00004d20,000000005af85804,000000005af85803,0
302,302,0,12494010,269963544,13775964,277768424,000000004ce31178,257469534,39962900,39962900,262873725,302836625,257469534,000000004ce31179,00004d20,000000005af85805,000000005af85804,0
303,303,0,12494010,269963544,13775964,277768424,000000004ce31179,257469534,39962900,39962900,262873725,302836625,257469534,000000004ce31179,00004d20,000000005af85805,000000005af85805,0
304,304,0,12494010,269963544,13775964,277768424,000000004ce31179,257469534,39962900,39962900,262873725,302836625,257469534,000000004ce3117a,00004d18,000000005af85806,000000005af85805,0
305,305,0,12494010,269963544,13775964,277768424,000000004ce3117a,257469534,39962900,39962900,262873725,302836625,257469534,000000004ce3117a,00004d1c,000000005af85807,000000005af85806,0
306,306,0,12494010,269963544,13775964,277768425,000000004ce3117a,257469535,39962900,39962900,262873726,302836625,257469534,000000004ce3117b,00004d20,000000005af85808,000000005af85807,0
307,307,0,12494010,269963545,13775964,277768425,000000004ce3117b,257469535,39962900,39962900,262873726,302836626,257469535,000000004ce3117c,00004d20,000000005af85809,000000005af85808,0
308,308,0,12494010,269963545,13775964,277768425,000000004ce3117c,257469535,39962900,39962900,262873726,302836626,257469535,000000004ce3117c,00004d20,000000005af85809,000000005af85809,0
309,309,0,12494010,269963545,13775964,277768425,000000004ce3117c,257469535,39962900,39962900,262873726,302836626,257469535,000000004ce3117d,00004d18,000000005af8580a,000000005af85809,0
310,310,0,12494010,269963545,13775964,277768425,000000004ce3117d,257469535,39962900,39962900,262873726,302836626,257469535,000000004ce3117d,00004d1c,000000005af8580b,000000005af8580a,0
311,311,0,12494010,269963545,13775964,277768426,000000004ce3117d,257469536,39962900,39962900,262873727,302836626,257469535,000000004ce3117e,00004d20,000000005af8580c,000000005af8580b,0
312,312,0,12494010,269963546,13775964,277768426,000000004ce3117e,257469536,39962900,39962900,262873727,302836627,257469536,000000004ce3117f,00004d20,000000005af8580d,000000005af8580c,0
313,313,0,12494010,269963546,13775964,277768426,000000004ce3117f,257469536,39962900,39962900,262873727,302836627,257469536,000000004ce3117f,00004d20,000000005af8580d,000000005af8580d,0
314,314,0,12494010,269963546,13775964,277768426,000000004ce3117f,257469536,39962900,39962900,262873727,302836627,257469536,000000004ce31180,00004d18,000000005af8580e,000000005af8580d,0
315,315,0,12494010,269963546,13775964,277768426,000000004ce31180,257469536,39962900,39962900,262873727,302836627,257469536,000000004ce31180,00004d1c,000000005af8580f,000000005af8580e,0
316,316,0,12494010,269963546,13775964,277768427,000000004ce31180,257469537,39962900,39962900,262873728,302836627,257469536,000000004ce31181,00004d20,000000005af85810,000000005af8580f,0
317,317,0,12494010,269963547,13775964,277768427,000000004ce31181,257469537,39962900,39962900,262873728,302836628,257469537,000000004ce31182,00004d20,000000005af85811,000000005af85810,0
318,318,0,12494010,269963547,13775964,277768427,000000004ce31182,257469537,39962900,39962900,262873728,302836628,257469537,000000004ce31182,00004d20,000000005af85811,000000005af85811,0
319,319,0,12494010,269963547,13775964,277768427,000000004ce31182,257469537,39962900,39962900,262873728,302836628,257469537,000000004ce31183,00004d18,000000005af85812,000000005af85811,0
320,320,0,12494010,269963547,13775964,277768427,000000004ce31183,257469537,39962900,39962900,262873728,302836628,257469537,000000004ce31183,00004d1c,000000005af85813,000000005af85812,0
321,321,0,12494010,269963547,13775964,277768428,000000004ce31183,257469538,39962900,39962900,262873729,302836628,257469537,000000004ce31184,00004d20,000000005af85814,000000005af85813,0
322,322,0,12494010,269963548,13775964,277768428,000000004ce31184,257469538,39962900,39962900,262873729,302836629,257469538,000000004ce31185,00004d20,000000005af85815,000000005af85814,0
323,323,0,12494010,269963548,13775964,277768428,000000004ce31185,257469538,39962900,39962900,262873729,302836629,257469538,000000004ce31185,00004d20,000000005af85815,000000005af85815,0
324,324,0,12494010,269963548,13775964,277768428,000000004ce31185,257469538,39962900,39962900,262873729,302836629,257469538,000000004ce31186,00004d18,000000005af85816,000000005af85815,0
325,325,0,12494010,269963548,13775964,277768428,000000004ce31186,257469538,39962900,39962900,262873729,302836629,257469538,000000004ce31186,00004d1c,000000005af85817,000000005af85816,0
326,326,0,12494010,269963548,13775964,277768429,000000004ce31186,257469539,39962900,39962900,262873730,302836629,257469538,000000004ce31187,00004d20,000000005af85818,000000005af85817,0
327,327,0,12494010,269963549,13775964,277768429,000000004ce31187,257469539,39962900,39962900,262873730,302836630,257469539,000000004ce31188,00004d20,000000005af85819,000000005af85818,0
328,328,0,12494010,269963549,13775964,277768429,000000004ce31188,257469539,39962900,39962900,262873730,302836630,257469539,000000004ce31188,00004d20,000000005af85819,000000005af85819,0
329,329,0,12494010,269963549,13775964,277768429,000000004ce31188,257469539,39962900,39962900,262873730,302836630,257469539,000000004ce31189,00004d18,000000005af8581a,000000005af85819,0
330,330,0,12494010,269963549,13775964,277768429,000000004ce31189,257469539,39962900,39962900,262873730,302836630,257469539,000000004ce31189,00004d1c,000000005af8581b,000000005af8581a,0
331,331,0,12494010,269963549,13775964,277768430,000000004ce31189,257469540,39962900,39962900,262873731,302836630,257469539,000000004ce3118a,00004d20,000000005af8581c,000000005af8581b,0
332,332,0,12494010,269963550,13775964,277768430,000000004ce3118a,257469540,39962900,39962900,262873731,302836631,257469540,000000004ce3118b,00004d20,000000005af8581d,000000005af8581c,0
333,333,0,12494010,269963550,13775964,277768430,000000004ce3118b,257469540,39962900,39962900,262873731,302836631,257469540,000000004ce3118b,00004d20,000000005af8581d,000000005af8581d,0
334,334,0,12494010,269963550,13775964,277768430,000000004ce3118b,257469540,39962900,39962900,262873731,302836631,257469540,000000004ce3118c,00004d18,000000005af8581e,000000005af8581d,0
335,335,0,12494010,269963550,13775964,277768430,000000004ce3118c,257469540,39962900,39962900,262873731,302836631,257469540,000000004ce3118c,00004d1c,000000005af8581f,000000005af8581e,0
336,336,0,12494010,269963550,13775964,277768431,000000004ce3118c,257469541,39962900,39962900,262873732,302836631,257469540,000000004ce3118d,00004d20,000000005af85820,000000005af8581f,0
337,337,0,12494010,269963551,13775964,277768431,000000004ce3118d,257469541,39962900,39962900,262873732,302836632,257469541,000000004ce3118e,00004d20,000000005af85821,000000005af85820,0
338,338,0,12494010,269963551,13775964,277768431,000000004ce3118e,257469541,39962900,39962900,262873732,302836632,257469541,000000004ce3118e,00004d20,000000005af85821,000000005af85821,0
339,339,0,12494010,269963551,13775964,277768431,000000004ce3118e,257469541,39962900,39962900,262873732,302836632,257469541,000000004ce3118f,00004d18,000000005af85822,000000005af85821,0
340,340,0,12494010,269963551,13775964,277768431,000000004ce3118f,257469541,39962900,39962900,262873732,302836632,257469541,000000004ce3118f,00004d1c,000000005af85823,000000005af85822,0
341,341,0,12494010,269963551,13775964,277768432,000000004ce3118f,257469542,39962900,39962900,262873733,302836632,257469541,000000004ce31190,00004d20,000000005af85824,000000005af85823,0
342,342,0,12494010,269963552,13775964,277768432,000000004ce31190,257469542,39962900,39962900,262873733,302836633,257469542,000000004ce31191,00004d20,000000005af85825,000000005af85824,0
343,343,0,12494010,269963552,13775964,277768432,000000004ce31191,257469542,39962900,39962900,262873733,302836633,257469542,000000004ce31191,00004d20,000000005af85825,000000005af85825,0
344,344,0,12494010,269963552,13775964,277768432,000000004ce31191,257469542,39962900,39962900,262873733,302836633,257469542,000000004ce31192,00004d18,000000005af85826,000000005af85825,0
345,345,0,12494010,269963552,13775964,277768432,000000004ce31192,257469542,39962900,39962900,262873733,302836633,257469542,000000004ce31192,00004d1c,000000005af85827,000000005af85826,0
346,346,0,12494010,269963552,13775964,277768433,000000004ce31192,257469543,39962900,39962900,262873734,302836633,257469542,000000004ce31193,00004d20,000000005af85828,000000005af85827,0
347,347,0,12494010,269963553,13775964,277768433,000000004ce31193,257469543,39962900,39962900,262873734,302836634,257469543,000000004ce31194,00004d20,000000005af85829,000000005af85828,0
348,348,0,12494010,269963553,13775964,277768433,000000004ce31194,257469543,39962900,39962900,262873734,302836634,257469543,000000004ce31194,00004d20,000000005af85829,000000005af85829,0
349,349,0,12494010,269963553,13775964,277768433,000000004ce31194,257469543,39962900,39962900,262873734,302836634,257469543,000000004ce31195,00004d18,000000005af8582a,000000005af85829,0
350,350,0,12494010,269963553,13775964,277768433,000000004ce31195,257469543,39962900,39962900,262873734,302836634,257469543,000000004ce31195,00004d1c,000000005af8582b,000000005af8582a,0
351,351,0,12494010,269963553,13775964,277768434,000000004ce31195,257469544,39962900,39962900,262873735,302836634,257469543,000000004ce31196,00004d20,000000005af8582c,000000005af8582b,0
352,352,0,12494010,269963554,13775964,277768434,000000004ce31196,257469544,39962900,39962900,262873735,302836635,257469544,000000004ce31197,00004d20,000000005af8582d,000000005af8582c,0
353,353,0,12494010,269963554,13775964,277768434,000000004ce31197,257469544,39962900,39962900,262873735,302836635,257469544,000000004ce31197,00004d20,000000005af8582d,000000005af8582d,0
354,354,0,12494010,269963554,13775964,277768434,000000004ce31197,257469544,39962900,39962900,262873735,302836635,257469544,000000004ce31198,00004d18,000000005af8582e,000000005af8582d,0
355,355,0,12494010,269963554,13775964,277768434,000000004ce31198,257469544,39962900,39962900,262873735,302836635,257469544,000000004ce31198,00004d1c,000000005af8582f,000000005af8582e,0
356,356,0,12494010,269963554,13775964,277768435,000000004ce31198,257469545,39962900,39962900,262873736,302836635,257469544,000000004ce31199,00004d20,000000005af85830,000000005af8582f,0
357,357,0,12494010,269963555,13775964,277768435,000000004ce31199,257469545,39962900,39962900,262873736,302836636,257469545,000000004ce3119a,00004d20,000000005af85831,000000005af85830,0
358,358,0,12494010,269963555,13775964,277768435,000000004ce3119a,257469545,39962900,39962900,262873736,302836636,257469545,000000004ce3119a,00004d20,000000005af85831,000000005af85831,0
359,359,0,12494010,269963555,13775964,277768435,000000004ce3119a,257469545,39962900,39962900,262873736,302836636,257469545,000000004ce3119b,00004d18,000000005af85832,000000005af85831,0
360,360,0,12494010,269963555,13775964,277768435,000000004ce3119b,257469545,39962900,39962900,262873736,302836636,257469545,000000004ce3119b,00004d1c,000000005af85833,000000005af85832,0
361,361,0,12494010,269963555,13775964,277768436,000000004ce3119b,257469546,39962900,39962900,262873737,302836636,257469545,000000004ce3119c,00004d20,000000005af85834,000000005af85833,0
362,362,0,12494010,269963556,13775964,277768436,000000004ce3119c,257469546,39962900,39962900,262873737,302836637,257469546,000000004ce3119d,00004d20,000000005af85835,000000005af85834,0
363,363,0,12494010,269963556,13775964,277768436,000000004ce3119d,257469546,39962900,39962900,262873737,302836637,257469546,000000004ce3119d,00004d20,000000005af85835,000000005af85835,0
364,364,0,12494010,269963556,13775964,277768436,000000004ce3119d,257469546,39962900,39962900,262873737,302836637,257469546,000000004ce3119e,00004d18,000000005af85836,000000005af85835,0
365,365,0,12494010,269963556,13775964,277768436,000000004ce3119e,257469546,39962900,39962900,262873737,302836637,257469546,000000004ce3119e,00004d1c,000000005af85837,000000005af85836,0
366,366,0,12494010,269963556,13775964,277768437,000000004ce3119e,257469547,39962900,39962900,262873738,302836637,257469546,000000004ce3119f,00004d20,000000005af85838,000000005af85837,0
367,367,0,12494010,269963557,13775964,277768437,000000004ce3119f,257469547,39962900,39962900,262873738,302836638,257469547,000000004ce311a0,00004d20,000000005af85839,000000005af85838,0
368,368,0,12494010,269963557,13775964,277768437,000000004ce311a0,257469547,39962900,39962900,262873738,302836638,257469547,000000004ce311a0,00004d20,000000005af85839,000000005af85839,0
369,369,0,12494010,269963557,13775964,277768437,000000004ce311a0,257469547,39962900,39962900,262873738,302836638,257469547,000000004ce311a1,00004d18,000000005af8583a,000000005af85839,0
370,370,0,12494010,269963557,13775964,277768437,000000004ce311a1,257469547,39962900,39962900,262873738,302836638,257469547,000000004ce311a1,00004d1c,000000005af8583b,000000005af8583a,0
371,371,0,12494010,269963557,13775964,277768438,000000004ce311a1,257469548,39962900,39962900,262873739,302836638,257469547,000000004ce311a2,00004d20,000000005af8583c,000000005af8583b,0
372,372,0,12494010,269963558,13775964,277768438,000000004ce311a2,257469548,39962900,39962900,262873739,302836639,257469548,000000004ce311a3,00004d20,000000005af8583d,000000005af8583c,0
373,373,0,12494010,269963558,13775964,277768438,000000004ce311a3,257469548,39962900,39962900,262873739,302836639,257469548,000000004ce311a3,00004d20,000000005af8583d,000000005af8583d,0
374,374,0,12494010,269963558,13775964,277768438,000000004ce311a3,257469548,39962900,39962900,262873739,302836639,257469548,000000004ce311a4,00004d18,000000005af8583e,000000005af8583d,0
375,375,0,12494010,269963558,13775964,277768438,000000004ce311a4,257469548,39962900,39962900,262873739,302836639,257469548,000000004ce311a4,00004d1c,000000005af8583f,000000005af8583e,0
376,376,0,12494010,269963558,13775964,277768439,000000004ce311a4,257469549,39962900,39962900,262873740,302836639,257469548,000000004ce311a5,00004d20,000000005af85840,000000005af8583f,0
377,377,0,12494010,269963559,13775964,277768439,000000004ce311a5,257469549,39962900,39962900,262873740,302836640,257469549,000000004ce311a6,00004d20,000000005af85841,000000005af85840,0
378,378,0,12494010,269963559,13775964,277768439,000000004ce311a6,257469549,39962900,39962900,262873740,302836640,257469549,000000004ce311a6,00004d20,000000005af85841,000000005af85841,0
379,379,0,12494010,269963559,13775964,277768439,000000004ce311a6,257469549,39962900,39962900,262873740,302836640,257469549,000000004ce311a7,00004d18,000000005af85842,000000005af85841,0
380,380,0,12494010,269963559,13775964,277768439,000000004ce311a7,257469549,39962900,39962900,262873740,302836640,257469549,000000004ce311a7,00004d1c,000000005af85843,000000005af85842,0
381,381,0,12494010,269963559,13775964,277768440,000000004ce311a7,257469550,39962900,39962900,262873741,302836640,257469549,000000004ce311a8,00004d20,000000005af85844,000000005af85843,0
382,382,0,12494010,269963560,13775964,277768440,000000004ce311a8,257469550,39962900,39962900,262873741,302836641,257469550,000000004ce311a9,00004d20,000000005af85845,000000005af85844,0
383,383,0,12494010,269963560,13775964,277768440,000000004ce311a9,257469550,39962900,39962900,262873741,302836641,257469550,000000004ce311a9,00004d20,000000005af85845,000000005af85845,0
384,384,0,12494010,269963560,13775964,277768440,000000004ce311a9,257469550,39962900,39962900,262873741,302836641,257469550,000000004ce311aa,00004d18,000000005af85846,000000005af85845,0
385,385,0,12494010,269963560,13775964,277768440,000000004ce311aa,257469550,39962900,39962900,262873741,302836641,257469550,000000004ce311aa,00004d1c,000000005af85847,000000005af85846,0
386,386,0,12494010,269963560,13775964,277768441,000000004ce311aa,257469551,39962900,39962900,262873742,302836641,257469550,000000004ce311ab,00004d20,000000005af85848,000000005af85847,0
387,387,0,12494010,269963561,13775964,277768441,000000004ce311ab,257469551,39962900,39962900,262873742,302836642,257469551,000000004ce311ac,00004d20,000000005af85849,000000005af85848,0
388,388,0,12494010,269963561,13775964,277768441,000000004ce311ac,257469551,39962900,39962900,262873742,302836642,257469551,000000004ce311ac,00004d20,000000005af85849,000000005af85849,0
389,389,0,12494010,269963561,13775964,277768441,000000004ce311ac,257469551,39962900,39962900,262873742,302836642,257469551,000000004ce311ad,00004d18,000000005af8584a,000000005af85849,0
390,390,0,12494010,269963561,13775964,277768441,000000004ce311ad,257469551,39962900,39962900,262873742,302836642,257469551,000000004ce311ad,00004d1c,000000005af8584b,000000005af8584a,0
391,391,0,12494010,269963561,13775964,277768442,000000004ce311ad,257469552,39962900,39962900,262873743,302836642,257469551,000000004ce311ae,00004d20,000000005af8584c,000000005af8584b,0
392,392,0,12494010,269963562,13775964,277768442,000000004ce311ae,257469552,39962900,39962900,262873743,302836643,257469552,000000004ce311af,00004d20,000000005af8584d,000000005af8584c,0
393,393,0,12494010,269963562,13775964,277768442,000000004ce311af,257469552,39962900,39962900,262873743,302836643,257469552,000000004ce311af,00004d20,000000005af8584d,000000005af8584d,0
394,394,0,12494010,269963562,13775964,277768442,000000004ce311af,257469552,39962900,39962900,262873743,302836643,257469552,000000004ce311b0,00004d18,000000005af8584e,000000005af8584d,0
395,395,0,12494010,269963562,13775964,277768442,000000004ce311b0,257469552,39962900,39962900,262873743,302836643,257469552,000000004ce311b0,00004d1c,000000005af8584f,000000005af8584e,0
396,396,0,12494010,269963562,13775964,277768443,000000004ce311b0,257469553,39962900,39962900,262873744,302836643,257469552,000000004ce311b1,00004d20,000000005af85850,000000005af8584f,0
397,397,0,12494010,269963563,13775964,277768443,000000004ce311b1,257469553,39962900,39962900,262873744,302836644,257469553,000000004ce311b2,00004d20,000000005af85851,000000005af85850,0
398,398,0,12494010,269963563,13775964,277768443,000000004ce311b2,257469553,39962900,39962900,262873744,302836644,257469553,000000004ce311b2,00004d20,000000005af85851,000000005af85851,0
399,399,0,12494010,269963563,13775964,277768443,000000004ce311b2,257469553,39962900,39962900,262873744,302836644,257469553,000000004ce311b3,00004d18,000000005af85852,000000005af85851,0
400,400,0,12494010,269963563,13775964,277768443,000000004ce311b3,257469553,39962900,39962900,262873744,302836644,257469553,000000004ce311b3,00004d1c,000000005af85853,000000005af85852,0
401,401,0,12494010,269963563,13775964,277768444,000000004ce311b3,257469554,39962900,39962900,262873745,302836644,257469553,000000004ce311b4,00004d20,000000005af85854,000000005af85853,0
402,402,0,12494010,269963564,13775964,277768444,000000004ce311b4,257469554,39962900,39962900,262873745,302836645,257469554,000000004ce311b5,00004d20,000000005af85855,000000005af85854,0
403,403,0,12494010,269963564,13775964,277768444,000000004ce311b5,257469554,39962900,39962900,262873745,302836645,257469554,000000004ce311b5,00004d20,000000005af85855,000000005af85855,0
404,404,0,12494010,269963564,13775964,277768444,000000004ce311b5,257469554,39962900,39962900,262873745,302836645,257469554,000000004ce311b6,00004d18,000000005af85856,000000005af85855,0
405,405,0,12494010,269963564,13775964,277768444,000000004ce311b6,257469554,39962900,39962900,262873745,302836645,257469554,000000004ce311b6,00004d1c,000000005af85857,000000005af85856,0
406,406,0,12494010,269963564,13775964,277768445,000000004ce311b6,257469555,39962900,39962900,262873746,302836645,257469554,000000004ce311b7,00004d20,000000005af85858,000000005af85857,0
407,407,0,12494010,269963565,13775964,277768445,000000004ce311b7,257469555,39962900,39962900,262873746,302836646,257469555,000000004ce311b8,00004d20,000000005af85859,000000005af85858,0
408,408,0,12494010,269963565,13775964,277768445,000000004ce311b8,257469555,39962900,39962900,262873746,302836646,257469555,000000004ce311b8,00004d20,000000005af85859,000000005af85859,0
409,409,0,12494010,269963565,13775964,277768445,000000004ce311b8,257469555,39962900,39962900,262873746,302836646,257469555,000000004ce311b9,00004d18,000000005af8585a,000000005af85859,0
410,410,0,12494010,269963565,13775964,277768445,000000004ce311b9,257469555,39962900,39962900,262873746,302836646,257469555,000000004ce311b9,00004d1c,000000005af8585b,000000005af8585a,0
411,411,0,12494010,269963565,13775964,277768446,000000004ce311b9,257469556,39962900,39962900,262873747,302836646,257469555,000000004ce311ba,00004d20,000000005af8585c,000000005af8585b,0
412,412,0,12494010,269963566,13775964,277768446,000000004ce311ba,257469556,39962900,39962900,262873747,302836647,257469556,000000004ce311bb,00004d20,000000005af8585d,000000005af8585c,0
413,413,0,12494010,269963566,13775964,277768446,000000004ce311bb,257469556,39962900,39962900,262873747,302836647,257469556,000000004ce311bb,00004d20,000000005af8585d,000000005af8585d,0
414,414,0,12494010,269963566,13775964,277768446,000000004ce311bb,257469556,39962900,39962900,262873747,302836647,257469556,000000004ce311bc,00004d18,000000005af8585e,000000005af8585d,0
415,415,0,12494010,269963566,13775964,277768446,000000004ce311bc,257469556,39962900,39962900,262873747,302836647,257469556,000000004ce311bc,00004d1c,000000005af8585f,000000005af8585e,0
416,416,0,12494010,269963566,13775964,277768447,000000004ce311bc,257469557,39962900,39962900,262873748,302836647,257469556,000000004ce311bd,00004d20,000000005af85860,000000005af8585f,0
417,417,0,12494010,269963567,13775964,277768447,000000004ce311bd,257469557,39962900,39962900,262873748,302836648,257469557,000000004ce311be,00004d20,000000005af85861,000000005af85860,0
418,418,0,12494010,269963567,13775964,277768447,000000004ce311be,257469557,39962900,39962900,262873748,302836648,257469557,000000004ce311be,00004d20,000000005af85861,000000005af85861,0
419,419,0,12494010,269963567,13775964,277768447,000000004ce311be,257469557,39962900,39962900,262873748,302836648,257469557,000000004ce311bf,00004d18,000000005af85862,000000005af85861,0
420,420,0,12494010,269963567,13775964,277768447,000000004ce311bf,257469557,39962900,39962900,262873748,302836648,257469557,000000004ce311bf,00004d1c,000000005af85863,000000005af85862,0
421,421,0,12494010,269963567,13775964,277768448,000000004ce311bf,257469558,39962900,39962900,262873749,302836648,257469557,000000004ce311c0,00004d20,000000005af85864,000000005af85863,0
422,422,0,12494010,269963568,13775964,277768448,000000004ce311c0,257469558,39962900,39962900,262873749,302836649,257469558,000000004ce311c1,00004d20,000000005af85865,000000005af85864,0
423,423,0,12494010,269963568,13775964,277768448,000000004ce311c1,257469558,39962900,39962900,262873749,302836649,257469558,000000004ce311c1,00004d20,000000005af85865,000000005af85865,0
424,424,0,12494010,269963568,13775964,277768448,000000004ce311c1,257469558,39962900,39962900,262873749,302836649,257469558,000000004ce311c2,00004d18,000000005af85866,000000005af85865,0
425,425,0,12494010,269963568,13775964,277768448,000000004ce311c2,257469558,39962900,39962900,262873749,302836649,257469558,000000004ce311c2,00004d1c,000000005af85867,000000005af85866,0
426,426,0,12494010,269963568,13775964,277768449,000000004ce311c2,257469559,39962900,39962900,262873750,302836649,257469558,000000004ce311c3,00004d20,000000005af85868,000000005af85867,0
427,427,0,12494010,269963569,13775964,277768449,000000004ce311c3,257469559,39962900,39962900,262873750,302836650,257469559,000000004ce311c4,00004d20,000000005af85869,000000005af85868,0
428,428,0,12494010,269963569,13775964,277768449,000000004ce311c4,257469559,39962900,39962900,262873750,302836650,257469559,000000004ce311c4,00004d20,000000005af85869,000000005af85869,0
429,429,0,12494010,269963569,13775964,277768449,000000004ce311c4,257469559,39962900,39962900,262873750,302836650,257469559,000000004ce311c5,00004d18,000000005af8586a,000000005af85869,0
430,430,0,12494010,269963569,13775964,277768449,000000004ce311c5,257469559,39962900,39962900,262873750,302836650,257469559,000000004ce311c5,00004d1c,000000005af8586b,000000005af8586a,0
431,431,0,12494010,269963569,13775964,277768450,000000004ce311c5,257469560,39962900,39962900,262873751,302836650,257469559,000000004ce311c6,00004d20,000000005af8586c,000000005af8586b,0
432,432,0,12494010,269963570,13775964,277768450,000000004ce311c6,257469560,39962900,39962900,262873751,302836651,257469560,000000004ce311c7,00004d20,000000005af8586d,000000005af8586c,0
433,433,0,12494010,269963570,13775964,277768450,000000004ce311c7,257469560,39962900,39962900,262873751,302836651,257469560,000000004ce311c7,00004d20,000000005af8586d,000000005af8586d,0
434,434,0,12494010,269963570,13775964,277768450,000000004ce311c7,257469560,39962900,39962900,262873751,302836651,257469560,000000004ce311c8,00004d18,000000005af8586e,000000005af8586d,0
435,435,0,12494010,269963570,13775964,277768450,000000004ce311c8,257469560,39962900,39962900,262873751,302836651,257469560,000000004ce311c8,00004d1c,000000005af8586f,000000005af8586e,0
436,436,0,12494010,269963570,13775964,277768451,000000004ce311c8,257469561,39962900,39962900,262873752,302836651,257469560,000000004ce311c9,00004d20,000000005af85870,000000005af8586f,0
437,437,0,12494010,269963571,13775964,277768451,000000004ce311c9,257469561,39962900,39962900,262873752,302836652,257469561,000000004ce311ca,00004d20,000000005af85871,000000005af85870,0
438,438,0,12494010,269963571,13775964,277768451,000000004ce311ca,257469561,39962900,39962900,262873752,302836652,257469561,000000004ce311ca,00004d20,000000005af85871,000000005af85871,0
439,439,0,12494010,269963571,13775964,277768451,000000004ce311ca,257469561,39962900,39962900,262873752,302836652,257469561,000000004ce311cb,00004d18,000000005af85872,000000005af85871,0
440,440,0,12494010,269963571,13775964,277768451,000000004ce311cb,257469561,39962900,39962900,262873752,302836652,257469561,000000004ce311cb,00004d1c,000000005af85873,000000005af85872,0
441,441,0,12494010,269963571,13775964,277768452,000000004ce311cb,257469562,39962900,39962900,262873753,302836652,257469561,000000004ce311cc,00004d20,000000005af85874,000000005af85873,0
442,442,0,12494010,269963572,13775964,277768452,000000004ce311cc,257469562,39962900,39962900,262873753,302836653,257469562,000000004ce311cd,00004d20,000000005af85875,000000005af85874,0
443,443,0,12494010,269963572,13775964,277768452,000000004ce311cd,257469562,39962900,39962900,262873753,302836653,257469562,000000004ce311cd,00004d20,000000005af85875,000000005af85875,0
444,444,0,12494010,269963572,13775964,277768452,000000004ce311cd,257469562,39962900,39962900,262873753,302836653,257469562,000000004ce311ce,00004d18,000000005af85876,000000005af85875,0
445,445,0,12494010,269963572,13775964,277768452,000000004ce311ce,257469562,39962900,39962900,262873753,302836653,257469562,000000004ce311ce,00004d1c,000000005af85877,000000005af85876,0
446,446,0,12494010,269963572,13775964,277768453,000000004ce311ce,257469563,39962900,39962900,262873754,302836653,257469562,000000004ce311cf,00004d20,000000005af85878,000000005af85877,0
447,447,0,12494010,269963573,13775964,277768453,000000004ce311cf,257469563,39962900,39962900,262873754,302836654,257469563,000000004ce311d0,00004d20,000000005af85879,000000005af85878,0
448,448,0,12494010,269963573,13775964,277768453,000000004ce311d0,257469563,39962900,39962900,262873754,302836654,257469563,000000004ce311d0,00004d20,000000005af85879,000000005af85879,0
449,449,0,12494010,269963573,13775964,277768453,000000004ce311d0,257469563,39962900,39962900,262873754,302836654,257469563,000000004ce311d1,00004d18,000000005af8587a,000000005af85879,0
450,450,0,12494010,269963573,13775964,277768453,000000004ce311d1,257469563,39962900,39962900,262873754,302836654,257469563,000000004ce311d1,00004d1c,000000005af8587b,000000005af8587a,0
451,451,0,12494010,269963573,13775964,277768454,000000004ce311d1,257469564,39962900,39962900,262873755,302836654,257469563,000000004ce311d2,00004d20,000000005af8587c,000000005af8587b,0
452,452,0,12494010,269963574,13775964,277768454,000000004ce311d2,257469564,39962900,39962900,262873755,302836655,257469564,000000004ce311d3,00004d20,000000005af8587d,000000005af8587c,0
453,453,0,12494010,269963574,13775964,277768454,000000004ce311d3,257469564,39962900,39962900,262873755,302836655,257469564,000000004ce311d3,00004d20,000000005af8587d,000000005af8587d,0
454,454,0,12494010,269963574,13775964,277768454,000000004ce311d3,257469564,39962900,39962900,262873755,302836655,257469564,000000004ce311d4,00004d18,000000005af8587e,000000005af8587d,0
455,455,0,12494010,269963574,13775964,277768454,000000004ce311d4,257469564,39962900,39962900,262873755,302836655,257469564,000000004ce311d4,00004d1c,000000005af8587f,000000005af8587e,0
456,456,0,12494010,269963574,13775964,277768455,000000004ce311d4,257469565,39962900,39962900,262873756,302836655,257469564,000000004ce311d5,00004d20,000000005af85880,000000005af8587f,0
457,457,0,12494010,269963575,13775964,277768455,000000004ce311d5,257469565,39962900,39962900,262873756,302836656,257469565,000000004ce311d6,00004d20,000000005af85881,000000005af85880,0
458,458,0,12494010,269963575,13775964,277768455,000000004ce311d6,257469565,39962900,39962900,262873756,302836656,257469565,000000004ce311d6,00004d20,000000005af85881,000000005af85881,0
459,459,0,12494010,269963575,13775964,277768455,000000004ce311d6,257469565,39962900,39962900,262873756,302836656,257469565,000000004ce311d7,00004d18,000000005af85882,000000005af85881,0
460,460,0,12494010,269963575,13775964,277768455,000000004ce311d7,257469565,39962900,39962900,262873756,302836656,257469565,000000004ce311d7,00004d1c,000000005af85883,000000005af85882,0
461,461,0,12494010,269963575,13775964,277768456,000000004ce311d7,257469566,39962900,39962900,262873757,302836656,257469565,000000004ce311d8,00004d20,000000005af85884,000000005af85883,0
462,462,0,12494010,269963576,13775964,277768456,000000004ce311d8,257469566,39962900,39962900,262873757,302836657,257469566,000000004ce311d9,00004d20,000000005af85885,000000005af85884,0
463,463,0,12494010,269963576,13775964,277768456,000000004ce311d9,257469566,39962900,39962900,262873757,302836657,257469566,000000004ce311d9,00004d20,000000005af85885,000000005af85885,0
464,464,0,12494010,269963576,13775964,277768456,000000004ce311d9,257469566,39962900,39962900,262873757,302836657,257469566,000000004ce311da,00004d18,000000005af85886,000000005af85885,0
465,465,0,12494010,269963576,13775964,277768456,000000004ce311da,257469566,39962900,39962900,262873757,302836657,257469566,000000004ce311da,00004d1c,000000005af85887,000000005af85886,0
466,466,0,12494010,269963576,13775964,277768457,000000004ce311da,257469567,39962900,39962900,262873758,302836657,257469566,000000004ce311db,00004d20,000000005af85888,000000005af85887,0
467,467,0,12494010,269963577,13775964,277768457,000000004ce311db,257469567,39962900,39962900,262873758,302836658,257469567,000000004ce311dc,00004d20,000000005af85889,000000005af85888,0
468,468,0,12494010,269963577,13775964,277768457,000000004ce311dc,257469567,39962900,39962900,262873758,302836658,257469567,000000004ce311dc,00004d20,000000005af85889,000000005af85889,0
469,469,0,12494010,269963577,13775964,277768457,000000004ce311dc,257469567,39962900,39962900,262873758,302836658,257469567,000000004ce311dd,00004d18,000000005af8588a,000000005af85889,0
470,470,0,12494010,269963577,13775964,277768457,000000004ce311dd,257469567,39962900,39962900,262873758,302836658,257469567,000000004ce311dd,00004d1c,000000005af8588b,000000005af8588a,0
471,471,0,12494010,269963577,13775964,277768458,000000004ce311dd,257469568,39962900,39962900,262873759,302836658,257469567,000000004ce311de,00004d20,000000005af8588c,000000005af8588b,0
472,472,0,12494010,269963578,13775964,277768458,000000004ce311de,257469568,39962900,39962900,262873759,302836659,257469568,000000004ce311df,00004d20,000000005af8588d,000000005af8588c,0
473,473,0,12494010,269963578,13775964,277768458,000000004ce311df,257469568,39962900,39962900,262873759,302836659,257469568,000000004ce311df,00004d20,000000005af8588d,000000005af8588d,0
474,474,0,12494010,269963578,13775964,277768458,000000004ce311df,257469568,39962900,39962900,262873759,302836659,257469568,000000004ce311e0,00004d18,000000005af8588e,000000005af8588d,0
475,475,0,12494010,269963578,13775964,277768458,000000004ce311e0,257469568,39962900,39962900,262873759,302836659,257469568,000000004ce311e0,00004d1c,000000005af8588f,000000005af8588e,0
476,476,0,12494010,269963578,13775964,277768459,000000004ce311e0,257469569,39962900,39962900,262873760,302836659,257469568,000000004ce311e1,00004d20,000000005af85890,000000005af8588f,0
477,477,0,12494010,269963579,13775964,277768459,000000004ce311e1,257469569,39962900,39962900,262873760,302836660,257469569,000000004ce311e2,00004d20,000000005af85891,000000005af85890,0
478,478,0,12494010,269963579,13775964,277768459,000000004ce311e2,257469569,39962900,39962900,262873760,302836660,257469569,000000004ce311e2,00004d20,000000005af85891,000000005af85891,0
479,479,0,12494010,269963579,13775964,277768459,000000004ce311e2,257469569,39962900,39962900,262873760,302836660,257469569,000000004ce311e3,00004d18,000000005af85892,000000005af85891,0
480,480,0,12494010,269963579,13775964,277768459,000000004ce311e3,257469569,39962900,39962900,262873760,302836660,257469569,000000004ce311e3,00004d1c,000000005af85893,000000005af85892,0
481,481,0,12494010,269963579,13775964,277768460,000000004ce311e3,257469570,39962900,39962900,262873761,302836660,257469569,000000004ce311e4,00004d20,000000005af85894,000000005af85893,0
482,482,0,12494010,269963580,13775964,277768460,000000004ce311e4,257469570,39962900,39962900,262873761,302836661,257469570,000000004ce311e5,00004d20,000000005af85895,000000005af85894,0
483,483,0,12494010,269963580,13775964,277768460,000000004ce311e5,257469570,39962900,39962900,262873761,302836661,257469570,000000004ce311e5,00004d20,000000005af85895,000000005af85895,0
484,484,0,12494010,269963580,13775964,277768460,000000004ce311e5,257469570,39962900,39962900,262873761,302836661,257469570,000000004ce311e6,00004d18,000000005af85896,000000005af85895,0
485,485,0,12494010,269963580,13775964,277768460,000000004ce311e6,257469570,39962900,39962900,262873761,302836661,257469570,000000004ce311e6,00004d1c,000000005af85897,000000005af85896,0
486,486,0,12494010,269963580,13775964,277768461,000000004ce311e6,257469571,39962900,39962900,262873762,302836661,257469570,000000004ce311e7,00004d20,000000005af85898,000000005af85897,0
487,487,0,12494010,269963581,13775964,277768461,000000004ce311e7,257469571,39962900,39962900,262873762,302836662,257469571,000000004ce311e8,00004d20,000000005af85899,000000005af85898,0
488,488,0,12494010,269963581,13775964,277768461,000000004ce311e8,257469571,39962900,39962900,262873762,302836662,257469571,000000004ce311e8,00004d20,000000005af85899,000000005af85899,0
489,489,0,12494010,269963581,13775964,277768461,000000004ce311e8,257469571,39962900,39962900,262873762,302836662,257469571,000000004ce311e9,00004d18,000000005af8589a,000000005af85899,0
490,490,0,12494010,269963581,13775964,277768461,000000004ce311e9,257469571,39962900,39962900,262873762,302836662,257469571,000000004ce311e9,00004d1c,000000005af8589b,000000005af8589a,0
491,491,0,12494010,269963581,13775964,277768462,000000004ce311e9,257469572,39962900,39962900,262873763,302836662,257469571,000000004ce311ea,00004d20,000000005af8589c,000000005af8589b,0
492,492,0,12494010,269963582,13775964,277768462,000000004ce311ea,257469572,39962900,39962900,262873763,302836663,257469572,000000004ce311eb,00004d20,000000005af8589d,000000005af8589c,0
493,493,0,12494010,269963582,13775964,277768462,000000004ce311eb,257469572,39962900,39962900,262873763,302836663,257469572,000000004ce311eb,00004d20,000000005af8589d,000000005af8589d,0
494,494,0,12494010,269963582,13775964,277768462,000000004ce311eb,257469572,39962900,39962900,262873763,302836663,257469572,000000004ce311ec,00004d18,000000005af8589e,000000005af8589d,0
495,495,0,12494010,269963582,13775964,277768462,000000004ce311ec,257469572,39962900,39962900,262873763,302836663,257469572,000000004ce311ec,00004d1c,000000005af8589f,000000005af8589e,0
496,496,0,12494010,269963582,13775964,277768463,000000004ce311ec,257469573,39962900,39962900,262873764,302836663,257469572,000000004ce311ed,00004d20,000000005af858a0,000000005af8589f,0
497,497,0,12494010,269963583,13775964,277768463,000000004ce311ed,257469573,39962900,39962900,262873764,302836664,257469573,000000004ce311ee,00004d20,000000005af858a1,000000005af858a0,0
498,498,0,12494010,269963583,13775964,277768463,000000004ce311ee,257469573,39962900,39962900,262873764,302836664,257469573,000000004ce311ee,00004d20,000000005af858a1,000000005af858a1,0
499,499,0,12494010,269963583,13775964,277768463,000000004ce311ee,257469573,39962900,39962900,262873764,302836664,257469573,000000004ce311ef,00004d18,000000005af858a2,000000005af858a1,0
500,500,0,12494010,269963583,13775964,277768463,000000004ce311ef,257469573,39962900,39962900,262873764,302836664,257469573,000000004ce311ef,00004d1c,000000005af858a3,000000005af858a2,0
501,501,0,12494010,269963583,13775964,277768464,000000004ce311ef,257469574,39962900,39962900,262873765,302836664,257469573,000000004ce311f0,00004d20,000000005af858a4,000000005af858a3,0
502,502,0,12494010,269963584,13775964,277768464,000000004ce311f0,257469574,39962900,39962900,262873765,302836665,257469574,000000004ce311f1,00004d20,000000005af858a5,000000005af858a4,0
503,503,0,12494010,269963584,13775964,277768464,000000004ce311f1,257469574,39962900,39962900,262873765,302836665,257469574,000000004ce311f1,00004d20,000000005af858a5,000000005af858a5,0
504,504,0,12494010,269963584,13775964,277768464,000000004ce311f1,257469574,39962900,39962900,262873765,302836665,257469574,000000004ce311f2,00004d18,000000005af858a6,000000005af858a5,0
505,505,0,12494010,269963584,13775964,277768464,000000004ce311f2,257469574,39962900,39962900,262873765,302836665,257469574,000000004ce311f2,00004d1c,000000005af858a7,000000005af858a6,0
506,506,0,12494010,269963584,13775964,277768465,000000004ce311f2,257469575,39962900,39962900,262873766,302836665,257469574,000000004ce311f3,00004d20,000000005af858a8,000000005af858a7,0
507,507,0,12494010,269963585,13775964,277768465,000000004ce311f3,257469575,39962900,39962900,262873766,302836666,257469575,000000004ce311f4,00004d20,000000005af858a9,000000005af858a8,0
508,508,0,12494010,269963585,13775964,277768465,000000004ce311f4,257469575,39962900,39962900,262873766,302836666,257469575,000000004ce311f4,00004d20,000000005af858a9,000000005af858a9,0
509,509,0,12494010,269963585,13775964,277768465,000000004ce311f4,257469575,39962900,39962900,262873766,302836666,257469575,000000004ce311f5,00004d18,000000005af858aa,000000005af858a9,0
510,510,0,12494010,269963585,13775964,277768465,000000004ce311f5,257469575,39962900,39962900,262873766,302836666,257469575,000000004ce311f5,00004d1c,000000005af858ab,000000005af858aa,0
511,511,0,12494010,269963585,13775964,277768466,000000004ce311f5,257469576,39962900,39962900,262873767,302836666,257469575,000000004ce311f6,00004d20,000000005af858ac,000000005af858ab,0
512,512,0,12494010,269963586,13775964,277768466,000000004ce311f6,257469576,39962900,39962900,262873767,302836667,257469576,000000004ce311f7,00004d20,000000005af858ad,000000005af858ac,0
513,513,0,12494010,269963586,13775964,277768466,000000004ce311f7,257469576,39962900,39962900,262873767,302836667,257469576,000000004ce311f7,00004d20,000000005af858ad,000000005af858ad,0
514,514,0,12494010,269963586,13775964,277768466,000000004ce311f7,257469576,39962900,39962900,262873767,302836667,257469576,000000004ce311f8,00004d18,000000005af858ae,000000005af858ad,0
515,515,0,12494010,269963586,13775964,277768466,000000004ce311f8,257469576,39962900,39962900,262873767,302836667,257469576,000000004ce311f8,00004d1c,000000005af858af,000000005af858ae,0
516,516,0,12494010,269963586,13775964,277768467,000000004ce311f8,257469577,39962900,39962900,262873768,302836667,257469576,000000004ce311f9,00004d20,000000005af858b0,000000005af858af,0
517,517,0,12494010,269963587,13775964,277768467,000000004ce311f9,257469577,39962900,39962900,262873768,302836668,257469577,000000004ce311fa,00004d20,000000005af858b1,000000005af858b0,0
518,518,0,12494010,269963587,13775964,277768467,000000004ce311fa,257469577,39962900,39962900,262873768,302836668,257469577,000000004ce311fa,00004d20,000000005af858b1,000000005af858b1,0
519,519,0,12494010,269963587,13775964,277768467,000000004ce311fa,257469577,39962900,39962900,262873768,302836668,257469577,000000004ce311fb,00004d18,000000005af858b2,000000005af858b1,0
520,520,0,12494010,269963587,13775964,277768467,000000004ce311fb,257469577,39962900,39962900,262873768,302836668,257469577,000000004ce311fb,00004d1c,000000005af858b3,000000005af858b2,0
521,521,0,12494010,269963587,13775964,277768468,000000004ce311fb,257469578,39962900,39962900,262873769,302836668,257469577,000000004ce311fc,00004d20,000000005af858b4,000000005af858b3,0
522,522,0,12494010,269963588,13775964,277768468,000000004ce311fc,257469578,39962900,39962900,262873769,302836669,257469578,000000004ce311fd,00004d20,000000005af858b5,000000005af858b4,0
523,523,0,12494010,269963588,13775964,277768468,000000004ce311fd,257469578,39962900,39962900,262873769,302836669,257469578,000000004ce311fd,00004d20,000000005af858b5,000000005af858b5,0
524,524,0,12494010,269963588,13775964,277768468,000000004ce311fd,257469578,39962900,39962900,262873769,302836669,257469578,000000004ce311fe,00004d18,000000005af858b6,000000005af858b5,0
525,525,0,12494010,269963588,13775964,277768468,000000004ce311fe,257469578,39962900,39962900,262873769,302836669,257469578,000000004ce311fe,00004d1c,000000005af858b7,000000005af858b6,0
526,526,0,12494010,269963588,13775964,277768469,000000004ce311fe,257469579,39962900,39962900,262873770,302836669,257469578,000000004ce311ff,00004d20,000000005af858b8,000000005af858b7,0
527,527,0,12494010,269963589,13775964,277768469,000000004ce311ff,257469579,39962900,39962900,262873770,302836670,257469579,000000004ce31200,00004d20,000000005af858b9,000000005af858b8,0
528,528,0,12494010,269963589,13775964,277768469,000000004ce31200,257469579,39962900,39962900,262873770,302836670,257469579,000000004ce31200,00004d20,000000005af858b9,000000005af858b9,0
529,529,0,12494010,269963589,13775964,277768469,000000004ce31200,257469579,39962900,39962900,262873770,302836670,257469579,000000004ce31201,00004d18,000000005af858ba,000000005af858b9,0
530,530,0,12494010,269963589,13775964,277768469,000000004ce31201,257469579,39962900,39962900,262873770,302836670,257469579,000000004ce31201,00004d1c,000000005af858bb,000000005af858ba,0
531,531,0,12494010,269963589,13775964,277768470,000000004ce31201,257469580,39962900,39962900,262873771,302836670,257469579,000000004ce31202,00004d20,000000005af858bc,000000005af858bb,0
532,532,0,12494010,269963590,13775964,277768470,000000004ce31202,257469580,39962900,39962900,262873771,302836671,257469580,000000004ce31203,00004d20,000000005af858bd,000000005af858bc,0
533,533,0,12494010,269963590,13775964,277768470,000000004ce31203,257469580,39962900,39962900,262873771,302836671,257469580,000000004ce31203,00004d20,000000005af858bd,000000005af858bd,0
534,534,0,12494010,269963590,13775964,277768470,000000004ce31203,257469580,39962900,39962900,262873771,302836671,257469580,000000004ce31204,00004d18,000000005af858be,000000005af858bd,0
535,535,0,12494010,269963590,13775964,277768470,000000004ce31204,257469580,39962900,39962900,262873771,302836671,257469580,000000004ce31204,00004d1c,000000005af858bf,000000005af858be,0
536,536,0,12494010,269963590,13775964,277768471,000000004ce31204,257469581,39962900,39962900,262873772,302836671,257469580,000000004ce31205,00004d20,000000005af858c0,000000005af858bf,0
537,537,0,12494010,269963591,13775964,277768471,000000004ce31205,257469581,39962900,39962900,262873772,302836672,257469581,000000004ce31206,00004d20,000000005af858c1,000000005af858c0,0
538,538,0,12494010,269963591,13775964,277768471,000000004ce31206,257469581,39962900,39962900,262873772,302836672,257469581,000000004ce31206,00004d20,000000005af858c1,000000005af858c1,0
539,539,0,12494010,269963591,13775964,277768471,000000004ce31206,257469581,39962900,39962900,262873772,302836672,257469581,000000004ce31207,00004d18,000000005af858c2,000000005af858c1,0
540,540,0,12494010,269963591,13775964,277768471,000000004ce31207,257469581,39962900,39962900,262873772,302836672,257469581,000000004ce31207,00004d1c,000000005af858c3,000000005af858c2,0
541,541,0,12494010,269963591,13775964,277768472,000000004ce31207,257469582,39962900,39962900,262873773,302836672,257469581,000000004ce31208,00004d20,000000005af858c4,000000005af858c3,0
542,542,0,12494010,269963592,13775964,277768472,000000004ce31208,257469582,39962900,39962900,262873773,302836673,257469582,000000004ce31209,00004d20,000000005af858c5,000000005af858c4,0
543,543,0,12494010,269963592,13775964,277768472,000000004ce31209,257469582,39962900,39962900,262873773,302836673,257469582,000000004ce31209,00004d20,000000005af858c5,000000005af858c5,0
544,544,0,12494010,269963592,13775964,277768472,000000004ce31209,257469582,39962900,39962900,262873773,302836673,257469582,000000004ce3120a,00004d18,000000005af858c6,000000005af858c5,0
545,545,0,12494010,269963592,13775964,277768472,000000004ce3120a,257469582,39962900,39962900,262873773,302836673,257469582,000000004ce3120a,00004d1c,000000005af858c7,000000005af858c6,0
546,546,0,12494010,269963592,13775964,277768473,000000004ce3120a,257469583,39962900,39962900,262873774,302836673,257469582,000000004ce3120b,00004d20,000000005af858c8,000000005af858c7,0
547,547,0,12494010,269963593,13775964,277768473,000000004ce3120b,257469583,39962900,39962900,262873774,302836674,257469583,000000004ce3120c,00004d20,000000005af858c9,000000005af858c8,0
548,548,0,12494010,269963593,13775964,277768473,000000004ce3120c,257469583,39962900,39962900,262873774,302836674,257469583,000000004ce3120c,00004d20,000000005af858c9,000000005af858c9,0
549,549,0,12494010,269963593,13775964,277768473,000000004ce3120c,257469583,39962900,39962900,262873774,302836674,257469583,000000004ce3120d,00004d18,000000005af858ca,000000005af858c9,0
550,550,0,12494010,269963593,13775964,277768473,000000004ce3120d,257469583,39962900,39962900,262873774,302836674,257469583,000000004ce3120d,00004d1c,000000005af858cb,000000005af858ca,0
551,551,0,12494010,269963593,13775964,277768474,000000004ce3120d,257469584,39962900,39962900,262873775,302836674,257469583,000000004ce3120e,00004d20,000000005af858cc,000000005af858cb,0
552,552,0,12494010,269963594,13775964,277768474,000000004ce3120e,257469584,39962900,39962900,262873775,302836675,257469584,000000004ce3120f,00004d20,000000005af858cd,000000005af858cc,0
553,553,0,12494010,269963594,13775964,277768474,000000004ce3120f,257469584,39962900,39962900,262873775,302836675,257469584,000000004ce3120f,00004d20,000000005af858cd,000000005af858cd,0
554,554,0,12494010,269963594,13775964,277768474,000000004ce3120f,257469584,39962900,39962900,262873775,302836675,257469584,000000004ce31210,00004d18,000000005af858ce,000000005af858cd,0
555,555,0,12494010,269963594,13775964,277768474,000000004ce31210,257469584,39962900,39962900,262873775,302836675,257469584,000000004ce31210,00004d1c,000000005af858cf,000000005af858ce,0
556,556,0,12494010,269963594,13775964,277768475,000000004ce31210,257469585,39962900,39962900,262873776,302836675,257469584,000000004ce31211,00004d20,000000005af858d0,000000005af858cf,0
557,557,0,12494010,269963595,13775964,277768475,000000004ce31211,257469585,39962900,39962900,262873776,302836676,257469585,000000004ce31212,00004d20,000000005af858d1,000000005af858d0,0
558,558,0,12494010,269963595,13775964,277768475,000000004ce31212,257469585,39962900,39962900,262873776,302836676,257469585,000000004ce31212,00004d20,000000005af858d1,000000005af858d1,0
559,559,0,12494010,269963595,13775964,277768475,000000004ce31212,257469585,39962900,39962900,262873776,302836676,257469585,000000004ce31213,00004d18,000000005af858d2,000000005af858d1,0
560,560,0,12494010,269963595,13775964,277768475,000000004ce31213,257469585,39962900,39962900,262873776,302836676,257469585,000000004ce31213,00004d1c,000000005af858d3,000000005af858d2,0
561,561,0,12494010,269963595,13775964,277768476,000000004ce31213,257469586,39962900,39962900,262873777,302836676,257469585,000000004ce31214,00004d20,000000005af858d4,000000005af858d3,0
562,562,0,12494010,269963596,13775964,277768476,000000004ce31214,257469586,39962900,39962900,262873777,302836677,257469586,000000004ce31215,00004d20,000000005af858d5,000000005af858d4,0
563,563,0,12494010,269963596,13775964,277768476,000000004ce31215,257469586,39962900,39962900,262873777,302836677,257469586,000000004ce31215,00004d20,000000005af858d5,000000005af858d5,0
564,564,0,12494010,269963596,13775964,277768476,000000004ce31215,257469586,39962900,39962900,262873777,302836677,257469586,000000004ce31216,00004d18,000000005af858d6,000000005af858d5,0
565,565,0,12494010,269963596,13775964,277768476,000000004ce31216,257469586,39962900,39962900,262873777,302836677,257469586,000000004ce31216,00004d1c,000000005af858d7,000000005af858d6,0
566,566,0,12494010,269963596,13775964,277768477,000000004ce31216,257469587,39962900,39962900,262873778,302836677,257469586,000000004ce31217,00004d20,000000005af858d8,000000005af858d7,0
567,567,0,12494010,269963597,13775964,277768477,000000004ce31217,257469587,39962900,39962900,262873778,302836678,257469587,000000004ce31218,00004d20,000000005af858d9,000000005af858d8,0
568,568,0,12494010,269963597,13775964,277768477,000000004ce31218,257469587,39962900,39962900,262873778,302836678,257469587,000000004ce31218,00004d20,000000005af858d9,000000005af858d9,0
569,569,0,12494010,269963597,13775964,277768477,000000004ce31218,257469587,39962900,39962900,262873778,302836678,257469587,000000004ce31219,00004d18,000000005af858da,000000005af858d9,0
570,570,0,12494010,269963597,13775964,277768477,000000004ce31219,257469587,39962900,39962900,262873778,302836678,257469587,000000004ce31219,00004d1c,000000005af858db,000000005af858da,0
571,571,0,12494010,269963597,13775964,277768478,000000004ce31219,257469588,39962900,39962900,262873779,302836678,257469587,000000004ce3121a,00004d20,000000005af858dc,000000005af858db,0
572,572,0,12494010,269963598,13775964,277768478,000000004ce3121a,257469588,39962900,39962900,262873779,302836679,257469588,000000004ce3121b,00004d20,000000005af858dd,000000005af858dc,0
573,573,0,12494010,269963598,13775964,277768478,000000004ce3121b,257469588,39962900,39962900,262873779,302836679,257469588,000000004ce3121b,00004d20,000000005af858dd,000000005af858dd,0
574,574,0,12494010,269963598,13775964,277768478,000000004ce3121b,257469588,39962900,39962900,262873779,302836679,257469588,000000004ce3121c,00004d18,000000005af858de,000000005af858dd,0
575,575,0,12494010,269963598,13775964,277768478,000000004ce3121c,257469588,39962900,39962900,262873779,302836679,257469588,000000004ce3121c,00004d1c,000000005af858df,000000005af858de,0
576,576,0,12494010,269963598,13775964,277768479,000000004ce3121c,257469589,39962900,39962900,262873780,302836679,257469588,000000004ce3121d,00004d20,000000005af858e0,000000005af858df,0
577,577,0,12494010,269963599,13775964,277768479,000000004ce3121d,257469589,39962900,39962900,262873780,302836680,257469589,000000004ce3121e,00004d20,000000005af858e1,000000005af858e0,0
578,578,0,12494010,269963599,13775964,277768479,000000004ce3121e,257469589,39962900,39962900,262873780,302836680,257469589,000000004ce3121e,00004d20,000000005af858e1,000000005af858e1,0
579,579,0,12494010,269963599,13775964,277768479,000000004ce3121e,257469589,39962900,39962900,262873780,302836680,257469589,000000004ce3121f,00004d18,000000005af858e2,000000005af858e1,0
580,580,0,12494010,269963599,13775964,277768479,000000004ce3121f,257469589,39962900,39962900,262873780,302836680,257469589,000000004ce3121f,00004d1c,000000005af858e3,000000005af858e2,0
581,581,0,12494010,269963599,13775964,277768480,000000004ce3121f,257469590,39962900,39962900,262873781,302836680,257469589,000000004ce31220,00004d20,000000005af858e4,000000005af858e3,0
582,582,0,12494010,269963600,13775964,277768480,000000004ce31220,257469590,39962900,39962900,262873781,302836681,257469590,000000004ce31221,00004d20,000000005af858e5,000000005af858e4,0
583,583,0,12494010,269963600,13775964,277768480,000000004ce31221,257469590,39962900,39962900,262873781,302836681,257469590,000000004ce31221,00004d20,000000005af858e5,000000005af858e5,0
584,584,0,12494010,269963600,13775964,277768480,000000004ce31221,257469590,39962900,39962900,262873781,302836681,257469590,000000004ce31222,00004d18,000000005af858e6,000000005af858e5,0
585,585,0,12494010,269963600,13775964,277768480,000000004ce31222,257469590,39962900,39962900,262873781,302836681,257469590,000000004ce31222,00004d1c,000000005af858e7,000000005af858e6,0
586,586,0,12494010,269963600,13775964,277768481,000000004ce31222,257469591,39962900,39962900,262873782,302836681,257469590,000000004ce31223,00004d20,000000005af858e8,000000005af858e7,0
587,587,0,12494010,269963601,13775964,277768481,000000004ce31223,257469591,39962900,39962900,262873782,302836682,257469591,000000004ce31224,00004d20,000000005af858e9,000000005af858e8,0
588,588,0,12494010,269963601,13775964,277768481,000000004ce31224,257469591,39962900,39962900,262873782,302836682,257469591,000000004ce31224,00004d20,000000005af858e9,000000005af858e9,0
589,589,0,12494010,269963601,13775964,277768481,000000004ce31224,257469591,39962900,39962900,262873782,302836682,257469591,000000004ce31225,00004d18,000000005af858ea,000000005af858e9,0
590,590,0,12494010,269963601,13775964,277768481,000000004ce31225,257469591,39962900,39962900,262873782,302836682,257469591,000000004ce31225,00004d1c,000000005af858eb,000000005af858ea,0
591,591,0,12494010,269963601,13775964,277768482,000000004ce31225,257469592,39962900,39962900,262873783,302836682,257469591,000000004ce31226,00004d20,000000005af858ec,000000005af858eb,0
592,592,0,12494010,269963602,13775964,277768482,000000004ce31226,257469592,39962900,39962900,262873783,302836683,257469592,000000004ce31227,00004d20,000000005af858ed,000000005af858ec,0
593,593,0,12494010,269963602,13775964,277768482,000000004ce31227,257469592,39962900,39962900,262873783,302836683,257469592,000000004ce31227,00004d20,000000005af858ed,000000005af858ed,0
594,594,0,12494010,269963602,13775964,277768482,000000004ce31227,257469592,39962900,39962900,262873783,302836683,257469592,000000004ce31228,00004d18,000000005af858ee,000000005af858ed,0
595,595,0,12494010,269963602,13775964,277768482,000000004ce31228,257469592,39962900,39962900,262873783,302836683,257469592,000000004ce31228,00004d1c,000000005af858ef,000000005af858ee,0
596,596,0,12494010,269963602,13775964,277768483,000000004ce31228,257469593,39962900,39962900,262873784,302836683,257469592,000000004ce31229,00004d20,000000005af858f0,000000005af858ef,0
597,597,0,12494010,269963603,13775964,277768483,000000004ce31229,257469593,39962900,39962900,262873784,302836684,257469593,000000004ce3122a,00004d20,000000005af858f1,000000005af858f0,0
598,598,0,12494010,269963603,13775964,277768483,000000004ce3122a,257469593,39962900,39962900,262873784,302836684,257469593,000000004ce3122a,00004d20,000000005af858f1,000000005af858f1,0
599,599,0,12494010,269963603,13775964,277768483,000000004ce3122a,257469593,39962900,39962900,262873784,302836684,257469593,000000004ce3122b,00004d18,000000005af858f2,000000005af858f1,0
600,600,0,12494010,269963603,13775964,277768483,000000004ce3122b,257469593,39962900,39962900,262873784,302836684,257469593,000000004ce3122b,00004d1c,000000005af858f3,000000005af858f2,0
601,601,0,12494010,269963603,13775964,277768484,000000004ce3122b,257469594,39962900,39962900,262873785,302836684,257469593,000000004ce3122c,00004d20,000000005af858f4,000000005af858f3,0
602,602,0,12494010,269963604,13775964,277768484,000000004ce3122c,257469594,39962900,39962900,262873785,302836685,257469594,000000004ce3122d,00004d20,000000005af858f5,000000005af858f4,0
603,603,0,12494010,269963604,13775964,277768484,000000004ce3122d,257469594,39962900,39962900,262873785,302836685,257469594,000000004ce3122d,00004d20,000000005af858f5,000000005af858f5,0
604,604,0,12494010,269963604,13775964,277768484,000000004ce3122d,257469594,39962900,39962900,262873785,302836685,257469594,000000004ce3122e,00004d18,000000005af858f6,000000005af858f5,0
605,605,0,12494010,269963604,13775964,277768484,000000004ce3122e,257469594,39962900,39962900,262873785,302836685,257469594,000000004ce3122e,00004d1c,000000005af858f7,000000005af858f6,0
606,606,0,12494010,269963604,13775964,277768485,000000004ce3122e,257469595,39962900,39962900,262873786,302836685,257469594,000000004ce3122f,00004d20,000000005af858f8,000000005af858f7,0
607,607,0,12494010,269963605,13775964,277768485,000000004ce3122f,257469595,39962900,39962900,262873786,302836686,257469595,000000004ce31230,00004d20,000000005af858f9,000000005af858f8,0
608,608,0,12494010,269963605,13775964,277768485,000000004ce31230,257469595,39962900,39962900,262873786,302836686,257469595,000000004ce31230,00004d20,000000005af858f9,000000005af858f9,0
609,609,0,12494010,269963605,13775964,277768485,000000004ce31230,257469595,39962900,39962900,262873786,302836686,257469595,000000004ce31231,00004d18,000000005af858fa,000000005af858f9,0
610,610,0,12494010,269963605,13775964,277768485,000000004ce31231,257469595,39962900,39962900,262873786,302836686,257469595,000000004ce31231,00004d1c,000000005af858fb,000000005af858fa,0
611,611,0,12494010,269963605,13775964,277768486,000000004ce31231,257469596,39962900,39962900,262873787,302836686,257469595,000000004ce31232,00004d20,000000005af858fc,000000005af858fb,0
612,612,0,12494010,269963606,13775964,277768486,000000004ce31232,257469596,39962900,39962900,262873787,302836687,257469596,000000004ce31233,00004d20,000000005af858fd,000000005af858fc,0
613,613,0,12494010,269963606,13775964,277768486,000000004ce31233,257469596,39962900,39962900,262873787,302836687,257469596,000000004ce31233,00004d20,000000005af858fd,000000005af858fd,0
614,614,0,12494010,269963606,13775964,277768486,000000004ce31233,257469596,39962900,39962900,262873787,302836687,257469596,000000004ce31234,00004d18,000000005af858fe,000000005af858fd,0
615,615,0,12494010,269963606,13775964,277768486,000000004ce31234,257469596,39962900,39962900,262873787,302836687,257469596,000000004ce31234,00004d1c,000000005af858ff,000000005af858fe,0
616,616,0,12494010,269963606,13775964,277768487,000000004ce31234,257469597,39962900,39962900,262873788,302836687,257469596,000000004ce31235,00004d20,000000005af85900,000000005af858ff,0
617,617,0,12494010,269963607,13775964,277768487,000000004ce31235,257469597,39962900,39962900,262873788,302836688,257469597,000000004ce31236,00004d20,000000005af85901,000000005af85900,0
618,618,0,12494010,269963607,13775964,277768487,000000004ce31236,257469597,39962900,39962900,262873788,302836688,257469597,000000004ce31236,00004d20,000000005af85901,000000005af85901,0
619,619,0,12494010,269963607,13775964,277768487,000000004ce31236,257469597,39962900,39962900,262873788,302836688,257469597,000000004ce31237,00004d18,000000005af85902,000000005af85901,0
620,620,0,12494010,269963607,13775964,277768487,000000004ce31237,257469597,39962900,39962900,262873788,302836688,257469597,000000004ce31237,00004d1c,000000005af85903,000000005af85902,0
621,621,0,12494010,269963607,13775964,277768488,000000004ce31237,257469598,39962900,39962900,262873789,302836688,257469597,000000004ce31238,00004d20,000000005af85904,000000005af85903,0
622,622,0,12494010,269963608,13775964,277768488,000000004ce31238,257469598,39962900,39962900,262873789,302836689,257469598,000000004ce31239,00004d20,000000005af85905,000000005af85904,0
623,623,0,12494010,269963608,13775964,277768488,000000004ce31239,257469598,39962900,39962900,262873789,302836689,257469598,000000004ce31239,00004d20,000000005af85905,000000005af85905,0
624,624,0,12494010,269963608,13775964,277768488,000000004ce31239,257469598,39962900,39962900,262873789,302836689,257469598,000000004ce3123a,00004d18,000000005af85906,000000005af85905,0
625,625,0,12494010,269963608,13775964,277768488,000000004ce3123a,257469598,39962900,39962900,262873789,302836689,257469598,000000004ce3123a,00004d1c,000000005af85907,000000005af85906,0
626,626,0,12494010,269963608,13775964,277768489,000000004ce3123a,257469599,39962900,39962900,262873790,302836689,257469598,000000004ce3123b,00004d20,000000005af85908,000000005af85907,0
627,627,0,12494010,269963609,13775964,277768489,000000004ce3123b,257469599,39962900,39962900,262873790,302836690,257469599,000000004ce3123c,00004d20,000000005af85909,000000005af85908,0
628,628,0,12494010,269963609,13775964,277768489,000000004ce3123c,257469599,39962900,39962900,262873790,302836690,257469599,000000004ce3123c,00004d20,000000005af85909,000000005af85909,0
629,629,0,12494010,269963609,13775964,277768489,000000004ce3123c,257469599,39962900,39962900,262873790,302836690,257469599,000000004ce3123d,00004d18,000000005af8590a,000000005af85909,0
630,630,0,12494010,269963609,13775964,277768489,000000004ce3123d,257469599,39962900,39962900,262873790,302836690,257469599,000000004ce3123d,00004d1c,000000005af8590b,000000005af8590a,0
631,631,0,12494010,269963609,13775964,277768490,000000004ce3123d,257469600,39962900,39962900,262873791,302836690,257469599,000000004ce3123e,00004d20,000000005af8590c,000000005af8590b,0
632,632,0,12494010,269963610,13775964,277768490,000000004ce3123e,257469600,39962900,39962900,262873791,302836691,257469600,000000004ce3123f,00004d20,000000005af8590d,000000005af8590c,0
633,633,0,12494010,269963610,13775964,277768490,000000004ce3123f,257469600,39962900,39962900,262873791,302836691,257469600,000000004ce3123f,00004d20,000000005af8590d,000000005af8590d,0
634,634,0,12494010,269963610,13775964,277768490,000000004ce3123f,257469600,39962900,39962900,262873791,302836691,257469600,000000004ce31240,00004d18,000000005af8590e,000000005af8590d,0
635,635,0,12494010,269963610,13775964,277768490,000000004ce31240,257469600,39962900,39962900,262873791,302836691,257469600,000000004ce31240,00004d1c,000000005af8590f,000000005af8590e,0
636,636,0,12494010,269963610,13775964,277768491,000000004ce31240,257469601,39962900,39962900,262873792,302836691,257469600,000000004ce31241,00004d20,000000005af85910,000000005af8590f,0
637,637,0,12494010,269963611,13775964,277768491,000000004ce31241,257469601,39962900,39962900,262873792,302836692,257469601,000000004ce31242,00004d20,000000005af85911,000000005af85910,0
638,638,0,12494010,269963611,13775964,277768491,000000004ce31242,257469601,39962900,39962900,262873792,302836692,257469601,000000004ce31242,00004d20,000000005af85911,000000005af85911,0
639,639,0,12494010,269963611,13775964,277768491,000000004ce31242,257469601,39962900,39962900,262873792,302836692,257469601,000000004ce31243,00004d18,000000005af85912,000000005af85911,0
640,640,0,12494010,269963611,13775964,277768491,000000004ce31243,257469601,39962900,39962900,262873792,302836692,257469601,000000004ce31243,00004d1c,000000005af85913,000000005af85912,0
641,641,0,12494010,269963611,13775964,277768492,000000004ce31243,257469602,39962900,39962900,262873793,302836692,257469601,000000004ce31244,00004d20,000000005af85914,000000005af85913,0
642,642,0,12494010,269963612,13775964,277768492,000000004ce31244,257469602,39962900,39962900,262873793,302836693,257469602,000000004ce31245,00004d20,000000005af85915,000000005af85914,0
643,643,0,12494010,269963612,13775964,277768492,000000004ce31245,257469602,39962900,39962900,262873793,302836693,257469602,000000004ce31245,00004d20,000000005af85915,000000005af85915,0
644,644,0,12494010,269963612,13775964,277768492,000000004ce31245,257469602,39962900,39962900,262873793,302836693,257469602,000000004ce31246,00004d18,000000005af85916,000000005af85915,0
645,645,0,12494010,269963612,13775964,277768492,000000004ce31246,257469602,39962900,39962900,262873793,302836693,257469602,000000004ce31246,00004d1c,000000005af85917,000000005af85916,0
646,646,0,12494010,269963612,13775964,277768493,000000004ce31246,257469603,39962900,39962900,262873794,302836693,257469602,000000004ce31247,00004d20,000000005af85918,000000005af85917,0
647,647,0,12494010,269963613,13775964,277768493,000000004ce31247,257469603,39962900,39962900,262873794,302836694,257469603,000000004ce31248,00004d20,000000005af85919,000000005af85918,0
648,648,0,12494010,269963613,13775964,277768493,000000004ce31248,257469603,39962900,39962900,262873794,302836694,257469603,000000004ce31248,00004d20,000000005af85919,000000005af85919,0
649,649,0,12494010,269963613,13775964,277768493,000000004ce31248,257469603,39962900,39962900,262873794,302836694,257469603,000000004ce31249,00004d18,000000005af8591a,000000005af85919,0
650,650,0,12494010,269963613,13775964,277768493,000000004ce31249,257469603,39962900,39962900,262873794,302836694,257469603,000000004ce31249,00004d1c,000000005af8591b,000000005af8591a,0
651,651,0,12494010,269963613,13775964,277768494,000000004ce31249,257469604,39962900,39962900,262873795,302836694,257469603,000000004ce3124a,00004d20,000000005af8591c,000000005af8591b,0
652,652,0,12494010,269963614,13775964,277768494,000000004ce3124a,257469604,39962900,39962900,262873795,302836695,257469604,000000004ce3124b,00004d20,000000005af8591d,000000005af8591c,0
653,653,0,12494010,269963614,13775964,277768494,000000004ce3124b,257469604,39962900,39962900,262873795,302836695,257469604,000000004ce3124b,00004d20,000000005af8591d,000000005af8591d,0
654,654,0,12494010,269963614,13775964,277768494,000000004ce3124b,257469604,39962900,39962900,262873795,302836695,257469604,000000004ce3124c,00004d18,000000005af8591e,000000005af8591d,0
655,655,0,12494010,269963614,13775964,277768494,000000004ce3124c,257469604,39962900,39962900,262873795,302836695,257469604,000000004ce3124c,00004d1c,000000005af8591f,000000005af8591e,0
656,656,0,12494010,269963614,13775964,277768495,000000004ce3124c,257469605,39962900,39962900,262873796,302836695,257469604,000000004ce3124d,00004d20,000000005af85920,000000005af8591f,0
657,657,0,12494010,269963615,13775964,277768495,000000004ce3124d,257469605,39962900,39962900,262873796,302836696,257469605,000000004ce3124e,00004d20,000000005af85921,000000005af85920,0
658,658,0,12494010,269963615,13775964,277768495,000000004ce3124e,257469605,39962900,39962900,262873796,302836696,257469605,000000004ce3124e,00004d20,000000005af85921,000000005af85921,0
659,659,0,12494010,269963615,13775964,277768495,000000004ce3124e,257469605,39962900,39962900,262873796,302836696,257469605,000000004ce3124f,00004d18,000000005af85922,000000005af85921,0
660,660,0,12494010,269963615,13775964,277768495,000000004ce3124f,257469605,39962900,39962900,262873796,302836696,257469605,000000004ce3124f,00004d1c,000000005af85923,000000005af85922,0
661,661,0,12494010,269963615,13775964,277768496,000000004ce3124f,257469606,39962900,39962900,262873797,302836696,257469605,000000004ce31250,00004d20,000000005af85924,000000005af85923,0
662,662,0,12494010,269963616,13775964,277768496,000000004ce31250,257469606,39962900,39962900,262873797,302836697,257469606,000000004ce31251,00004d20,000000005af85925,000000005af85924,0
663,663,0,12494010,269963616,13775964,277768496,000000004ce31251,257469606,39962900,39962900,262873797,302836697,257469606,000000004ce31251,00004d20,000000005af85925,000000005af85925,0
664,664,0,12494010,269963616,13775964,277768496,000000004ce31251,257469606,39962900,39962900,262873797,302836697,257469606,000000004ce31252,00004d18,000000005af85926,000000005af85925,0
665,665,0,12494010,269963616,13775964,277768496,000000004ce31252,257469606,39962900,39962900,262873797,302836697,257469606,000000004ce31252,00004d1c,000000005af85927,000000005af85926,0
666,666,0,12494010,269963616,13775964,277768497,000000004ce31252,257469607,39962900,39962900,262873798,302836697,257469606,000000004ce31253,00004d20,000000005af85928,000000005af85927,0
667,667,0,12494010,269963617,13775964,277768497,000000004ce31253,257469607,39962900,39962900,262873798,302836698,257469607,000000004ce31254,00004d20,000000005af85929,000000005af85928,0
668,668,0,12494010,269963617,13775964,277768497,000000004ce31254,257469607,39962900,39962900,262873798,302836698,257469607,000000004ce31254,00004d20,000000005af85929,000000005af85929,0
669,669,0,12494010,269963617,13775964,277768497,000000004ce31254,257469607,39962900,39962900,262873798,302836698,257469607,000000004ce31255,00004d18,000000005af8592a,000000005af85929,0
670,670,0,12494010,269963617,13775964,277768497,000000004ce31255,257469607,39962900,39962900,262873798,302836698,257469607,000000004ce31255,00004d1c,000000005af8592b,000000005af8592a,0
671,671,0,12494010,269963617,13775964,277768498,000000004ce31255,257469608,39962900,39962900,262873799,302836698,257469607,000000004ce31256,00004d20,000000005af8592c,000000005af8592b,0
672,672,0,12494010,269963618,13775964,277768498,000000004ce31256,257469608,39962900,39962900,262873799,302836699,257469608,000000004ce31257,00004d20,000000005af8592d,000000005af8592c,0
673,673,0,12494010,269963618,13775964,277768498,000000004ce31257,257469608,39962900,39962900,262873799,302836699,257469608,000000004ce31257,00004d20,000000005af8592d,000000005af8592d,0
674,674,0,12494010,269963618,13775964,277768498,000000004ce31257,257469608,39962900,39962900,262873799,302836699,257469608,000000004ce31258,00004d18,000000005af8592e,000000005af8592d,0
675,675,0,12494010,269963618,13775964,277768498,000000004ce31258,257469608,39962900,39962900,262873799,302836699,257469608,000000004ce31258,00004d1c,000000005af8592f,000000005af8592e,0
676,676,0,12494010,269963618,13775964,277768499,000000004ce31258,257469609,39962900,39962900,262873800,302836699,257469608,000000004ce31259,00004d20,000000005af85930,000000005af8592f,0
677,677,0,12494010,269963619,13775964,277768499,000000004ce31259,257469609,39962900,39962900,262873800,302836700,257469609,000000004ce3125a,00004d20,000000005af85931,000000005af85930,0
678,678,0,12494010,269963619,13775964,277768499,000000004ce3125a,257469609,39962900,39962900,262873800,302836700,257469609,000000004ce3125a,00004d20,000000005af85931,000000005af85931,0
679,679,0,12494010,269963619,13775964,277768499,000000004ce3125a,257469609,39962900,39962900,262873800,302836700,257469609,000000004ce3125b,00004d18,000000005af85932,000000005af85931,0
680,680,0,12494010,269963619,13775964,277768499,000000004ce3125b,257469609,39962900,39962900,262873800,302836700,257469609,000000004ce3125b,00004d1c,000000005af85933,000000005af85932,0
681,681,0,12494010,269963619,13775964,277768500,000000004ce3125b,257469610,39962900,39962900,262873801,302836700,257469609,000000004ce3125c,00004d20,000000005af85934,000000005af85933,0
682,682,0,12494010,269963620,13775964,277768500,000000004ce3125c,257469610,39962900,39962900,262873801,302836701,257469610,000000004ce3125d,00004d20,000000005af85935,000000005af85934,0
683,683,0,12494010,269963620,13775964,277768500,000000004ce3125d,257469610,39962900,39962900,262873801,302836701,257469610,000000004ce3125d,00004d20,000000005af85935,000000005af85935,0
684,684,0,12494010,269963620,13775964,277768500,000000004ce3125d,257469610,39962900,39962900,262873801,302836701,257469610,000000004ce3125e,00004d18,000000005af85936,000000005af85935,0
685,685,0,12494010,269963620,13775964,277768500,000000004ce3125e,257469610,39962900,39962900,262873801,302836701,257469610,000000004ce3125e,00004d1c,000000005af85937,000000005af85936,0
686,686,0,12494010,269963620,13775964,277768501,000000004ce3125e,257469611,39962900,39962900,262873802,302836701,257469610,000000004ce3125f,00004d20,000000005af85938,000000005af85937,0
687,687,0,12494010,269963621,13775964,277768501,000000004ce3125f,257469611,39962900,39962900,262873802,302836702,257469611,000000004ce31260,00004d20,000000005af85939,000000005af85938,0
688,688,0,12494010,269963621,13775964,277768501,000000004ce31260,257469611,39962900,39962900,262873802,302836702,257469611,000000004ce31260,00004d20,000000005af85939,000000005af85939,0
689,689,0,12494010,269963621,13775964,277768501,000000004ce31260,257469611,39962900,39962900,262873802,302836702,257469611,000000004ce31261,00004d18,000000005af8593a,000000005af85939,0
690,690,0,12494010,269963621,13775964,277768501,000000004ce31261,257469611,39962900,39962900,262873802,302836702,257469611,000000004ce31261,00004d1c,000000005af8593b,000000005af8593a,0
691,691,0,12494010,269963621,13775964,277768502,000000004ce31261,257469612,39962900,39962900,262873803,302836702,257469611,000000004ce31262,00004d20,000000005af8593c,000000005af8593b,0
692,692,0,12494010,269963622,13775964,277768502,000000004ce31262,257469612,39962900,39962900,262873803,302836703,257469612,000000004ce31263,00004d20,000000005af8593d,000000005af8593c,0
693,693,0,12494010,269963622,13775964,277768502,000000004ce31263,257469612,39962900,39962900,262873803,302836703,257469612,000000004ce31263,00004d20,000000005af8593d,000000005af8593d,0
694,694,0,12494010,269963622,13775964,277768502,000000004ce31263,257469612,39962900,39962900,262873803,302836703,257469612,000000004ce31264,00004d18,000000005af8593e,000000005af8593d,0
695,695,0,12494010,269963622,13775964,277768502,000000004ce31264,257469612,39962900,39962900,262873803,302836703,257469612,000000004ce31264,00004d1c,000000005af8593f,000000005af8593e,0
696,696,0,12494010,269963622,13775964,277768503,000000004ce31264,257469613,39962900,39962900,262873804,302836703,257469612,000000004ce31265,00004d20,000000005af85940,000000005af8593f,0
697,697,0,12494010,269963623,13775964,277768503,000000004ce31265,257469613,39962900,39962900,262873804,302836704,257469613,000000004ce31266,00004d20,000000005af85941,000000005af85940,0
698,698,0,12494010,269963623,13775964,277768503,000000004ce31266,257469613,39962900,39962900,262873804,302836704,257469613,000000004ce31266,00004d20,000000005af85941,000000005af85941,0
699,699,0,12494010,269963623,13775964,277768503,000000004ce31266,257469613,39962900,39962900,262873804,302836704,257469613,000000004ce31267,00004d18,000000005af85942,000000005af85941,0
700,700,0,12494010,269963623,13775964,277768503,000000004ce31267,257469613,39962900,39962900,262873804,302836704,257469613,000000004ce31267,00004d1c,000000005af85943,000000005af85942,0
701,701,0,12494010,269963623,13775964,277768504,000000004ce31267,257469614,39962900,39962900,262873805,302836704,257469613,000000004ce31268,00004d20,000000005af85944,000000005af85943,0
702,702,0,12494010,269963624,13775964,277768504,000000004ce31268,257469614,39962900,39962900,262873805,302836705,257469614,000000004ce31269,00004d20,000000005af85945,000000005af85944,0
703,703,0,12494010,269963624,13775964,277768504,000000004ce31269,257469614,39962900,39962900,262873805,302836705,257469614,000000004ce31269,00004d20,000000005af85945,000000005af85945,0
704,704,0,12494010,269963624,13775964,277768504,000000004ce31269,257469614,39962900,39962900,262873805,302836705,257469614,000000004ce3126a,00004d18,000000005af85946,000000005af85945,0
705,705,0,12494010,269963624,13775964,277768504,000000004ce3126a,257469614,39962900,39962900,262873805,302836705,257469614,000000004ce3126a,00004d1c,000000005af85947,000000005af85946,0
706,706,0,12494010,269963624,13775964,277768505,000000004ce3126a,257469615,39962900,39962900,262873806,302836705,257469614,000000004ce3126b,00004d20,000000005af85948,000000005af85947,0
707,707,0,12494010,269963625,13775964,277768505,000000004ce3126b,257469615,39962900,39962900,262873806,302836706,257469615,000000004ce3126c,00004d20,000000005af85949,000000005af85948,0
708,708,0,12494010,269963625,13775964,277768505,000000004ce3126c,257469615,39962900,39962900,262873806,302836706,257469615,000000004ce3126c,00004d20,000000005af85949,000000005af85949,0
709,709,0,12494010,269963625,13775964,277768505,000000004ce3126c,257469615,39962900,39962900,262873806,302836706,257469615,000000004ce3126d,00004d18,000000005af8594a,000000005af85949,0
710,710,0,12494010,269963625,13775964,277768505,000000004ce3126d,257469615,39962900,39962900,262873806,302836706,257469615,000000004ce3126d,00004d1c,000000005af8594b,000000005af8594a,0
711,711,0,12494010,269963625,13775964,277768506,000000004ce3126d,257469616,39962900,39962900,262873807,302836706,257469615,000000004ce3126e,00004d20,000000005af8594c,000000005af8594b,0
712,712,0,12494010,269963626,13775964,277768506,000000004ce3126e,257469616,39962900,39962900,262873807,302836707,257469616,000000004ce3126f,00004d20,000000005af8594d,000000005af8594c,0
713,713,0,12494010,269963626,13775964,277768506,000000004ce3126f,257469616,39962900,39962900,262873807,302836707,257469616,000000004ce3126f,00004d20,000000005af8594d,000000005af8594d,0
714,714,0,12494010,269963626,13775964,277768506,000000004ce3126f,257469616,39962900,39962900,262873807,302836707,257469616,000000004ce31270,00004d18,000000005af8594e,000000005af8594d,0
715,715,0,12494010,269963626,13775964,277768506,000000004ce31270,257469616,39962900,39962900,262873807,302836707,257469616,000000004ce31270,00004d1c,000000005af8594f,000000005af8594e,0
716,716,0,12494010,269963626,13775964,277768507,000000004ce31270,257469617,39962900,39962900,262873808,302836707,257469616,000000004ce31271,00004d20,000000005af85950,000000005af8594f,0
717,717,0,12494010,269963627,13775964,277768507,000000004ce31271,257469617,39962900,39962900,262873808,302836708,257469617,000000004ce31272,00004d20,000000005af85951,000000005af85950,0
718,718,0,12494010,269963627,13775964,277768507,000000004ce31272,257469617,39962900,39962900,262873808,302836708,257469617,000000004ce31272,00004d20,000000005af85951,000000005af85951,0
719,719,0,12494010,269963627,13775964,277768507,000000004ce31272,257469617,39962900,39962900,262873808,302836708,257469617,000000004ce31273,00004d18,000000005af85952,000000005af85951,0
720,720,0,12494010,269963627,13775964,277768507,000000004ce31273,257469617,39962900,39962900,262873808,302836708,257469617,000000004ce31273,00004d1c,000000005af85953,000000005af85952,0
721,721,0,12494010,269963627,13775964,277768508,000000004ce31273,257469618,39962900,39962900,262873809,302836708,257469617,000000004ce31274,00004d20,000000005af85954,000000005af85953,0
722,722,0,12494010,269963628,13775964,277768508,000000004ce31274,257469618,39962900,39962900,262873809,302836709,257469618,000000004ce31275,00004d20,000000005af85955,000000005af85954,0
723,723,0,12494010,269963628,13775964,277768508,000000004ce31275,257469618,39962900,39962900,262873809,302836709,257469618,000000004ce31275,00004d20,000000005af85955,000000005af85955,0
724,724,0,12494010,269963628,13775964,277768508,000000004ce31275,257469618,39962900,39962900,262873809,302836709,257469618,000000004ce31276,00004d18,000000005af85956,000000005af85955,0
725,725,0,12494010,269963628,13775964,277768508,000000004ce31276,257469618,39962900,39962900,262873809,302836709,257469618,000000004ce31276,00004d1c,000000005af85957,000000005af85956,0
726,726,0,12494010,269963628,13775964,277768509,000000004ce31276,257469619,39962900,39962900,262873810,302836709,257469618,000000004ce31277,00004d20,000000005af85958,000000005af85957,0
727,727,0,12494010,269963629,13775964,277768509,000000004ce31277,257469619,39962900,39962900,262873810,302836710,257469619,000000004ce31278,00004d20,000000005af85959,000000005af85958,0
728,728,0,12494010,269963629,13775964,277768509,000000004ce31278,257469619,39962900,39962900,262873810,302836710,257469619,000000004ce31278,00004d20,000000005af85959,000000005af85959,0
729,729,0,12494010,269963629,13775964,277768509,000000004ce31278,257469619,39962900,39962900,262873810,302836710,257469619,000000004ce31279,00004d18,000000005af8595a,000000005af85959,0
730,730,0,12494010,269963629,13775964,277768509,000000004ce31279,257469619,39962900,39962900,262873810,302836710,257469619,000000004ce31279,00004d1c,000000005af8595b,000000005af8595a,0
731,731,0,12494010,269963629,13775964,277768510,000000004ce31279,257469620,39962900,39962900,262873811,302836710,257469619,000000004ce3127a,00004d20,000000005af8595c,000000005af8595b,0
732,732,0,12494010,269963630,13775964,277768510,000000004ce3127a,257469620,39962900,39962900,262873811,302836711,257469620,000000004ce3127b,00004d20,000000005af8595d,000000005af8595c,0
733,733,0,12494010,269963630,13775964,277768510,000000004ce3127b,257469620,39962900,39962900,262873811,302836711,257469620,000000004ce3127b,00004d20,000000005af8595d,000000005af8595d,0
734,734,0,12494010,269963630,13775964,277768510,000000004ce3127b,257469620,39962900,39962900,262873811,302836711,257469620,000000004ce3127c,00004d18,000000005af8595e,000000005af8595d,0
735,735,0,12494010,269963630,13775964,277768510,000000004ce3127c,257469620,39962900,39962900,262873811,302836711,257469620,000000004ce3127c,00004d1c,000000005af8595f,000000005af8595e,0
736,736,0,12494010,269963630,13775964,277768511,000000004ce3127c,257469621,39962900,39962900,262873812,302836711,257469620,000000004ce3127d,00004d20,000000005af85960,000000005af8595f,0
737,737,0,12494010,269963631,13775964,277768511,000000004ce3127d,257469621,39962900,39962900,262873812,302836712,257469621,000000004ce3127e,00004d20,000000005af85961,000000005af85960,0
738,738,0,12494010,269963631,13775964,277768511,000000004ce3127e,257469621,39962900,39962900,262873812,302836712,257469621,000000004ce3127e,00004d20,000000005af85961,000000005af85961,0
739,739,0,12494010,269963631,13775964,277768511,000000004ce3127e,257469621,39962900,39962900,262873812,302836712,257469621,000000004ce3127f,00004d18,000000005af85962,000000005af85961,0
740,740,0,12494010,269963631,13775964,277768511,000000004ce3127f,257469621,39962900,39962900,262873812,302836712,257469621,000000004ce3127f,00004d1c,000000005af85963,000000005af85962,0
741,741,0,12494010,269963631,13775964,277768512,000000004ce3127f,257469622,39962900,39962900,262873813,302836712,257469621,000000004ce31280,00004d20,000000005af85964,000000005af85963,0
742,742,0,12494010,269963632,13775964,277768512,000000004ce31280,257469622,39962900,39962900,262873813,302836713,257469622,000000004ce31281,00004d20,000000005af85965,000000005af85964,0
743,743,0,12494010,269963632,13775964,277768512,000000004ce31281,257469622,39962900,39962900,262873813,302836713,257469622,000000004ce31281,00004d20,000000005af85965,000000005af85965,0
744,744,0,12494010,269963632,13775964,277768512,000000004ce31281,257469622,39962900,39962900,262873813,302836713,257469622,000000004ce31282,00004d18,000000005af85966,000000005af85965,0
745,745,0,12494010,269963632,13775964,277768512,000000004ce31282,257469622,39962900,39962900,262873813,302836713,257469622,000000004ce31282,00004d1c,000000005af85967,000000005af85966,0
746,746,0,12494010,269963632,13775964,277768513,000000004ce31282,257469623,39962900,39962900,262873814,302836713,257469622,000000004ce31283,00004d20,000000005af85968,000000005af85967,0
747,747,0,12494010,269963633,13775964,277768513,000000004ce31283,257469623,39962900,39962900,262873814,302836714,257469623,000000004ce31284,00004d20,000000005af85969,000000005af85968,0
748,748,0,12494010,269963633,13775964,277768513,000000004ce31284,257469623,39962900,39962900,262873814,302836714,257469623,000000004ce31284,00004d20,000000005af85969,000000005af85969,0
749,749,0,12494010,269963633,13775964,277768513,000000004ce31284,257469623,39962900,39962900,262873814,302836714,257469623,000000004ce31285,00004d18,000000005af8596a,000000005af85969,0
750,750,0,12494010,269963633,13775964,277768513,000000004ce31285,257469623,39962900,39962900,262873814,302836714,257469623,000000004ce31285,00004d1c,000000005af8596b,000000005af8596a,0
751,751,0,12494010,269963633,13775964,277768514,000000004ce31285,257469624,39962900,39962900,262873815,302836714,257469623,000000004ce31286,00004d20,000000005af8596c,000000005af8596b,0
752,752,0,12494010,269963634,13775964,277768514,000000004ce31286,257469624,39962900,39962900,262873815,302836715,257469624,000000004ce31287,00004d20,000000005af8596d,000000005af8596c,0
753,753,0,12494010,269963634,13775964,277768514,000000004ce31287,257469624,39962900,39962900,262873815,302836715,257469624,000000004ce31287,00004d20,000000005af8596d,000000005af8596d,0
754,754,0,12494010,269963634,13775964,277768514,000000004ce31287,257469624,39962900,39962900,262873815,302836715,257469624,000000004ce31288,00004d18,000000005af8596e,000000005af8596d,0
755,755,0,12494010,269963634,13775964,277768514,000000004ce31288,257469624,39962900,39962900,262873815,302836715,257469624,000000004ce31288,00004d1c,000000005af8596f,000000005af8596e,0
756,756,0,12494010,269963634,13775964,277768515,000000004ce31288,257469625,39962900,39962900,262873816,302836715,257469624,000000004ce31289,00004d20,000000005af85970,000000005af8596f,0
757,757,0,12494010,269963635,13775964,277768515,000000004ce31289,257469625,39962900,39962900,262873816,302836716,257469625,000000004ce3128a,00004d20,000000005af85971,000000005af85970,0
758,758,0,12494010,269963635,13775964,277768515,000000004ce3128a,257469625,39962900,39962900,262873816,302836716,257469625,000000004ce3128a,00004d20,000000005af85971,000000005af85971,0
759,759,0,12494010,269963635,13775964,277768515,000000004ce3128a,257469625,39962900,39962900,262873816,302836716,257469625,000000004ce3128b,00004d18,000000005af85972,000000005af85971,0
760,760,0,12494010,269963635,13775964,277768515,000000004ce3128b,257469625,39962900,39962900,262873816,302836716,257469625,000000004ce3128b,00004d1c,000000005af85973,000000005af85972,0
761,761,0,12494010,269963635,13775964,277768516,000000004ce3128b,257469626,39962900,39962900,262873817,302836716,257469625,000000004ce3128c,00004d20,000000005af85974,000000005af85973,0
762,762,0,12494010,269963636,13775964,277768516,000000004ce3128c,257469626,39962900,39962900,262873817,302836717,257469626,000000004ce3128d,00004d20,000000005af85975,000000005af85974,0
763,763,0,12494010,269963636,13775964,277768516,000000004ce3128d,257469626,39962900,39962900,262873817,302836717,257469626,000000004ce3128d,00004d20,000000005af85975,000000005af85975,0
764,764,0,12494010,269963636,13775964,277768516,000000004ce3128d,257469626,39962900,39962900,262873817,302836717,257469626,000000004ce3128e,00004d18,000000005af85976,000000005af85975,0
765,765,0,12494010,269963636,13775964,277768516,000000004ce3128e,257469626,39962900,39962900,262873817,302836717,257469626,000000004ce3128e,00004d1c,000000005af85977,000000005af85976,0
766,766,0,12494010,269963636,13775964,277768517,000000004ce3128e,257469627,39962900,39962900,262873818,302836717,257469626,000000004ce3128f,00004d20,000000005af85978,000000005af85977,0
767,767,0,12494010,269963637,13775964,277768517,000000004ce3128f,257469627,39962900,39962900,262873818,302836718,257469627,000000004ce31290,00004d20,000000005af85979,000000005af85978,0
768,768,0,12494010,269963637,13775964,277768517,000000004ce31290,257469627,39962900,39962900,262873818,302836718,257469627,000000004ce31290,00004d20,000000005af85979,000000005af85979,0
769,769,0,12494010,269963637,13775964,277768517,000000004ce31290,257469627,39962900,39962900,262873818,302836718,257469627,000000004ce31291,00004d18,000000005af8597a,000000005af85979,0
770,770,0,12494010,269963637,13775964,277768517,000000004ce31291,257469627,39962900,39962900,262873818,302836718,257469627,000000004ce31291,00004d1c,000000005af8597b,000000005af8597a,0
771,771,0,12494010,269963637,13775964,277768518,000000004ce31291,257469628,39962900,39962900,262873819,302836718,257469627,000000004ce31292,00004d20,000000005af8597c,000000005af8597b,0
772,772,0,12494010,269963638,13775964,277768518,000000004ce31292,257469628,39962900,39962900,262873819,302836719,257469628,000000004ce31293,00004d20,000000005af8597d,000000005af8597c,0
773,773,0,12494010,269963638,13775964,277768518,000000004ce31293,257469628,39962900,39962900,262873819,302836719,257469628,000000004ce31293,00004d20,000000005af8597d,000000005af8597d,0
774,774,0,12494010,269963638,13775964,277768518,000000004ce31293,257469628,39962900,39962900,262873819,302836719,257469628,000000004ce31294,00004d18,000000005af8597e,000000005af8597d,0
775,775,0,12494010,269963638,13775964,277768518,000000004ce31294,257469628,39962900,39962900,262873819,302836719,257469628,000000004ce31294,00004d1c,000000005af8597f,000000005af8597e,0
776,776,0,12494010,269963638,13775964,277768519,000000004ce31294,257469629,39962900,39962900,262873820,302836719,257469628,000000004ce31295,00004d20,000000005af85980,000000005af8597f,0
777,777,0,12494010,269963639,13775964,277768519,000000004ce31295,257469629,39962900,39962900,262873820,302836720,257469629,000000004ce31296,00004d20,000000005af85981,000000005af85980,0
778,778,0,12494010,269963639,13775964,277768519,000000004ce31296,257469629,39962900,39962900,262873820,302836720,257469629,000000004ce31296,00004d20,000000005af85981,000000005af85981,0
779,779,0,12494010,269963639,13775964,277768519,000000004ce31296,257469629,39962900,39962900,262873820,302836720,257469629,000000004ce31297,00004d18,000000005af85982,000000005af85981,0
780,780,0,12494010,269963639,13775964,277768519,000000004ce31297,257469629,39962900,39962900,262873820,302836720,257469629,000000004ce31297,00004d1c,000000005af85983,000000005af85982,0
781,781,0,12494010,269963639,13775964,277768520,000000004ce31297,257469630,39962900,39962900,262873821,302836720,257469629,000000004ce31298,00004d20,000000005af85984,000000005af85983,0
782,782,0,12494010,269963640,13775964,277768520,000000004ce31298,257469630,39962900,39962900,262873821,302836721,257469630,000000004ce31299,00004d20,000000005af85985,000000005af85984,0
783,783,0,12494010,269963640,13775964,277768520,000000004ce31299,257469630,39962900,39962900,262873821,302836721,257469630,000000004ce31299,00004d20,000000005af85985,000000005af85985,0
784,784,0,12494010,269963640,13775964,277768520,000000004ce31299,257469630,39962900,39962900,262873821,302836721,257469630,000000004ce3129a,00004d18,000000005af85986,000000005af85985,0
785,785,0,12494010,269963640,13775964,277768520,000000004ce3129a,257469630,39962900,39962900,262873821,302836721,257469630,000000004ce3129a,00004d1c,000000005af85987,000000005af85986,0
786,786,0,12494010,269963640,13775964,277768521,000000004ce3129a,257469631,39962900,39962900,262873822,302836721,257469630,000000004ce3129b,00004d20,000000005af85988,000000005af85987,0
787,787,0,12494010,269963641,13775964,277768521,000000004ce3129b,257469631,39962900,39962900,262873822,302836722,257469631,000000004ce3129c,00004d20,000000005af85989,000000005af85988,0
788,788,0,12494010,269963641,13775964,277768521,000000004ce3129c,257469631,39962900,39962900,262873822,302836722,257469631,000000004ce3129c,00004d20,000000005af85989,000000005af85989,0
789,789,0,12494010,269963641,13775964,277768521,000000004ce3129c,257469631,39962900,39962900,262873822,302836722,257469631,000000004ce3129d,00004d18,000000005af8598a,000000005af85989,0
790,790,0,12494010,269963641,13775964,277768521,000000004ce3129d,257469631,39962900,39962900,262873822,302836722,257469631,000000004ce3129d,00004d1c,000000005af8598b,000000005af8598a,0
791,791,0,12494010,269963641,13775964,277768522,000000004ce3129d,257469632,39962900,39962900,262873823,302836722,257469631,000000004ce3129e,00004d20,000000005af8598c,000000005af8598b,0
792,792,0,12494010,269963642,13775964,277768522,000000004ce3129e,257469632,39962900,39962900,262873823,302836723,257469632,000000004ce3129f,00004d20,000000005af8598d,000000005af8598c,0
793,793,0,12494010,269963642,13775964,277768522,000000004ce3129f,257469632,39962900,39962900,262873823,302836723,257469632,000000004ce3129f,00004d20,000000005af8598d,000000005af8598d,0
794,794,0,12494010,269963642,13775964,277768522,000000004ce3129f,257469632,39962900,39962900,262873823,302836723,257469632,000000004ce312a0,00004d18,000000005af8598e,000000005af8598d,0
795,795,0,12494010,269963642,13775964,277768522,000000004ce312a0,257469632,39962900,39962900,262873823,302836723,257469632,000000004ce312a0,00004d1c,000000005af8598f,000000005af8598e,0
796,796,0,12494010,269963642,13775964,277768523,000000004ce312a0,257469633,39962900,39962900,262873824,302836723,257469632,000000004ce312a1,00004d20,000000005af85990,000000005af8598f,0
797,797,0,12494010,269963643,13775964,277768523,000000004ce312a1,257469633,39962900,39962900,262873824,302836724,257469633,000000004ce312a2,00004d20,000000005af85991,000000005af85990,0
798,798,0,12494010,269963643,13775964,277768523,000000004ce312a2,257469633,39962900,39962900,262873824,302836724,257469633,000000004ce312a2,00004d20,000000005af85991,000000005af85991,0
799,799,0,12494010,269963643,13775964,277768523,000000004ce312a2,257469633,39962900,39962900,262873824,302836724,257469633,000000004ce312a3,00004d18,000000005af85992,000000005af85991,0
800,800,0,12494010,269963643,13775964,277768523,000000004ce312a3,257469633,39962900,39962900,262873824,302836724,257469633,000000004ce312a3,00004d1c,000000005af85993,000000005af85992,0
801,801,0,12494010,269963643,13775964,277768524,000000004ce312a3,257469634,39962900,39962900,262873825,302836724,257469633,000000004ce312a4,00004d20,000000005af85994,000000005af85993,0
802,802,0,12494010,269963644,13775964,277768524,000000004ce312a4,257469634,39962900,39962900,262873825,302836725,257469634,000000004ce312a5,00004d20,000000005af85995,000000005af85994,0
803,803,0,12494010,269963644,13775964,277768524,000000004ce312a5,257469634,39962900,39962900,262873825,302836725,257469634,000000004ce312a5,00004d20,000000005af85995,000000005af85995,0
804,804,0,12494010,269963644,13775964,277768524,000000004ce312a5,257469634,39962900,39962900,262873825,302836725,257469634,000000004ce312a6,00004d18,000000005af85996,000000005af85995,0
805,805,0,12494010,269963644,13775964,277768524,000000004ce312a6,257469634,39962900,39962900,262873825,302836725,257469634,000000004ce312a6,00004d1c,000000005af85997,000000005af85996,0
806,806,0,12494010,269963644,13775964,277768525,000000004ce312a6,257469635,39962900,39962900,262873826,302836725,257469634,000000004ce312a7,00004d20,000000005af85998,000000005af85997,0
807,807,0,12494010,269963645,13775964,277768525,000000004ce312a7,257469635,39962900,39962900,262873826,302836726,257469635,000000004ce312a8,00004d20,000000005af85999,000000005af85998,0
808,808,0,12494010,269963645,13775964,277768525,000000004ce312a8,257469635,39962900,39962900,262873826,302836726,257469635,000000004ce312a8,00004d20,000000005af85999,000000005af85999,0
809,809,0,12494010,269963645,13775964,277768525,000000004ce312a8,257469635,39962900,39962900,262873826,302836726,257469635,000000004ce312a9,00004d18,000000005af8599a,000000005af85999,0
810,810,0,12494010,269963645,13775964,277768525,000000004ce312a9,257469635,39962900,39962900,262873826,302836726,257469635,000000004ce312a9,00004d1c,000000005af8599b,000000005af8599a,0
811,811,0,12494010,269963645,13775964,277768526,000000004ce312a9,257469636,39962900,39962900,262873827,302836726,257469635,000000004ce312aa,00004d20,000000005af8599c,000000005af8599b,0
812,812,0,12494010,269963646,13775964,277768526,000000004ce312aa,257469636,39962900,39962900,262873827,302836727,257469636,000000004ce312ab,00004d20,000000005af8599d,000000005af8599c,0
813,813,0,12494010,269963646,13775964,277768526,000000004ce312ab,257469636,39962900,39962900,262873827,302836727,257469636,000000004ce312ab,00004d20,000000005af8599d,000000005af8599d,0
814,814,0,12494010,269963646,13775964,277768526,000000004ce312ab,257469636,39962900,39962900,262873827,302836727,257469636,000000004ce312ac,00004d18,000000005af8599e,000000005af8599d,0
815,815,0,12494010,269963646,13775964,277768526,000000004ce312ac,257469636,39962900,39962900,262873827,302836727,257469636,000000004ce312ac,00004d1c,000000005af8599f,000000005af8599e,0
816,816,0,12494010,269963646,13775964,277768527,000000004ce312ac,257469637,39962900,39962900,262873828,302836727,257469636,000000004ce312ad,00004d20,000000005af859a0,000000005af8599f,0
817,817,0,12494010,269963647,13775964,277768527,000000004ce312ad,257469637,39962900,39962900,262873828,302836728,257469637,000000004ce312ae,00004d20,000000005af859a1,000000005af859a0,0
818,818,0,12494010,269963647,13775964,277768527,000000004ce312ae,257469637,39962900,39962900,262873828,302836728,257469637,000000004ce312ae,00004d20,000000005af859a1,000000005af859a1,0
819,819,0,12494010,269963647,13775964,277768527,000000004ce312ae,257469637,39962900,39962900,262873828,302836728,257469637,000000004ce312af,00004d18,000000005af859a2,000000005af859a1,0
820,820,0,12494010,269963647,13775964,277768527,000000004ce312af,257469637,39962900,39962900,262873828,302836728,257469637,000000004ce312af,00004d1c,000000005af859a3,000000005af859a2,0
821,821,0,12494010,269963647,13775964,277768528,000000004ce312af,257469638,39962900,39962900,262873829,302836728,257469637,000000004ce312b0,00004d20,000000005af859a4,000000005af859a3,0
822,822,0,12494010,269963648,13775964,277768528,000000004ce312b0,257469638,39962900,39962900,262873829,302836729,257469638,000000004ce312b1,00004d20,000000005af859a5,000000005af859a4,0
823,823,0,12494010,269963648,13775964,277768528,000000004ce312b1,257469638,39962900,39962900,262873829,302836729,257469638,000000004ce312b1,00004d20,000000005af859a5,000000005af859a5,0
824,824,0,12494010,269963648,13775964,277768528,000000004ce312b1,257469638,39962900,39962900,262873829,302836729,257469638,000000004ce312b2,00004d18,000000005af859a6,000000005af859a5,0
825,825,0,12494010,269963648,13775964,277768528,000000004ce312b2,257469638,39962900,39962900,262873829,302836729,257469638,000000004ce312b2,00004d1c,000000005af859a7,000000005af859a6,0
826,826,0,12494010,269963648,13775964,277768529,000000004ce312b2,257469639,39962900,39962900,262873830,302836729,257469638,000000004ce312b3,00004d20,000000005af859a8,000000005af859a7,0
827,827,0,12494010,269963649,13775964,277768529,000000004ce312b3,257469639,39962900,39962900,262873830,302836730,257469639,000000004ce312b4,00004d20,000000005af859a9,000000005af859a8,0
828,828,0,12494010,269963649,13775964,277768529,000000004ce312b4,257469639,39962900,39962900,262873830,302836730,257469639,000000004ce312b4,00004d20,000000005af859a9,000000005af859a9,0
829,829,0,12494010,269963649,13775964,277768529,000000004ce312b4,257469639,39962900,39962900,262873830,302836730,257469639,000000004ce312b5,00004d18,000000005af859aa,000000005af859a9,0
830,830,0,12494010,269963649,13775964,277768529,000000004ce312b5,257469639,39962900,39962900,262873830,302836730,257469639,000000004ce312b5,00004d1c,000000005af859ab,000000005af859aa,0
831,831,0,12494010,269963649,13775964,277768530,000000004ce312b5,257469640,39962900,39962900,262873831,302836730,257469639,000000004ce312b6,00004d20,000000005af859ac,000000005af859ab,0
832,832,0,12494010,269963650,13775964,277768530,000000004ce312b6,257469640,39962900,39962900,262873831,302836731,257469640,000000004ce312b7,00004d20,000000005af859ad,000000005af859ac,0
833,833,0,12494010,269963650,13775964,277768530,000000004ce312b7,257469640,39962900,39962900,262873831,302836731,257469640,000000004ce312b7,00004d20,000000005af859ad,000000005af859ad,0
834,834,0,12494010,269963650,13775964,277768530,000000004ce312b7,257469640,39962900,39962900,262873831,302836731,257469640,000000004ce312b8,00004d18,000000005af859ae,000000005af859ad,0
835,835,0,12494010,269963650,13775964,277768530,000000004ce312b8,257469640,39962900,39962900,262873831,302836731,257469640,000000004ce312b8,00004d1c,000000005af859af,000000005af859ae,0
836,836,0,12494010,269963650,13775964,277768531,000000004ce312b8,257469641,39962900,39962900,262873832,302836731,257469640,000000004ce312b9,00004d20,000000005af859b0,000000005af859af,0
837,837,0,12494010,269963651,13775964,277768531,000000004ce312b9,257469641,39962900,39962900,262873832,302836732,257469641,000000004ce312ba,00004d20,000000005af859b1,000000005af859b0,0
838,838,0,12494010,269963651,13775964,277768531,000000004ce312ba,257469641,39962900,39962900,262873832,302836732,257469641,000000004ce312ba,00004d20,000000005af859b1,000000005af859b1,0
839,839,0,12494010,269963651,13775964,277768531,000000004ce312ba,257469641,39962900,39962900,262873832,302836732,257469641,000000004ce312bb,00004d18,000000005af859b2,000000005af859b1,0
840,840,0,12494010,269963651,13775964,277768531,000000004ce312bb,257469641,39962900,39962900,262873832,302836732,257469641,000000004ce312bb,00004d1c,000000005af859b3,000000005af859b2,0
841,841,0,12494010,269963651,13775964,277768532,000000004ce312bb,257469642,39962900,39962900,262873833,302836732,257469641,000000004ce312bc,00004d20,000000005af859b4,000000005af859b3,0
842,842,0,12494010,269963652,13775964,277768532,000000004ce312bc,257469642,39962900,39962900,262873833,302836733,257469642,000000004ce312bd,00004d20,000000005af859b5,000000005af859b4,0
843,843,0,12494010,269963652,13775964,277768532,000000004ce312bd,257469642,39962900,39962900,262873833,302836733,257469642,000000004ce312bd,00004d20,000000005af859b5,000000005af859b5,0
844,844,0,12494010,269963652,13775964,277768532,000000004ce312bd,257469642,39962900,39962900,262873833,302836733,257469642,000000004ce312be,00004d18,000000005af859b6,000000005af859b5,0
845,845,0,12494010,269963652,13775964,277768532,000000004ce312be,257469642,39962900,39962900,262873833,302836733,257469642,000000004ce312be,00004d1c,000000005af859b7,000000005af859b6,0
846,846,0,12494010,269963652,13775964,277768533,000000004ce312be,257469643,39962900,39962900,262873834,302836733,257469642,000000004ce312bf,00004d20,000000005af859b8,000000005af859b7,0
847,847,0,12494010,269963653,13775964,277768533,000000004ce312bf,257469643,39962900,39962900,262873834,302836734,257469643,000000004ce312c0,00004d20,000000005af859b9,000000005af859b8,0
848,848,0,12494010,269963653,13775964,277768533,000000004ce312c0,257469643,39962900,39962900,262873834,302836734,257469643,000000004ce312c0,00004d20,000000005af859b9,000000005af859b9,0
849,849,0,12494010,269963653,13775964,277768533,000000004ce312c0,257469643,39962900,39962900,262873834,302836734,257469643,000000004ce312c1,00004d18,000000005af859ba,000000005af859b9,0
850,850,0,12494010,269963653,13775964,277768533,000000004ce312c1,257469643,39962900,39962900,262873834,302836734,257469643,000000004ce312c1,00004d1c,000000005af859bb,000000005af859ba,0
851,851,0,12494010,269963653,13775964,277768534,000000004ce312c1,257469644,39962900,39962900,262873835,302836734,257469643,000000004ce312c2,00004d20,000000005af859bc,000000005af859bb,0
852,852,0,12494010,269963654,13775964,277768534,000000004ce312c2,257469644,39962900,39962900,262873835,302836735,257469644,000000004ce312c3,00004d20,000000005af859bd,000000005af859bc,0
853,853,0,12494010,269963654,13775964,277768534,000000004ce312c3,257469644,39962900,39962900,262873835,302836735,257469644,000000004ce312c3,00004d20,000000005af859bd,000000005af859bd,0
854,854,0,12494010,269963654,13775964,277768534,000000004ce312c3,257469644,39962900,39962900,262873835,302836735,257469644,000000004ce312c4,00004d18,000000005af859be,000000005af859bd,0
855,855,0,12494010,269963654,13775964,277768534,000000004ce312c4,257469644,39962900,39962900,262873835,302836735,257469644,000000004ce312c4,00004d1c,000000005af859bf,000000005af859be,0
856,856,0,12494010,269963654,13775964,277768535,000000004ce312c4,257469645,39962900,39962900,262873836,302836735,257469644,000000004ce312c5,00004d20,000000005af859c0,000000005af859bf,0
857,857,0,12494010,269963655,13775964,277768535,000000004ce312c5,257469645,39962900,39962900,262873836,302836736,257469645,000000004ce312c6,00004d20,000000005af859c1,000000005af859c0,0
858,858,0,12494010,269963655,13775964,277768535,000000004ce312c6,257469645,39962900,39962900,262873836,302836736,257469645,000000004ce312c6,00004d20,000000005af859c1,000000005af859c1,0
859,859,0,12494010,269963655,13775964,277768535,000000004ce312c6,257469645,39962900,39962900,262873836,302836736,257469645,000000004ce312c7,00004d18,000000005af859c2,000000005af859c1,0
860,860,0,12494010,269963655,13775964,277768535,000000004ce312c7,257469645,39962900,39962900,262873836,302836736,257469645,000000004ce312c7,00004d1c,000000005af859c3,000000005af859c2,0
861,861,0,12494010,269963655,13775964,277768536,000000004ce312c7,257469646,39962900,39962900,262873837,302836736,257469645,000000004ce312c8,00004d20,000000005af859c4,000000005af859c3,0
862,862,0,12494010,269963656,13775964,277768536,000000004ce312c8,257469646,39962900,39962900,262873837,302836737,257469646,000000004ce312c9,00004d20,000000005af859c5,000000005af859c4,0
863,863,0,12494010,269963656,13775964,277768536,000000004ce312c9,257469646,39962900,39962900,262873837,302836737,257469646,000000004ce312c9,00004d20,000000005af859c5,000000005af859c5,0
864,864,0,12494010,269963656,13775964,277768536,000000004ce312c9,257469646,39962900,39962900,262873837,302836737,257469646,000000004ce312ca,00004d18,000000005af859c6,000000005af859c5,0
865,865,0,12494010,269963656,13775964,277768536,000000004ce312ca,257469646,39962900,39962900,262873837,302836737,257469646,000000004ce312ca,00004d1c,000000005af859c7,000000005af859c6,0
866,866,0,12494010,269963656,13775964,277768537,000000004ce312ca,257469647,39962900,39962900,262873838,302836737,257469646,000000004ce312cb,00004d20,000000005af859c8,000000005af859c7,0
867,867,0,12494010,269963657,13775964,277768537,000000004ce312cb,257469647,39962900,39962900,262873838,302836738,257469647,000000004ce312cc,00004d20,000000005af859c9,000000005af859c8,0
868,868,0,12494010,269963657,13775964,277768537,000000004ce312cc,257469647,39962900,39962900,262873838,302836738,257469647,000000004ce312cc,00004d20,000000005af859c9,000000005af859c9,0
869,869,0,12494010,269963657,13775964,277768537,000000004ce312cc,257469647,39962900,39962900,262873838,302836738,257469647,000000004ce312cd,00004d18,000000005af859ca,000000005af859c9,0
870,870,0,12494010,269963657,13775964,277768537,000000004ce312cd,257469647,39962900,39962900,262873838,302836738,257469647,000000004ce312cd,00004d1c,000000005af859cb,000000005af859ca,0
871,871,0,12494010,269963657,13775964,277768538,000000004ce312cd,257469648,39962900,39962900,262873839,302836738,257469647,000000004ce312ce,00004d20,000000005af859cc,000000005af859cb,0
872,872,0,12494010,269963658,13775964,277768538,000000004ce312ce,257469648,39962900,39962900,262873839,302836739,257469648,000000004ce312cf,00004d20,000000005af859cd,000000005af859cc,0
873,873,0,12494010,269963658,13775964,277768538,000000004ce312cf,257469648,39962900,39962900,262873839,302836739,257469648,000000004ce312cf,00004d20,000000005af859cd,000000005af859cd,0
874,874,0,12494010,269963658,13775964,277768538,000000004ce312cf,257469648,39962900,39962900,262873839,302836739,257469648,000000004ce312d0,00004d18,000000005af859ce,000000005af859cd,0
875,875,0,12494010,269963658,13775964,277768538,000000004ce312d0,257469648,39962900,39962900,262873839,302836739,257469648,000000004ce312d0,00004d1c,000000005af859cf,000000005af859ce,0
876,876,0,12494010,269963658,13775964,277768539,000000004ce312d0,257469649,39962900,39962900,262873840,302836739,257469648,000000004ce312d1,00004d20,000000005af859d0,000000005af859cf,0
877,877,0,12494010,269963659,13775964,277768539,000000004ce312d1,257469649,39962900,39962900,262873840,302836740,257469649,000000004ce312d2,00004d20,000000005af859d1,000000005af859d0,0
878,878,0,12494010,269963659,13775964,277768539,000000004ce312d2,257469649,39962900,39962900,262873840,302836740,257469649,000000004ce312d2,00004d20,000000005af859d1,000000005af859d1,0
879,879,0,12494010,269963659,13775964,277768539,000000004ce312d2,257469649,39962900,39962900,262873840,302836740,257469649,000000004ce312d3,00004d18,000000005af859d2,000000005af859d1,0
880,880,0,12494010,269963659,13775964,277768539,000000004ce312d3,257469649,39962900,39962900,262873840,302836740,257469649,000000004ce312d3,00004d1c,000000005af859d3,000000005af859d2,0
881,881,0,12494010,269963659,13775964,277768540,000000004ce312d3,257469650,39962900,39962900,262873841,302836740,257469649,000000004ce312d4,00004d20,000000005af859d4,000000005af859d3,0
882,882,0,12494010,269963660,13775964,277768540,000000004ce312d4,257469650,39962900,39962900,262873841,302836741,257469650,000000004ce312d5,00004d20,000000005af859d5,000000005af859d4,0
883,883,0,12494010,269963660,13775964,277768540,000000004ce312d5,257469650,39962900,39962900,262873841,302836741,257469650,000000004ce312d5,00004d20,000000005af859d5,000000005af859d5,0
884,884,0,12494010,269963660,13775964,277768540,000000004ce312d5,257469650,39962900,39962900,262873841,302836741,257469650,000000004ce312d6,00004d18,000000005af859d6,000000005af859d5,0
885,885,0,12494010,269963660,13775964,277768540,000000004ce312d6,257469650,39962900,39962900,262873841,302836741,257469650,000000004ce312d6,00004d1c,000000005af859d7,000000005af859d6,0
886,886,0,12494010,269963660,13775964,277768541,000000004ce312d6,257469651,39962900,39962900,262873842,302836741,257469650,000000004ce312d7,00004d20,000000005af859d8,000000005af859d7,0
887,887,0,12494010,269963661,13775964,277768541,000000004ce312d7,257469651,39962900,39962900,262873842,302836742,257469651,000000004ce312d8,00004d20,000000005af859d9,000000005af859d8,0
888,888,0,12494010,269963661,13775964,277768541,000000004ce312d8,257469651,39962900,39962900,262873842,302836742,257469651,000000004ce312d8,00004d20,000000005af859d9,000000005af859d9,0
889,889,0,12494010,269963661,13775964,277768541,000000004ce312d8,257469651,39962900,39962900,262873842,302836742,257469651,000000004ce312d9,00004d18,000000005af859da,000000005af859d9,0
890,890,0,12494010,269963661,13775964,277768541,000000004ce312d9,257469651,39962900,39962900,262873842,302836742,257469651,000000004ce312d9,00004d1c,000000005af859db,000000005af859da,0
891,891,0,12494010,269963661,13775964,277768542,000000004ce312d9,257469652,39962900,39962900,262873843,302836742,257469651,000000004ce312da,00004d20,000000005af859dc,000000005af859db,0
892,892,0,12494010,269963662,13775964,277768542,000000004ce312da,257469652,39962900,39962900,262873843,302836743,257469652,000000004ce312db,00004d20,000000005af859dd,000000005af859dc,0
893,893,0,12494010,269963662,13775964,277768542,000000004ce312db,257469652,39962900,39962900,262873843,302836743,257469652,000000004ce312db,00004d20,000000005af859dd,000000005af859dd,0
894,894,0,12494010,269963662,13775964,277768542,000000004ce312db,257469652,39962900,39962900,262873843,302836743,257469652,000000004ce312dc,00004d18,000000005af859de,000000005af859dd,0
895,895,0,12494010,269963662,13775964,277768542,000000004ce312dc,257469652,39962900,39962900,262873843,302836743,257469652,000000004ce312dc,00004d1c,000000005af859df,000000005af859de,0
896,896,0,12494010,269963662,13775964,277768543,000000004ce312dc,257469653,39962900,39962900,262873844,302836743,257469652,000000004ce312dd,00004d20,000000005af859e0,000000005af859df,0
897,897,0,12494010,269963663,13775964,277768543,000000004ce312dd,257469653,39962900,39962900,262873844,302836744,257469653,000000004ce312de,00004d20,000000005af859e1,000000005af859e0,0
898,898,0,12494010,269963663,13775964,277768543,000000004ce312de,257469653,39962900,39962900,262873844,302836744,257469653,000000004ce312de,00004d20,000000005af859e1,000000005af859e1,0
899,899,0,12494010,269963663,13775964,277768543,000000004ce312de,257469653,39962900,39962900,262873844,302836744,257469653,000000004ce312df,00004d18,000000005af859e2,000000005af859e1,0
900,900,0,12494010,269963663,13775964,277768543,000000004ce312df,257469653,39962900,39962900,262873844,302836744,257469653,000000004ce312df,00004d1c,000000005af859e3,000000005af859e2,0
901,901,0,12494010,269963663,13775964,277768544,000000004ce312df,257469654,39962900,39962900,262873845,302836744,257469653,000000004ce312e0,00004d20,000000005af859e4,000000005af859e3,0
902,902,0,12494010,269963664,13775964,277768544,000000004ce312e0,257469654,39962900,39962900,262873845,302836745,257469654,000000004ce312e1,00004d20,000000005af859e5,000000005af859e4,0
903,903,0,12494010,269963664,13775964,277768544,000000004ce312e1,257469654,39962900,39962900,262873845,302836745,257469654,000000004ce312e1,00004d20,000000005af859e5,000000005af859e5,0
904,904,0,12494010,269963664,13775964,277768544,000000004ce312e1,257469654,39962900,39962900,262873845,302836745,257469654,000000004ce312e2,00004d18,000000005af859e6,000000005af859e5,0
905,905,0,12494010,269963664,13775964,277768544,000000004ce312e2,257469654,39962900,39962900,262873845,302836745,257469654,000000004ce312e2,00004d1c,000000005af859e7,000000005af859e6,0
906,906,0,12494010,269963664,13775964,277768545,000000004ce312e2,257469655,39962900,39962900,262873846,302836745,257469654,000000004ce312e3,00004d20,000000005af859e8,000000005af859e7,0
907,907,0,12494010,269963665,13775964,277768545,000000004ce312e3,257469655,39962900,39962900,262873846,302836746,257469655,000000004ce312e4,00004d20,000000005af859e9,000000005af859e8,0
908,908,0,12494010,269963665,13775964,277768545,000000004ce312e4,257469655,39962900,39962900,262873846,302836746,257469655,000000004ce312e4,00004d20,000000005af859e9,000000005af859e9,0
909,909,0,12494010,269963665,13775964,277768545,000000004ce312e4,257469655,39962900,39962900,262873846,302836746,257469655,000000004ce312e5,00004d18,000000005af859ea,000000005af859e9,0
910,910,0,12494010,269963665,13775964,277768545,000000004ce312e5,257469655,39962900,39962900,262873846,302836746,257469655,000000004ce312e5,00004d1c,000000005af859eb,000000005af859ea,0
911,911,0,12494010,269963665,13775964,277768546,000000004ce312e5,257469656,39962900,39962900,262873847,302836746,257469655,000000004ce312e6,00004d20,000000005af859ec,000000005af859eb,0
912,912,0,12494010,269963666,13775964,277768546,000000004ce312e6,257469656,39962900,39962900,262873847,302836747,257469656,000000004ce312e7,00004d20,000000005af859ed,000000005af859ec,0
913,913,0,12494010,269963666,13775964,277768546,000000004ce312e7,257469656,39962900,39962900,262873847,302836747,257469656,000000004ce312e7,00004d20,000000005af859ed,000000005af859ed,0
914,914,0,12494010,269963666,13775964,277768546,000000004ce312e7,257469656,39962900,39962900,262873847,302836747,257469656,000000004ce312e8,00004d18,000000005af859ee,000000005af859ed,0
915,915,0,12494010,269963666,13775964,277768546,000000004ce312e8,257469656,39962900,39962900,262873847,302836747,257469656,000000004ce312e8,00004d1c,000000005af859ef,000000005af859ee,0
916,916,0,12494010,269963666,13775964,277768547,000000004ce312e8,257469657,39962900,39962900,262873848,302836747,257469656,000000004ce312e9,00004d20,000000005af859f0,000000005af859ef,0
917,917,0,12494010,269963667,13775964,277768547,000000004ce312e9,257469657,39962900,39962900,262873848,302836748,257469657,000000004ce312ea,00004d20,000000005af859f1,000000005af859f0,0
918,918,0,12494010,269963667,13775964,277768547,000000004ce312ea,257469657,39962900,39962900,262873848,302836748,257469657,000000004ce312ea,00004d20,000000005af859f1,000000005af859f1,0
919,919,0,12494010,269963667,13775964,277768547,000000004ce312ea,257469657,39962900,39962900,262873848,302836748,257469657,000000004ce312eb,00004d18,000000005af859f2,000000005af859f1,0
920,920,0,12494010,269963667,13775964,277768547,000000004ce312eb,257469657,39962900,39962900,262873848,302836748,257469657,000000004ce312eb,00004d1c,000000005af859f3,000000005af859f2,0
921,921,0,12494010,269963667,13775964,277768548,000000004ce312eb,257469658,39962900,39962900,262873849,302836748,257469657,000000004ce312ec,00004d20,000000005af859f4,000000005af859f3,0
922,922,0,12494010,269963668,13775964,277768548,000000004ce312ec,257469658,39962900,39962900,262873849,302836749,257469658,000000004ce312ed,00004d20,000000005af859f5,000000005af859f4,0
923,923,0,12494010,269963668,13775964,277768548,000000004ce312ed,257469658,39962900,39962900,262873849,302836749,257469658,000000004ce312ed,00004d20,000000005af859f5,000000005af859f5,0
924,924,0,12494010,269963668,13775964,277768548,000000004ce312ed,257469658,39962900,39962900,262873849,302836749,257469658,000000004ce312ee,00004d18,000000005af859f6,000000005af859f5,0
925,925,0,12494010,269963668,13775964,277768548,000000004ce312ee,257469658,39962900,39962900,262873849,302836749,257469658,000000004ce312ee,00004d1c,000000005af859f7,000000005af859f6,0
926,926,0,12494010,269963668,13775964,277768549,000000004ce312ee,257469659,39962900,39962900,262873850,302836749,257469658,000000004ce312ef,00004d20,000000005af859f8,000000005af859f7,0
927,927,0,12494010,269963669,13775964,277768549,000000004ce312ef,257469659,39962900,39962900,262873850,302836750,257469659,000000004ce312f0,00004d20,000000005af859f9,000000005af859f8,0
928,928,0,12494010,269963669,13775964,277768549,000000004ce312f0,257469659,39962900,39962900,262873850,302836750,257469659,000000004ce312f0,00004d20,000000005af859f9,000000005af859f9,0
929,929,0,12494010,269963669,13775964,277768549,000000004ce312f0,257469659,39962900,39962900,262873850,302836750,257469659,000000004ce312f1,00004d18,000000005af859fa,000000005af859f9,0
930,930,0,12494010,269963669,13775964,277768549,000000004ce312f1,257469659,39962900,39962900,262873850,302836750,257469659,000000004ce312f1,00004d1c,000000005af859fb,000000005af859fa,0
931,931,0,12494010,269963669,13775964,277768550,000000004ce312f1,257469660,39962900,39962900,262873851,302836750,257469659,000000004ce312f2,00004d20,000000005af859fc,000000005af859fb,0
932,932,0,12494010,269963670,13775964,277768550,000000004ce312f2,257469660,39962900,39962900,262873851,302836751,257469660,000000004ce312f3,00004d20,000000005af859fd,000000005af859fc,0
933,933,0,12494010,269963670,13775964,277768550,000000004ce312f3,257469660,39962900,39962900,262873851,302836751,257469660,000000004ce312f3,00004d20,000000005af859fd,000000005af859fd,0
934,934,0,12494010,269963670,13775964,277768550,000000004ce312f3,257469660,39962900,39962900,262873851,302836751,257469660,000000004ce312f4,00004d18,000000005af859fe,000000005af859fd,0
935,935,0,12494010,269963670,13775964,277768550,000000004ce312f4,257469660,39962900,39962900,262873851,302836751,257469660,000000004ce312f4,00004d1c,000000005af859ff,000000005af859fe,0
936,936,0,12494010,269963670,13775964,277768551,000000004ce312f4,257469661,39962900,39962900,262873852,302836751,257469660,000000004ce312f5,00004d20,000000005af85a00,000000005af859ff,0
937,937,0,12494010,269963671,13775964,277768551,000000004ce312f5,257469661,39962900,39962900,262873852,302836752,257469661,000000004ce312f6,00004d20,000000005af85a01,000000005af85a00,0
938,938,0,12494010,269963671,13775964,277768551,000000004ce312f6,257469661,39962900,39962900,262873852,302836752,257469661,000000004ce312f6,00004d20,000000005af85a01,000000005af85a01,0
939,939,0,12494010,269963671,13775964,277768551,000000004ce312f6,257469661,39962900,39962900,262873852,302836752,257469661,000000004ce312f7,00004d18,000000005af85a02,000000005af85a01,0
940,940,0,12494010,269963671,13775964,277768551,000000004ce312f7,257469661,39962900,39962900,262873852,302836752,257469661,000000004ce312f7,00004d1c,000000005af85a03,000000005af85a02,0
941,941,0,12494010,269963671,13775964,277768552,000000004ce312f7,257469662,39962900,39962900,262873853,302836752,257469661,000000004ce312f8,00004d20,000000005af85a04,000000005af85a03,0
942,942,0,12494010,269963672,13775964,277768552,000000004ce312f8,257469662,39962900,39962900,262873853,302836753,257469662,000000004ce312f9,00004d20,000000005af85a05,000000005af85a04,0
943,943,0,12494010,269963672,13775964,277768552,000000004ce312f9,257469662,39962900,39962900,262873853,302836753,257469662,000000004ce312f9,00004d20,000000005af85a05,000000005af85a05,0
944,944,0,12494010,269963672,13775964,277768552,000000004ce312f9,257469662,39962900,39962900,262873853,302836753,257469662,000000004ce312fa,00004d18,000000005af85a06,000000005af85a05,0
945,945,0,12494010,269963672,13775964,277768552,000000004ce312fa,257469662,39962900,39962900,262873853,302836753,257469662,000000004ce312fa,00004d1c,000000005af85a07,000000005af85a06,0
946,946,0,12494010,269963672,13775964,277768553,000000004ce312fa,257469663,39962900,39962900,262873854,302836753,257469662,000000004ce312fb,00004d20,000000005af85a08,000000005af85a07,0
947,947,0,12494010,269963673,13775964,277768553,000000004ce312fb,257469663,39962900,39962900,262873854,302836754,257469663,000000004ce312fc,00004d20,000000005af85a09,000000005af85a08,0
948,948,0,12494010,269963673,13775964,277768553,000000004ce312fc,257469663,39962900,39962900,262873854,302836754,257469663,000000004ce312fc,00004d20,000000005af85a09,000000005af85a09,0
949,949,0,12494010,269963673,13775964,277768553,000000004ce312fc,257469663,39962900,39962900,262873854,302836754,257469663,000000004ce312fd,00004d18,000000005af85a0a,000000005af85a09,0
950,950,0,12494010,269963673,13775964,277768553,000000004ce312fd,257469663,39962900,39962900,262873854,302836754,257469663,000000004ce312fd,00004d1c,000000005af85a0b,000000005af85a0a,0
951,951,0,12494010,269963673,13775964,277768554,000000004ce312fd,257469664,39962900,39962900,262873855,302836754,257469663,000000004ce312fe,00004d20,000000005af85a0c,000000005af85a0b,0
952,952,0,12494010,269963674,13775964,277768554,000000004ce312fe,257469664,39962900,39962900,262873855,302836755,257469664,000000004ce312ff,00004d20,000000005af85a0d,000000005af85a0c,0
953,953,0,12494010,269963674,13775964,277768554,000000004ce312ff,257469664,39962900,39962900,262873855,302836755,257469664,000000004ce312ff,00004d20,000000005af85a0d,000000005af85a0d,0
954,954,0,12494010,269963674,13775964,277768554,000000004ce312ff,257469664,39962900,39962900,262873855,302836755,257469664,000000004ce31300,00004d18,000000005af85a0e,000000005af85a0d,0
955,955,0,12494010,269963674,13775964,277768554,000000004ce31300,257469664,39962900,39962900,262873855,302836755,257469664,000000004ce31300,00004d1c,000000005af85a0f,000000005af85a0e,0
956,956,0,12494010,269963674,13775964,277768555,000000004ce31300,257469665,39962900,39962900,262873856,302836755,257469664,000000004ce31301,00004d20,000000005af85a10,000000005af85a0f,0
957,957,0,12494010,269963675,13775964,277768555,000000004ce31301,257469665,39962900,39962900,262873856,302836756,257469665,000000004ce31302,00004d20,000000005af85a11,000000005af85a10,0
958,958,0,12494010,269963675,13775964,277768555,000000004ce31302,257469665,39962900,39962900,262873856,302836756,257469665,000000004ce31302,00004d20,000000005af85a11,000000005af85a11,0
959,959,0,12494010,269963675,13775964,277768555,000000004ce31302,257469665,39962900,39962900,262873856,302836756,257469665,000000004ce31303,00004d18,000000005af85a12,000000005af85a11,0
960,960,0,12494010,269963675,13775964,277768555,000000004ce31303,257469665,39962900,39962900,262873856,302836756,257469665,000000004ce31303,00004d1c,000000005af85a13,000000005af85a12,0
961,961,0,12494010,269963675,13775964,277768556,000000004ce31303,257469666,39962900,39962900,262873857,302836756,257469665,000000004ce31304,00004d20,000000005af85a14,000000005af85a13,0
962,962,0,12494010,269963676,13775964,277768556,000000004ce31304,257469666,39962900,39962900,262873857,302836757,257469666,000000004ce31305,00004d20,000000005af85a15,000000005af85a14,0
963,963,0,12494010,269963676,13775964,277768556,000000004ce31305,257469666,39962900,39962900,262873857,302836757,257469666,000000004ce31305,00004d20,000000005af85a15,000000005af85a15,0
964,964,0,12494010,269963676,13775964,277768556,000000004ce31305,257469666,39962900,39962900,262873857,302836757,257469666,000000004ce31306,00004d18,000000005af85a16,000000005af85a15,0
965,965,0,12494010,269963676,13775964,277768556,000000004ce31306,257469666,39962900,39962900,262873857,302836757,257469666,000000004ce31306,00004d1c,000000005af85a17,000000005af85a16,0
966,966,0,12494010,269963676,13775964,277768557,000000004ce31306,257469667,39962900,39962900,262873858,302836757,257469666,000000004ce31307,00004d20,000000005af85a18,000000005af85a17,0
967,967,0,12494010,269963677,13775964,277768557,000000004ce31307,257469667,39962900,39962900,262873858,302836758,257469667,000000004ce31308,00004d20,000000005af85a19,000000005af85a18,0
968,968,0,12494010,269963677,13775964,277768557,000000004ce31308,257469667,39962900,39962900,262873858,302836758,257469667,000000004ce31308,00004d20,000000005af85a19,000000005af85a19,0
969,969,0,12494010,269963677,13775964,277768557,000000004ce31308,257469667,39962900,39962900,262873858,302836758,257469667,000000004ce31309,00004d18,000000005af85a1a,000000005af85a19,0
970,970,0,12494010,269963677,13775964,277768557,000000004ce31309,257469667,39962900,39962900,262873858,302836758,257469667,000000004ce31309,00004d1c,000000005af85a1b,000000005af85a1a,0
971,971,0,12494010,269963677,13775964,277768558,000000004ce31309,257469668,39962900,39962900,262873859,302836758,257469667,000000004ce3130a,00004d20,000000005af85a1c,000000005af85a1b,0
972,972,0,12494010,269963678,13775964,277768558,000000004ce3130a,257469668,39962900,39962900,262873859,302836759,257469668,000000004ce3130b,00004d20,000000005af85a1d,000000005af85a1c,0
973,973,0,12494010,269963678,13775964,277768558,000000004ce3130b,257469668,39962900,39962900,262873859,302836759,257469668,000000004ce3130b,00004d20,000000005af85a1d,000000005af85a1d,0
974,974,0,12494010,269963678,13775964,277768558,000000004ce3130b,257469668,39962900,39962900,262873859,302836759,257469668,000000004ce3130c,00004d18,000000005af85a1e,000000005af85a1d,0
975,975,0,12494010,269963678,13775964,277768558,000000004ce3130c,257469668,39962900,39962900,262873859,302836759,257469668,000000004ce3130c,00004d1c,000000005af85a1f,000000005af85a1e,0
976,976,0,12494010,269963678,13775964,277768559,000000004ce3130c,257469669,39962900,39962900,262873860,302836759,257469668,000000004ce3130d,00004d20,000000005af85a20,000000005af85a1f,0
977,977,0,12494010,269963679,13775964,277768559,000000004ce3130d,257469669,39962900,39962900,262873860,302836760,257469669,000000004ce3130e,00004d20,000000005af85a21,000000005af85a20,0
978,978,0,12494010,269963679,13775964,277768559,000000004ce3130e,257469669,39962900,39962900,262873860,302836760,257469669,000000004ce3130e,00004d20,000000005af85a21,000000005af85a21,0
979,979,0,12494010,269963679,13775964,277768559,000000004ce3130e,257469669,39962900,39962900,262873860,302836760,257469669,000000004ce3130f,00004d18,000000005af85a22,000000005af85a21,0
980,980,0,12494010,269963679,13775964,277768559,000000004ce3130f,257469669,39962900,39962900,262873860,302836760,257469669,000000004ce3130f,00004d1c,000000005af85a23,000000005af85a22,0
981,981,0,12494010,269963679,13775964,277768560,000000004ce3130f,257469670,39962900,39962900,262873861,302836760,257469669,000000004ce31310,00004d20,000000005af85a24,000000005af85a23,0
982,982,0,12494010,269963680,13775964,277768560,000000004ce31310,257469670,39962900,39962900,262873861,302836761,257469670,000000004ce31311,00004d20,000000005af85a25,000000005af85a24,0
983,983,0,12494010,269963680,13775964,277768560,000000004ce31311,257469670,39962900,39962900,262873861,302836761,257469670,000000004ce31311,00004d20,000000005af85a25,000000005af85a25,0
984,984,0,12494010,269963680,13775964,277768560,000000004ce31311,257469670,39962900,39962900,262873861,302836761,257469670,000000004ce31312,00004d18,000000005af85a26,000000005af85a25,0
985,985,0,12494010,269963680,13775964,277768560,000000004ce31312,257469670,39962900,39962900,262873861,302836761,257469670,000000004ce31312,00004d1c,000000005af85a27,000000005af85a26,0
986,986,0,12494010,269963680,13775964,277768561,000000004ce31312,257469671,39962900,39962900,262873862,302836761,257469670,000000004ce31313,00004d20,000000005af85a28,000000005af85a27,0
987,987,0,12494010,269963681,13775964,277768561,000000004ce31313,257469671,39962900,39962900,262873862,302836762,257469671,000000004ce31314,00004d20,000000005af85a29,000000005af85a28,0
988,988,0,12494010,269963681,13775964,277768561,000000004ce31314,257469671,39962900,39962900,262873862,302836762,257469671,000000004ce31314,00004d20,000000005af85a29,000000005af85a29,0
989,989,0,12494010,269963681,13775964,277768561,000000004ce31314,257469671,39962900,39962900,262873862,302836762,257469671,000000004ce31315,00004d18,000000005af85a2a,000000005af85a29,0
990,990,0,12494010,269963681,13775964,277768561,000000004ce31315,257469671,39962900,39962900,262873862,302836762,257469671,000000004ce31315,00004d1c,000000005af85a2b,000000005af85a2a,0
991,991,0,12494010,269963681,13775964,277768562,000000004ce31315,257469672,39962900,39962900,262873863,302836762,257469671,000000004ce31316,00004d20,000000005af85a2c,000000005af85a2b,0
992,992,0,12494010,269963682,13775964,277768562,000000004ce31316,257469672,39962900,39962900,262873863,302836763,257469672,000000004ce31317,00004d20,000000005af85a2d,000000005af85a2c,0
993,993,0,12494010,269963682,13775964,277768562,000000004ce31317,257469672,39962900,39962900,262873863,302836763,257469672,000000004ce31317,00004d20,000000005af85a2d,000000005af85a2d,0
994,994,0,12494010,269963682,13775964,277768562,000000004ce31317,257469672,39962900,39962900,262873863,302836763,257469672,000000004ce31318,00004d18,000000005af85a2e,000000005af85a2d,0
995,995,0,12494010,269963682,13775964,277768562,000000004ce31318,257469672,39962900,39962900,262873863,302836763,257469672,000000004ce31318,00004d1c,000000005af85a2f,000000005af85a2e,0
996,996,0,12494010,269963682,13775964,277768563,000000004ce31318,257469673,39962900,39962900,262873864,302836763,257469672,000000004ce31319,00004d20,000000005af85a30,000000005af85a2f,0
997,997,0,12494010,269963683,13775964,277768563,000000004ce31319,257469673,39962900,39962900,262873864,302836764,257469673,000000004ce3131a,00004d20,000000005af85a31,000000005af85a30,0
998,998,0,12494010,269963683,13775964,277768563,000000004ce3131a,257469673,39962900,39962900,262873864,302836764,257469673,000000004ce3131a,00004d20,000000005af85a31,000000005af85a31,0
999,999,0,12494010,269963683,13775964,277768563,000000004ce3131a,257469673,39962900,39962900,262873864,302836764,257469673,000000004ce3131b,00004d18,000000005af85a32,000000005af85a31,0
1000,1000,0,12494010,269963683,13775964,277768563,000000004ce3131b,257469673,39962900,39962900,262873864,302836764,257469673,000000004ce3131b,00004d1c,000000005af85a33,000000005af85a32,0
1001,1001,0,12494010,269963683,13775964,277768564,000000004ce3131b,257469674,39962900,39962900,262873865,302836764,257469673,000000004ce3131c,00004d20,000000005af85a34,000000005af85a33,0
1002,1002,0,12494010,269963684,13775964,277768564,000000004ce3131c,257469674,39962900,39962900,262873865,302836765,257469674,000000004ce3131d,00004d20,000000005af85a35,000000005af85a34,0
1003,1003,0,12494010,269963684,13775964,277768564,000000004ce3131d,257469674,39962900,39962900,262873865,302836765,257469674,000000004ce3131d,00004d20,000000005af85a35,000000005af85a35,0
1004,1004,0,12494010,269963684,13775964,277768564,000000004ce3131d,257469674,39962900,39962900,262873865,302836765,257469674,000000004ce3131e,00004d18,000000005af85a36,000000005af85a35,0
1005,1005,0,12494010,269963684,13775964,277768564,000000004ce3131e,257469674,39962900,39962900,262873865,302836765,257469674,000000004ce3131e,00004d1c,000000005af85a37,000000005af85a36,0
1006,1006,0,12494010,269963684,13775964,277768565,000000004ce3131e,257469675,39962900,39962900,262873866,302836765,257469674,000000004ce3131f,00004d20,000000005af85a38,000000005af85a37,0
1007,1007,0,12494010,269963685,13775964,277768565,000000004ce3131f,257469675,39962900,39962900,262873866,302836766,257469675,000000004ce31320,00004d20,000000005af85a39,000000005af85a38,0
1008,1008,0,12494010,269963685,13775964,277768565,000000004ce31320,257469675,39962900,39962900,262873866,302836766,257469675,000000004ce31320,00004d20,000000005af85a39,000000005af85a39,0
1009,1009,0,12494010,269963685,13775964,277768565,000000004ce31320,257469675,39962900,39962900,262873866,302836766,257469675,000000004ce31321,00004d18,000000005af85a3a,000000005af85a39,0
1010,1010,0,12494010,269963685,13775964,277768565,000000004ce31321,257469675,39962900,39962900,262873866,302836766,257469675,000000004ce31321,00004d1c,000000005af85a3b,000000005af85a3a,0
1011,1011,0,12494010,269963685,13775964,277768566,000000004ce31321,257469676,39962900,39962900,262873867,302836766,257469675,000000004ce31322,00004d20,000000005af85a3c,000000005af85a3b,0
1012,1012,0,12494010,269963686,13775964,277768566,000000004ce31322,257469676,39962900,39962900,262873867,302836767,257469676,000000004ce31323,00004d20,000000005af85a3d,000000005af85a3c,0
1013,1013,0,12494010,269963686,13775964,277768566,000000004ce31323,257469676,39962900,39962900,262873867,302836767,257469676,000000004ce31323,00004d20,000000005af85a3d,000000005af85a3d,0
1014,1014,0,12494010,269963686,13775964,277768566,000000004ce31323,257469676,39962900,39962900,262873867,302836767,257469676,000000004ce31324,00004d18,000000005af85a3e,000000005af85a3d,0
1015,1015,0,12494010,269963686,13775964,277768566,000000004ce31324,257469676,39962900,39962900,262873867,302836767,257469676,000000004ce31324,00004d1c,000000005af85a3f,000000005af85a3e,0
1016,1016,0,12494010,269963686,13775964,277768567,000000004ce31324,257469677,39962900,39962900,262873868,302836767,257469676,000000004ce31325,00004d20,000000005af85a40,000000005af85a3f,0
1017,1017,0,12494010,269963687,13775964,277768567,000000004ce31325,257469677,39962900,39962900,262873868,302836768,257469677,000000004ce31326,00004d20,000000005af85a41,000000005af85a40,0
1018,1018,0,12494010,269963687,13775964,277768567,000000004ce31326,257469677,39962900,39962900,262873868,302836768,257469677,000000004ce31326,00004d20,000000005af85a41,000000005af85a41,0
1019,1019,0,12494010,269963687,13775964,277768567,000000004ce31326,257469677,39962900,39962900,262873868,302836768,257469677,000000004ce31327,00004d18,000000005af85a42,000000005af85a41,0
1020,1020,0,12494010,269963687,13775964,277768567,000000004ce31327,257469677,39962900,39962900,262873868,302836768,257469677,000000004ce31327,00004d1c,000000005af85a43,000000005af85a42,0
1021,1021,0,12494010,269963687,13775964,277768568,000000004ce31327,257469678,39962900,39962900,262873869,302836768,257469677,000000004ce31328,00004d20,000000005af85a44,000000005af85a43,0
1022,1022,0,12494010,269963688,13775964,277768568,000000004ce31328,257469678,39962900,39962900,262873869,302836769,257469678,000000004ce31329,00004d20,000000005af85a45,000000005af85a44,0
1023,1023,0,12494010,269963688,13775964,277768568,000000004ce31329,257469678,39962900,39962900,262873869,302836769,257469678,000000004ce31329,00004d20,000000005af85a45,000000005af85a45,0
1024,1024,0,12494010,269963688,13775964,277768568,000000004ce31329,257469678,39962900,39962900,262873869,302836769,257469678,000000004ce3132a,00004d18,000000005af85a46,000000005af85a45,0
1025,1025,0,12494010,269963688,13775964,277768568,000000004ce3132a,257469678,39962900,39962900,262873869,302836769,257469678,000000004ce3132a,00004d1c,000000005af85a47,000000005af85a46,0
1026,1026,0,12494010,269963688,13775964,277768569,000000004ce3132a,257469679,39962900,39962900,262873870,302836769,257469678,000000004ce3132b,00004d20,000000005af85a48,000000005af85a47,0
1027,1027,0,12494010,269963689,13775964,277768569,000000004ce3132b,257469679,39962900,39962900,262873870,302836770,257469679,000000004ce3132c,00004d20,000000005af85a49,000000005af85a48,0
1028,1028,0,12494010,269963689,13775964,277768569,000000004ce3132c,257469679,39962900,39962900,262873870,302836770,257469679,000000004ce3132c,00004d20,000000005af85a49,000000005af85a49,0
1029,1029,0,12494010,269963689,13775964,277768569,000000004ce3132c,257469679,39962900,39962900,262873870,302836770,257469679,000000004ce3132d,00004d18,000000005af85a4a,000000005af85a49,0
1030,1030,0,12494010,269963689,13775964,277768569,000000004ce3132d,257469679,39962900,39962900,262873870,302836770,257469679,000000004ce3132d,00004d1c,000000005af85a4b,000000005af85a4a,0
1031,1031,0,12494010,269963689,13775964,277768570,000000004ce3132d,257469680,39962900,39962900,262873871,302836770,257469679,000000004ce3132e,00004d20,000000005af85a4c,000000005af85a4b,0
1032,1032,0,12494010,269963690,13775964,277768570,000000004ce3132e,257469680,39962900,39962900,262873871,302836771,257469680,000000004ce3132f,00004d20,000000005af85a4d,000000005af85a4c,0
1033,1033,0,12494010,269963690,13775964,277768570,000000004ce3132f,257469680,39962900,39962900,262873871,302836771,257469680,000000004ce3132f,00004d20,000000005af85a4d,000000005af85a4d,0
1034,1034,0,12494010,269963690,13775964,277768570,000000004ce3132f,257469680,39962900,39962900,262873871,302836771,257469680,000000004ce31330,00004d18,000000005af85a4e,000000005af85a4d,0
1035,1035,0,12494010,269963690,13775964,277768570,000000004ce31330,257469680,39962900,39962900,262873871,302836771,257469680,000000004ce31330,00004d1c,000000005af85a4f,000000005af85a4e,0
1036,1036,0,12494010,269963690,13775964,277768571,000000004ce31330,257469681,39962900,39962900,262873872,302836771,257469680,000000004ce31331,00004d20,000000005af85a50,000000005af85a4f,0
1037,1037,0,12494010,269963691,13775964,277768571,000000004ce31331,257469681,39962900,39962900,262873872,302836772,257469681,000000004ce31332,00004d20,000000005af85a51,000000005af85a50,0
1038,1038,0,12494010,269963691,13775964,277768571,000000004ce31332,257469681,39962900,39962900,262873872,302836772,257469681,000000004ce31332,00004d20,000000005af85a51,000000005af85a51,0
1039,1039,0,12494010,269963691,13775964,277768571,000000004ce31332,257469681,39962900,39962900,262873872,302836772,257469681,000000004ce31333,00004d18,000000005af85a52,000000005af85a51,0
1040,1040,0,12494010,269963691,13775964,277768571,000000004ce31333,257469681,39962900,39962900,262873872,302836772,257469681,000000004ce31333,00004d1c,000000005af85a53,000000005af85a52,0
1041,1041,0,12494010,269963691,13775964,277768572,000000004ce31333,257469682,39962900,39962900,262873873,302836772,257469681,000000004ce31334,00004d20,000000005af85a54,000000005af85a53,0
1042,1042,0,12494010,269963692,13775964,277768572,000000004ce31334,257469682,39962900,39962900,262873873,302836773,257469682,000000004ce31335,00004d20,000000005af85a55,000000005af85a54,0
1043,1043,0,12494010,269963692,13775964,277768572,000000004ce31335,257469682,39962900,39962900,262873873,302836773,257469682,000000004ce31335,00004d20,000000005af85a55,000000005af85a55,0
1044,1044,0,12494010,269963692,13775964,277768572,000000004ce31335,257469682,39962900,39962900,262873873,302836773,257469682,000000004ce31336,00004d18,000000005af85a56,000000005af85a55,0
1045,1045,0,12494010,269963692,13775964,277768572,000000004ce31336,257469682,39962900,39962900,262873873,302836773,257469682,000000004ce31336,00004d1c,000000005af85a57,000000005af85a56,0
1046,1046,0,12494010,269963692,13775964,277768573,000000004ce31336,257469683,39962900,39962900,262873874,302836773,257469682,000000004ce31337,00004d20,000000005af85a58,000000005af85a57,0
1047,1047,0,12494010,269963693,13775964,277768573,000000004ce31337,257469683,39962900,39962900,262873874,302836774,257469683,000000004ce31338,00004d20,000000005af85a59,000000005af85a58,0
1048,1048,0,12494010,269963693,13775964,277768573,000000004ce31338,257469683,39962900,39962900,262873874,302836774,257469683,000000004ce31338,00004d20,000000005af85a59,000000005af85a59,0
1049,1049,0,12494010,269963693,13775964,277768573,000000004ce31338,257469683,39962900,39962900,262873874,302836774,257469683,000000004ce31339,00004d18,000000005af85a5a,000000005af85a59,0
1050,1050,0,12494010,269963693,13775964,277768573,000000004ce31339,257469683,39962900,39962900,262873874,302836774,257469683,000000004ce31339,00004d1c,000000005af85a5b,000000005af85a5a,0
1051,1051,0,12494010,269963693,13775964,277768574,000000004ce31339,257469684,39962900,39962900,262873875,302836774,257469683,000000004ce3133a,00004d20,000000005af85a5c,000000005af85a5b,0
1052,1052,0,12494010,269963694,13775964,277768574,000000004ce3133a,257469684,39962900,39962900,262873875,302836775,257469684,000000004ce3133b,00004d20,000000005af85a5d,000000005af85a5c,0
1053,1053,0,12494010,269963694,13775964,277768574,000000004ce3133b,257469684,39962900,39962900,262873875,302836775,257469684,000000004ce3133b,00004d20,000000005af85a5d,000000005af85a5d,0
1054,1054,0,12494010,269963694,13775964,277768574,000000004ce3133b,257469684,39962900,39962900,262873875,302836775,257469684,000000004ce3133c,00004d18,000000005af85a5e,000000005af85a5d,0
1055,1055,0,12494010,269963694,13775964,277768574,000000004ce3133c,257469684,39962900,39962900,262873875,302836775,257469684,000000004ce3133c,00004d1c,000000005af85a5f,000000005af85a5e,0
1056,1056,0,12494010,269963694,13775964,277768575,000000004ce3133c,257469685,39962900,39962900,262873876,302836775,257469684,000000004ce3133d,00004d20,000000005af85a60,000000005af85a5f,0
1057,1057,0,12494010,269963695,13775964,277768575,000000004ce3133d,257469685,39962900,39962900,262873876,302836776,257469685,000000004ce3133e,00004d20,000000005af85a61,000000005af85a60,0
1058,1058,0,12494010,269963695,13775964,277768575,000000004ce3133e,257469685,39962900,39962900,262873876,302836776,257469685,000000004ce3133e,00004d20,000000005af85a61,000000005af85a61,0
1059,1059,0,12494010,269963695,13775964,277768575,000000004ce3133e,257469685,39962900,39962900,262873876,302836776,257469685,000000004ce3133f,00004d18,000000005af85a62,000000005af85a61,0
1060,1060,0,12494010,269963695,13775964,277768575,000000004ce3133f,257469685,39962900,39962900,262873876,302836776,257469685,000000004ce3133f,00004d1c,000000005af85a63,000000005af85a62,0
1061,1061,0,12494010,269963695,13775964,277768576,000000004ce3133f,257469686,39962900,39962900,262873877,302836776,257469685,000000004ce31340,00004d20,000000005af85a64,000000005af85a63,0
1062,1062,0,12494010,269963696,13775964,277768576,000000004ce31340,257469686,39962900,39962900,262873877,302836777,257469686,000000004ce31341,00004d20,000000005af85a65,000000005af85a64,0
1063,1063,0,12494010,269963696,13775964,277768576,000000004ce31341,257469686,39962900,39962900,262873877,302836777,257469686,000000004ce31341,00004d20,000000005af85a65,000000005af85a65,0
1064,1064,0,12494010,269963696,13775964,277768576,000000004ce31341,257469686,39962900,39962900,262873877,302836777,257469686,000000004ce31342,00004d18,000000005af85a66,000000005af85a65,0
1065,1065,0,12494010,269963696,13775964,277768576,000000004ce31342,257469686,39962900,39962900,262873877,302836777,257469686,000000004ce31342,00004d1c,000000005af85a67,000000005af85a66,0
1066,1066,0,12494010,269963696,13775964,277768577,000000004ce31342,257469687,39962900,39962900,262873878,302836777,257469686,000000004ce31343,00004d20,000000005af85a68,000000005af85a67,0
1067,1067,0,12494010,269963697,13775964,277768577,000000004ce31343,257469687,39962900,39962900,262873878,302836778,257469687,000000004ce31344,00004d20,000000005af85a69,000000005af85a68,0
1068,1068,0,12494010,269963697,13775964,277768577,000000004ce31344,257469687,39962900,39962900,262873878,302836778,257469687,000000004ce31344,00004d20,000000005af85a69,000000005af85a69,0
1069,1069,0,12494010,269963697,13775964,277768577,000000004ce31344,257469687,39962900,39962900,262873878,302836778,257469687,000000004ce31345,00004d18,000000005af85a6a,000000005af85a69,0
1070,1070,0,12494010,269963697,13775964,277768577,000000004ce31345,257469687,39962900,39962900,262873878,302836778,257469687,000000004ce31345,00004d1c,000000005af85a6b,000000005af85a6a,0
1071,1071,0,12494010,269963697,13775964,277768578,000000004ce31345,257469688,39962900,39962900,262873879,302836778,257469687,000000004ce31346,00004d20,000000005af85a6c,000000005af85a6b,0
1072,1072,0,12494010,269963698,13775964,277768578,000000004ce31346,257469688,39962900,39962900,262873879,302836779,257469688,000000004ce31347,00004d20,000000005af85a6d,000000005af85a6c,0
1073,1073,0,12494010,269963698,13775964,277768578,000000004ce31347,257469688,39962900,39962900,262873879,302836779,257469688,000000004ce31347,00004d20,000000005af85a6d,000000005af85a6d,0
1074,1074,0,12494010,269963698,13775964,277768578,000000004ce31347,257469688,39962900,39962900,262873879,302836779,257469688,000000004ce31348,00004d18,000000005af85a6e,000000005af85a6d,0
1075,1075,0,12494010,269963698,13775964,277768578,000000004ce31348,257469688,39962900,39962900,262873879,302836779,257469688,000000004ce31348,00004d1c,000000005af85a6f,000000005af85a6e,0
1076,1076,0,12494010,269963698,13775964,277768579,000000004ce31348,257469689,39962900,39962900,262873880,302836779,257469688,000000004ce31349,00004d20,000000005af85a70,000000005af85a6f,0
1077,1077,0,12494010,269963699,13775964,277768579,000000004ce31349,257469689,39962900,39962900,262873880,302836780,257469689,000000004ce3134a,00004d20,000000005af85a71,000000005af85a70,0
1078,1078,0,12494010,269963699,13775964,277768579,000000004ce3134a,257469689,39962900,39962900,262873880,302836780,257469689,000000004ce3134a,00004d20,000000005af85a71,000000005af85a71,0
1079,1079,0,12494010,269963699,13775964,277768579,000000004ce3134a,257469689,39962900,39962900,262873880,302836780,257469689,000000004ce3134b,00004d18,000000005af85a72,000000005af85a71,0
1080,1080,0,12494010,269963699,13775964,277768579,000000004ce3134b,257469689,39962900,39962900,262873880,302836780,257469689,000000004ce3134b,00004d1c,000000005af85a73,000000005af85a72,0
1081,1081,0,12494010,269963699,13775964,277768580,000000004ce3134b,257469690,39962900,39962900,262873881,302836780,257469689,000000004ce3134c,00004d20,000000005af85a74,000000005af85a73,0
1082,1082,0,12494010,269963700,13775964,277768580,000000004ce3134c,257469690,39962900,39962900,262873881,302836781,257469690,000000004ce3134d,00004d20,000000005af85a75,000000005af85a74,0
1083,1083,0,12494010,269963700,13775964,277768580,000000004ce3134d,257469690,39962900,39962900,262873881,302836781,257469690,000000004ce3134d,00004d20,000000005af85a75,000000005af85a75,0
1084,1084,0,12494010,269963700,13775964,277768580,000000004ce3134d,257469690,39962900,39962900,262873881,302836781,257469690,000000004ce3134e,00004d18,000000005af85a76,000000005af85a75,0
1085,1085,0,12494010,269963700,13775964,277768580,000000004ce3134e,257469690,39962900,39962900,262873881,302836781,257469690,000000004ce3134e,00004d1c,000000005af85a77,000000005af85a76,0
1086,1086,0,12494010,269963700,13775964,277768581,000000004ce3134e,257469691,39962900,39962900,262873882,302836781,257469690,000000004ce3134f,00004d20,000000005af85a78,000000005af85a77,0
1087,1087,0,12494010,269963701,13775964,277768581,000000004ce3134f,257469691,39962900,39962900,262873882,302836782,257469691,000000004ce31350,00004d20,000000005af85a79,000000005af85a78,0
1088,1088,0,12494010,269963701,13775964,277768581,000000004ce31350,257469691,39962900,39962900,262873882,302836782,257469691,000000004ce31350,00004d20,000000005af85a79,000000005af85a79,0
1089,1089,0,12494010,269963701,13775964,277768581,000000004ce31350,257469691,39962900,39962900,262873882,302836782,257469691,000000004ce31351,00004d18,000000005af85a7a,000000005af85a79,0
1090,1090,0,12494010,269963701,13775964,277768581,000000004ce31351,257469691,39962900,39962900,262873882,302836782,257469691,000000004ce31351,00004d1c,000000005af85a7b,000000005af85a7a,0
1091,1091,0,12494010,269963701,13775964,277768582,000000004ce31351,257469692,39962900,39962900,262873883,302836782,257469691,000000004ce31352,00004d20,000000005af85a7c,000000005af85a7b,0
1092,1092,0,12494010,269963702,13775964,277768582,000000004ce31352,257469692,39962900,39962900,262873883,302836783,257469692,000000004ce31353,00004d20,000000005af85a7d,000000005af85a7c,0
1093,1093,0,12494010,269963702,13775964,277768582,000000004ce31353,257469692,39962900,39962900,262873883,302836783,257469692,000000004ce31353,00004d20,000000005af85a7d,000000005af85a7d,0
1094,1094,0,12494010,269963702,13775964,277768582,000000004ce31353,257469692,39962900,39962900,262873883,302836783,257469692,000000004ce31354,00004d18,000000005af85a7e,000000005af85a7d,0
1095,1095,0,12494010,269963702,13775964,277768582,000000004ce31354,257469692,39962900,39962900,262873883,302836783,257469692,000000004ce31354,00004d1c,000000005af85a7f,000000005af85a7e,0
1096,1096,0,12494010,269963702,13775964,277768583,000000004ce31354,257469693,39962900,39962900,262873884,302836783,257469692,000000004ce31355,00004d20,000000005af85a80,000000005af85a7f,0
1097,1097,0,12494010,269963703,13775964,277768583,000000004ce31355,257469693,39962900,39962900,262873884,302836784,257469693,000000004ce31356,00004d20,000000005af85a81,000000005af85a80,0
1098,1098,0,12494010,269963703,13775964,277768583,000000004ce31356,257469693,39962900,39962900,262873884,302836784,257469693,000000004ce31356,00004d20,000000005af85a81,000000005af85a81,0
1099,1099,0,12494010,269963703,13775964,277768583,000000004ce31356,257469693,39962900,39962900,262873884,302836784,257469693,000000004ce31357,00004d18,000000005af85a82,000000005af85a81,0
1100,1100,0,12494010,269963703,13775964,277768583,000000004ce31357,257469693,39962900,39962900,262873884,302836784,257469693,000000004ce31357,00004d1c,000000005af85a83,000000005af85a82,0
1101,1101,0,12494010,269963703,13775964,277768584,000000004ce31357,257469694,39962900,39962900,262873885,302836784,257469693,000000004ce31358,00004d20,000000005af85a84,000000005af85a83,0
1102,1102,0,12494010,269963704,13775964,277768584,000000004ce31358,257469694,39962900,39962900,262873885,302836785,257469694,000000004ce31359,00004d20,000000005af85a85,000000005af85a84,0
1103,1103,0,12494010,269963704,13775964,277768584,000000004ce31359,257469694,39962900,39962900,262873885,302836785,257469694,000000004ce31359,00004d20,000000005af85a85,000000005af85a85,0
1104,1104,0,12494010,269963704,13775964,277768584,000000004ce31359,257469694,39962900,39962900,262873885,302836785,257469694,000000004ce3135a,00004d18,000000005af85a86,000000005af85a85,0
1105,1105,0,12494010,269963704,13775964,277768584,000000004ce3135a,257469694,39962900,39962900,262873885,302836785,257469694,000000004ce3135a,00004d1c,000000005af85a87,000000005af85a86,0
1106,1106,0,12494010,269963704,13775964,277768585,000000004ce3135a,257469695,39962900,39962900,262873886,302836785,257469694,000000004ce3135b,00004d20,000000005af85a88,000000005af85a87,0
1107,1107,0,12494010,269963705,13775964,277768585,000000004ce3135b,257469695,39962900,39962900,262873886,302836786,257469695,000000004ce3135c,00004d20,000000005af85a89,000000005af85a88,0
1108,1108,0,12494010,269963705,13775964,277768585,000000004ce3135c,257469695,39962900,39962900,262873886,302836786,257469695,000000004ce3135c,00004d20,000000005af85a89,000000005af85a89,0
1109,1109,0,12494010,269963705,13775964,277768585,000000004ce3135c,257469695,39962900,39962900,262873886,302836786,257469695,000000004ce3135d,00004d18,000000005af85a8a,000000005af85a89,0
1110,1110,0,12494010,269963705,13775964,277768585,000000004ce3135d,257469695,39962900,39962900,262873886,302836786,257469695,000000004ce3135d,00004d1c,000000005af85a8b,000000005af85a8a,0
1111,1111,0,12494010,269963705,13775964,277768586,000000004ce3135d,257469696,39962900,39962900,262873887,302836786,257469695,000000004ce3135e,00004d20,000000005af85a8c,000000005af85a8b,0
1112,1112,0,12494010,269963706,13775964,277768586,000000004ce3135e,257469696,39962900,39962900,262873887,302836787,257469696,000000004ce3135f,00004d20,000000005af85a8d,000000005af85a8c,0
1113,1113,0,12494010,269963706,13775964,277768586,000000004ce3135f,257469696,39962900,39962900,262873887,302836787,257469696,000000004ce3135f,00004d20,000000005af85a8d,000000005af85a8d,0
1114,1114,0,12494010,269963706,13775964,277768586,000000004ce3135f,257469696,39962900,39962900,262873887,302836787,257469696,000000004ce31360,00004d18,000000005af85a8e,000000005af85a8d,0
1115,1115,0,12494010,269963706,13775964,277768586,000000004ce31360,257469696,39962900,39962900,262873887,302836787,257469696,000000004ce31360,00004d1c,000000005af85a8f,000000005af85a8e,0
1116,1116,0,12494010,269963706,13775964,277768587,000000004ce31360,257469697,39962900,39962900,262873888,302836787,257469696,000000004ce31361,00004d20,000000005af85a90,000000005af85a8f,0
1117,1117,0,12494010,269963707,13775964,277768587,000000004ce31361,257469697,39962900,39962900,262873888,302836788,257469697,000000004ce31362,00004d20,000000005af85a91,000000005af85a90,0
1118,1118,0,12494010,269963707,13775964,277768587,000000004ce31362,257469697,39962900,39962900,262873888,302836788,257469697,000000004ce31362,00004d20,000000005af85a91,000000005af85a91,0
1119,1119,0,12494010,269963707,13775964,277768587,000000004ce31362,257469697,39962900,39962900,262873888,302836788,257469697,000000004ce31363,00004d18,000000005af85a92,000000005af85a91,0
1120,1120,0,12494010,269963707,13775964,277768587,000000004ce31363,257469697,39962900,39962900,262873888,302836788,257469697,000000004ce31363,00004d1c,000000005af85a93,000000005af85a92,0
1121,1121,0,12494010,269963707,13775964,277768588,000000004ce31363,257469698,39962900,39962900,262873889,302836788,257469697,000000004ce31364,00004d20,000000005af85a94,000000005af85a93,0
1122,1122,0,12494010,269963708,13775964,277768588,000000004ce31364,257469698,39962900,39962900,262873889,302836789,257469698,000000004ce31365,00004d20,000000005af85a95,000000005af85a94,0
1123,1123,0,12494010,269963708,13775964,277768588,000000004ce31365,257469698,39962900,39962900,262873889,302836789,257469698,000000004ce31365,00004d20,000000005af85a95,000000005af85a95,0
1124,1124,0,12494010,269963708,13775964,277768588,000000004ce31365,257469698,39962900,39962900,262873889,302836789,257469698,000000004ce31366,00004d18,000000005af85a96,000000005af85a95,0
1125,1125,0,12494010,269963708,13775964,277768588,000000004ce31366,257469698,39962900,39962900,262873889,302836789,257469698,000000004ce31366,00004d1c,000000005af85a97,000000005af85a96,0
1126,1126,0,12494010,269963708,13775964,277768589,000000004ce31366,257469699,39962900,39962900,262873890,302836789,257469698,000000004ce31367,00004d20,000000005af85a98,000000005af85a97,0
1127,1127,0,12494010,269963709,13775964,277768589,000000004ce31367,257469699,39962900,39962900,262873890,302836790,257469699,000000004ce31368,00004d20,000000005af85a99,000000005af85a98,0
1128,1128,0,12494010,269963709,13775964,277768589,000000004ce31368,257469699,39962900,39962900,262873890,302836790,257469699,000000004ce31368,00004d20,000000005af85a99,000000005af85a99,0
1129,1129,0,12494010,269963709,13775964,277768589,000000004ce31368,257469699,39962900,39962900,262873890,302836790,257469699,000000004ce31369,00004d18,000000005af85a9a,000000005af85a99,0
1130,1130,0,12494010,269963709,13775964,277768589,000000004ce31369,257469699,39962900,39962900,262873890,302836790,257469699,000000004ce31369,00004d1c,000000005af85a9b,000000005af85a9a,0
1131,1131,0,12494010,269963709,13775964,277768590,000000004ce31369,257469700,39962900,39962900,262873891,302836790,257469699,000000004ce3136a,00004d20,000000005af85a9c,000000005af85a9b,0
1132,1132,0,12494010,269963710,13775964,277768590,000000004ce3136a,257469700,39962900,39962900,262873891,302836791,257469700,000000004ce3136b,00004d20,000000005af85a9d,000000005af85a9c,0
1133,1133,0,12494010,269963710,13775964,277768590,000000004ce3136b,257469700,39962900,39962900,262873891,302836791,257469700,000000004ce3136b,00004d20,000000005af85a9d,000000005af85a9d,0
1134,1134,0,12494010,269963710,13775964,277768590,000000004ce3136b,257469700,39962900,39962900,262873891,302836791,257469700,000000004ce3136c,00004d18,000000005af85a9e,000000005af85a9d,0
1135,1135,0,12494010,269963710,13775964,277768590,000000004ce3136c,257469700,39962900,39962900,262873891,302836791,257469700,000000004ce3136c,00004d1c,000000005af85a9f,000000005af85a9e,0
1136,1136,0,12494010,269963710,13775964,277768591,000000004ce3136c,257469701,39962900,39962900,262873892,302836791,257469700,000000004ce3136d,00004d20,000000005af85aa0,000000005af85a9f,0
1137,1137,0,12494010,269963711,13775964,277768591,000000004ce3136d,257469701,39962900,39962900,262873892,302836792,257469701,000000004ce3136e,00004d20,000000005af85aa1,000000005af85aa0,0
1138,1138,0,12494010,269963711,13775964,277768591,000000004ce3136e,257469701,39962900,39962900,262873892,302836792,257469701,000000004ce3136e,00004d20,000000005af85aa1,000000005af85aa1,0
1139,1139,0,12494010,269963711,13775964,277768591,000000004ce3136e,257469701,39962900,39962900,262873892,302836792,257469701,000000004ce3136f,00004d18,000000005af85aa2,000000005af85aa1,0
1140,1140,0,12494010,269963711,13775964,277768591,000000004ce3136f,257469701,39962900,39962900,262873892,302836792,257469701,000000004ce3136f,00004d1c,000000005af85aa3,000000005af85aa2,0
1141,1141,0,12494010,269963711,13775964,277768592,000000004ce3136f,257469702,39962900,39962900,262873893,302836792,257469701,000000004ce31370,00004d20,000000005af85aa4,000000005af85aa3,0
1142,1142,0,12494010,269963712,13775964,277768592,000000004ce31370,257469702,39962900,39962900,262873893,302836793,257469702,000000004ce31371,00004d20,000000005af85aa5,000000005af85aa4,0
1143,1143,0,12494010,269963712,13775964,277768592,000000004ce31371,257469702,39962900,39962900,262873893,302836793,257469702,000000004ce31371,00004d20,000000005af85aa5,000000005af85aa5,0
1144,1144,0,12494010,269963712,13775964,277768592,000000004ce31371,257469702,39962900,39962900,262873893,302836793,257469702,000000004ce31372,00004d18,000000005af85aa6,000000005af85aa5,0
1145,1145,0,12494010,269963712,13775964,277768592,000000004ce31372,257469702,39962900,39962900,262873893,302836793,257469702,000000004ce31372,00004d1c,000000005af85aa7,000000005af85aa6,0
1146,1146,0,12494010,269963712,13775964,277768593,000000004ce31372,257469703,39962900,39962900,262873894,302836793,257469702,000000004ce31373,00004d20,000000005af85aa8,000000005af85aa7,0
1147,1147,0,12494010,269963713,13775964,277768593,000000004ce31373,257469703,39962900,39962900,262873894,302836794,257469703,000000004ce31374,00004d20,000000005af85aa9,000000005af85aa8,0
1148,1148,0,12494010,269963713,13775964,277768593,000000004ce31374,257469703,39962900,39962900,262873894,302836794,257469703,000000004ce31374,00004d20,000000005af85aa9,000000005af85aa9,0
1149,1149,0,12494010,269963713,13775964,277768593,000000004ce31374,257469703,39962900,39962900,262873894,302836794,257469703,000000004ce31375,00004d18,000000005af85aaa,000000005af85aa9,0
1150,1150,0,12494010,269963713,13775964,277768593,000000004ce31375,257469703,39962900,39962900,262873894,302836794,257469703,000000004ce31375,00004d1c,000000005af85aab,000000005af85aaa,0
1151,1151,0,12494010,269963713,13775964,277768594,000000004ce31375,257469704,39962900,39962900,262873895,302836794,257469703,000000004ce31376,00004d20,000000005af85aac,000000005af85aab,0
1152,1152,0,12494010,269963714,13775964,277768594,000000004ce31376,257469704,39962900,39962900,262873895,302836795,257469704,000000004ce31377,00004d20,000000005af85aad,000000005af85aac,0
1153,1153,0,12494010,269963714,13775964,277768594,000000004ce31377,257469704,39962900,39962900,262873895,302836795,257469704,000000004ce31377,00004d20,000000005af85aad,000000005af85aad,0
1154,1154,0,12494010,269963714,13775964,277768594,000000004ce31377,257469704,39962900,39962900,262873895,302836795,257469704,000000004ce31378,00004d18,000000005af85aae,000000005af85aad,0
1155,1155,0,12494010,269963714,13775964,277768594,000000004ce31378,257469704,39962900,39962900,262873895,302836795,257469704,000000004ce31378,00004d1c,000000005af85aaf,000000005af85aae,0
1156,1156,0,12494010,269963714,13775964,277768595,000000004ce31378,257469705,39962900,39962900,262873896,302836795,257469704,000000004ce31379,00004d20,000000005af85ab0,000000005af85aaf,0
1157,1157,0,12494010,269963715,13775964,277768595,000000004ce31379,257469705,39962900,39962900,262873896,302836796,257469705,000000004ce3137a,00004d20,000000005af85ab1,000000005af85ab0,0
1158,1158,0,12494010,269963715,13775964,277768595,000000004ce3137a,257469705,39962900,39962900,262873896,302836796,257469705,000000004ce3137a,00004d20,000000005af85ab1,000000005af85ab1,0
1159,1159,0,12494010,269963715,13775964,277768595,000000004ce3137a,257469705,39962900,39962900,262873896,302836796,257469705,000000004ce3137b,00004d18,000000005af85ab2,000000005af85ab1,0
1160,1160,0,12494010,269963715,13775964,277768595,000000004ce3137b,257469705,39962900,39962900,262873896,302836796,257469705,000000004ce3137b,00004d1c,000000005af85ab3,000000005af85ab2,0
1161,1161,0,12494010,269963715,13775964,277768596,000000004ce3137b,257469706,39962900,39962900,262873897,302836796,257469705,000000004ce3137c,00004d20,000000005af85ab4,000000005af85ab3,0
1162,1162,0,12494010,269963716,13775964,277768596,000000004ce3137c,257469706,39962900,39962900,262873897,302836797,257469706,000000004ce3137d,00004d20,000000005af85ab5,000000005af85ab4,0
1163,1163,0,12494010,269963716,13775964,277768596,000000004ce3137d,257469706,39962900,39962900,262873897,302836797,257469706,000000004ce3137d,00004d20,000000005af85ab5,000000005af85ab5,0
1164,1164,0,12494010,269963716,13775964,277768596,000000004ce3137d,257469706,39962900,39962900,262873897,302836797,257469706,000000004ce3137e,00004d18,000000005af85ab6,000000005af85ab5,0
1165,1165,0,12494010,269963716,13775964,277768596,000000004ce3137e,257469706,39962900,39962900,262873897,302836797,257469706,000000004ce3137e,00004d1c,000000005af85ab7,000000005af85ab6,0
1166,1166,0,12494010,269963716,13775964,277768597,000000004ce3137e,257469707,39962900,39962900,262873898,302836797,257469706,000000004ce3137f,00004d20,000000005af85ab8,000000005af85ab7,0
1167,1167,0,12494010,269963717,13775964,277768597,000000004ce3137f,257469707,39962900,39962900,262873898,302836798,257469707,000000004ce31380,00004d20,000000005af85ab9,000000005af85ab8,0
1168,1168,0,12494010,269963717,13775964,277768597,000000004ce31380,257469707,39962900,39962900,262873898,302836798,257469707,000000004ce31380,00004d20,000000005af85ab9,000000005af85ab9,0
1169,1169,0,12494010,269963717,13775964,277768597,000000004ce31380,257469707,39962900,39962900,262873898,302836798,257469707,000000004ce31381,00004d18,000000005af85aba,000000005af85ab9,0
1170,1170,0,12494010,269963717,13775964,277768597,000000004ce31381,257469707,39962900,39962900,262873898,302836798,257469707,000000004ce31381,00004d1c,000000005af85abb,000000005af85aba,0
1171,1171,0,12494010,269963717,13775964,277768598,000000004ce31381,257469708,39962900,39962900,262873899,302836798,257469707,000000004ce31382,00004d20,000000005af85abc,000000005af85abb,0
1172,1172,0,12494010,269963718,13775964,277768598,000000004ce31382,257469708,39962900,39962900,262873899,302836799,257469708,000000004ce31383,00004d20,000000005af85abd,000000005af85abc,0
1173,1173,0,12494010,269963718,13775964,277768598,000000004ce31383,257469708,39962900,39962900,262873899,302836799,257469708,000000004ce31383,00004d20,000000005af85abd,000000005af85abd,0
1174,1174,0,12494010,269963718,13775964,277768598,000000004ce31383,257469708,39962900,39962900,262873899,302836799,257469708,000000004ce31384,00004d18,000000005af85abe,000000005af85abd,0
1175,1175,0,12494010,269963718,13775964,277768598,000000004ce31384,257469708,39962900,39962900,262873899,302836799,257469708,000000004ce31384,00004d1c,000000005af85abf,000000005af85abe,0
1176,1176,0,12494010,269963718,13775964,277768599,000000004ce31384,257469709,39962900,39962900,262873900,302836799,257469708,000000004ce31385,00004d20,000000005af85ac0,000000005af85abf,0
1177,1177,0,12494010,269963719,13775964,277768599,000000004ce31385,257469709,39962900,39962900,262873900,302836800,257469709,000000004ce31386,00004d20,000000005af85ac1,000000005af85ac0,0
1178,1178,0,12494010,269963719,13775964,277768599,000000004ce31386,257469709,39962900,39962900,262873900,302836800,257469709,000000004ce31386,00004d20,000000005af85ac1,000000005af85ac1,0
1179,1179,0,12494010,269963719,13775964,277768599,000000004ce31386,257469709,39962900,39962900,262873900,302836800,257469709,000000004ce31387,00004d18,000000005af85ac2,000000005af85ac1,0
1180,1180,0,12494010,269963719,13775964,277768599,000000004ce31387,257469709,39962900,39962900,262873900,302836800,257469709,000000004ce31387,00004d1c,000000005af85ac3,000000005af85ac2,0
1181,1181,0,12494010,269963719,13775964,277768600,000000004ce31387,257469710,39962900,39962900,262873901,302836800,257469709,000000004ce31388,00004d20,000000005af85ac4,000000005af85ac3,0
1182,1182,0,12494010,269963720,13775964,277768600,000000004ce31388,257469710,39962900,39962900,262873901,302836801,257469710,000000004ce31389,00004d20,000000005af85ac5,000000005af85ac4,0
1183,1183,0,12494010,269963720,13775964,277768600,000000004ce31389,257469710,39962900,39962900,262873901,302836801,257469710,000000004ce31389,00004d20,000000005af85ac5,000000005af85ac5,0
1184,1184,0,12494010,269963720,13775964,277768600,000000004ce31389,257469710,39962900,39962900,262873901,302836801,257469710,000000004ce3138a,00004d18,000000005af85ac6,000000005af85ac5,0
1185,1185,0,12494010,269963720,13775964,277768600,000000004ce3138a,257469710,39962900,39962900,262873901,302836801,257469710,000000004ce3138a,00004d1c,000000005af85ac7,000000005af85ac6,0
1186,1186,0,12494010,269963720,13775964,277768601,000000004ce3138a,257469711,39962900,39962900,262873902,302836801,257469710,000000004ce3138b,00004d20,000000005af85ac8,000000005af85ac7,0
1187,1187,0,12494010,269963721,13775964,277768601,000000004ce3138b,257469711,39962900,39962900,262873902,302836802,257469711,000000004ce3138c,00004d20,000000005af85ac9,000000005af85ac8,0
1188,1188,0,12494010,269963721,13775964,277768601,000000004ce3138c,257469711,39962900,39962900,262873902,302836802,257469711,000000004ce3138c,00004d20,000000005af85ac9,000000005af85ac9,0
1189,1189,0,12494010,269963721,13775964,277768601,000000004ce3138c,257469711,39962900,39962900,262873902,302836802,257469711,000000004ce3138d,00004d18,000000005af85aca,000000005af85ac9,0
1190,1190,0,12494010,269963721,13775964,277768601,000000004ce3138d,257469711,39962900,39962900,262873902,302836802,257469711,000000004ce3138d,00004d1c,000000005af85acb,000000005af85aca,0
1191,1191,0,12494010,269963721,13775964,277768602,000000004ce3138d,257469712,39962900,39962900,262873903,302836802,257469711,000000004ce3138e,00004d20,000000005af85acc,000000005af85acb,0
1192,1192,0,12494010,269963722,13775964,277768602,000000004ce3138e,257469712,39962900,39962900,262873903,302836803,257469712,000000004ce3138f,00004d20,000000005af85acd,000000005af85acc,0
1193,1193,0,12494010,269963722,13775964,277768602,000000004ce3138f,257469712,39962900,39962900,262873903,302836803,257469712,000000004ce3138f,00004d20,000000005af85acd,000000005af85acd,0
1194,1194,0,12494010,269963722,13775964,277768602,000000004ce3138f,257469712,39962900,39962900,262873903,302836803,257469712,000000004ce31390,00004d18,000000005af85ace,000000005af85acd,0
1195,1195,0,12494010,269963722,13775964,277768602,000000004ce31390,257469712,39962900,39962900,262873903,302836803,257469712,000000004ce31390,00004d1c,000000005af85acf,000000005af85ace,0
1196,1196,0,12494010,269963722,13775964,277768603,000000004ce31390,257469713,39962900,39962900,262873904,302836803,257469712,000000004ce31391,00004d20,000000005af85ad0,000000005af85acf,0
1197,1197,0,12494010,269963723,13775964,277768603,000000004ce31391,257469713,39962900,39962900,262873904,302836804,257469713,000000004ce31392,00004d20,000000005af85ad1,000000005af85ad0,0
1198,1198,0,12494010,269963723,13775964,277768603,000000004ce31392,257469713,39962900,39962900,262873904,302836804,257469713,000000004ce31392,00004d20,000000005af85ad1,000000005af85ad1,0
1199,1199,0,12494010,269963723,13775964,277768603,000000004ce31392,257469713,39962900,39962900,262873904,302836804,257469713,000000004ce31393,00004d18,000000005af85ad2,000000005af85ad1,0
1200,1200,0,12494010,269963723,13775964,277768603,000000004ce31393,257469713,39962900,39962900,262873904,302836804,257469713,000000004ce31393,00004d1c,000000005af85ad3,000000005af85ad2,0
1201,1201,0,12494010,269963723,13775964,277768604,000000004ce31393,257469714,39962900,39962900,262873905,302836804,257469713,000000004ce31394,00004d20,000000005af85ad4,000000005af85ad3,0
1202,1202,0,12494010,269963724,13775964,277768604,000000004ce31394,257469714,39962900,39962900,262873905,302836805,257469714,000000004ce31395,00004d20,000000005af85ad5,000000005af85ad4,0
1203,1203,0,12494010,269963724,13775964,277768604,000000004ce31395,257469714,39962900,39962900,262873905,302836805,257469714,000000004ce31395,00004d20,000000005af85ad5,000000005af85ad5,0
1204,1204,0,12494010,269963724,13775964,277768604,000000004ce31395,257469714,39962900,39962900,262873905,302836805,257469714,000000004ce31396,00004d18,000000005af85ad6,000000005af85ad5,0
1205,1205,0,12494010,269963724,13775964,277768604,000000004ce31396,257469714,39962900,39962900,262873905,302836805,257469714,000000004ce31396,00004d1c,000000005af85ad7,000000005af85ad6,0
1206,1206,0,12494010,269963724,13775964,277768605,000000004ce31396,257469715,39962900,39962900,262873906,302836805,257469714,000000004ce31397,00004d20,000000005af85ad8,000000005af85ad7,0
1207,1207,0,12494010,269963725,13775964,277768605,000000004ce31397,257469715,39962900,39962900,262873906,302836806,257469715,000000004ce31398,00004d20,000000005af85ad9,000000005af85ad8,0
1208,1208,0,12494010,269963725,13775964,277768605,000000004ce31398,257469715,39962900,39962900,262873906,302836806,257469715,000000004ce31398,00004d20,000000005af85ad9,000000005af85ad9,0
1209,1209,0,12494010,269963725,13775964,277768605,000000004ce31398,257469715,39962900,39962900,262873906,302836806,257469715,000000004ce31399,00004d18,000000005af85ada,000000005af85ad9,0
1210,1210,0,12494010,269963725,13775964,277768605,000000004ce31399,257469715,39962900,39962900,262873906,302836806,257469715,000000004ce31399,00004d1c,000000005af85adb,000000005af85ada,0
1211,1211,0,12494010,269963725,13775964,277768606,000000004ce31399,257469716,39962900,39962900,262873907,302836806,257469715,000000004ce3139a,00004d20,000000005af85adc,000000005af85adb,0
1212,1212,0,12494010,269963726,13775964,277768606,000000004ce3139a,257469716,39962900,39962900,262873907,302836807,257469716,000000004ce3139b,00004d20,000000005af85add,000000005af85adc,0
1213,1213,0,12494010,269963726,13775964,277768606,000000004ce3139b,257469716,39962900,39962900,262873907,302836807,257469716,000000004ce3139b,00004d20,000000005af85add,000000005af85add,0
1214,1214,0,12494010,269963726,13775964,277768606,000000004ce3139b,257469716,39962900,39962900,262873907,302836807,257469716,000000004ce3139c,00004d18,000000005af85ade,000000005af85add,0
1215,1215,0,12494010,269963726,13775964,277768606,000000004ce3139c,257469716,39962900,39962900,262873907,302836807,257469716,000000004ce3139c,00004d1c,000000005af85adf,000000005af85ade,0
1216,1216,0,12494010,269963726,13775964,277768607,000000004ce3139c,257469717,39962900,39962900,262873908,302836807,257469716,000000004ce3139d,00004d20,000000005af85ae0,000000005af85adf,0
1217,1217,0,12494010,269963727,13775964,277768607,000000004ce3139d,257469717,39962900,39962900,262873908,302836808,257469717,000000004ce3139e,00004d20,000000005af85ae1,000000005af85ae0,0
1218,1218,0,12494010,269963727,13775964,277768607,000000004ce3139e,257469717,39962900,39962900,262873908,302836808,257469717,000000004ce3139e,00004d20,000000005af85ae1,000000005af85ae1,0
1219,1219,0,12494010,269963727,13775964,277768607,000000004ce3139e,257469717,39962900,39962900,262873908,302836808,257469717,000000004ce3139f,00004d18,000000005af85ae2,000000005af85ae1,0
1220,1220,0,12494010,269963727,13775964,277768607,000000004ce3139f,257469717,39962900,39962900,262873908,302836808,257469717,000000004ce3139f,00004d1c,000000005af85ae3,000000005af85ae2,0
1221,1221,0,12494010,269963727,13775964,277768608,000000004ce3139f,257469718,39962900,39962900,262873909,302836808,257469717,000000004ce313a0,00004d20,000000005af85ae4,000000005af85ae3,0
1222,1222,0,12494010,269963728,13775964,277768608,000000004ce313a0,257469718,39962900,39962900,262873909,302836809,257469718,000000004ce313a1,00004d20,000000005af85ae5,000000005af85ae4,0
1223,1223,0,12494010,269963728,13775964,277768608,000000004ce313a1,257469718,39962900,39962900,262873909,302836809,257469718,000000004ce313a1,00004d20,000000005af85ae5,000000005af85ae5,0
1224,1224,0,12494010,269963728,13775964,277768608,000000004ce313a1,257469718,39962900,39962900,262873909,302836809,257469718,000000004ce313a2,00004d18,000000005af85ae6,000000005af85ae5,0
1225,1225,0,12494010,269963728,13775964,277768608,000000004ce313a2,257469718,39962900,39962900,262873909,302836809,257469718,000000004ce313a2,00004d1c,000000005af85ae7,000000005af85ae6,0
1226,1226,0,12494010,269963728,13775964,277768609,000000004ce313a2,257469719,39962900,39962900,262873910,302836809,257469718,000000004ce313a3,00004d20,000000005af85ae8,000000005af85ae7,0
1227,1227,0,12494010,269963729,13775964,277768609,000000004ce313a3,257469719,39962900,39962900,262873910,302836810,257469719,000000004ce313a4,00004d20,000000005af85ae9,000000005af85ae8,0
1228,1228,0,12494010,269963729,13775964,277768609,000000004ce313a4,257469719,39962900,39962900,262873910,302836810,257469719,000000004ce313a4,00004d20,000000005af85ae9,000000005af85ae9,0
1229,1229,0,12494010,269963729,13775964,277768609,000000004ce313a4,257469719,39962900,39962900,262873910,302836810,257469719,000000004ce313a5,00004d18,000000005af85aea,000000005af85ae9,0
1230,1230,0,12494010,269963729,13775964,277768609,000000004ce313a5,257469719,39962900,39962900,262873910,302836810,257469719,000000004ce313a5,00004d1c,000000005af85aeb,000000005af85aea,0
1231,1231,0,12494010,269963729,13775964,277768610,000000004ce313a5,257469720,39962900,39962900,262873911,302836810,257469719,000000004ce313a6,00004d20,000000005af85aec,000000005af85aeb,0
1232,1232,0,12494010,269963730,13775964,277768610,000000004ce313a6,257469720,39962900,39962900,262873911,302836811,257469720,000000004ce313a7,00004d20,000000005af85aed,000000005af85aec,0
1233,1233,0,12494010,269963730,13775964,277768610,000000004ce313a7,257469720,39962900,39962900,262873911,302836811,257469720,000000004ce313a7,00004d20,000000005af85aed,000000005af85aed,0
1234,1234,0,12494010,269963730,13775964,277768610,000000004ce313a7,257469720,39962900,39962900,262873911,302836811,257469720,000000004ce313a8,00004d18,000000005af85aee,000000005af85aed,0
1235,1235,0,12494010,269963730,13775964,277768610,000000004ce313a8,257469720,39962900,39962900,262873911,302836811,257469720,000000004ce313a8,00004d1c,000000005af85aef,000000005af85aee,0
1236,1236,0,12494010,269963730,13775964,277768611,000000004ce313a8,257469721,39962900,39962900,262873912,302836811,257469720,000000004ce313a9,00004d20,000000005af85af0,000000005af85aef,0
1237,1237,0,12494010,269963731,13775964,277768611,000000004ce313a9,257469721,39962900,39962900,262873912,302836812,257469721,000000004ce313aa,00004d20,000000005af85af1,000000005af85af0,0
1238,1238,0,12494010,269963731,13775964,277768611,000000004ce313aa,257469721,39962900,39962900,262873912,302836812,257469721,000000004ce313aa,00004d20,000000005af85af1,000000005af85af1,0
1239,1239,0,12494010,269963731,13775964,277768611,000000004ce313aa,257469721,39962900,39962900,262873912,302836812,257469721,000000004ce313ab,00004d18,000000005af85af2,000000005af85af1,0
1240,1240,0,12494010,269963731,13775964,277768611,000000004ce313ab,257469721,39962900,39962900,262873912,302836812,257469721,000000004ce313ab,00004d1c,000000005af85af3,000000005af85af2,0
1241,1241,0,12494010,269963731,13775964,277768612,000000004ce313ab,257469722,39962900,39962900,262873913,302836812,257469721,000000004ce313ac,00004d20,000000005af85af4,000000005af85af3,0
1242,1242,0,12494010,269963732,13775964,277768612,000000004ce313ac,257469722,39962900,39962900,262873913,302836813,257469722,000000004ce313ad,00004d20,000000005af85af5,000000005af85af4,0
1243,1243,0,12494010,269963732,13775964,277768612,000000004ce313ad,257469722,39962900,39962900,262873913,302836813,257469722,000000004ce313ad,00004d20,000000005af85af5,000000005af85af5,0
1244,1244,0,12494010,269963732,13775964,277768612,000000004ce313ad,257469722,39962900,39962900,262873913,302836813,257469722,000000004ce313ae,00004d18,000000005af85af6,000000005af85af5,0
1245,1245,0,12494010,269963732,13775964,277768612,000000004ce313ae,257469722,39962900,39962900,262873913,302836813,257469722,000000004ce313ae,00004d1c,000000005af85af7,000000005af85af6,0
1246,1246,0,12494010,269963732,13775964,277768613,000000004ce313ae,257469723,39962900,39962900,262873914,302836813,257469722,000000004ce313af,00004d20,000000005af85af8,000000005af85af7,0
1247,1247,0,12494010,269963733,13775964,277768613,000000004ce313af,257469723,39962900,39962900,262873914,302836814,257469723,000000004ce313b0,00004d20,000000005af85af9,000000005af85af8,0
1248,1248,0,12494010,269963733,13775964,277768613,000000004ce313b0,257469723,39962900,39962900,262873914,302836814,257469723,000000004ce313b0,00004d20,000000005af85af9,000000005af85af9,0
1249,1249,0,12494010,269963733,13775964,277768613,000000004ce313b0,257469723,39962900,39962900,262873914,302836814,257469723,000000004ce313b1,00004d18,000000005af85afa,000000005af85af9,0
1250,1250,0,12494010,269963733,13775964,277768613,000000004ce313b1,257469723,39962900,39962900,262873914,302836814,257469723,000000004ce313b1,00004d1c,000000005af85afb,000000005af85afa,0
1251,1251,0,12494010,269963733,13775964,277768614,000000004ce313b1,257469724,39962900,39962900,262873915,302836814,257469723,000000004ce313b2,00004d20,000000005af85afc,000000005af85afb,0
1252,1252,0,12494010,269963734,13775964,277768614,000000004ce313b2,257469724,39962900,39962900,262873915,302836815,257469724,000000004ce313b3,00004d20,000000005af85afd,000000005af85afc,0
1253,1253,0,12494010,269963734,13775964,277768614,000000004ce313b3,257469724,39962900,39962900,262873915,302836815,257469724,000000004ce313b3,00004d20,000000005af85afd,000000005af85afd,0
1254,1254,0,12494010,269963734,13775964,277768614,000000004ce313b3,257469724,39962900,39962900,262873915,302836815,257469724,000000004ce313b4,00004d18,000000005af85afe,000000005af85afd,0
1255,1255,0,12494010,269963734,13775964,277768614,000000004ce313b4,257469724,39962900,39962900,262873915,302836815,257469724,000000004ce313b4,00004d1c,000000005af85aff,000000005af85afe,0
1256,1256,0,12494010,269963734,13775964,277768615,000000004ce313b4,257469725,39962900,39962900,262873916,302836815,257469724,000000004ce313b5,00004d20,000000005af85b00,000000005af85aff,0
1257,1257,0,12494010,269963735,13775964,277768615,000000004ce313b5,257469725,39962900,39962900,262873916,302836816,257469725,000000004ce313b6,00004d20,000000005af85b01,000000005af85b00,0
1258,1258,0,12494010,269963735,13775964,277768615,000000004ce313b6,257469725,39962900,39962900,262873916,302836816,257469725,000000004ce313b6,00004d20,000000005af85b01,000000005af85b01,0
1259,1259,0,12494010,269963735,13775964,277768615,000000004ce313b6,257469725,39962900,39962900,262873916,302836816,257469725,000000004ce313b7,00004d18,000000005af85b02,000000005af85b01,0
1260,1260,0,12494010,269963735,13775964,277768615,000000004ce313b7,257469725,39962900,39962900,262873916,302836816,257469725,000000004ce313b7,00004d1c,000000005af85b03,000000005af85b02,0
1261,1261,0,12494010,269963735,13775964,277768616,000000004ce313b7,257469726,39962900,39962900,262873917,302836816,257469725,000000004ce313b8,00004d20,000000005af85b04,000000005af85b03,0
1262,1262,0,12494010,269963736,13775964,277768616,000000004ce313b8,257469726,39962900,39962900,262873917,302836817,257469726,000000004ce313b9,00004d20,000000005af85b05,000000005af85b04,0
1263,1263,0,12494010,269963736,13775964,277768616,000000004ce313b9,257469726,39962900,39962900,262873917,302836817,257469726,000000004ce313b9,00004d20,000000005af85b05,000000005af85b05,0
1264,1264,0,12494010,269963736,13775964,277768616,000000004ce313b9,257469726,39962900,39962900,262873917,302836817,257469726,000000004ce313ba,00004d18,000000005af85b06,000000005af85b05,0
1265,1265,0,12494010,269963736,13775964,277768616,000000004ce313ba,257469726,39962900,39962900,262873917,302836817,257469726,000000004ce313ba,00004d1c,000000005af85b07,000000005af85b06,0
1266,1266,0,12494010,269963736,13775964,277768617,000000004ce313ba,257469727,39962900,39962900,262873918,302836817,257469726,000000004ce313bb,00004d20,000000005af85b08,000000005af85b07,0
1267,1267,0,12494010,269963737,13775964,277768617,000000004ce313bb,257469727,39962900,39962900,262873918,302836818,257469727,000000004ce313bc,00004d20,000000005af85b09,000000005af85b08,0
1268,1268,0,12494010,269963737,13775964,277768617,000000004ce313bc,257469727,39962900,39962900,262873918,302836818,257469727,000000004ce313bc,00004d20,000000005af85b09,000000005af85b09,0
1269,1269,0,12494010,269963737,13775964,277768617,000000004ce313bc,257469727,39962900,39962900,262873918,302836818,257469727,000000004ce313bd,00004d18,000000005af85b0a,000000005af85b09,0
1270,1270,0,12494010,269963737,13775964,277768617,000000004ce313bd,257469727,39962900,39962900,262873918,302836818,257469727,000000004ce313bd,00004d1c,000000005af85b0b,000000005af85b0a,0
1271,1271,0,12494010,269963737,13775964,277768618,000000004ce313bd,257469728,39962900,39962900,262873919,302836818,257469727,000000004ce313be,00004d20,000000005af85b0c,000000005af85b0b,0
1272,1272,0,12494010,269963738,13775964,277768618,000000004ce313be,257469728,39962900,39962900,262873919,302836819,257469728,000000004ce313bf,00004d20,000000005af85b0d,000000005af85b0c,0
1273,1273,0,12494010,269963738,13775964,277768618,000000004ce313bf,257469728,39962900,39962900,262873919,302836819,257469728,000000004ce313bf,00004d20,000000005af85b0d,000000005af85b0d,0
1274,1274,0,12494010,269963738,13775964,277768618,000000004ce313bf,257469728,39962900,39962900,262873919,302836819,257469728,000000004ce313c0,00004d18,000000005af85b0e,000000005af85b0d,0
1275,1275,0,12494010,269963738,13775964,277768618,000000004ce313c0,257469728,39962900,39962900,262873919,302836819,257469728,000000004ce313c0,00004d1c,000000005af85b0f,000000005af85b0e,0
1276,1276,0,12494010,269963738,13775964,277768619,000000004ce313c0,257469729,39962900,39962900,262873920,302836819,257469728,000000004ce313c1,00004d20,000000005af85b10,000000005af85b0f,0
1277,1277,0,12494010,269963739,13775964,277768619,000000004ce313c1,257469729,39962900,39962900,262873920,302836820,257469729,000000004ce313c2,00004d20,000000005af85b11,000000005af85b10,0
1278,1278,0,12494010,269963739,13775964,277768619,000000004ce313c2,257469729,39962900,39962900,262873920,302836820,257469729,000000004ce313c2,00004d20,000000005af85b11,000000005af85b11,0
1279,1279,0,12494010,269963739,13775964,277768619,000000004ce313c2,257469729,39962900,39962900,262873920,302836820,257469729,000000004ce313c3,00004d18,000000005af85b12,000000005af85b11,0
1280,1280,0,12494010,269963739,13775964,277768619,000000004ce313c3,257469729,39962900,39962900,262873920,302836820,257469729,000000004ce313c3,00004d1c,000000005af85b13,000000005af85b12,0
1281,1281,0,12494010,269963739,13775964,277768620,000000004ce313c3,257469730,39962900,39962900,262873921,302836820,257469729,000000004ce313c4,00004d20,000000005af85b14,000000005af85b13,0
1282,1282,0,12494010,269963740,13775964,277768620,000000004ce313c4,257469730,39962900,39962900,262873921,302836821,257469730,000000004ce313c5,00004d20,000000005af85b15,000000005af85b14,0
1283,1283,0,12494010,269963740,13775964,277768620,000000004ce313c5,257469730,39962900,39962900,262873921,302836821,257469730,000000004ce313c5,00004d20,000000005af85b15,000000005af85b15,0
1284,1284,0,12494010,269963740,13775964,277768620,000000004ce313c5,257469730,39962900,39962900,262873921,302836821,257469730,000000004ce313c6,00004d18,000000005af85b16,000000005af85b15,0
1285,1285,0,12494010,269963740,13775964,277768620,000000004ce313c6,257469730,39962900,39962900,262873921,302836821,257469730,000000004ce313c6,00004d1c,000000005af85b17,000000005af85b16,0
1286,1286,0,12494010,269963740,13775964,277768621,000000004ce313c6,257469731,39962900,39962900,262873922,302836821,257469730,000000004ce313c7,00004d20,000000005af85b18,000000005af85b17,0
1287,1287,0,12494010,269963741,13775964,277768621,000000004ce313c7,257469731,39962900,39962900,262873922,302836822,257469731,000000004ce313c8,00004d20,000000005af85b19,000000005af85b18,0
1288,1288,0,12494010,269963741,13775964,277768621,000000004ce313c8,257469731,39962900,39962900,262873922,302836822,257469731,000000004ce313c8,00004d20,000000005af85b19,000000005af85b19,0
1289,1289,0,12494010,269963741,13775964,277768621,000000004ce313c8,257469731,39962900,39962900,262873922,302836822,257469731,000000004ce313c9,00004d18,000000005af85b1a,000000005af85b19,0
1290,1290,0,12494010,269963741,13775964,277768621,000000004ce313c9,257469731,39962900,39962900,262873922,302836822,257469731,000000004ce313c9,00004d1c,000000005af85b1b,000000005af85b1a,0
1291,1291,0,12494010,269963741,13775964,277768622,000000004ce313c9,257469732,39962900,39962900,262873923,302836822,257469731,000000004ce313ca,00004d20,000000005af85b1c,000000005af85b1b,0
1292,1292,0,12494010,269963742,13775964,277768622,000000004ce313ca,257469732,39962900,39962900,262873923,302836823,257469732,000000004ce313cb,00004d20,000000005af85b1d,000000005af85b1c,0
1293,1293,0,12494010,269963742,13775964,277768622,000000004ce313cb,257469732,39962900,39962900,262873923,302836823,257469732,000000004ce313cb,00004d20,000000005af85b1d,000000005af85b1d,0
1294,1294,0,12494010,269963742,13775964,277768622,000000004ce313cb,257469732,39962900,39962900,262873923,302836823,257469732,000000004ce313cc,00004d18,000000005af85b1e,000000005af85b1d,0
1295,1295,0,12494010,269963742,13775964,277768622,000000004ce313cc,257469732,39962900,39962900,262873923,302836823,257469732,000000004ce313cc,00004d1c,000000005af85b1f,000000005af85b1e,0
1296,1296,0,12494010,269963742,13775964,277768623,000000004ce313cc,257469733,39962900,39962900,262873924,302836823,257469732,000000004ce313cd,00004d20,000000005af85b20,000000005af85b1f,0
1297,1297,0,12494010,269963743,13775964,277768623,000000004ce313cd,257469733,39962900,39962900,262873924,302836824,257469733,000000004ce313ce,00004d20,000000005af85b21,000000005af85b20,0
1298,1298,0,12494010,269963743,13775964,277768623,000000004ce313ce,257469733,39962900,39962900,262873924,302836824,257469733,000000004ce313ce,00004d20,000000005af85b21,000000005af85b21,0
1299,1299,0,12494010,269963743,13775964,277768623,000000004ce313ce,257469733,39962900,39962900,262873924,302836824,257469733,000000004ce313cf,00004d18,000000005af85b22,000000005af85b21,0
1300,1300,0,12494010,269963743,13775964,277768623,000000004ce313cf,257469733,39962900,39962900,262873924,302836824,257469733,000000004ce313cf,00004d1c,000000005af85b23,000000005af85b22,0
1301,1301,0,12494010,269963743,13775964,277768624,000000004ce313cf,257469734,39962900,39962900,262873925,302836824,257469733,000000004ce313d0,00004d20,000000005af85b24,000000005af85b23,0
1302,1302,0,12494010,269963744,13775964,277768624,000000004ce313d0,257469734,39962900,39962900,262873925,302836825,257469734,000000004ce313d1,00004d20,000000005af85b25,000000005af85b24,0
1303,1303,0,12494010,269963744,13775964,277768624,000000004ce313d1,257469734,39962900,39962900,262873925,302836825,257469734,000000004ce313d1,00004d20,000000005af85b25,000000005af85b25,0
1304,1304,0,12494010,269963744,13775964,277768624,000000004ce313d1,257469734,39962900,39962900,262873925,302836825,257469734,000000004ce313d2,00004d18,000000005af85b26,000000005af85b25,0
1305,1305,0,12494010,269963744,13775964,277768624,000000004ce313d2,257469734,39962900,39962900,262873925,302836825,257469734,000000004ce313d2,00004d1c,000000005af85b27,000000005af85b26,0
1306,1306,0,12494010,269963744,13775964,277768625,000000004ce313d2,257469735,39962900,39962900,262873926,302836825,257469734,000000004ce313d3,00004d20,000000005af85b28,000000005af85b27,0
1307,1307,0,12494010,269963745,13775964,277768625,000000004ce313d3,257469735,39962900,39962900,262873926,302836826,257469735,000000004ce313d4,00004d20,000000005af85b29,000000005af85b28,0
1308,1308,0,12494010,269963745,13775964,277768625,000000004ce313d4,257469735,39962900,39962900,262873926,302836826,257469735,000000004ce313d4,00004d20,000000005af85b29,000000005af85b29,0
1309,1309,0,12494010,269963745,13775964,277768625,000000004ce313d4,257469735,39962900,39962900,262873926,302836826,257469735,000000004ce313d5,00004d18,000000005af85b2a,000000005af85b29,0
1310,1310,0,12494010,269963745,13775964,277768625,000000004ce313d5,257469735,39962900,39962900,262873926,302836826,257469735,000000004ce313d5,00004d1c,000000005af85b2b,000000005af85b2a,0
1311,1311,0,12494010,269963745,13775964,277768626,000000004ce313d5,257469736,39962900,39962900,262873927,302836826,257469735,000000004ce313d6,00004d20,000000005af85b2c,000000005af85b2b,0
1312,1312,0,12494010,269963746,13775964,277768626,000000004ce313d6,257469736,39962900,39962900,262873927,302836827,257469736,000000004ce313d7,00004d20,000000005af85b2d,000000005af85b2c,0
1313,1313,0,12494010,269963746,13775964,277768626,000000004ce313d7,257469736,39962900,39962900,262873927,302836827,257469736,000000004ce313d7,00004d20,000000005af85b2d,000000005af85b2d,0
1314,1314,0,12494010,269963746,13775964,277768626,000000004ce313d7,257469736,39962900,39962900,262873927,302836827,257469736,000000004ce313d8,00004d18,000000005af85b2e,000000005af85b2d,0
1315,1315,0,12494010,269963746,13775964,277768626,000000004ce313d8,257469736,39962900,39962900,262873927,302836827,257469736,000000004ce313d8,00004d1c,000000005af85b2f,000000005af85b2e,0
1316,1316,0,12494010,269963746,13775964,277768627,000000004ce313d8,257469737,39962900,39962900,262873928,302836827,257469736,000000004ce313d9,00004d20,000000005af85b30,000000005af85b2f,0
1317,1317,0,12494010,269963747,13775964,277768627,000000004ce313d9,257469737,39962900,39962900,262873928,302836828,257469737,000000004ce313da,00004d20,000000005af85b31,000000005af85b30,0
1318,1318,0,12494010,269963747,13775964,277768627,000000004ce313da,257469737,39962900,39962900,262873928,302836828,257469737,000000004ce313da,00004d20,000000005af85b31,000000005af85b31,0
1319,1319,0,12494010,269963747,13775964,277768627,000000004ce313da,257469737,39962900,39962900,262873928,302836828,257469737,000000004ce313db,00004d18,000000005af85b32,000000005af85b31,0
1320,1320,0,12494010,269963747,13775964,277768627,000000004ce313db,257469737,39962900,39962900,262873928,302836828,257469737,000000004ce313db,00004d1c,000000005af85b33,000000005af85b32,0
1321,1321,0,12494010,269963747,13775964,277768628,000000004ce313db,257469738,39962900,39962900,262873929,302836828,257469737,000000004ce313dc,00004d20,000000005af85b34,000000005af85b33,0
1322,1322,0,12494010,269963748,13775964,277768628,000000004ce313dc,257469738,39962900,39962900,262873929,302836829,257469738,000000004ce313dd,00004d20,000000005af85b35,000000005af85b34,0
1323,1323,0,12494010,269963748,13775964,277768628,000000004ce313dd,257469738,39962900,39962900,262873929,302836829,257469738,000000004ce313dd,00004d20,000000005af85b35,000000005af85b35,0
1324,1324,0,12494010,269963748,13775964,277768628,000000004ce313dd,257469738,39962900,39962900,262873929,302836829,257469738,000000004ce313de,00004d18,000000005af85b36,000000005af85b35,0
1325,1325,0,12494010,269963748,13775964,277768628,000000004ce313de,257469738,39962900,39962900,262873929,302836829,257469738,000000004ce313de,00004d1c,000000005af85b37,000000005af85b36,0
1326,1326,0,12494010,269963748,13775964,277768629,000000004ce313de,257469739,39962900,39962900,262873930,302836829,257469738,000000004ce313df,00004d20,000000005af85b38,000000005af85b37,0
1327,1327,0,12494010,269963749,13775964,277768629,000000004ce313df,257469739,39962900,39962900,262873930,302836830,257469739,000000004ce313e0,00004d20,000000005af85b39,000000005af85b38,0
1328,1328,0,12494010,269963749,13775964,277768629,000000004ce313e0,257469739,39962900,39962900,262873930,302836830,257469739,000000004ce313e0,00004d20,000000005af85b39,000000005af85b39,0
1329,1329,0,12494010,269963749,13775964,277768629,000000004ce313e0,257469739,39962900,39962900,262873930,302836830,257469739,000000004ce313e1,00004d18,000000005af85b3a,000000005af85b39,0
1330,1330,0,12494010,269963749,13775964,277768629,000000004ce313e1,257469739,39962900,39962900,262873930,302836830,257469739,000000004ce313e1,00004d1c,000000005af85b3b,000000005af85b3a,0
1331,1331,0,12494010,269963749,13775964,277768630,000000004ce313e1,257469740,39962900,39962900,262873931,302836830,257469739,000000004ce313e2,00004d20,000000005af85b3c,000000005af85b3b,0
1332,1332,0,12494010,269963750,13775964,277768630,000000004ce313e2,257469740,39962900,39962900,262873931,302836831,257469740,000000004ce313e3,00004d20,000000005af85b3d,000000005af85b3c,0
1333,1333,0,12494010,269963750,13775964,277768630,000000004ce313e3,257469740,39962900,39962900,262873931,302836831,257469740,000000004ce313e3,00004d20,000000005af85b3d,000000005af85b3d,0
1334,1334,0,12494010,269963750,13775964,277768630,000000004ce313e3,257469740,39962900,39962900,262873931,302836831,257469740,000000004ce313e4,00004d18,000000005af85b3e,000000005af85b3d,0
1335,1335,0,12494010,269963750,13775964,277768630,000000004ce313e4,257469740,39962900,39962900,262873931,302836831,257469740,000000004ce313e4,00004d1c,000000005af85b3f,000000005af85b3e,0
1336,1336,0,12494010,269963750,13775964,277768631,000000004ce313e4,257469741,39962900,39962900,262873932,302836831,257469740,000000004ce313e5,00004d20,000000005af85b40,000000005af85b3f,0
1337,1337,0,12494010,269963751,13775964,277768631,000000004ce313e5,257469741,39962900,39962900,262873932,302836832,257469741,000000004ce313e6,00004d20,000000005af85b41,000000005af85b40,0
1338,1338,0,12494010,269963751,13775964,277768631,000000004ce313e6,257469741,39962900,39962900,262873932,302836832,257469741,000000004ce313e6,00004d20,000000005af85b41,000000005af85b41,0
1339,1339,0,12494010,269963751,13775964,277768631,000000004ce313e6,257469741,39962900,39962900,262873932,302836832,257469741,000000004ce313e7,00004d18,000000005af85b42,000000005af85b41,0
1340,1340,0,12494010,269963751,13775964,277768631,000000004ce313e7,257469741,39962900,39962900,262873932,302836832,257469741,000000004ce313e7,00004d1c,000000005af85b43,000000005af85b42,0
1341,1341,0,12494010,269963751,13775964,277768632,000000004ce313e7,257469742,39962900,39962900,262873933,302836832,257469741,000000004ce313e8,00004d20,000000005af85b44,000000005af85b43,0
1342,1342,0,12494010,269963752,13775964,277768632,000000004ce313e8,257469742,39962900,39962900,262873933,302836833,257469742,000000004ce313e9,00004d20,000000005af85b45,000000005af85b44,0
1343,1343,0,12494010,269963752,13775964,277768632,000000004ce313e9,257469742,39962900,39962900,262873933,302836833,257469742,000000004ce313e9,00004d20,000000005af85b45,000000005af85b45,0
1344,1344,0,12494010,269963752,13775964,277768632,000000004ce313e9,257469742,39962900,39962900,262873933,302836833,257469742,000000004ce313ea,00004d18,000000005af85b46,000000005af85b45,0
1345,1345,0,12494010,269963752,13775964,277768632,000000004ce313ea,257469742,39962900,39962900,262873933,302836833,257469742,000000004ce313ea,00004d1c,000000005af85b47,000000005af85b46,0
1346,1346,0,12494010,269963752,13775964,277768633,000000004ce313ea,257469743,39962900,39962900,262873934,302836833,257469742,000000004ce313eb,00004d20,000000005af85b48,000000005af85b47,0
1347,1347,0,12494010,269963753,13775964,277768633,000000004ce313eb,257469743,39962900,39962900,262873934,302836834,257469743,000000004ce313ec,00004d20,000000005af85b49,000000005af85b48,0
1348,1348,0,12494010,269963753,13775964,277768633,000000004ce313ec,257469743,39962900,39962900,262873934,302836834,257469743,000000004ce313ec,00004d20,000000005af85b49,000000005af85b49,0
1349,1349,0,12494010,269963753,13775964,277768633,000000004ce313ec,257469743,39962900,39962900,262873934,302836834,257469743,000000004ce313ed,00004d18,000000005af85b4a,000000005af85b49,0
1350,1350,0,12494010,269963753,13775964,277768633,000000004ce313ed,257469743,39962900,39962900,262873934,302836834,257469743,000000004ce313ed,00004d1c,000000005af85b4b,000000005af85b4a,0
1351,1351,0,12494010,269963753,13775964,277768634,000000004ce313ed,257469744,39962900,39962900,262873935,302836834,257469743,000000004ce313ee,00004d20,000000005af85b4c,000000005af85b4b,0
1352,1352,0,12494010,269963754,13775964,277768634,000000004ce313ee,257469744,39962900,39962900,262873935,302836835,257469744,000000004ce313ef,00004d20,000000005af85b4d,000000005af85b4c,0
1353,1353,0,12494010,269963754,13775964,277768634,000000004ce313ef,257469744,39962900,39962900,262873935,302836835,257469744,000000004ce313ef,00004d20,000000005af85b4d,000000005af85b4d,0
1354,1354,0,12494010,269963754,13775964,277768634,000000004ce313ef,257469744,39962900,39962900,262873935,302836835,257469744,000000004ce313f0,00004d18,000000005af85b4e,000000005af85b4d,0
1355,1355,0,12494010,269963754,13775964,277768634,000000004ce313f0,257469744,39962900,39962900,262873935,302836835,257469744,000000004ce313f0,00004d1c,000000005af85b4f,000000005af85b4e,0
1356,1356,0,12494010,269963754,13775964,277768635,000000004ce313f0,257469745,39962900,39962900,262873936,302836835,257469744,000000004ce313f1,00004d20,000000005af85b50,000000005af85b4f,0
1357,1357,0,12494010,269963755,13775964,277768635,000000004ce313f1,257469745,39962900,39962900,262873936,302836836,257469745,000000004ce313f2,00004d20,000000005af85b51,000000005af85b50,0
1358,1358,0,12494010,269963755,13775964,277768635,000000004ce313f2,257469745,39962900,39962900,262873936,302836836,257469745,000000004ce313f2,00004d20,000000005af85b51,000000005af85b51,0
1359,1359,0,12494010,269963755,13775964,277768635,000000004ce313f2,257469745,39962900,39962900,262873936,302836836,257469745,000000004ce313f3,00004d18,000000005af85b52,000000005af85b51,0
1360,1360,0,12494010,269963755,13775964,277768635,000000004ce313f3,257469745,39962900,39962900,262873936,302836836,257469745,000000004ce313f3,00004d1c,000000005af85b53,000000005af85b52,0
1361,1361,0,12494010,269963755,13775964,277768636,000000004ce313f3,257469746,39962900,39962900,262873937,302836836,257469745,000000004ce313f4,00004d20,000000005af85b54,000000005af85b53,0
1362,1362,0,12494010,269963756,13775964,277768636,000000004ce313f4,257469746,39962900,39962900,262873937,302836837,257469746,000000004ce313f5,00004d20,000000005af85b55,000000005af85b54,0
1363,1363,0,12494010,269963756,13775964,277768636,000000004ce313f5,257469746,39962900,39962900,262873937,302836837,257469746,000000004ce313f5,00004d20,000000005af85b55,000000005af85b55,0
1364,1364,0,12494010,269963756,13775964,277768636,000000004ce313f5,257469746,39962900,39962900,262873937,302836837,257469746,000000004ce313f6,00004d18,000000005af85b56,000000005af85b55,0
1365,1365,0,12494010,269963756,13775964,277768636,000000004ce313f6,257469746,39962900,39962900,262873937,302836837,257469746,000000004ce313f6,00004d1c,000000005af85b57,000000005af85b56,0
1366,1366,0,12494010,269963756,13775964,277768637,000000004ce313f6,257469747,39962900,39962900,262873938,302836837,257469746,000000004ce313f7,00004d20,000000005af85b58,000000005af85b57,0
1367,1367,0,12494010,269963757,13775964,277768637,000000004ce313f7,257469747,39962900,39962900,262873938,302836838,257469747,000000004ce313f8,00004d20,000000005af85b59,000000005af85b58,0
1368,1368,0,12494010,269963757,13775964,277768637,000000004ce313f8,257469747,39962900,39962900,262873938,302836838,257469747,000000004ce313f8,00004d20,000000005af85b59,000000005af85b59,0
1369,1369,0,12494010,269963757,13775964,277768637,000000004ce313f8,257469747,39962900,39962900,262873938,302836838,257469747,000000004ce313f9,00004d18,000000005af85b5a,000000005af85b59,0
1370,1370,0,12494010,269963757,13775964,277768637,000000004ce313f9,257469747,39962900,39962900,262873938,302836838,257469747,000000004ce313f9,00004d1c,000000005af85b5b,000000005af85b5a,0
1371,1371,0,12494010,269963757,13775964,277768638,000000004ce313f9,257469748,39962900,39962900,262873939,302836838,257469747,000000004ce313fa,00004d20,000000005af85b5c,000000005af85b5b,0
1372,1372,0,12494010,269963758,13775964,277768638,000000004ce313fa,257469748,39962900,39962900,262873939,302836839,257469748,000000004ce313fb,00004d20,000000005af85b5d,000000005af85b5c,0
1373,1373,0,12494010,269963758,13775964,277768638,000000004ce313fb,257469748,39962900,39962900,262873939,302836839,257469748,000000004ce313fb,00004d20,000000005af85b5d,000000005af85b5d,0
1374,1374,0,12494010,269963758,13775964,277768638,000000004ce313fb,257469748,39962900,39962900,262873939,302836839,257469748,000000004ce313fc,00004d18,000000005af85b5e,000000005af85b5d,0
1375,1375,0,12494010,269963758,13775964,277768638,000000004ce313fc,257469748,39962900,39962900,262873939,302836839,257469748,000000004ce313fc,00004d1c,000000005af85b5f,000000005af85b5e,0
1376,1376,0,12494010,269963758,13775964,277768639,000000004ce313fc,257469749,39962900,39962900,262873940,302836839,257469748,000000004ce313fd,00004d20,000000005af85b60,000000005af85b5f,0
1377,1377,0,12494010,269963759,13775964,277768639,000000004ce313fd,257469749,39962900,39962900,262873940,302836840,257469749,000000004ce313fe,00004d20,000000005af85b61,000000005af85b60,0
1378,1378,0,12494010,269963759,13775964,277768639,000000004ce313fe,257469749,39962900,39962900,262873940,302836840,257469749,000000004ce313fe,00004d20,000000005af85b61,000000005af85b61,0
1379,1379,0,12494010,269963759,13775964,277768639,000000004ce313fe,257469749,39962900,39962900,262873940,302836840,257469749,000000004ce313ff,00004d18,000000005af85b62,000000005af85b61,0
1380,1380,0,12494010,269963759,13775964,277768639,000000004ce313ff,257469749,39962900,39962900,262873940,302836840,257469749,000000004ce313ff,00004d1c,000000005af85b63,000000005af85b62,0
1381,1381,0,12494010,269963759,13775964,277768640,000000004ce313ff,257469750,39962900,39962900,262873941,302836840,257469749,000000004ce31400,00004d20,000000005af85b64,000000005af85b63,0
1382,1382,0,12494010,269963760,13775964,277768640,000000004ce31400,257469750,39962900,39962900,262873941,302836841,257469750,000000004ce31401,00004d20,000000005af85b65,000000005af85b64,0
1383,1383,0,12494010,269963760,13775964,277768640,000000004ce31401,257469750,39962900,39962900,262873941,302836841,257469750,000000004ce31401,00004d20,000000005af85b65,000000005af85b65,0
1384,1384,0,12494010,269963760,13775964,277768640,000000004ce31401,257469750,39962900,39962900,262873941,302836841,257469750,000000004ce31402,00004d18,000000005af85b66,000000005af85b65,0
1385,1385,0,12494010,269963760,13775964,277768640,000000004ce31402,257469750,39962900,39962900,262873941,302836841,257469750,000000004ce31402,00004d1c,000000005af85b67,000000005af85b66,0
1386,1386,0,12494010,269963760,13775964,277768641,000000004ce31402,257469751,39962900,39962900,262873942,302836841,257469750,000000004ce31403,00004d20,000000005af85b68,000000005af85b67,0
1387,1387,0,12494010,269963761,13775964,277768641,000000004ce31403,257469751,39962900,39962900,262873942,302836842,257469751,000000004ce31404,00004d20,000000005af85b69,000000005af85b68,0
1388,1388,0,12494010,269963761,13775964,277768641,000000004ce31404,257469751,39962900,39962900,262873942,302836842,257469751,000000004ce31404,00004d20,000000005af85b69,000000005af85b69,0
1389,1389,0,12494010,269963761,13775964,277768641,000000004ce31404,257469751,39962900,39962900,262873942,302836842,257469751,000000004ce31405,00004d18,000000005af85b6a,000000005af85b69,0
1390,1390,0,12494010,269963761,13775964,277768641,000000004ce31405,257469751,39962900,39962900,262873942,302836842,257469751,000000004ce31405,00004d1c,000000005af85b6b,000000005af85b6a,0
1391,1391,0,12494010,269963761,13775964,277768642,000000004ce31405,257469752,39962900,39962900,262873943,302836842,257469751,000000004ce31406,00004d20,000000005af85b6c,000000005af85b6b,0
1392,1392,0,12494010,269963762,13775964,277768642,000000004ce31406,257469752,39962900,39962900,262873943,302836843,257469752,000000004ce31407,00004d20,000000005af85b6d,000000005af85b6c,0
1393,1393,0,12494010,269963762,13775964,277768642,000000004ce31407,257469752,39962900,39962900,262873943,302836843,257469752,000000004ce31407,00004d20,000000005af85b6d,000000005af85b6d,0
1394,1394,0,12494010,269963762,13775964,277768642,000000004ce31407,257469752,39962900,39962900,262873943,302836843,257469752,000000004ce31408,00004d18,000000005af85b6e,000000005af85b6d,0
1395,1395,0,12494010,269963762,13775964,277768642,000000004ce31408,257469752,39962900,39962900,262873943,302836843,257469752,000000004ce31408,00004d1c,000000005af85b6f,000000005af85b6e,0
1396,1396,0,12494010,269963762,13775964,277768643,000000004ce31408,257469753,39962900,39962900,262873944,302836843,257469752,000000004ce31409,00004d20,000000005af85b70,000000005af85b6f,0
1397,1397,0,12494010,269963763,13775964,277768643,000000004ce31409,257469753,39962900,39962900,262873944,302836844,257469753,000000004ce3140a,00004d20,000000005af85b71,000000005af85b70,0
1398,1398,0,12494010,269963763,13775964,277768643,000000004ce3140a,257469753,39962900,39962900,262873944,302836844,257469753,000000004ce3140a,00004d20,000000005af85b71,000000005af85b71,0
1399,1399,0,12494010,269963763,13775964,277768643,000000004ce3140a,257469753,39962900,39962900,262873944,302836844,257469753,000000004ce3140b,00004d18,000000005af85b72,000000005af85b71,0
1400,1400,0,12494010,269963763,13775964,277768643,000000004ce3140b,257469753,39962900,39962900,262873944,302836844,257469753,000000004ce3140b,00004d1c,000000005af85b73,000000005af85b72,0
1401,1401,0,12494010,269963763,13775964,277768644,000000004ce3140b,257469754,39962900,39962900,262873945,302836844,257469753,000000004ce3140c,00004d20,000000005af85b74,000000005af85b73,0
1402,1402,0,12494010,269963764,13775964,277768644,000000004ce3140c,257469754,39962900,39962900,262873945,302836845,257469754,000000004ce3140d,00004d20,000000005af85b75,000000005af85b74,0
1403,1403,0,12494010,269963764,13775964,277768644,000000004ce3140d,257469754,39962900,39962900,262873945,302836845,257469754,000000004ce3140d,00004d20,000000005af85b75,000000005af85b75,0
1404,1404,0,12494010,269963764,13775964,277768644,000000004ce3140d,257469754,39962900,39962900,262873945,302836845,257469754,000000004ce3140e,00004d18,000000005af85b76,000000005af85b75,0
1405,1405,0,12494010,269963764,13775964,277768644,000000004ce3140e,257469754,39962900,39962900,262873945,302836845,257469754,000000004ce3140e,00004d1c,000000005af85b77,000000005af85b76,0
1406,1406,0,12494010,269963764,13775964,277768645,000000004ce3140e,257469755,39962900,39962900,262873946,302836845,257469754,000000004ce3140f,00004d20,000000005af85b78,000000005af85b77,0
1407,1407,0,12494010,269963765,13775964,277768645,000000004ce3140f,257469755,39962900,39962900,262873946,302836846,257469755,000000004ce31410,00004d20,000000005af85b79,000000005af85b78,0
1408,1408,0,12494010,269963765,13775964,277768645,000000004ce31410,257469755,39962900,39962900,262873946,302836846,257469755,000000004ce31410,00004d20,000000005af85b79,000000005af85b79,0
1409,1409,0,12494010,269963765,13775964,277768645,000000004ce31410,257469755,39962900,39962900,262873946,302836846,257469755,000000004ce31411,00004d18,000000005af85b7a,000000005af85b79,0
1410,1410,0,12494010,269963765,13775964,277768645,000000004ce31411,257469755,39962900,39962900,262873946,302836846,257469755,000000004ce31411,00004d1c,000000005af85b7b,000000005af85b7a,0
1411,1411,0,12494010,269963765,13775964,277768646,000000004ce31411,257469756,39962900,39962900,262873947,302836846,257469755,000000004ce31412,00004d20,000000005af85b7c,000000005af85b7b,0
1412,1412,0,12494010,269963766,13775964,277768646,000000004ce31412,257469756,39962900,39962900,262873947,302836847,257469756,000000004ce31413,00004d20,000000005af85b7d,000000005af85b7c,0
1413,1413,0,12494010,269963766,13775964,277768646,000000004ce31413,257469756,39962900,39962900,262873947,302836847,257469756,000000004ce31413,00004d20,000000005af85b7d,000000005af85b7d,0
1414,1414,0,12494010,269963766,13775964,277768646,000000004ce31413,257469756,39962900,39962900,262873947,302836847,257469756,000000004ce31414,00004d18,000000005af85b7e,000000005af85b7d,0
1415,1415,0,12494010,269963766,13775964,277768646,000000004ce31414,257469756,39962900,39962900,262873947,302836847,257469756,000000004ce31414,00004d1c,000000005af85b7f,000000005af85b7e,0
1416,1416,0,12494010,269963766,13775964,277768647,000000004ce31414,257469757,39962900,39962900,262873948,302836847,257469756,000000004ce31415,00004d20,000000005af85b80,000000005af85b7f,0
1417,1417,0,12494010,269963767,13775964,277768647,000000004ce31415,257469757,39962900,39962900,262873948,302836848,257469757,000000004ce31416,00004d20,000000005af85b81,000000005af85b80,0
1418,1418,0,12494010,269963767,13775964,277768647,000000004ce31416,257469757,39962900,39962900,262873948,302836848,257469757,000000004ce31416,00004d20,000000005af85b81,000000005af85b81,0
1419,1419,0,12494010,269963767,13775964,277768647,000000004ce31416,257469757,39962900,39962900,262873948,302836848,257469757,000000004ce31417,00004d18,000000005af85b82,000000005af85b81,0
1420,1420,0,12494010,269963767,13775964,277768647,000000004ce31417,257469757,39962900,39962900,262873948,302836848,257469757,000000004ce31417,00004d1c,000000005af85b83,000000005af85b82,0
1421,1421,0,12494010,269963767,13775964,277768648,000000004ce31417,257469758,39962900,39962900,262873949,302836848,257469757,000000004ce31418,00004d20,000000005af85b84,000000005af85b83,0
1422,1422,0,12494010,269963768,13775964,277768648,000000004ce31418,257469758,39962900,39962900,262873949,302836849,257469758,000000004ce31419,00004d20,000000005af85b85,000000005af85b84,0
1423,1423,0,12494010,269963768,13775964,277768648,000000004ce31419,257469758,39962900,39962900,262873949,302836849,257469758,000000004ce31419,00004d20,000000005af85b85,000000005af85b85,0
1424,1424,0,12494010,269963768,13775964,277768648,000000004ce31419,257469758,39962900,39962900,262873949,302836849,257469758,000000004ce3141a,00004d18,000000005af85b86,000000005af85b85,0
1425,1425,0,12494010,269963768,13775964,277768648,000000004ce3141a,257469758,39962900,39962900,262873949,302836849,257469758,000000004ce3141a,00004d1c,000000005af85b87,000000005af85b86,0
1426,1426,0,12494010,269963768,13775964,277768649,000000004ce3141a,257469759,39962900,39962900,262873950,302836849,257469758,000000004ce3141b,00004d20,000000005af85b88,000000005af85b87,0
1427,1427,0,12494010,269963769,13775964,277768649,000000004ce3141b,257469759,39962900,39962900,262873950,302836850,257469759,000000004ce3141c,00004d20,000000005af85b89,000000005af85b88,0
1428,1428,0,12494010,269963769,13775964,277768649,000000004ce3141c,257469759,39962900,39962900,262873950,302836850,257469759,000000004ce3141c,00004d20,000000005af85b89,000000005af85b89,0
1429,1429,0,12494010,269963769,13775964,277768649,000000004ce3141c,257469759,39962900,39962900,262873950,302836850,257469759,000000004ce3141d,00004d18,000000005af85b8a,000000005af85b89,0
1430,1430,0,12494010,269963769,13775964,277768649,000000004ce3141d,257469759,39962900,39962900,262873950,302836850,257469759,000000004ce3141d,00004d1c,000000005af85b8b,000000005af85b8a,0
1431,1431,0,12494010,269963769,13775964,277768650,000000004ce3141d,257469760,39962900,39962900,262873951,302836850,257469759,000000004ce3141e,00004d20,000000005af85b8c,000000005af85b8b,0
1432,1432,0,12494010,269963770,13775964,277768650,000000004ce3141e,257469760,39962900,39962900,262873951,302836851,257469760,000000004ce3141f,00004d20,000000005af85b8d,000000005af85b8c,0
1433,1433,0,12494010,269963770,13775964,277768650,000000004ce3141f,257469760,39962900,39962900,262873951,302836851,257469760,000000004ce3141f,00004d20,000000005af85b8d,000000005af85b8d,0
1434,1434,0,12494010,269963770,13775964,277768650,000000004ce3141f,257469760,39962900,39962900,262873951,302836851,257469760,000000004ce31420,00004d18,000000005af85b8e,000000005af85b8d,0
1435,1435,0,12494010,269963770,13775964,277768650,000000004ce31420,257469760,39962900,39962900,262873951,302836851,257469760,000000004ce31420,00004d1c,000000005af85b8f,000000005af85b8e,0
1436,1436,0,12494010,269963770,13775964,277768651,000000004ce31420,257469761,39962900,39962900,262873952,302836851,257469760,000000004ce31421,00004d20,000000005af85b90,000000005af85b8f,0
1437,1437,0,12494010,269963771,13775964,277768651,000000004ce31421,257469761,39962900,39962900,262873952,302836852,257469761,000000004ce31422,00004d20,000000005af85b91,000000005af85b90,0
1438,1438,0,12494010,269963771,13775964,277768651,000000004ce31422,257469761,39962900,39962900,262873952,302836852,257469761,000000004ce31422,00004d20,000000005af85b91,000000005af85b91,0
1439,1439,0,12494010,269963771,13775964,277768651,000000004ce31422,257469761,39962900,39962900,262873952,302836852,257469761,000000004ce31423,00004d18,000000005af85b92,000000005af85b91,0
1440,1440,0,12494010,269963771,13775964,277768651,000000004ce31423,257469761,39962900,39962900,262873952,302836852,257469761,000000004ce31423,00004d1c,000000005af85b93,000000005af85b92,0
1441,1441,0,12494010,269963771,13775964,277768652,000000004ce31423,257469762,39962900,39962900,262873953,302836852,257469761,000000004ce31424,00004d20,000000005af85b94,000000005af85b93,0
1442,1442,0,12494010,269963772,13775964,277768652,000000004ce31424,257469762,39962900,39962900,262873953,302836853,257469762,000000004ce31425,00004d20,000000005af85b95,000000005af85b94,0
1443,1443,0,12494010,269963772,13775964,277768652,000000004ce31425,257469762,39962900,39962900,262873953,302836853,257469762,000000004ce31425,00004d20,000000005af85b95,000000005af85b95,0
1444,1444,0,12494010,269963772,13775964,277768652,000000004ce31425,257469762,39962900,39962900,262873953,302836853,257469762,000000004ce31426,00004d18,000000005af85b96,000000005af85b95,0
1445,1445,0,12494010,269963772,13775964,277768652,000000004ce31426,257469762,39962900,39962900,262873953,302836853,257469762,000000004ce31426,00004d1c,000000005af85b97,000000005af85b96,0
1446,1446,0,12494010,269963772,13775964,277768653,000000004ce31426,257469763,39962900,39962900,262873954,302836853,257469762,000000004ce31427,00004d20,000000005af85b98,000000005af85b97,0
1447,1447,0,12494010,269963773,13775964,277768653,000000004ce31427,257469763,39962900,39962900,262873954,302836854,257469763,000000004ce31428,00004d20,000000005af85b99,000000005af85b98,0
1448,1448,0,12494010,269963773,13775964,277768653,000000004ce31428,257469763,39962900,39962900,262873954,302836854,257469763,000000004ce31428,00004d20,000000005af85b99,000000005af85b99,0
1449,1449,0,12494010,269963773,13775964,277768653,000000004ce31428,257469763,39962900,39962900,262873954,302836854,257469763,000000004ce31429,00004d18,000000005af85b9a,000000005af85b99,0
1450,1450,0,12494010,269963773,13775964,277768653,000000004ce31429,257469763,39962900,39962900,262873954,302836854,257469763,000000004ce31429,00004d1c,000000005af85b9b,000000005af85b9a,0
1451,1451,0,12494010,269963773,13775964,277768654,000000004ce31429,257469764,39962900,39962900,262873955,302836854,257469763,000000004ce3142a,00004d20,000000005af85b9c,000000005af85b9b,0
1452,1452,0,12494010,269963774,13775964,277768654,000000004ce3142a,257469764,39962900,39962900,262873955,302836855,257469764,000000004ce3142b,00004d20,000000005af85b9d,000000005af85b9c,0
1453,1453,0,12494010,269963774,13775964,277768654,000000004ce3142b,257469764,39962900,39962900,262873955,302836855,257469764,000000004ce3142b,00004d20,000000005af85b9d,000000005af85b9d,0
1454,1454,0,12494010,269963774,13775964,277768654,000000004ce3142b,257469764,39962900,39962900,262873955,302836855,257469764,000000004ce3142c,00004d18,000000005af85b9e,000000005af85b9d,0
1455,1455,0,12494010,269963774,13775964,277768654,000000004ce3142c,257469764,39962900,39962900,262873955,302836855,257469764,000000004ce3142c,00004d1c,000000005af85b9f,000000005af85b9e,0
1456,1456,0,12494010,269963774,13775964,277768655,000000004ce3142c,257469765,39962900,39962900,262873956,302836855,257469764,000000004ce3142d,00004d20,000000005af85ba0,000000005af85b9f,0
1457,1457,0,12494010,269963775,13775964,277768655,000000004ce3142d,257469765,39962900,39962900,262873956,302836856,257469765,000000004ce3142e,00004d20,000000005af85ba1,000000005af85ba0,0
1458,1458,0,12494010,269963775,13775964,277768655,000000004ce3142e,257469765,39962900,39962900,262873956,302836856,257469765,000000004ce3142e,00004d20,000000005af85ba1,000000005af85ba1,0
1459,1459,0,12494010,269963775,13775964,277768655,000000004ce3142e,257469765,39962900,39962900,262873956,302836856,257469765,000000004ce3142f,00004d18,000000005af85ba2,000000005af85ba1,0
1460,1460,0,12494010,269963775,13775964,277768655,000000004ce3142f,257469765,39962900,39962900,262873956,302836856,257469765,000000004ce3142f,00004d1c,000000005af85ba3,000000005af85ba2,0
1461,1461,0,12494010,269963775,13775964,277768656,000000004ce3142f,257469766,39962900,39962900,262873957,302836856,257469765,000000004ce31430,00004d20,000000005af85ba4,000000005af85ba3,0
1462,1462,0,12494010,269963776,13775964,277768656,000000004ce31430,257469766,39962900,39962900,262873957,302836857,257469766,000000004ce31431,00004d20,000000005af85ba5,000000005af85ba4,0
1463,1463,0,12494010,269963776,13775964,277768656,000000004ce31431,257469766,39962900,39962900,262873957,302836857,257469766,000000004ce31431,00004d20,000000005af85ba5,000000005af85ba5,0
1464,1464,0,12494010,269963776,13775964,277768656,000000004ce31431,257469766,39962900,39962900,262873957,302836857,257469766,000000004ce31432,00004d18,000000005af85ba6,000000005af85ba5,0
1465,1465,0,12494010,269963776,13775964,277768656,000000004ce31432,257469766,39962900,39962900,262873957,302836857,257469766,000000004ce31432,00004d1c,000000005af85ba7,000000005af85ba6,0
1466,1466,0,12494010,269963776,13775964,277768657,000000004ce31432,257469767,39962900,39962900,262873958,302836857,257469766,000000004ce31433,00004d20,000000005af85ba8,000000005af85ba7,0
1467,1467,0,12494010,269963777,13775964,277768657,000000004ce31433,257469767,39962900,39962900,262873958,302836858,257469767,000000004ce31434,00004d20,000000005af85ba9,000000005af85ba8,0
1468,1468,0,12494010,269963777,13775964,277768657,000000004ce31434,257469767,39962900,39962900,262873958,302836858,257469767,000000004ce31434,00004d20,000000005af85ba9,000000005af85ba9,0
1469,1469,0,12494010,269963777,13775964,277768657,000000004ce31434,257469767,39962900,39962900,262873958,302836858,257469767,000000004ce31435,00004d18,000000005af85baa,000000005af85ba9,0
1470,1470,0,12494010,269963777,13775964,277768657,000000004ce31435,257469767,39962900,39962900,262873958,302836858,257469767,000000004ce31435,00004d1c,000000005af85bab,000000005af85baa,0
1471,1471,0,12494010,269963777,13775964,277768658,000000004ce31435,257469768,39962900,39962900,262873959,302836858,257469767,000000004ce31436,00004d20,000000005af85bac,000000005af85bab,0
1472,1472,0,12494010,269963778,13775964,277768658,000000004ce31436,257469768,39962900,39962900,262873959,302836859,257469768,000000004ce31437,00004d20,000000005af85bad,000000005af85bac,0
1473,1473,0,12494010,269963778,13775964,277768658,000000004ce31437,257469768,39962900,39962900,262873959,302836859,257469768,000000004ce31437,00004d20,000000005af85bad,000000005af85bad,0
1474,1474,0,12494010,269963778,13775964,277768658,000000004ce31437,257469768,39962900,39962900,262873959,302836859,257469768,000000004ce31438,00004d18,000000005af85bae,000000005af85bad,0
1475,1475,0,12494010,269963778,13775964,277768658,000000004ce31438,257469768,39962900,39962900,262873959,302836859,257469768,000000004ce31438,00004d1c,000000005af85baf,000000005af85bae,0
1476,1476,0,12494010,269963778,13775964,277768659,000000004ce31438,257469769,39962900,39962900,262873960,302836859,257469768,000000004ce31439,00004d20,000000005af85bb0,000000005af85baf,0
1477,1477,0,12494010,269963779,13775964,277768659,000000004ce31439,257469769,39962900,39962900,262873960,302836860,257469769,000000004ce3143a,00004d20,000000005af85bb1,000000005af85bb0,0
1478,1478,0,12494010,269963779,13775964,277768659,000000004ce3143a,257469769,39962900,39962900,262873960,302836860,257469769,000000004ce3143a,00004d20,000000005af85bb1,000000005af85bb1,0
1479,1479,0,12494010,269963779,13775964,277768659,000000004ce3143a,257469769,39962900,39962900,262873960,302836860,257469769,000000004ce3143b,00004d18,000000005af85bb2,000000005af85bb1,0
1480,1480,0,12494010,269963779,13775964,277768659,000000004ce3143b,257469769,39962900,39962900,262873960,302836860,257469769,000000004ce3143b,00004d1c,000000005af85bb3,000000005af85bb2,0
1481,1481,0,12494010,269963779,13775964,277768660,000000004ce3143b,257469770,39962900,39962900,262873961,302836860,257469769,000000004ce3143c,00004d20,000000005af85bb4,000000005af85bb3,0
1482,1482,0,12494010,269963780,13775964,277768660,000000004ce3143c,257469770,39962900,39962900,262873961,302836861,257469770,000000004ce3143d,00004d20,000000005af85bb5,000000005af85bb4,0
1483,1483,0,12494010,269963780,13775964,277768660,000000004ce3143d,257469770,39962900,39962900,262873961,302836861,257469770,000000004ce3143d,00004d20,000000005af85bb5,000000005af85bb5,0
1484,1484,0,12494010,269963780,13775964,277768660,000000004ce3143d,257469770,39962900,39962900,262873961,302836861,257469770,000000004ce3143e,00004d18,000000005af85bb6,000000005af85bb5,0
1485,1485,0,12494010,269963780,13775964,277768660,000000004ce3143e,257469770,39962900,39962900,262873961,302836861,257469770,000000004ce3143e,00004d1c,000000005af85bb7,000000005af85bb6,0
1486,1486,0,12494010,269963780,13775964,277768661,000000004ce3143e,257469771,39962900,39962900,262873962,302836861,257469770,000000004ce3143f,00004d20,000000005af85bb8,000000005af85bb7,0
1487,1487,0,12494010,269963781,13775964,277768661,000000004ce3143f,257469771,39962900,39962900,262873962,302836862,257469771,000000004ce31440,00004d20,000000005af85bb9,000000005af85bb8,0
1488,1488,0,12494010,269963781,13775964,277768661,000000004ce31440,257469771,39962900,39962900,262873962,302836862,257469771,000000004ce31440,00004d20,000000005af85bb9,000000005af85bb9,0
1489,1489,0,12494010,269963781,13775964,277768661,000000004ce31440,257469771,39962900,39962900,262873962,302836862,257469771,000000004ce31441,00004d18,000000005af85bba,000000005af85bb9,0
1490,1490,0,12494010,269963781,13775964,277768661,000000004ce31441,257469771,39962900,39962900,262873962,302836862,257469771,000000004ce31441,00004d1c,000000005af85bbb,000000005af85bba,0
1491,1491,0,12494010,269963781,13775964,277768662,000000004ce31441,257469772,39962900,39962900,262873963,302836862,257469771,000000004ce31442,00004d20,000000005af85bbc,000000005af85bbb,0
1492,1492,0,12494010,269963782,13775964,277768662,000000004ce31442,257469772,39962900,39962900,262873963,302836863,257469772,000000004ce31443,00004d20,000000005af85bbd,000000005af85bbc,0
1493,1493,0,12494010,269963782,13775964,277768662,000000004ce31443,257469772,39962900,39962900,262873963,302836863,257469772,000000004ce31443,00004d20,000000005af85bbd,000000005af85bbd,0
1494,1494,0,12494010,269963782,13775964,277768662,000000004ce31443,257469772,39962900,39962900,262873963,302836863,257469772,000000004ce31444,00004d18,000000005af85bbe,000000005af85bbd,0
1495,1495,0,12494010,269963782,13775964,277768662,000000004ce31444,257469772,39962900,39962900,262873963,302836863,257469772,000000004ce31444,00004d1c,000000005af85bbf,000000005af85bbe,0
1496,1496,0,12494010,269963782,13775964,277768663,000000004ce31444,257469773,39962900,39962900,262873964,302836863,257469772,000000004ce31445,00004d20,000000005af85bc0,000000005af85bbf,0
1497,1497,0,12494010,269963783,13775964,277768663,000000004ce31445,257469773,39962900,39962900,262873964,302836864,257469773,000000004ce31446,00004d20,000000005af85bc1,000000005af85bc0,0
1498,1498,0,12494010,269963783,13775964,277768663,000000004ce31446,257469773,39962900,39962900,262873964,302836864,257469773,000000004ce31446,00004d20,000000005af85bc1,000000005af85bc1,0
1499,1499,0,12494010,269963783,13775964,277768663,000000004ce31446,257469773,39962900,39962900,262873964,302836864,257469773,000000004ce31447,00004d18,000000005af85bc2,000000005af85bc1,0
1500,1500,0,12494010,269963783,13775964,277768663,000000004ce31447,257469773,39962900,39962900,262873964,302836864,257469773,000000004ce31447,00004d1c,000000005af85bc3,000000005af85bc2,0
1501,1501,0,12494010,269963783,13775964,277768664,000000004ce31447,257469774,39962900,39962900,262873965,302836864,257469773,000000004ce31448,00004d20,000000005af85bc4,000000005af85bc3,0
1502,1502,0,12494010,269963784,13775964,277768664,000000004ce31448,257469774,39962900,39962900,262873965,302836865,257469774,000000004ce31449,00004d20,000000005af85bc5,000000005af85bc4,0
1503,1503,0,12494010,269963784,13775964,277768664,000000004ce31449,257469774,39962900,39962900,262873965,302836865,257469774,000000004ce31449,00004d20,000000005af85bc5,000000005af85bc5,0
1504,1504,0,12494010,269963784,13775964,277768664,000000004ce31449,257469774,39962900,39962900,262873965,302836865,257469774,000000004ce3144a,00004d18,000000005af85bc6,000000005af85bc5,0
1505,1505,0,12494010,269963784,13775964,277768664,000000004ce3144a,257469774,39962900,39962900,262873965,302836865,257469774,000000004ce3144a,00004d1c,000000005af85bc7,000000005af85bc6,0
1506,1506,0,12494010,269963784,13775964,277768665,000000004ce3144a,257469775,39962900,39962900,262873966,302836865,257469774,000000004ce3144b,00004d20,000000005af85bc8,000000005af85bc7,0
1507,1507,0,12494010,269963785,13775964,277768665,000000004ce3144b,257469775,39962900,39962900,262873966,302836866,257469775,000000004ce3144c,00004d20,000000005af85bc9,000000005af85bc8,0
1508,1508,0,12494010,269963785,13775964,277768665,000000004ce3144c,257469775,39962900,39962900,262873966,302836866,257469775,000000004ce3144c,00004d20,000000005af85bc9,000000005af85bc9,0
1509,1509,0,12494010,269963785,13775964,277768665,000000004ce3144c,257469775,39962900,39962900,262873966,302836866,257469775,000000004ce3144d,00004d18,000000005af85bca,000000005af85bc9,0
1510,1510,0,12494010,269963785,13775964,277768665,000000004ce3144d,257469775,39962900,39962900,262873966,302836866,257469775,000000004ce3144d,00004d1c,000000005af85bcb,000000005af85bca,0
1511,1511,0,12494010,269963785,13775964,277768666,000000004ce3144d,257469776,39962900,39962900,262873967,302836866,257469775,000000004ce3144e,00004d20,000000005af85bcc,000000005af85bcb,0
1512,1512,0,12494010,269963786,13775964,277768666,000000004ce3144e,257469776,39962900,39962900,262873967,302836867,257469776,000000004ce3144f,00004d20,000000005af85bcd,000000005af85bcc,0
1513,1513,0,12494010,269963786,13775964,277768666,000000004ce3144f,257469776,39962900,39962900,262873967,302836867,257469776,000000004ce3144f,00004d20,000000005af85bcd,000000005af85bcd,0
1514,1514,0,12494010,269963786,13775964,277768666,000000004ce3144f,257469776,39962900,39962900,262873967,302836867,257469776,000000004ce31450,00004d18,000000005af85bce,000000005af85bcd,0
1515,1515,0,12494010,269963786,13775964,277768666,000000004ce31450,257469776,39962900,39962900,262873967,302836867,257469776,000000004ce31450,00004d1c,000000005af85bcf,000000005af85bce,0
1516,1516,0,12494010,269963786,13775964,277768667,000000004ce31450,257469777,39962900,39962900,262873968,302836867,257469776,000000004ce31451,00004d20,000000005af85bd0,000000005af85bcf,0
1517,1517,0,12494010,269963787,13775964,277768667,000000004ce31451,257469777,39962900,39962900,262873968,302836868,257469777,000000004ce31452,00004d20,000000005af85bd1,000000005af85bd0,0
1518,1518,0,12494010,269963787,13775964,277768667,000000004ce31452,257469777,39962900,39962900,262873968,302836868,257469777,000000004ce31452,00004d20,000000005af85bd1,000000005af85bd1,0
1519,1519,0,12494010,269963787,13775964,277768667,000000004ce31452,257469777,39962900,39962900,262873968,302836868,257469777,000000004ce31453,00004d18,000000005af85bd2,000000005af85bd1,0
1520,1520,0,12494010,269963787,13775964,277768667,000000004ce31453,257469777,39962900,39962900,262873968,302836868,257469777,000000004ce31453,00004d1c,000000005af85bd3,000000005af85bd2,0
1521,1521,0,12494010,269963787,13775964,277768668,000000004ce31453,257469778,39962900,39962900,262873969,302836868,257469777,000000004ce31454,00004d20,000000005af85bd4,000000005af85bd3,0
1522,1522,0,12494010,269963788,13775964,277768668,000000004ce31454,257469778,39962900,39962900,262873969,302836869,257469778,000000004ce31455,00004d20,000000005af85bd5,000000005af85bd4,0
1523,1523,0,12494010,269963788,13775964,277768668,000000004ce31455,257469778,39962900,39962900,262873969,302836869,257469778,000000004ce31455,00004d20,000000005af85bd5,000000005af85bd5,0
1524,1524,0,12494010,269963788,13775964,277768668,000000004ce31455,257469778,39962900,39962900,262873969,302836869,257469778,000000004ce31456,00004d18,000000005af85bd6,000000005af85bd5,0
1525,1525,0,12494010,269963788,13775964,277768668,000000004ce31456,257469778,39962900,39962900,262873969,302836869,257469778,000000004ce31456,00004d1c,000000005af85bd7,000000005af85bd6,0
1526,1526,0,12494010,269963788,13775964,277768669,000000004ce31456,257469779,39962900,39962900,262873970,302836869,257469778,000000004ce31457,00004d20,000000005af85bd8,000000005af85bd7,0
1527,1527,0,12494010,269963789,13775964,277768669,000000004ce31457,257469779,39962900,39962900,262873970,302836870,257469779,000000004ce31458,00004d20,000000005af85bd9,000000005af85bd8,0
1528,1528,0,12494010,269963789,13775964,277768669,000000004ce31458,257469779,39962900,39962900,262873970,302836870,257469779,000000004ce31458,00004d20,000000005af85bd9,000000005af85bd9,0
1529,1529,0,12494010,269963789,13775964,277768669,000000004ce31458,257469779,39962900,39962900,262873970,302836870,257469779,000000004ce31459,00004d18,000000005af85bda,000000005af85bd9,0
1530,1530,0,12494010,269963789,13775964,277768669,000000004ce31459,257469779,39962900,39962900,262873970,302836870,257469779,000000004ce31459,00004d1c,000000005af85bdb,000000005af85bda,0
1531,1531,0,12494010,269963789,13775964,277768670,000000004ce31459,257469780,39962900,39962900,262873971,302836870,257469779,000000004ce3145a,00004d20,000000005af85bdc,000000005af85bdb,0
1532,1532,0,12494010,269963790,13775964,277768670,000000004ce3145a,257469780,39962900,39962900,262873971,302836871,257469780,000000004ce3145b,00004d20,000000005af85bdd,000000005af85bdc,0
1533,1533,0,12494010,269963790,13775964,277768670,000000004ce3145b,257469780,39962900,39962900,262873971,302836871,257469780,000000004ce3145b,00004d20,000000005af85bdd,000000005af85bdd,0
1534,1534,0,12494010,269963790,13775964,277768670,000000004ce3145b,257469780,39962900,39962900,262873971,302836871,257469780,000000004ce3145c,00004d18,000000005af85bde,000000005af85bdd,0
1535,1535,0,12494010,269963790,13775964,277768670,000000004ce3145c,257469780,39962900,39962900,262873971,302836871,257469780,000000004ce3145c,00004d1c,000000005af85bdf,000000005af85bde,0
1536,1536,0,12494010,269963790,13775964,277768671,000000004ce3145c,257469781,39962900,39962900,262873972,302836871,257469780,000000004ce3145d,00004d20,000000005af85be0,000000005af85bdf,0
1537,1537,0,12494010,269963791,13775964,277768671,000000004ce3145d,257469781,39962900,39962900,262873972,302836872,257469781,000000004ce3145e,00004d20,000000005af85be1,000000005af85be0,0
1538,1538,0,12494010,269963791,13775964,277768671,000000004ce3145e,257469781,39962900,39962900,262873972,302836872,257469781,000000004ce3145e,00004d20,000000005af85be1,000000005af85be1,0
1539,1539,0,12494010,269963791,13775964,277768671,000000004ce3145e,257469781,39962900,39962900,262873972,302836872,257469781,000000004ce3145f,00004d18,000000005af85be2,000000005af85be1,0
1540,1540,0,12494010,269963791,13775964,277768671,000000004ce3145f,257469781,39962900,39962900,262873972,302836872,257469781,000000004ce3145f,00004d1c,000000005af85be3,000000005af85be2,0
1541,1541,0,12494010,269963791,13775964,277768672,000000004ce3145f,257469782,39962900,39962900,262873973,302836872,257469781,000000004ce31460,00004d20,000000005af85be4,000000005af85be3,0
1542,1542,0,12494010,269963792,13775964,277768672,000000004ce31460,257469782,39962900,39962900,262873973,302836873,257469782,000000004ce31461,00004d20,000000005af85be5,000000005af85be4,0
1543,1543,0,12494010,269963792,13775964,277768672,000000004ce31461,257469782,39962900,39962900,262873973,302836873,257469782,000000004ce31461,00004d20,000000005af85be5,000000005af85be5,0
1544,1544,0,12494010,269963792,13775964,277768672,000000004ce31461,257469782,39962900,39962900,262873973,302836873,257469782,000000004ce31462,00004d18,000000005af85be6,000000005af85be5,0
1545,1545,0,12494010,269963792,13775964,277768672,000000004ce31462,257469782,39962900,39962900,262873973,302836873,257469782,000000004ce31462,00004d1c,000000005af85be7,000000005af85be6,0
1546,1546,0,12494010,269963792,13775964,277768673,000000004ce31462,257469783,39962900,39962900,262873974,302836873,257469782,000000004ce31463,00004d20,000000005af85be8,000000005af85be7,0
1547,1547,0,12494010,269963793,13775964,277768673,000000004ce31463,257469783,39962900,39962900,262873974,302836874,257469783,000000004ce31464,00004d20,000000005af85be9,000000005af85be8,0
1548,1548,0,12494010,269963793,13775964,277768673,000000004ce31464,257469783,39962900,39962900,262873974,302836874,257469783,000000004ce31464,00004d20,000000005af85be9,000000005af85be9,0
1549,1549,0,12494010,269963793,13775964,277768673,000000004ce31464,257469783,39962900,39962900,262873974,302836874,257469783,000000004ce31465,00004d18,000000005af85bea,000000005af85be9,0
1550,1550,0,12494010,269963793,13775964,277768673,000000004ce31465,257469783,39962900,39962900,262873974,302836874,257469783,000000004ce31465,00004d1c,000000005af85beb,000000005af85bea,0
1551,1551,0,12494010,269963793,13775964,277768674,000000004ce31465,257469784,39962900,39962900,262873975,302836874,257469783,000000004ce31466,00004d20,000000005af85bec,000000005af85beb,0
1552,1552,0,12494010,269963794,13775964,277768674,000000004ce31466,257469784,39962900,39962900,262873975,302836875,257469784,000000004ce31467,00004d20,000000005af85bed,000000005af85bec,0
1553,1553,0,12494010,269963794,13775964,277768674,000000004ce31467,257469784,39962900,39962900,262873975,302836875,257469784,000000004ce31467,00004d20,000000005af85bed,000000005af85bed,0
1554,1554,0,12494010,269963794,13775964,277768674,000000004ce31467,257469784,39962900,39962900,262873975,302836875,257469784,000000004ce31468,00004d18,000000005af85bee,000000005af85bed,0
1555,1555,0,12494010,269963794,13775964,277768674,000000004ce31468,257469784,39962900,39962900,262873975,302836875,257469784,000000004ce31468,00004d1c,000000005af85bef,000000005af85bee,0
1556,1556,0,12494010,269963794,13775964,277768675,000000004ce31468,257469785,39962900,39962900,262873976,302836875,257469784,000000004ce31469,00004d20,000000005af85bf0,000000005af85bef,0
1557,1557,0,12494010,269963795,13775964,277768675,000000004ce31469,257469785,39962900,39962900,262873976,302836876,257469785,000000004ce3146a,00004d20,000000005af85bf1,000000005af85bf0,0
1558,1558,0,12494010,269963795,13775964,277768675,000000004ce3146a,257469785,39962900,39962900,262873976,302836876,257469785,000000004ce3146a,00004d20,000000005af85bf1,000000005af85bf1,0
1559,1559,0,12494010,269963795,13775964,277768675,000000004ce3146a,257469785,39962900,39962900,262873976,302836876,257469785,000000004ce3146b,00004d18,000000005af85bf2,000000005af85bf1,0
1560,1560,0,12494010,269963795,13775964,277768675,000000004ce3146b,257469785,39962900,39962900,262873976,302836876,257469785,000000004ce3146b,00004d1c,000000005af85bf3,000000005af85bf2,0
1561,1561,0,12494010,269963795,13775964,277768676,000000004ce3146b,257469786,39962900,39962900,262873977,302836876,257469785,000000004ce3146c,00004d20,000000005af85bf4,000000005af85bf3,0
1562,1562,0,12494010,269963796,13775964,277768676,000000004ce3146c,257469786,39962900,39962900,262873977,302836877,257469786,000000004ce3146d,00004d20,000000005af85bf5,000000005af85bf4,0
1563,1563,0,12494010,269963796,13775964,277768676,000000004ce3146d,257469786,39962900,39962900,262873977,302836877,257469786,000000004ce3146d,00004d20,000000005af85bf5,000000005af85bf5,0
1564,1564,0,12494010,269963796,13775964,277768676,000000004ce3146d,257469786,39962900,39962900,262873977,302836877,257469786,000000004ce3146e,00004d18,000000005af85bf6,000000005af85bf5,0
1565,1565,0,12494010,269963796,13775964,277768676,000000004ce3146e,257469786,39962900,39962900,262873977,302836877,257469786,000000004ce3146e,00004d1c,000000005af85bf7,000000005af85bf6,0
1566,1566,0,12494010,269963796,13775964,277768677,000000004ce3146e,257469787,39962900,39962900,262873978,302836877,257469786,000000004ce3146f,00004d20,000000005af85bf8,000000005af85bf7,0
1567,1567,0,12494010,269963797,13775964,277768677,000000004ce3146f,257469787,39962900,39962900,262873978,302836878,257469787,000000004ce31470,00004d20,000000005af85bf9,000000005af85bf8,0
1568,1568,0,12494010,269963797,13775964,277768677,000000004ce31470,257469787,39962900,39962900,262873978,302836878,257469787,000000004ce31470,00004d20,000000005af85bf9,000000005af85bf9,0
1569,1569,0,12494010,269963797,13775964,277768677,000000004ce31470,257469787,39962900,39962900,262873978,302836878,257469787,000000004ce31471,00004d18,000000005af85bfa,000000005af85bf9,0
1570,1570,0,12494010,269963797,13775964,277768677,000000004ce31471,257469787,39962900,39962900,262873978,302836878,257469787,000000004ce31471,00004d1c,000000005af85bfb,000000005af85bfa,0
1571,1571,0,12494010,269963797,13775964,277768678,000000004ce31471,257469788,39962900,39962900,262873979,302836878,257469787,000000004ce31472,00004d20,000000005af85bfc,000000005af85bfb,0
1572,1572,0,12494010,269963798,13775964,277768678,000000004ce31472,257469788,39962900,39962900,262873979,302836879,257469788,000000004ce31473,00004d20,000000005af85bfd,000000005af85bfc,0
1573,1573,0,12494010,269963798,13775964,277768678,000000004ce31473,257469788,39962900,39962900,262873979,302836879,257469788,000000004ce31473,00004d20,000000005af85bfd,000000005af85bfd,0
1574,1574,0,12494010,269963798,13775964,277768678,000000004ce31473,257469788,39962900,39962900,262873979,302836879,257469788,000000004ce31474,00004d18,000000005af85bfe,000000005af85bfd,0
1575,1575,0,12494010,269963798,13775964,277768678,000000004ce31474,257469788,39962900,39962900,262873979,302836879,257469788,000000004ce31474,00004d1c,000000005af85bff,000000005af85bfe,0
1576,1576,0,12494010,269963798,13775964,277768679,000000004ce31474,257469789,39962900,39962900,262873980,302836879,257469788,000000004ce31475,00004d20,000000005af85c00,000000005af85bff,0
1577,1577,0,12494010,269963799,13775964,277768679,000000004ce31475,257469789,39962900,39962900,262873980,302836880,257469789,000000004ce31476,00004d20,000000005af85c01,000000005af85c00,0
1578,1578,0,12494010,269963799,13775964,277768679,000000004ce31476,257469789,39962900,39962900,262873980,302836880,257469789,000000004ce31476,00004d20,000000005af85c01,000000005af85c01,0
1579,1579,0,12494010,269963799,13775964,277768679,000000004ce31476,257469789,39962900,39962900,262873980,302836880,257469789,000000004ce31477,00004d18,000000005af85c02,000000005af85c01,0
1580,1580,0,12494010,269963799,13775964,277768679,000000004ce31477,257469789,39962900,39962900,262873980,302836880,257469789,000000004ce31477,00004d1c,000000005af85c03,000000005af85c02,0
1581,1581,0,12494010,269963799,13775964,277768680,000000004ce31477,257469790,39962900,39962900,262873981,302836880,257469789,000000004ce31478,00004d20,000000005af85c04,000000005af85c03,0
1582,1582,0,12494010,269963800,13775964,277768680,000000004ce31478,257469790,39962900,39962900,262873981,302836881,257469790,000000004ce31479,00004d20,000000005af85c05,000000005af85c04,0
1583,1583,0,12494010,269963800,13775964,277768680,000000004ce31479,257469790,39962900,39962900,262873981,302836881,257469790,000000004ce31479,00004d20,000000005af85c05,000000005af85c05,0
1584,1584,0,12494010,269963800,13775964,277768680,000000004ce31479,257469790,39962900,39962900,262873981,302836881,257469790,000000004ce3147a,00004d18,000000005af85c06,000000005af85c05,0
1585,1585,0,12494010,269963800,13775964,277768680,000000004ce3147a,257469790,39962900,39962900,262873981,302836881,257469790,000000004ce3147a,00004d1c,000000005af85c07,000000005af85c06,0
1586,1586,0,12494010,269963800,13775964,277768681,000000004ce3147a,257469791,39962900,39962900,262873982,302836881,257469790,000000004ce3147b,00004d20,000000005af85c08,000000005af85c07,0
1587,1587,0,12494010,269963801,13775964,277768681,000000004ce3147b,257469791,39962900,39962900,262873982,302836882,257469791,000000004ce3147c,00004d20,000000005af85c09,000000005af85c08,0
1588,1588,0,12494010,269963801,13775964,277768681,000000004ce3147c,257469791,39962900,39962900,262873982,302836882,257469791,000000004ce3147c,00004d20,000000005af85c09,000000005af85c09,0
1589,1589,0,12494010,269963801,13775964,277768681,000000004ce3147c,257469791,39962900,39962900,262873982,302836882,257469791,000000004ce3147d,00004d18,000000005af85c0a,000000005af85c09,0
1590,1590,0,12494010,269963801,13775964,277768681,000000004ce3147d,257469791,39962900,39962900,262873982,302836882,257469791,000000004ce3147d,00004d1c,000000005af85c0b,000000005af85c0a,0
1591,1591,0,12494010,269963801,13775964,277768682,000000004ce3147d,257469792,39962900,39962900,262873983,302836882,257469791,000000004ce3147e,00004d20,000000005af85c0c,000000005af85c0b,0
1592,1592,0,12494010,269963802,13775964,277768682,000000004ce3147e,257469792,39962900,39962900,262873983,302836883,257469792,000000004ce3147f,00004d20,000000005af85c0d,000000005af85c0c,0
1593,1593,0,12494010,269963802,13775964,277768682,000000004ce3147f,257469792,39962900,39962900,262873983,302836883,257469792,000000004ce3147f,00004d20,000000005af85c0d,000000005af85c0d,0
1594,1594,0,12494010,269963802,13775964,277768682,000000004ce3147f,257469792,39962900,39962900,262873983,302836883,257469792,000000004ce31480,00004d18,000000005af85c0e,000000005af85c0d,0
1595,1595,0,12494010,269963802,13775964,277768682,000000004ce31480,257469792,39962900,39962900,262873983,302836883,257469792,000000004ce31480,00004d1c,000000005af85c0f,000000005af85c0e,0
1596,1596,0,12494010,269963802,13775964,277768683,000000004ce31480,257469793,39962900,39962900,262873984,302836883,257469792,000000004ce31481,00004d20,000000005af85c10,000000005af85c0f,0
1597,1597,0,12494010,269963803,13775964,277768683,000000004ce31481,257469793,39962900,39962900,262873984,302836884,257469793,000000004ce31482,00004d20,000000005af85c11,000000005af85c10,0
1598,1598,0,12494010,269963803,13775964,277768683,000000004ce31482,257469793,39962900,39962900,262873984,302836884,257469793,000000004ce31482,00004d20,000000005af85c11,000000005af85c11,0
1599,1599,0,12494010,269963803,13775964,277768683,000000004ce31482,257469793,39962900,39962900,262873984,302836884,257469793,000000004ce31483,00004d18,000000005af85c12,000000005af85c11,0
1600,1600,0,12494010,269963803,13775964,277768683,000000004ce31483,257469793,39962900,39962900,262873984,302836884,257469793,000000004ce31483,00004d1c,000000005af85c13,000000005af85c12,0
1601,1601,0,12494010,269963803,13775964,277768684,000000004ce31483,257469794,39962900,39962900,262873985,302836884,257469793,000000004ce31484,00004d20,000000005af85c14,000000005af85c13,0
1602,1602,0,12494010,269963804,13775964,277768684,000000004ce31484,257469794,39962900,39962900,262873985,302836885,257469794,000000004ce31485,00004d20,000000005af85c15,000000005af85c14,0
1603,1603,0,12494010,269963804,13775964,277768684,000000004ce31485,257469794,39962900,39962900,262873985,302836885,257469794,000000004ce31485,00004d20,000000005af85c15,000000005af85c15,0
1604,1604,0,12494010,269963804,13775964,277768684,000000004ce31485,257469794,39962900,39962900,262873985,302836885,257469794,000000004ce31486,00004d18,000000005af85c16,000000005af85c15,0
1605,1605,0,12494010,269963804,13775964,277768684,000000004ce31486,257469794,39962900,39962900,262873985,302836885,257469794,000000004ce31486,00004d1c,000000005af85c17,000000005af85c16,0
1606,1606,0,12494010,269963804,13775964,277768685,000000004ce31486,257469795,39962900,39962900,262873986,302836885,257469794,000000004ce31487,00004d20,000000005af85c18,000000005af85c17,0
1607,1607,0,12494010,269963805,13775964,277768685,000000004ce31487,257469795,39962900,39962900,262873986,302836886,257469795,000000004ce31488,00004d20,000000005af85c19,000000005af85c18,0
1608,1608,0,12494010,269963805,13775964,277768685,000000004ce31488,257469795,39962900,39962900,262873986,302836886,257469795,000000004ce31488,00004d20,000000005af85c19,000000005af85c19,0
1609,1609,0,12494010,269963805,13775964,277768685,000000004ce31488,257469795,39962900,39962900,262873986,302836886,257469795,000000004ce31489,00004d18,000000005af85c1a,000000005af85c19,0
1610,1610,0,12494010,269963805,13775964,277768685,000000004ce31489,257469795,39962900,39962900,262873986,302836886,257469795,000000004ce31489,00004d1c,000000005af85c1b,000000005af85c1a,0
1611,1611,0,12494010,269963805,13775964,277768686,000000004ce31489,257469796,39962900,39962900,262873987,302836886,257469795,000000004ce3148a,00004d20,000000005af85c1c,000000005af85c1b,0
1612,1612,0,12494010,269963806,13775964,277768686,000000004ce3148a,257469796,39962900,39962900,262873987,302836887,257469796,000000004ce3148b,00004d20,000000005af85c1d,000000005af85c1c,0
1613,1613,0,12494010,269963806,13775964,277768686,000000004ce3148b,257469796,39962900,39962900,262873987,302836887,257469796,000000004ce3148b,00004d20,000000005af85c1d,000000005af85c1d,0
1614,1614,0,12494010,269963806,13775964,277768686,000000004ce3148b,257469796,39962900,39962900,262873987,302836887,257469796,000000004ce3148c,00004d18,000000005af85c1e,000000005af85c1d,0
1615,1615,0,12494010,269963806,13775964,277768686,000000004ce3148c,257469796,39962900,39962900,262873987,302836887,257469796,000000004ce3148c,00004d1c,000000005af85c1f,000000005af85c1e,0
1616,1616,0,12494010,269963806,13775964,277768687,000000004ce3148c,257469797,39962900,39962900,262873988,302836887,257469796,000000004ce3148d,00004d20,000000005af85c20,000000005af85c1f,0
1617,1617,0,12494010,269963807,13775964,277768687,000000004ce3148d,257469797,39962900,39962900,262873988,302836888,257469797,000000004ce3148e,00004d20,000000005af85c21,000000005af85c20,0
1618,1618,0,12494010,269963807,13775964,277768687,000000004ce3148e,257469797,39962900,39962900,262873988,302836888,257469797,000000004ce3148e,00004d20,000000005af85c21,000000005af85c21,0
1619,1619,0,12494010,269963807,13775964,277768687,000000004ce3148e,257469797,39962900,39962900,262873988,302836888,257469797,000000004ce3148f,00004d18,000000005af85c22,000000005af85c21,0
1620,1620,0,12494010,269963807,13775964,277768687,000000004ce3148f,257469797,39962900,39962900,262873988,302836888,257469797,000000004ce3148f,00004d1c,000000005af85c23,000000005af85c22,0
1621,1621,0,12494010,269963807,13775964,277768688,000000004ce3148f,257469798,39962900,39962900,262873989,302836888,257469797,000000004ce31490,00004d20,000000005af85c24,000000005af85c23,0
1622,1622,0,12494010,269963808,13775964,277768688,000000004ce31490,257469798,39962900,39962900,262873989,302836889,257469798,000000004ce31491,00004d20,000000005af85c25,000000005af85c24,0
1623,1623,0,12494010,269963808,13775964,277768688,000000004ce31491,257469798,39962900,39962900,262873989,302836889,257469798,000000004ce31491,00004d20,000000005af85c25,000000005af85c25,0
1624,1624,0,12494010,269963808,13775964,277768688,000000004ce31491,257469798,39962900,39962900,262873989,302836889,257469798,000000004ce31492,00004d18,000000005af85c26,000000005af85c25,0
1625,1625,0,12494010,269963808,13775964,277768688,000000004ce31492,257469798,39962900,39962900,262873989,302836889,257469798,000000004ce31492,00004d1c,000000005af85c27,000000005af85c26,0
1626,1626,0,12494010,269963808,13775964,277768689,000000004ce31492,257469799,39962900,39962900,262873990,302836889,257469798,000000004ce31493,00004d20,000000005af85c28,000000005af85c27,0
1627,1627,0,12494010,269963809,13775964,277768689,000000004ce31493,257469799,39962900,39962900,262873990,302836890,257469799,000000004ce31494,00004d20,000000005af85c29,000000005af85c28,0
1628,1628,0,12494010,269963809,13775964,277768689,000000004ce31494,257469799,39962900,39962900,262873990,302836890,257469799,000000004ce31494,00004d20,000000005af85c29,000000005af85c29,0
1629,1629,0,12494010,269963809,13775964,277768689,000000004ce31494,257469799,39962900,39962900,262873990,302836890,257469799,000000004ce31495,00004d18,000000005af85c2a,000000005af85c29,0
1630,1630,0,12494010,269963809,13775964,277768689,000000004ce31495,257469799,39962900,39962900,262873990,302836890,257469799,000000004ce31495,00004d1c,000000005af85c2b,000000005af85c2a,0
1631,1631,0,12494010,269963809,13775964,277768690,000000004ce31495,257469800,39962900,39962900,262873991,302836890,257469799,000000004ce31496,00004d20,000000005af85c2c,000000005af85c2b,0
1632,1632,0,12494010,269963810,13775964,277768690,000000004ce31496,257469800,39962900,39962900,262873991,302836891,257469800,000000004ce31497,00004d20,000000005af85c2d,000000005af85c2c,0
1633,1633,0,12494010,269963810,13775964,277768690,000000004ce31497,257469800,39962900,39962900,262873991,302836891,257469800,000000004ce31497,00004d20,000000005af85c2d,000000005af85c2d,0
1634,1634,0,12494010,269963810,13775964,277768690,000000004ce31497,257469800,39962900,39962900,262873991,302836891,257469800,000000004ce31498,00004d18,000000005af85c2e,000000005af85c2d,0
1635,1635,0,12494010,269963810,13775964,277768690,000000004ce31498,257469800,39962900,39962900,262873991,302836891,257469800,000000004ce31498,00004d1c,000000005af85c2f,000000005af85c2e,0
1636,1636,0,12494010,269963810,13775964,277768691,000000004ce31498,257469801,39962900,39962900,262873992,302836891,257469800,000000004ce31499,00004d20,000000005af85c30,000000005af85c2f,0
1637,1637,0,12494010,269963811,13775964,277768691,000000004ce31499,257469801,39962900,39962900,262873992,302836892,257469801,000000004ce3149a,00004d20,000000005af85c31,000000005af85c30,0
1638,1638,0,12494010,269963811,13775964,277768691,000000004ce3149a,257469801,39962900,39962900,262873992,302836892,257469801,000000004ce3149a,00004d20,000000005af85c31,000000005af85c31,0
1639,1639,0,12494010,269963811,13775964,277768691,000000004ce3149a,257469801,39962900,39962900,262873992,302836892,257469801,000000004ce3149b,00004d18,000000005af85c32,000000005af85c31,0
1640,1640,0,12494010,269963811,13775964,277768691,000000004ce3149b,257469801,39962900,39962900,262873992,302836892,257469801,000000004ce3149b,00004d1c,000000005af85c33,000000005af85c32,0
1641,1641,0,12494010,269963811,13775964,277768692,000000004ce3149b,257469802,39962900,39962900,262873993,302836892,257469801,000000004ce3149c,00004d20,000000005af85c34,000000005af85c33,0
1642,1642,0,12494010,269963812,13775964,277768692,000000004ce3149c,257469802,39962900,39962900,262873993,302836893,257469802,000000004ce3149d,00004d20,000000005af85c35,000000005af85c34,0
1643,1643,0,12494010,269963812,13775964,277768692,000000004ce3149d,257469802,39962900,39962900,262873993,302836893,257469802,000000004ce3149d,00004d20,000000005af85c35,000000005af85c35,0
1644,1644,0,12494010,269963812,13775964,277768692,000000004ce3149d,257469802,39962900,39962900,262873993,302836893,257469802,000000004ce3149e,00004d18,000000005af85c36,000000005af85c35,0
1645,1645,0,12494010,269963812,13775964,277768692,000000004ce3149e,257469802,39962900,39962900,262873993,302836893,257469802,000000004ce3149e,00004d1c,000000005af85c37,000000005af85c36,0
1646,1646,0,12494010,269963812,13775964,277768693,000000004ce3149e,257469803,39962900,39962900,262873994,302836893,257469802,000000004ce3149f,00004d20,000000005af85c38,000000005af85c37,0
1647,1647,0,12494010,269963813,13775964,277768693,000000004ce3149f,257469803,39962900,39962900,262873994,302836894,257469803,000000004ce314a0,00004d20,000000005af85c39,000000005af85c38,0
1648,1648,0,12494010,269963813,13775964,277768693,000000004ce314a0,257469803,39962900,39962900,262873994,302836894,257469803,000000004ce314a0,00004d20,000000005af85c39,000000005af85c39,0
1649,1649,0,12494010,269963813,13775964,277768693,000000004ce314a0,257469803,39962900,39962900,262873994,302836894,257469803,000000004ce314a1,00004d18,000000005af85c3a,000000005af85c39,0
1650,1650,0,12494010,269963813,13775964,277768693,000000004ce314a1,257469803,39962900,39962900,262873994,302836894,257469803,000000004ce314a1,00004d1c,000000005af85c3b,000000005af85c3a,0
1651,1651,0,12494010,269963813,13775964,277768694,000000004ce314a1,257469804,39962900,39962900,262873995,302836894,257469803,000000004ce314a2,00004d20,000000005af85c3c,000000005af85c3b,0
1652,1652,0,12494010,269963814,13775964,277768694,000000004ce314a2,257469804,39962900,39962900,262873995,302836895,257469804,000000004ce314a3,00004d20,000000005af85c3d,000000005af85c3c,0
1653,1653,0,12494010,269963814,13775964,277768694,000000004ce314a3,257469804,39962900,39962900,262873995,302836895,257469804,000000004ce314a3,00004d20,000000005af85c3d,000000005af85c3d,0
1654,1654,0,12494010,269963814,13775964,277768694,000000004ce314a3,257469804,39962900,39962900,262873995,302836895,257469804,000000004ce314a4,00004d18,000000005af85c3e,000000005af85c3d,0
1655,1655,0,12494010,269963814,13775964,277768694,000000004ce314a4,257469804,39962900,39962900,262873995,302836895,257469804,000000004ce314a4,00004d1c,000000005af85c3f,000000005af85c3e,0
1656,1656,0,12494010,269963814,13775964,277768695,000000004ce314a4,257469805,39962900,39962900,262873996,302836895,257469804,000000004ce314a5,00004d20,000000005af85c40,000000005af85c3f,0
1657,1657,0,12494010,269963815,13775964,277768695,000000004ce314a5,257469805,39962900,39962900,262873996,302836896,257469805,000000004ce314a6,00004d20,000000005af85c41,000000005af85c40,0
1658,1658,0,12494010,269963815,13775964,277768695,000000004ce314a6,257469805,39962900,39962900,262873996,302836896,257469805,000000004ce314a6,00004d20,000000005af85c41,000000005af85c41,0
1659,1659,0,12494010,269963815,13775964,277768695,000000004ce314a6,257469805,39962900,39962900,262873996,302836896,257469805,000000004ce314a7,00004d18,000000005af85c42,000000005af85c41,0
1660,1660,0,12494010,269963815,13775964,277768695,000000004ce314a7,257469805,39962900,39962900,262873996,302836896,257469805,000000004ce314a7,00004d1c,000000005af85c43,000000005af85c42,0
1661,1661,0,12494010,269963815,13775964,277768696,000000004ce314a7,257469806,39962900,39962900,262873997,302836896,257469805,000000004ce314a8,00004d20,000000005af85c44,000000005af85c43,0
1662,1662,0,12494010,269963816,13775964,277768696,000000004ce314a8,257469806,39962900,39962900,262873997,302836897,257469806,000000004ce314a9,00004d20,000000005af85c45,000000005af85c44,0
1663,1663,0,12494010,269963816,13775964,277768696,000000004ce314a9,257469806,39962900,39962900,262873997,302836897,257469806,000000004ce314a9,00004d20,000000005af85c45,000000005af85c45,0
1664,1664,0,12494010,269963816,13775964,277768696,000000004ce314a9,257469806,39962900,39962900,262873997,302836897,257469806,000000004ce314aa,00004d18,000000005af85c46,000000005af85c45,0
1665,1665,0,12494010,269963816,13775964,277768696,000000004ce314aa,257469806,39962900,39962900,262873997,302836897,257469806,000000004ce314aa,00004d1c,000000005af85c47,000000005af85c46,0
1666,1666,0,12494010,269963816,13775964,277768697,000000004ce314aa,257469807,39962900,39962900,262873998,302836897,257469806,000000004ce314ab,00004d20,000000005af85c48,000000005af85c47,0
1667,1667,0,12494010,269963817,13775964,277768697,000000004ce314ab,257469807,39962900,39962900,262873998,302836898,257469807,000000004ce314ac,00004d20,000000005af85c49,000000005af85c48,0
1668,1668,0,12494010,269963817,13775964,277768697,000000004ce314ac,257469807,39962900,39962900,262873998,302836898,257469807,000000004ce314ac,00004d20,000000005af85c49,000000005af85c49,0
1669,1669,0,12494010,269963817,13775964,277768697,000000004ce314ac,257469807,39962900,39962900,262873998,302836898,257469807,000000004ce314ad,00004d18,000000005af85c4a,000000005af85c49,0
1670,1670,0,12494010,269963817,13775964,277768697,000000004ce314ad,257469807,39962900,39962900,262873998,302836898,257469807,000000004ce314ad,00004d1c,000000005af85c4b,000000005af85c4a,0
1671,1671,0,12494010,269963817,13775964,277768698,000000004ce314ad,257469808,39962900,39962900,262873999,302836898,257469807,000000004ce314ae,00004d20,000000005af85c4c,000000005af85c4b,0
1672,1672,0,12494010,269963818,13775964,277768698,000000004ce314ae,257469808,39962900,39962900,262873999,302836899,257469808,000000004ce314af,00004d20,000000005af85c4d,000000005af85c4c,0
1673,1673,0,12494010,269963818,13775964,277768698,000000004ce314af,257469808,39962900,39962900,262873999,302836899,257469808,000000004ce314af,00004d20,000000005af85c4d,000000005af85c4d,0
1674,1674,0,12494010,269963818,13775964,277768698,000000004ce314af,257469808,39962900,39962900,262873999,302836899,257469808,000000004ce314b0,00004d18,000000005af85c4e,000000005af85c4d,0
1675,1675,0,12494010,269963818,13775964,277768698,000000004ce314b0,257469808,39962900,39962900,262873999,302836899,257469808,000000004ce314b0,00004d1c,000000005af85c4f,000000005af85c4e,0
1676,1676,0,12494010,269963818,13775964,277768699,000000004ce314b0,257469809,39962900,39962900,262874000,302836899,257469808,000000004ce314b1,00004d20,000000005af85c50,000000005af85c4f,0
1677,1677,0,12494010,269963819,13775964,277768699,000000004ce314b1,257469809,39962900,39962900,262874000,302836900,257469809,000000004ce314b2,00004d20,000000005af85c51,000000005af85c50,0
1678,1678,0,12494010,269963819,13775964,277768699,000000004ce314b2,257469809,39962900,39962900,262874000,302836900,257469809,000000004ce314b2,00004d20,000000005af85c51,000000005af85c51,0
1679,1679,0,12494010,269963819,13775964,277768699,000000004ce314b2,257469809,39962900,39962900,262874000,302836900,257469809,000000004ce314b3,00004d18,000000005af85c52,000000005af85c51,0
1680,1680,0,12494010,269963819,13775964,277768699,000000004ce314b3,257469809,39962900,39962900,262874000,302836900,257469809,000000004ce314b3,00004d1c,000000005af85c53,000000005af85c52,0
1681,1681,0,12494010,269963819,13775964,277768700,000000004ce314b3,257469810,39962900,39962900,262874001,302836900,257469809,000000004ce314b4,00004d20,000000005af85c54,000000005af85c53,0
1682,1682,0,12494010,269963820,13775964,277768700,000000004ce314b4,257469810,39962900,39962900,262874001,302836901,257469810,000000004ce314b5,00004d20,000000005af85c55,000000005af85c54,0
1683,1683,0,12494010,269963820,13775964,277768700,000000004ce314b5,257469810,39962900,39962900,262874001,302836901,257469810,000000004ce314b5,00004d20,000000005af85c55,000000005af85c55,0
1684,1684,0,12494010,269963820,13775964,277768700,000000004ce314b5,257469810,39962900,39962900,262874001,302836901,257469810,000000004ce314b6,00004d18,000000005af85c56,000000005af85c55,0
1685,1685,0,12494010,269963820,13775964,277768700,000000004ce314b6,257469810,39962900,39962900,262874001,302836901,257469810,000000004ce314b6,00004d1c,000000005af85c57,000000005af85c56,0
1686,1686,0,12494010,269963820,13775964,277768701,000000004ce314b6,257469811,39962900,39962900,262874002,302836901,257469810,000000004ce314b7,00004d20,000000005af85c58,000000005af85c57,0
1687,1687,0,12494010,269963821,13775964,277768701,000000004ce314b7,257469811,39962900,39962900,262874002,302836902,257469811,000000004ce314b8,00004d20,000000005af85c59,000000005af85c58,0
1688,1688,0,12494010,269963821,13775964,277768701,000000004ce314b8,257469811,39962900,39962900,262874002,302836902,257469811,000000004ce314b8,00004d20,000000005af85c59,000000005af85c59,0
1689,1689,0,12494010,269963821,13775964,277768701,000000004ce314b8,257469811,39962900,39962900,262874002,302836902,257469811,000000004ce314b9,00004d18,000000005af85c5a,000000005af85c59,0
1690,1690,0,12494010,269963821,13775964,277768701,000000004ce314b9,257469811,39962900,39962900,262874002,302836902,257469811,000000004ce314b9,00004d1c,000000005af85c5b,000000005af85c5a,0
1691,1691,0,12494010,269963821,13775964,277768702,000000004ce314b9,257469812,39962900,39962900,262874003,302836902,257469811,000000004ce314ba,00004d20,000000005af85c5c,000000005af85c5b,0
1692,1692,0,12494010,269963822,13775964,277768702,000000004ce314ba,257469812,39962900,39962900,262874003,302836903,257469812,000000004ce314bb,00004d20,000000005af85c5d,000000005af85c5c,0
1693,1693,0,12494010,269963822,13775964,277768702,000000004ce314bb,257469812,39962900,39962900,262874003,302836903,257469812,000000004ce314bb,00004d20,000000005af85c5d,000000005af85c5d,0
1694,1694,0,12494010,269963822,13775964,277768702,000000004ce314bb,257469812,39962900,39962900,262874003,302836903,257469812,000000004ce314bc,00004d18,000000005af85c5e,000000005af85c5d,0
1695,1695,0,12494010,269963822,13775964,277768702,000000004ce314bc,257469812,39962900,39962900,262874003,302836903,257469812,000000004ce314bc,00004d1c,000000005af85c5f,000000005af85c5e,0
1696,1696,0,12494010,269963822,13775964,277768703,000000004ce314bc,257469813,39962900,39962900,262874004,302836903,257469812,000000004ce314bd,00004d20,000000005af85c60,000000005af85c5f,0
1697,1697,0,12494010,269963823,13775964,277768703,000000004ce314bd,257469813,39962900,39962900,262874004,302836904,257469813,000000004ce314be,00004d20,000000005af85c61,000000005af85c60,0
1698,1698,0,12494010,269963823,13775964,277768703,000000004ce314be,257469813,39962900,39962900,262874004,302836904,257469813,000000004ce314be,00004d20,000000005af85c61,000000005af85c61,0
1699,1699,0,12494010,269963823,13775964,277768703,000000004ce314be,257469813,39962900,39962900,262874004,302836904,257469813,000000004ce314bf,00004d18,000000005af85c62,000000005af85c61,0
1700,1700,0,12494010,269963823,13775964,277768703,000000004ce314bf,257469813,39962900,39962900,262874004,302836904,257469813,000000004ce314bf,00004d1c,000000005af85c63,000000005af85c62,0
1701,1701,0,12494010,269963823,13775964,277768704,000000004ce314bf,257469814,39962900,39962900,262874005,302836904,257469813,000000004ce314c0,00004d20,000000005af85c64,000000005af85c63,0
1702,1702,0,12494010,269963824,13775964,277768704,000000004ce314c0,257469814,39962900,39962900,262874005,302836905,257469814,000000004ce314c1,00004d20,000000005af85c65,000000005af85c64,0
1703,1703,0,12494010,269963824,13775964,277768704,000000004ce314c1,257469814,39962900,39962900,262874005,302836905,257469814,000000004ce314c1,00004d20,000000005af85c65,000000005af85c65,0
1704,1704,0,12494010,269963824,13775964,277768704,000000004ce314c1,257469814,39962900,39962900,262874005,302836905,257469814,000000004ce314c2,00004d18,000000005af85c66,000000005af85c65,0
1705,1705,0,12494010,269963824,13775964,277768704,000000004ce314c2,257469814,39962900,39962900,262874005,302836905,257469814,000000004ce314c2,00004d1c,000000005af85c67,000000005af85c66,0
1706,1706,0,12494010,269963824,13775964,277768705,000000004ce314c2,257469815,39962900,39962900,262874006,302836905,257469814,000000004ce314c3,00004d20,000000005af85c68,000000005af85c67,0
1707,1707,0,12494010,269963825,13775964,277768705,000000004ce314c3,257469815,39962900,39962900,262874006,302836906,257469815,000000004ce314c4,00004d20,000000005af85c69,000000005af85c68,0
1708,1708,0,12494010,269963825,13775964,277768705,000000004ce314c4,257469815,39962900,39962900,262874006,302836906,257469815,000000004ce314c4,00004d20,000000005af85c69,000000005af85c69,0
1709,1709,0,12494010,269963825,13775964,277768705,000000004ce314c4,257469815,39962900,39962900,262874006,302836906,257469815,000000004ce314c5,00004d18,000000005af85c6a,000000005af85c69,0
1710,1710,0,12494010,269963825,13775964,277768705,000000004ce314c5,257469815,39962900,39962900,262874006,302836906,257469815,000000004ce314c5,00004d1c,000000005af85c6b,000000005af85c6a,0
1711,1711,0,12494010,269963825,13775964,277768706,000000004ce314c5,257469816,39962900,39962900,262874007,302836906,257469815,000000004ce314c6,00004d20,000000005af85c6c,000000005af85c6b,0
1712,1712,0,12494010,269963826,13775964,277768706,000000004ce314c6,257469816,39962900,39962900,262874007,302836907,257469816,000000004ce314c7,00004d20,000000005af85c6d,000000005af85c6c,0
1713,1713,0,12494010,269963826,13775964,277768706,000000004ce314c7,257469816,39962900,39962900,262874007,302836907,257469816,000000004ce314c7,00004d20,000000005af85c6d,000000005af85c6d,0
1714,1714,0,12494010,269963826,13775964,277768706,000000004ce314c7,257469816,39962900,39962900,262874007,302836907,257469816,000000004ce314c8,00004d18,000000005af85c6e,000000005af85c6d,0
1715,1715,0,12494010,269963826,13775964,277768706,000000004ce314c8,257469816,39962900,39962900,262874007,302836907,257469816,000000004ce314c8,00004d1c,000000005af85c6f,000000005af85c6e,0
1716,1716,0,12494010,269963826,13775964,277768707,000000004ce314c8,257469817,39962900,39962900,262874008,302836907,257469816,000000004ce314c9,00004d20,000000005af85c70,000000005af85c6f,0
1717,1717,0,12494010,269963827,13775964,277768707,000000004ce314c9,257469817,39962900,39962900,262874008,302836908,257469817,000000004ce314ca,00004d20,000000005af85c71,000000005af85c70,0
1718,1718,0,12494010,269963827,13775964,277768707,000000004ce314ca,257469817,39962900,39962900,262874008,302836908,257469817,000000004ce314ca,00004d20,000000005af85c71,000000005af85c71,0
1719,1719,0,12494010,269963827,13775964,277768707,000000004ce314ca,257469817,39962900,39962900,262874008,302836908,257469817,000000004ce314cb,00004d18,000000005af85c72,000000005af85c71,0
1720,1720,0,12494010,269963827,13775964,277768707,000000004ce314cb,257469817,39962900,39962900,262874008,302836908,257469817,000000004ce314cb,00004d1c,000000005af85c73,000000005af85c72,0
1721,1721,0,12494010,269963827,13775964,277768708,000000004ce314cb,257469818,39962900,39962900,262874009,302836908,257469817,000000004ce314cc,00004d20,000000005af85c74,000000005af85c73,0
1722,1722,0,12494010,269963828,13775964,277768708,000000004ce314cc,257469818,39962900,39962900,262874009,302836909,257469818,000000004ce314cd,00004d20,000000005af85c75,000000005af85c74,0
1723,1723,0,12494010,269963828,13775964,277768708,000000004ce314cd,257469818,39962900,39962900,262874009,302836909,257469818,000000004ce314cd,00004d20,000000005af85c75,000000005af85c75,0
1724,1724,0,12494010,269963828,13775964,277768708,000000004ce314cd,257469818,39962900,39962900,262874009,302836909,257469818,000000004ce314ce,00004d18,000000005af85c76,000000005af85c75,0
1725,1725,0,12494010,269963828,13775964,277768708,000000004ce314ce,257469818,39962900,39962900,262874009,302836909,257469818,000000004ce314ce,00004d1c,000000005af85c77,000000005af85c76,0
1726,1726,0,12494010,269963828,13775964,277768709,000000004ce314ce,257469819,39962900,39962900,262874010,302836909,257469818,000000004ce314cf,00004d20,000000005af85c78,000000005af85c77,0
1727,1727,0,12494010,269963829,13775964,277768709,000000004ce314cf,257469819,39962900,39962900,262874010,302836910,257469819,000000004ce314d0,00004d20,000000005af85c79,000000005af85c78,0
1728,1728,0,12494010,269963829,13775964,277768709,000000004ce314d0,257469819,39962900,39962900,262874010,302836910,257469819,000000004ce314d0,00004d20,000000005af85c79,000000005af85c79,0
1729,1729,0,12494010,269963829,13775964,277768709,000000004ce314d0,257469819,39962900,39962900,262874010,302836910,257469819,000000004ce314d1,00004d18,000000005af85c7a,000000005af85c79,0
1730,1730,0,12494010,269963829,13775964,277768709,000000004ce314d1,257469819,39962900,39962900,262874010,302836910,257469819,000000004ce314d1,00004d1c,000000005af85c7b,000000005af85c7a,0
1731,1731,0,12494010,269963829,13775964,277768710,000000004ce314d1,257469820,39962900,39962900,262874011,302836910,257469819,000000004ce314d2,00004d20,000000005af85c7c,000000005af85c7b,0
1732,1732,0,12494010,269963830,13775964,277768710,000000004ce314d2,257469820,39962900,39962900,262874011,302836911,257469820,000000004ce314d3,00004d20,000000005af85c7d,000000005af85c7c,0
1733,1733,0,12494010,269963830,13775964,277768710,000000004ce314d3,257469820,39962900,39962900,262874011,302836911,257469820,000000004ce314d3,00004d20,000000005af85c7d,000000005af85c7d,0
1734,1734,0,12494010,269963830,13775964,277768710,000000004ce314d3,257469820,39962900,39962900,262874011,302836911,257469820,000000004ce314d4,00004d18,000000005af85c7e,000000005af85c7d,0
1735,1735,0,12494010,269963830,13775964,277768710,000000004ce314d4,257469820,39962900,39962900,262874011,302836911,257469820,000000004ce314d4,00004d1c,000000005af85c7f,000000005af85c7e,0
1736,1736,0,12494010,269963830,13775964,277768711,000000004ce314d4,257469821,39962900,39962900,262874012,302836911,257469820,000000004ce314d5,00004d20,000000005af85c80,000000005af85c7f,0
1737,1737,0,12494010,269963831,13775964,277768711,000000004ce314d5,257469821,39962900,39962900,262874012,302836912,257469821,000000004ce314d6,00004d20,000000005af85c81,000000005af85c80,0
1738,1738,0,12494010,269963831,13775964,277768711,000000004ce314d6,257469821,39962900,39962900,262874012,302836912,257469821,000000004ce314d6,00004d20,000000005af85c81,000000005af85c81,0
1739,1739,0,12494010,269963831,13775964,277768711,000000004ce314d6,257469821,39962900,39962900,262874012,302836912,257469821,000000004ce314d7,00004d18,000000005af85c82,000000005af85c81,0
1740,1740,0,12494010,269963831,13775964,277768711,000000004ce314d7,257469821,39962900,39962900,262874012,302836912,257469821,000000004ce314d7,00004d1c,000000005af85c83,000000005af85c82,0
1741,1741,0,12494010,269963831,13775964,277768712,000000004ce314d7,257469822,39962900,39962900,262874013,302836912,257469821,000000004ce314d8,00004d20,000000005af85c84,000000005af85c83,0
1742,1742,0,12494010,269963832,13775964,277768712,000000004ce314d8,257469822,39962900,39962900,262874013,302836913,257469822,000000004ce314d9,00004d20,000000005af85c85,000000005af85c84,0
1743,1743,0,12494010,269963832,13775964,277768712,000000004ce314d9,257469822,39962900,39962900,262874013,302836913,257469822,000000004ce314d9,00004d20,000000005af85c85,000000005af85c85,0
1744,1744,0,12494010,269963832,13775964,277768712,000000004ce314d9,257469822,39962900,39962900,262874013,302836913,257469822,000000004ce314da,00004d18,000000005af85c86,000000005af85c85,0
1745,1745,0,12494010,269963832,13775964,277768712,000000004ce314da,257469822,39962900,39962900,262874013,302836913,257469822,000000004ce314da,00004d1c,000000005af85c87,000000005af85c86,0
1746,1746,0,12494010,269963832,13775964,277768713,000000004ce314da,257469823,39962900,39962900,262874014,302836913,257469822,000000004ce314db,00004d20,000000005af85c88,000000005af85c87,0
1747,1747,0,12494010,269963833,13775964,277768713,000000004ce314db,257469823,39962900,39962900,262874014,302836914,257469823,000000004ce314dc,00004d20,000000005af85c89,000000005af85c88,0
1748,1748,0,12494010,269963833,13775964,277768713,000000004ce314dc,257469823,39962900,39962900,262874014,302836914,257469823,000000004ce314dc,00004d20,000000005af85c89,000000005af85c89,0
1749,1749,0,12494010,269963833,13775964,277768713,000000004ce314dc,257469823,39962900,39962900,262874014,302836914,257469823,000000004ce314dd,00004d18,000000005af85c8a,000000005af85c89,0
1750,1750,0,12494010,269963833,13775964,277768713,000000004ce314dd,257469823,39962900,39962900,262874014,302836914,257469823,000000004ce314dd,00004d1c,000000005af85c8b,000000005af85c8a,0
1751,1751,0,12494010,269963833,13775964,277768714,000000004ce314dd,257469824,39962900,39962900,262874015,302836914,257469823,000000004ce314de,00004d20,000000005af85c8c,000000005af85c8b,0
1752,1752,0,12494010,269963834,13775964,277768714,000000004ce314de,257469824,39962900,39962900,262874015,302836915,257469824,000000004ce314df,00004d20,000000005af85c8d,000000005af85c8c,0
1753,1753,0,12494010,269963834,13775964,277768714,000000004ce314df,257469824,39962900,39962900,262874015,302836915,257469824,000000004ce314df,00004d20,000000005af85c8d,000000005af85c8d,0
1754,1754,0,12494010,269963834,13775964,277768714,000000004ce314df,257469824,39962900,39962900,262874015,302836915,257469824,000000004ce314e0,00004d18,000000005af85c8e,000000005af85c8d,0
1755,1755,0,12494010,269963834,13775964,277768714,000000004ce314e0,257469824,39962900,39962900,262874015,302836915,257469824,000000004ce314e0,00004d1c,000000005af85c8f,000000005af85c8e,0
1756,1756,0,12494010,269963834,13775964,277768715,000000004ce314e0,257469825,39962900,39962900,262874016,302836915,257469824,000000004ce314e1,00004d20,000000005af85c90,000000005af85c8f,0
1757,1757,0,12494010,269963835,13775964,277768715,000000004ce314e1,257469825,39962900,39962900,262874016,302836916,257469825,000000004ce314e2,00004d20,000000005af85c91,000000005af85c90,0
1758,1758,0,12494010,269963835,13775964,277768715,000000004ce314e2,257469825,39962900,39962900,262874016,302836916,257469825,000000004ce314e2,00004d20,000000005af85c91,000000005af85c91,0
1759,1759,0,12494010,269963835,13775964,277768715,000000004ce314e2,257469825,39962900,39962900,262874016,302836916,257469825,000000004ce314e3,00004d18,000000005af85c92,000000005af85c91,0
1760,1760,0,12494010,269963835,13775964,277768715,000000004ce314e3,257469825,39962900,39962900,262874016,302836916,257469825,000000004ce314e3,00004d1c,000000005af85c93,000000005af85c92,0
1761,1761,0,12494010,269963835,13775964,277768716,000000004ce314e3,257469826,39962900,39962900,262874017,302836916,257469825,000000004ce314e4,00004d20,000000005af85c94,000000005af85c93,0
1762,1762,0,12494010,269963836,13775964,277768716,000000004ce314e4,257469826,39962900,39962900,262874017,302836917,257469826,000000004ce314e5,00004d20,000000005af85c95,000000005af85c94,0
1763,1763,0,12494010,269963836,13775964,277768716,000000004ce314e5,257469826,39962900,39962900,262874017,302836917,257469826,000000004ce314e5,00004d20,000000005af85c95,000000005af85c95,0
1764,1764,0,12494010,269963836,13775964,277768716,000000004ce314e5,257469826,39962900,39962900,262874017,302836917,257469826,000000004ce314e6,00004d18,000000005af85c96,000000005af85c95,0
1765,1765,0,12494010,269963836,13775964,277768716,000000004ce314e6,257469826,39962900,39962900,262874017,302836917,257469826,000000004ce314e6,00004d1c,000000005af85c97,000000005af85c96,0
1766,1766,0,12494010,269963836,13775964,277768717,000000004ce314e6,257469827,39962900,39962900,262874018,302836917,257469826,000000004ce314e7,00004d20,000000005af85c98,000000005af85c97,0
1767,1767,0,12494010,269963837,13775964,277768717,000000004ce314e7,257469827,39962900,39962900,262874018,302836918,257469827,000000004ce314e8,00004d20,000000005af85c99,000000005af85c98,0
1768,1768,0,12494010,269963837,13775964,277768717,000000004ce314e8,257469827,39962900,39962900,262874018,302836918,257469827,000000004ce314e8,00004d20,000000005af85c99,000000005af85c99,0
1769,1769,0,12494010,269963837,13775964,277768717,000000004ce314e8,257469827,39962900,39962900,262874018,302836918,257469827,000000004ce314e9,00004d18,000000005af85c9a,000000005af85c99,0
1770,1770,0,12494010,269963837,13775964,277768717,000000004ce314e9,257469827,39962900,39962900,262874018,302836918,257469827,000000004ce314e9,00004d1c,000000005af85c9b,000000005af85c9a,0
1771,1771,0,12494010,269963837,13775964,277768718,000000004ce314e9,257469828,39962900,39962900,262874019,302836918,257469827,000000004ce314ea,00004d20,000000005af85c9c,000000005af85c9b,0
1772,1772,0,12494010,269963838,13775964,277768718,000000004ce314ea,257469828,39962900,39962900,262874019,302836919,257469828,000000004ce314eb,00004d20,000000005af85c9d,000000005af85c9c,0
1773,1773,0,12494010,269963838,13775964,277768718,000000004ce314eb,257469828,39962900,39962900,262874019,302836919,257469828,000000004ce314eb,00004d20,000000005af85c9d,000000005af85c9d,0
1774,1774,0,12494010,269963838,13775964,277768718,000000004ce314eb,257469828,39962900,39962900,262874019,302836919,257469828,000000004ce314ec,00004d18,000000005af85c9e,000000005af85c9d,0
1775,1775,0,12494010,269963838,13775964,277768718,000000004ce314ec,257469828,39962900,39962900,262874019,302836919,257469828,000000004ce314ec,00004d1c,000000005af85c9f,000000005af85c9e,0
1776,1776,0,12494010,269963838,13775964,277768719,000000004ce314ec,257469829,39962900,39962900,262874020,302836919,257469828,000000004ce314ed,00004d20,000000005af85ca0,000000005af85c9f,0
1777,1777,0,12494010,269963839,13775964,277768719,000000004ce314ed,257469829,39962900,39962900,262874020,302836920,257469829,000000004ce314ee,00004d20,000000005af85ca1,000000005af85ca0,0
1778,1778,0,12494010,269963839,13775964,277768719,000000004ce314ee,257469829,39962900,39962900,262874020,302836920,257469829,000000004ce314ee,00004d20,000000005af85ca1,000000005af85ca1,0
1779,1779,0,12494010,269963839,13775964,277768719,000000004ce314ee,257469829,39962900,39962900,262874020,302836920,257469829,000000004ce314ef,00004d18,000000005af85ca2,000000005af85ca1,0
1780,1780,0,12494010,269963839,13775964,277768719,000000004ce314ef,257469829,39962900,39962900,262874020,302836920,257469829,000000004ce314ef,00004d1c,000000005af85ca3,000000005af85ca2,0
1781,1781,0,12494010,269963839,13775964,277768720,000000004ce314ef,257469830,39962900,39962900,262874021,302836920,257469829,000000004ce314f0,00004d20,000000005af85ca4,000000005af85ca3,0
1782,1782,0,12494010,269963840,13775964,277768720,000000004ce314f0,257469830,39962900,39962900,262874021,302836921,257469830,000000004ce314f1,00004d20,000000005af85ca5,000000005af85ca4,0
1783,1783,0,12494010,269963840,13775964,277768720,000000004ce314f1,257469830,39962900,39962900,262874021,302836921,257469830,000000004ce314f1,00004d20,000000005af85ca5,000000005af85ca5,0
1784,1784,0,12494010,269963840,13775964,277768720,000000004ce314f1,257469830,39962900,39962900,262874021,302836921,257469830,000000004ce314f2,00004d18,000000005af85ca6,000000005af85ca5,0
1785,1785,0,12494010,269963840,13775964,277768720,000000004ce314f2,257469830,39962900,39962900,262874021,302836921,257469830,000000004ce314f2,00004d1c,000000005af85ca7,000000005af85ca6,0
1786,1786,0,12494010,269963840,13775964,277768721,000000004ce314f2,257469831,39962900,39962900,262874022,302836921,257469830,000000004ce314f3,00004d20,000000005af85ca8,000000005af85ca7,0
1787,1787,0,12494010,269963841,13775964,277768721,000000004ce314f3,257469831,39962900,39962900,262874022,302836922,257469831,000000004ce314f4,00004d20,000000005af85ca9,000000005af85ca8,0
1788,1788,0,12494010,269963841,13775964,277768721,000000004ce314f4,257469831,39962900,39962900,262874022,302836922,257469831,000000004ce314f4,00004d20,000000005af85ca9,000000005af85ca9,0
1789,1789,0,12494010,269963841,13775964,277768721,000000004ce314f4,257469831,39962900,39962900,262874022,302836922,257469831,000000004ce314f5,00004d18,000000005af85caa,000000005af85ca9,0
1790,1790,0,12494010,269963841,13775964,277768721,000000004ce314f5,257469831,39962900,39962900,262874022,302836922,257469831,000000004ce314f5,00004d1c,000000005af85cab,000000005af85caa,0
1791,1791,0,12494010,269963841,13775964,277768722,000000004ce314f5,257469832,39962900,39962900,262874023,302836922,257469831,000000004ce314f6,00004d20,000000005af85cac,000000005af85cab,0
1792,1792,0,12494010,269963842,13775964,277768722,000000004ce314f6,257469832,39962900,39962900,262874023,302836923,257469832,000000004ce314f7,00004d20,000000005af85cad,000000005af85cac,0
1793,1793,0,12494010,269963842,13775964,277768722,000000004ce314f7,257469832,39962900,39962900,262874023,302836923,257469832,000000004ce314f7,00004d20,000000005af85cad,000000005af85cad,0
1794,1794,0,12494010,269963842,13775964,277768722,000000004ce314f7,257469832,39962900,39962900,262874023,302836923,257469832,000000004ce314f8,00004d18,000000005af85cae,000000005af85cad,0
1795,1795,0,12494010,269963842,13775964,277768722,000000004ce314f8,257469832,39962900,39962900,262874023,302836923,257469832,000000004ce314f8,00004d1c,000000005af85caf,000000005af85cae,0
1796,1796,0,12494010,269963842,13775964,277768723,000000004ce314f8,257469833,39962900,39962900,262874024,302836923,257469832,000000004ce314f9,00004d20,000000005af85cb0,000000005af85caf,0
1797,1797,0,12494010,269963843,13775964,277768723,000000004ce314f9,257469833,39962900,39962900,262874024,302836924,257469833,000000004ce314fa,00004d20,000000005af85cb1,000000005af85cb0,0
1798,1798,0,12494010,269963843,13775964,277768723,000000004ce314fa,257469833,39962900,39962900,262874024,302836924,257469833,000000004ce314fa,00004d20,000000005af85cb1,000000005af85cb1,0
1799,1799,0,12494010,269963843,13775964,277768723,000000004ce314fa,257469833,39962900,39962900,262874024,302836924,257469833,000000004ce314fb,00004d18,000000005af85cb2,000000005af85cb1,0
1800,1800,0,12494010,269963843,13775964,277768723,000000004ce314fb,257469833,39962900,39962900,262874024,302836924,257469833,000000004ce314fb,00004d1c,000000005af85cb3,000000005af85cb2,0
1801,1801,0,12494010,269963843,13775964,277768724,000000004ce314fb,257469834,39962900,39962900,262874025,302836924,257469833,000000004ce314fc,00004d20,000000005af85cb4,000000005af85cb3,0
1802,1802,0,12494010,269963844,13775964,277768724,000000004ce314fc,257469834,39962900,39962900,262874025,302836925,257469834,000000004ce314fd,00004d20,000000005af85cb5,000000005af85cb4,0
1803,1803,0,12494010,269963844,13775964,277768724,000000004ce314fd,257469834,39962900,39962900,262874025,302836925,257469834,000000004ce314fd,00004d20,000000005af85cb5,000000005af85cb5,0
1804,1804,0,12494010,269963844,13775964,277768724,000000004ce314fd,257469834,39962900,39962900,262874025,302836925,257469834,000000004ce314fe,00004d18,000000005af85cb6,000000005af85cb5,0
1805,1805,0,12494010,269963844,13775964,277768724,000000004ce314fe,257469834,39962900,39962900,262874025,302836925,257469834,000000004ce314fe,00004d1c,000000005af85cb7,000000005af85cb6,0
1806,1806,0,12494010,269963844,13775964,277768725,000000004ce314fe,257469835,39962900,39962900,262874026,302836925,257469834,000000004ce314ff,00004d20,000000005af85cb8,000000005af85cb7,0
1807,1807,0,12494010,269963845,13775964,277768725,000000004ce314ff,257469835,39962900,39962900,262874026,302836926,257469835,000000004ce31500,00004d20,000000005af85cb9,000000005af85cb8,0
1808,1808,0,12494010,269963845,13775964,277768725,000000004ce31500,257469835,39962900,39962900,262874026,302836926,257469835,000000004ce31500,00004d20,000000005af85cb9,000000005af85cb9,0
1809,1809,0,12494010,269963845,13775964,277768725,000000004ce31500,257469835,39962900,39962900,262874026,302836926,257469835,000000004ce31501,00004d18,000000005af85cba,000000005af85cb9,0
1810,1810,0,12494010,269963845,13775964,277768725,000000004ce31501,257469835,39962900,39962900,262874026,302836926,257469835,000000004ce31501,00004d1c,000000005af85cbb,000000005af85cba,0
1811,1811,0,12494010,269963845,13775964,277768726,000000004ce31501,257469836,39962900,39962900,262874027,302836926,257469835,000000004ce31502,00004d20,000000005af85cbc,000000005af85cbb,0
1812,1812,0,12494010,269963846,13775964,277768726,000000004ce31502,257469836,39962900,39962900,262874027,302836927,257469836,000000004ce31503,00004d20,000000005af85cbd,000000005af85cbc,0
1813,1813,0,12494010,269963846,13775964,277768726,000000004ce31503,257469836,39962900,39962900,262874027,302836927,257469836,000000004ce31503,00004d20,000000005af85cbd,000000005af85cbd,0
1814,1814,0,12494010,269963846,13775964,277768726,000000004ce31503,257469836,39962900,39962900,262874027,302836927,257469836,000000004ce31504,00004d18,000000005af85cbe,000000005af85cbd,0
1815,1815,0,12494010,269963846,13775964,277768726,000000004ce31504,257469836,39962900,39962900,262874027,302836927,257469836,000000004ce31504,00004d1c,000000005af85cbf,000000005af85cbe,0
1816,1816,0,12494010,269963846,13775964,277768727,000000004ce31504,257469837,39962900,39962900,262874028,302836927,257469836,000000004ce31505,00004d20,000000005af85cc0,000000005af85cbf,0
1817,1817,0,12494010,269963847,13775964,277768727,000000004ce31505,257469837,39962900,39962900,262874028,302836928,257469837,000000004ce31506,00004d20,000000005af85cc1,000000005af85cc0,0
1818,1818,0,12494010,269963847,13775964,277768727,000000004ce31506,257469837,39962900,39962900,262874028,302836928,257469837,000000004ce31506,00004d20,000000005af85cc1,000000005af85cc1,0
1819,1819,0,12494010,269963847,13775964,277768727,000000004ce31506,257469837,39962900,39962900,262874028,302836928,257469837,000000004ce31507,00004d18,000000005af85cc2,000000005af85cc1,0
1820,1820,0,12494010,269963847,13775964,277768727,000000004ce31507,257469837,39962900,39962900,262874028,302836928,257469837,000000004ce31507,00004d1c,000000005af85cc3,000000005af85cc2,0
1821,1821,0,12494010,269963847,13775964,277768728,000000004ce31507,257469838,39962900,39962900,262874029,302836928,257469837,000000004ce31508,00004d20,000000005af85cc4,000000005af85cc3,0
1822,1822,0,12494010,269963848,13775964,277768728,000000004ce31508,257469838,39962900,39962900,262874029,302836929,257469838,000000004ce31509,00004d20,000000005af85cc5,000000005af85cc4,0
1823,1823,0,12494010,269963848,13775964,277768728,000000004ce31509,257469838,39962900,39962900,262874029,302836929,257469838,000000004ce31509,00004d20,000000005af85cc5,000000005af85cc5,0
1824,1824,0,12494010,269963848,13775964,277768728,000000004ce31509,257469838,39962900,39962900,262874029,302836929,257469838,000000004ce3150a,00004d18,000000005af85cc6,000000005af85cc5,0
1825,1825,0,12494010,269963848,13775964,277768728,000000004ce3150a,257469838,39962900,39962900,262874029,302836929,257469838,000000004ce3150a,00004d1c,000000005af85cc7,000000005af85cc6,0
1826,1826,0,12494010,269963848,13775964,277768729,000000004ce3150a,257469839,39962900,39962900,262874030,302836929,257469838,000000004ce3150b,00004d20,000000005af85cc8,000000005af85cc7,0
1827,1827,0,12494010,269963849,13775964,277768729,000000004ce3150b,257469839,39962900,39962900,262874030,302836930,257469839,000000004ce3150c,00004d20,000000005af85cc9,000000005af85cc8,0
1828,1828,0,12494010,269963849,13775964,277768729,000000004ce3150c,257469839,39962900,39962900,262874030,302836930,257469839,000000004ce3150c,00004d20,000000005af85cc9,000000005af85cc9,0
1829,1829,0,12494010,269963849,13775964,277768729,000000004ce3150c,257469839,39962900,39962900,262874030,302836930,257469839,000000004ce3150d,00004d18,000000005af85cca,000000005af85cc9,0
1830,1830,0,12494010,269963849,13775964,277768729,000000004ce3150d,257469839,39962900,39962900,262874030,302836930,257469839,000000004ce3150d,00004d1c,000000005af85ccb,000000005af85cca,0
1831,1831,0,12494010,269963849,13775964,277768730,000000004ce3150d,257469840,39962900,39962900,262874031,302836930,257469839,000000004ce3150e,00004d20,000000005af85ccc,000000005af85ccb,0
1832,1832,0,12494010,269963850,13775964,277768730,000000004ce3150e,257469840,39962900,39962900,262874031,302836931,257469840,000000004ce3150f,00004d20,000000005af85ccd,000000005af85ccc,0
1833,1833,0,12494010,269963850,13775964,277768730,000000004ce3150f,257469840,39962900,39962900,262874031,302836931,257469840,000000004ce3150f,00004d20,000000005af85ccd,000000005af85ccd,0
1834,1834,0,12494010,269963850,13775964,277768730,000000004ce3150f,257469840,39962900,39962900,262874031,302836931,257469840,000000004ce31510,00004d18,000000005af85cce,000000005af85ccd,0
1835,1835,0,12494010,269963850,13775964,277768730,000000004ce31510,257469840,39962900,39962900,262874031,302836931,257469840,000000004ce31510,00004d1c,000000005af85ccf,000000005af85cce,0
1836,1836,0,12494010,269963850,13775964,277768731,000000004ce31510,257469841,39962900,39962900,262874032,302836931,257469840,000000004ce31511,00004d20,000000005af85cd0,000000005af85ccf,0
1837,1837,0,12494010,269963851,13775964,277768731,000000004ce31511,257469841,39962900,39962900,262874032,302836932,257469841,000000004ce31512,00004d20,000000005af85cd1,000000005af85cd0,0
1838,1838,0,12494010,269963851,13775964,277768731,000000004ce31512,257469841,39962900,39962900,262874032,302836932,257469841,000000004ce31512,00004d20,000000005af85cd1,000000005af85cd1,0
1839,1839,0,12494010,269963851,13775964,277768731,000000004ce31512,257469841,39962900,39962900,262874032,302836932,257469841,000000004ce31513,00004d18,000000005af85cd2,000000005af85cd1,0
1840,1840,0,12494010,269963851,13775964,277768731,000000004ce31513,257469841,39962900,39962900,262874032,302836932,257469841,000000004ce31513,00004d1c,000000005af85cd3,000000005af85cd2,0
1841,1841,0,12494010,269963851,13775964,277768732,000000004ce31513,257469842,39962900,39962900,262874033,302836932,257469841,000000004ce31514,00004d20,000000005af85cd4,000000005af85cd3,0
1842,1842,0,12494010,269963852,13775964,277768732,000000004ce31514,257469842,39962900,39962900,262874033,302836933,257469842,000000004ce31515,00004d20,000000005af85cd5,000000005af85cd4,0
1843,1843,0,12494010,269963852,13775964,277768732,000000004ce31515,257469842,39962900,39962900,262874033,302836933,257469842,000000004ce31515,00004d20,000000005af85cd5,000000005af85cd5,0
1844,1844,0,12494010,269963852,13775964,277768732,000000004ce31515,257469842,39962900,39962900,262874033,302836933,257469842,000000004ce31516,00004d18,000000005af85cd6,000000005af85cd5,0
1845,1845,0,12494010,269963852,13775964,277768732,000000004ce31516,257469842,39962900,39962900,262874033,302836933,257469842,000000004ce31516,00004d1c,000000005af85cd7,000000005af85cd6,0
1846,1846,0,12494010,269963852,13775964,277768733,000000004ce31516,257469843,39962900,39962900,262874034,302836933,257469842,000000004ce31517,00004d20,000000005af85cd8,000000005af85cd7,0
1847,1847,0,12494010,269963853,13775964,277768733,000000004ce31517,257469843,39962900,39962900,262874034,302836934,257469843,000000004ce31518,00004d20,000000005af85cd9,000000005af85cd8,0
1848,1848,0,12494010,269963853,13775964,277768733,000000004ce31518,257469843,39962900,39962900,262874034,302836934,257469843,000000004ce31518,00004d20,000000005af85cd9,000000005af85cd9,0
1849,1849,0,12494010,269963853,13775964,277768733,000000004ce31518,257469843,39962900,39962900,262874034,302836934,257469843,000000004ce31519,00004d18,000000005af85cda,000000005af85cd9,0
1850,1850,0,12494010,269963853,13775964,277768733,000000004ce31519,257469843,39962900,39962900,262874034,302836934,257469843,000000004ce31519,00004d1c,000000005af85cdb,000000005af85cda,0
1851,1851,0,12494010,269963853,13775964,277768734,000000004ce31519,257469844,39962900,39962900,262874035,302836934,257469843,000000004ce3151a,00004d20,000000005af85cdc,000000005af85cdb,0
1852,1852,0,12494010,269963854,13775964,277768734,000000004ce3151a,257469844,39962900,39962900,262874035,302836935,257469844,000000004ce3151b,00004d20,000000005af85cdd,000000005af85cdc,0
1853,1853,0,12494010,269963854,13775964,277768734,000000004ce3151b,257469844,39962900,39962900,262874035,302836935,257469844,000000004ce3151b,00004d20,000000005af85cdd,000000005af85cdd,0
1854,1854,0,12494010,269963854,13775964,277768734,000000004ce3151b,257469844,39962900,39962900,262874035,302836935,257469844,000000004ce3151c,00004d18,000000005af85cde,000000005af85cdd,0
1855,1855,0,12494010,269963854,13775964,277768734,000000004ce3151c,257469844,39962900,39962900,262874035,302836935,257469844,000000004ce3151c,00004d1c,000000005af85cdf,000000005af85cde,0
1856,1856,0,12494010,269963854,13775964,277768735,000000004ce3151c,257469845,39962900,39962900,262874036,302836935,257469844,000000004ce3151d,00004d20,000000005af85ce0,000000005af85cdf,0
1857,1857,0,12494010,269963855,13775964,277768735,000000004ce3151d,257469845,39962900,39962900,262874036,302836936,257469845,000000004ce3151e,00004d20,000000005af85ce1,000000005af85ce0,0
1858,1858,0,12494010,269963855,13775964,277768735,000000004ce3151e,257469845,39962900,39962900,262874036,302836936,257469845,000000004ce3151e,00004d20,000000005af85ce1,000000005af85ce1,0
1859,1859,0,12494010,269963855,13775964,277768735,000000004ce3151e,257469845,39962900,39962900,262874036,302836936,257469845,000000004ce3151f,00004d18,000000005af85ce2,000000005af85ce1,0
1860,1860,0,12494010,269963855,13775964,277768735,000000004ce3151f,257469845,39962900,39962900,262874036,302836936,257469845,000000004ce3151f,00004d1c,000000005af85ce3,000000005af85ce2,0
1861,1861,0,12494010,269963855,13775964,277768736,000000004ce3151f,257469846,39962900,39962900,262874037,302836936,257469845,000000004ce31520,00004d20,000000005af85ce4,000000005af85ce3,0
1862,1862,0,12494010,269963856,13775964,277768736,000000004ce31520,257469846,39962900,39962900,262874037,302836937,257469846,000000004ce31521,00004d20,000000005af85ce5,000000005af85ce4,0
1863,1863,0,12494010,269963856,13775964,277768736,000000004ce31521,257469846,39962900,39962900,262874037,302836937,257469846,000000004ce31521,00004d20,000000005af85ce5,000000005af85ce5,0
1864,1864,0,12494010,269963856,13775964,277768736,000000004ce31521,257469846,39962900,39962900,262874037,302836937,257469846,000000004ce31522,00004d18,000000005af85ce6,000000005af85ce5,0
1865,1865,0,12494010,269963856,13775964,277768736,000000004ce31522,257469846,39962900,39962900,262874037,302836937,257469846,000000004ce31522,00004d1c,000000005af85ce7,000000005af85ce6,0
1866,1866,0,12494010,269963856,13775964,277768737,000000004ce31522,257469847,39962900,39962900,262874038,302836937,257469846,000000004ce31523,00004d20,000000005af85ce8,000000005af85ce7,0
1867,1867,0,12494010,269963857,13775964,277768737,000000004ce31523,257469847,39962900,39962900,262874038,302836938,257469847,000000004ce31524,00004d20,000000005af85ce9,000000005af85ce8,0
1868,1868,0,12494010,269963857,13775964,277768737,000000004ce31524,257469847,39962900,39962900,262874038,302836938,257469847,000000004ce31524,00004d20,000000005af85ce9,000000005af85ce9,0
1869,1869,0,12494010,269963857,13775964,277768737,000000004ce31524,257469847,39962900,39962900,262874038,302836938,257469847,000000004ce31525,00004d18,000000005af85cea,000000005af85ce9,0
1870,1870,0,12494010,269963857,13775964,277768737,000000004ce31525,257469847,39962900,39962900,262874038,302836938,257469847,000000004ce31525,00004d1c,000000005af85ceb,000000005af85cea,0
1871,1871,0,12494010,269963857,13775964,277768738,000000004ce31525,257469848,39962900,39962900,262874039,302836938,257469847,000000004ce31526,00004d20,000000005af85cec,000000005af85ceb,0
1872,1872,0,12494010,269963858,13775964,277768738,000000004ce31526,257469848,39962900,39962900,262874039,302836939,257469848,000000004ce31527,00004d20,000000005af85ced,000000005af85cec,0
1873,1873,0,12494010,269963858,13775964,277768738,000000004ce31527,257469848,39962900,39962900,262874039,302836939,257469848,000000004ce31527,00004d20,000000005af85ced,000000005af85ced,0
1874,1874,0,12494010,269963858,13775964,277768738,000000004ce31527,257469848,39962900,39962900,262874039,302836939,257469848,000000004ce31528,00004d18,000000005af85cee,000000005af85ced,0
1875,1875,0,12494010,269963858,13775964,277768738,000000004ce31528,257469848,39962900,39962900,262874039,302836939,257469848,000000004ce31528,00004d1c,000000005af85cef,000000005af85cee,0
1876,1876,0,12494010,269963858,13775964,277768739,000000004ce31528,257469849,39962900,39962900,262874040,302836939,257469848,000000004ce31529,00004d20,000000005af85cf0,000000005af85cef,0
1877,1877,0,12494010,269963859,13775964,277768739,000000004ce31529,257469849,39962900,39962900,262874040,302836940,257469849,000000004ce3152a,00004d20,000000005af85cf1,000000005af85cf0,0
1878,1878,0,12494010,269963859,13775964,277768739,000000004ce3152a,257469849,39962900,39962900,262874040,302836940,257469849,000000004ce3152a,00004d20,000000005af85cf1,000000005af85cf1,0
1879,1879,0,12494010,269963859,13775964,277768739,000000004ce3152a,257469849,39962900,39962900,262874040,302836940,257469849,000000004ce3152b,00004d18,000000005af85cf2,000000005af85cf1,0
1880,1880,0,12494010,269963859,13775964,277768739,000000004ce3152b,257469849,39962900,39962900,262874040,302836940,257469849,000000004ce3152b,00004d1c,000000005af85cf3,000000005af85cf2,0
1881,1881,0,12494010,269963859,13775964,277768740,000000004ce3152b,257469850,39962900,39962900,262874041,302836940,257469849,000000004ce3152c,00004d20,000000005af85cf4,000000005af85cf3,0
1882,1882,0,12494010,269963860,13775964,277768740,000000004ce3152c,257469850,39962900,39962900,262874041,302836941,257469850,000000004ce3152d,00004d20,000000005af85cf5,000000005af85cf4,0
1883,1883,0,12494010,269963860,13775964,277768740,000000004ce3152d,257469850,39962900,39962900,262874041,302836941,257469850,000000004ce3152d,00004d20,000000005af85cf5,000000005af85cf5,0
1884,1884,0,12494010,269963860,13775964,277768740,000000004ce3152d,257469850,39962900,39962900,262874041,302836941,257469850,000000004ce3152e,00004d18,000000005af85cf6,000000005af85cf5,0
1885,1885,0,12494010,269963860,13775964,277768740,000000004ce3152e,257469850,39962900,39962900,262874041,302836941,257469850,000000004ce3152e,00004d1c,000000005af85cf7,000000005af85cf6,0
1886,1886,0,12494010,269963860,13775964,277768741,000000004ce3152e,257469851,39962900,39962900,262874042,302836941,257469850,000000004ce3152f,00004d20,000000005af85cf8,000000005af85cf7,0
1887,1887,0,12494010,269963861,13775964,277768741,000000004ce3152f,257469851,39962900,39962900,262874042,302836942,257469851,000000004ce31530,00004d20,000000005af85cf9,000000005af85cf8,0
1888,1888,0,12494010,269963861,13775964,277768741,000000004ce31530,257469851,39962900,39962900,262874042,302836942,257469851,000000004ce31530,00004d20,000000005af85cf9,000000005af85cf9,0
1889,1889,0,12494010,269963861,13775964,277768741,000000004ce31530,257469851,39962900,39962900,262874042,302836942,257469851,000000004ce31531,00004d18,000000005af85cfa,000000005af85cf9,0
1890,1890,0,12494010,269963861,13775964,277768741,000000004ce31531,257469851,39962900,39962900,262874042,302836942,257469851,000000004ce31531,00004d1c,000000005af85cfb,000000005af85cfa,0
1891,1891,0,12494010,269963861,13775964,277768742,000000004ce31531,257469852,39962900,39962900,262874043,302836942,257469851,000000004ce31532,00004d20,000000005af85cfc,000000005af85cfb,0
1892,1892,0,12494010,269963862,13775964,277768742,000000004ce31532,257469852,39962900,39962900,262874043,302836943,257469852,000000004ce31533,00004d20,000000005af85cfd,000000005af85cfc,0
1893,1893,0,12494010,269963862,13775964,277768742,000000004ce31533,257469852,39962900,39962900,262874043,302836943,257469852,000000004ce31533,00004d20,000000005af85cfd,000000005af85cfd,0
1894,1894,0,12494010,269963862,13775964,277768742,000000004ce31533,257469852,39962900,39962900,262874043,302836943,257469852,000000004ce31534,00004d18,000000005af85cfe,000000005af85cfd,0
1895,1895,0,12494010,269963862,13775964,277768742,000000004ce31534,257469852,39962900,39962900,262874043,302836943,257469852,000000004ce31534,00004d1c,000000005af85cff,000000005af85cfe,0
1896,1896,0,12494010,269963862,13775964,277768743,000000004ce31534,257469853,39962900,39962900,262874044,302836943,257469852,000000004ce31535,00004d20,000000005af85d00,000000005af85cff,0
1897,1897,0,12494010,269963863,13775964,277768743,000000004ce31535,257469853,39962900,39962900,262874044,302836944,257469853,000000004ce31536,00004d20,000000005af85d01,000000005af85d00,0
1898,1898,0,12494010,269963863,13775964,277768743,000000004ce31536,257469853,39962900,39962900,262874044,302836944,257469853,000000004ce31536,00004d20,000000005af85d01,000000005af85d01,0
1899,1899,0,12494010,269963863,13775964,277768743,000000004ce31536,257469853,39962900,39962900,262874044,302836944,257469853,000000004ce31537,00004d18,000000005af85d02,000000005af85d01,0
1900,1900,0,12494010,269963863,13775964,277768743,000000004ce31537,257469853,39962900,39962900,262874044,302836944,257469853,000000004ce31537,00004d1c,000000005af85d03,000000005af85d02,0
1901,1901,0,12494010,269963863,13775964,277768744,000000004ce31537,257469854,39962900,39962900,262874045,302836944,257469853,000000004ce31538,00004d20,000000005af85d04,000000005af85d03,0
1902,1902,0,12494010,269963864,13775964,277768744,000000004ce31538,257469854,39962900,39962900,262874045,302836945,257469854,000000004ce31539,00004d20,000000005af85d05,000000005af85d04,0
1903,1903,0,12494010,269963864,13775964,277768744,000000004ce31539,257469854,39962900,39962900,262874045,302836945,257469854,000000004ce31539,00004d20,000000005af85d05,000000005af85d05,0
1904,1904,0,12494010,269963864,13775964,277768744,000000004ce31539,257469854,39962900,39962900,262874045,302836945,257469854,000000004ce3153a,00004d18,000000005af85d06,000000005af85d05,0
1905,1905,0,12494010,269963864,13775964,277768744,000000004ce3153a,257469854,39962900,39962900,262874045,302836945,257469854,000000004ce3153a,00004d1c,000000005af85d07,000000005af85d06,0
1906,1906,0,12494010,269963864,13775964,277768745,000000004ce3153a,257469855,39962900,39962900,262874046,302836945,257469854,000000004ce3153b,00004d20,000000005af85d08,000000005af85d07,0
1907,1907,0,12494010,269963865,13775964,277768745,000000004ce3153b,257469855,39962900,39962900,262874046,302836946,257469855,000000004ce3153c,00004d20,000000005af85d09,000000005af85d08,0
1908,1908,0,12494010,269963865,13775964,277768745,000000004ce3153c,257469855,39962900,39962900,262874046,302836946,257469855,000000004ce3153c,00004d20,000000005af85d09,000000005af85d09,0
1909,1909,0,12494010,269963865,13775964,277768745,000000004ce3153c,257469855,39962900,39962900,262874046,302836946,257469855,000000004ce3153d,00004d18,000000005af85d0a,000000005af85d09,0
1910,1910,0,12494010,269963865,13775964,277768745,000000004ce3153d,257469855,39962900,39962900,262874046,302836946,257469855,000000004ce3153d,00004d1c,000000005af85d0b,000000005af85d0a,0
1911,1911,0,12494010,269963865,13775964,277768746,000000004ce3153d,257469856,39962900,39962900,262874047,302836946,257469855,000000004ce3153e,00004d20,000000005af85d0c,000000005af85d0b,0
1912,1912,0,12494010,269963866,13775964,277768746,000000004ce3153e,257469856,39962900,39962900,262874047,302836947,257469856,000000004ce3153f,00004d20,000000005af85d0d,000000005af85d0c,0
1913,1913,0,12494010,269963866,13775964,277768746,000000004ce3153f,257469856,39962900,39962900,262874047,302836947,257469856,000000004ce3153f,00004d20,000000005af85d0d,000000005af85d0d,0
1914,1914,0,12494010,269963866,13775964,277768746,000000004ce3153f,257469856,39962900,39962900,262874047,302836947,257469856,000000004ce31540,00004d18,000000005af85d0e,000000005af85d0d,0
1915,1915,0,12494010,269963866,13775964,277768746,000000004ce31540,257469856,39962900,39962900,262874047,302836947,257469856,000000004ce31540,00004d1c,000000005af85d0f,000000005af85d0e,0
1916,1916,0,12494010,269963866,13775964,277768747,000000004ce31540,257469857,39962900,39962900,262874048,302836947,257469856,000000004ce31541,00004d20,000000005af85d10,000000005af85d0f,0
1917,1917,0,12494010,269963867,13775964,277768747,000000004ce31541,257469857,39962900,39962900,262874048,302836948,257469857,000000004ce31542,00004d20,000000005af85d11,000000005af85d10,0
1918,1918,0,12494010,269963867,13775964,277768747,000000004ce31542,257469857,39962900,39962900,262874048,302836948,257469857,000000004ce31542,00004d20,000000005af85d11,000000005af85d11,0
1919,1919,0,12494010,269963867,13775964,277768747,000000004ce31542,257469857,39962900,39962900,262874048,302836948,257469857,000000004ce31543,00004d18,000000005af85d12,000000005af85d11,0
1920,1920,0,12494010,269963867,13775964,277768747,000000004ce31543,257469857,39962900,39962900,262874048,302836948,257469857,000000004ce31543,00004d1c,000000005af85d13,000000005af85d12,0
1921,1921,0,12494010,269963867,13775964,277768748,000000004ce31543,257469858,39962900,39962900,262874049,302836948,257469857,000000004ce31544,00004d20,000000005af85d14,000000005af85d13,0
1922,1922,0,12494010,269963868,13775964,277768748,000000004ce31544,257469858,39962900,39962900,262874049,302836949,257469858,000000004ce31545,00004d20,000000005af85d15,000000005af85d14,0
1923,1923,0,12494010,269963868,13775964,277768748,000000004ce31545,257469858,39962900,39962900,262874049,302836949,257469858,000000004ce31545,00004d20,000000005af85d15,000000005af85d15,0
1924,1924,0,12494010,269963868,13775964,277768748,000000004ce31545,257469858,39962900,39962900,262874049,302836949,257469858,000000004ce31546,00004d18,000000005af85d16,000000005af85d15,0
1925,1925,0,12494010,269963868,13775964,277768748,000000004ce31546,257469858,39962900,39962900,262874049,302836949,257469858,000000004ce31546,00004d1c,000000005af85d17,000000005af85d16,0
1926,1926,0,12494010,269963868,13775964,277768749,000000004ce31546,257469859,39962900,39962900,262874050,302836949,257469858,000000004ce31547,00004d20,000000005af85d18,000000005af85d17,0
1927,1927,0,12494010,269963869,13775964,277768749,000000004ce31547,257469859,39962900,39962900,262874050,302836950,257469859,000000004ce31548,00004d20,000000005af85d19,000000005af85d18,0
1928,1928,0,12494010,269963869,13775964,277768749,000000004ce31548,257469859,39962900,39962900,262874050,302836950,257469859,000000004ce31548,00004d20,000000005af85d19,000000005af85d19,0
1929,1929,0,12494010,269963869,13775964,277768749,000000004ce31548,257469859,39962900,39962900,262874050,302836950,257469859,000000004ce31549,00004d18,000000005af85d1a,000000005af85d19,0
1930,1930,0,12494010,269963869,13775964,277768749,000000004ce31549,257469859,39962900,39962900,262874050,302836950,257469859,000000004ce31549,00004d1c,000000005af85d1b,000000005af85d1a,0
1931,1931,0,12494010,269963869,13775964,277768750,000000004ce31549,257469860,39962900,39962900,262874051,302836950,257469859,000000004ce3154a,00004d20,000000005af85d1c,000000005af85d1b,0
1932,1932,0,12494010,269963870,13775964,277768750,000000004ce3154a,257469860,39962900,39962900,262874051,302836951,257469860,000000004ce3154b,00004d20,000000005af85d1d,000000005af85d1c,0
1933,1933,0,12494010,269963870,13775964,277768750,000000004ce3154b,257469860,39962900,39962900,262874051,302836951,257469860,000000004ce3154b,00004d20,000000005af85d1d,000000005af85d1d,0
1934,1934,0,12494010,269963870,13775964,277768750,000000004ce3154b,257469860,39962900,39962900,262874051,302836951,257469860,000000004ce3154c,00004d18,000000005af85d1e,000000005af85d1d,0
1935,1935,0,12494010,269963870,13775964,277768750,000000004ce3154c,257469860,39962900,39962900,262874051,302836951,257469860,000000004ce3154c,00004d1c,000000005af85d1f,000000005af85d1e,0
1936,1936,0,12494010,269963870,13775964,277768751,000000004ce3154c,257469861,39962900,39962900,262874052,302836951,257469860,000000004ce3154d,00004d20,000000005af85d20,000000005af85d1f,0
1937,1937,0,12494010,269963871,13775964,277768751,000000004ce3154d,257469861,39962900,39962900,262874052,302836952,257469861,000000004ce3154e,00004d20,000000005af85d21,000000005af85d20,0
1938,1938,0,12494010,269963871,13775964,277768751,000000004ce3154e,257469861,39962900,39962900,262874052,302836952,257469861,000000004ce3154e,00004d20,000000005af85d21,000000005af85d21,0
1939,1939,0,12494010,269963871,13775964,277768751,000000004ce3154e,257469861,39962900,39962900,262874052,302836952,257469861,000000004ce3154f,00004d18,000000005af85d22,000000005af85d21,0
1940,1940,0,12494010,269963871,13775964,277768751,000000004ce3154f,257469861,39962900,39962900,262874052,302836952,257469861,000000004ce3154f,00004d1c,000000005af85d23,000000005af85d22,0
1941,1941,0,12494010,269963871,13775964,277768752,000000004ce3154f,257469862,39962900,39962900,262874053,302836952,257469861,000000004ce31550,00004d20,000000005af85d24,000000005af85d23,0
1942,1942,0,12494010,269963872,13775964,277768752,000000004ce31550,257469862,39962900,39962900,262874053,302836953,257469862,000000004ce31551,00004d20,000000005af85d25,000000005af85d24,0
1943,1943,0,12494010,269963872,13775964,277768752,000000004ce31551,257469862,39962900,39962900,262874053,302836953,257469862,000000004ce31551,00004d20,000000005af85d25,000000005af85d25,0
1944,1944,0,12494010,269963872,13775964,277768752,000000004ce31551,257469862,39962900,39962900,262874053,302836953,257469862,000000004ce31552,00004d18,000000005af85d26,000000005af85d25,0
1945,1945,0,12494010,269963872,13775964,277768752,000000004ce31552,257469862,39962900,39962900,262874053,302836953,257469862,000000004ce31552,00004d1c,000000005af85d27,000000005af85d26,0
1946,1946,0,12494010,269963872,13775964,277768753,000000004ce31552,257469863,39962900,39962900,262874054,302836953,257469862,000000004ce31553,00004d20,000000005af85d28,000000005af85d27,0
1947,1947,0,12494010,269963873,13775964,277768753,000000004ce31553,257469863,39962900,39962900,262874054,302836954,257469863,000000004ce31554,00004d20,000000005af85d29,000000005af85d28,0
1948,1948,0,12494010,269963873,13775964,277768753,000000004ce31554,257469863,39962900,39962900,262874054,302836954,257469863,000000004ce31554,00004d20,000000005af85d29,000000005af85d29,0
1949,1949,0,12494010,269963873,13775964,277768753,000000004ce31554,257469863,39962900,39962900,262874054,302836954,257469863,000000004ce31555,00004d18,000000005af85d2a,000000005af85d29,0
1950,1950,0,12494010,269963873,13775964,277768753,000000004ce31555,257469863,39962900,39962900,262874054,302836954,257469863,000000004ce31555,00004d1c,000000005af85d2b,000000005af85d2a,0
1951,1951,0,12494011,269963873,13775964,277768754,000000004ce31555,257469863,39962900,39962900,262874055,302836954,257469863,000000004ce31556,00004d24,000000005af85d2c,000000005af85d2b,1
1952,1952,0,12494011,269963874,13775965,277768754,000000004ce31556,257469863,39962900,39962900,262874055,302836955,257469863,000000004ce31557,00004d28,000000005af85d2d,000000005af85d2c,0
1953,1953,0,12494011,269963874,13775965,277768754,000000004ce31557,257469863,39962900,39962900,262874055,302836955,257469863,000000004ce31557,00004d2c,000000005af85d2e,000000005af85d2d,0
1954,1954,0,12494011,269963874,13775965,277768754,000000004ce31557,257469863,39962900,39962900,262874055,302836955,257469863,000000004ce31557,00004d30,000000005af85d2f,000000005af85d2e,0
1955,1955,0,12494011,269963874,13775965,277768754,000000004ce31557,257469863,39962900,39962900,262874055,302836955,257469863,000000004ce31558,00004d34,000000005af85d30,000000005af85d2f,0
1956,1956,0,12494011,269963874,13775965,277768755,000000004ce31558,257469863,39962900,39962900,262874055,302836955,257469863,000000004ce31558,00004d34,000000005af85d30,000000005af85d30,0
1957,1957,0,12494011,269963874,13775965,277768756,000000004ce31558,257469863,39962900,39962900,262874055,302836955,257469863,000000004ce31559,00004234,000000005af85d31,000000005af85d30,0
1958,1958,0,12494011,269963874,13775965,277768756,000000004ce31559,257469863,39962900,39962900,262874055,302836955,257469863,000000004ce3155a,00004238,000000005af85d32,000000005af85d31,0
1959,1959,0,12494011,269963874,13775965,277768756,000000004ce3155a,257469863,39962900,39962900,262874055,302836955,257469863,000000004ce3155a,0000423c,000000005af85d33,000000005af85d32,0
1960,1960,0,12494011,269963874,13775965,277768756,000000004ce3155a,257469863,39962900,39962900,262874055,302836955,257469863,000000004ce3155a,0000422c,000000005af85d34,000000005af85d33,0
1961,1961,0,12494011,269963874,13775965,277768756,000000004ce3155a,257469863,39962900,39962900,262874055,302836955,257469863,000000004ce3155a,0000422c,000000005af85d34,000000005af85d34,0
1962,1962,0,12494011,269963874,13775965,277768756,000000004ce3155a,257469863,39962900,39962900,262874055,302836955,257469863,000000004ce3155b,00004230,000000005af85d35,000000005af85d34,0
1963,1963,0,12494012,269963874,13775965,277768757,000000004ce3155b,257469863,39962901,39962900,262874055,302836955,257469863,000000004ce3155c,00004240,000000005af85d36,000000005af85d35,1
1964,1964,0,12494012,269963875,13775966,277768757,000000004ce3155c,257469863,39962901,39962901,262874055,302836956,257469863,000000004ce3155d,00004244,000000005af85d37,000000005af85d36,0
1965,1965,0,12494012,269963875,13775966,277768757,000000004ce3155d,257469863,39962901,39962901,262874055,302836956,257469863,000000004ce3155d,00004248,000000005af85d38,000000005af85d37,0
1966,1966,0,12494012,269963875,13775966,277768757,000000004ce3155d,257469863,39962901,39962901,262874055,302836956,257469863,000000004ce3155d,0000424c,000000005af85d39,000000005af85d38,0
1967,1967,0,12494012,269963875,13775966,277768757,000000004ce3155d,257469863,39962901,39962901,262874055,302836956,257469863,000000004ce3155d,0000424c,000000005af85d39,000000005af85d39,0
1968,1968,0,12494012,269963875,13775966,277768757,000000004ce3155d,257469863,39962901,39962901,262874055,302836956,257469863,000000004ce3155e,00004250,000000005af85d3a,000000005af85d39,0
1969,1969,0,12494012,269963875,13775966,277768757,000000004ce3155e,257469863,39962901,39962901,262874055,302836956,257469863,000000004ce3155e,00004250,000000005af85d3a,000000005af85d3a,0
1970,1970,0,12494012,269963875,13775966,277768757,000000004ce3155e,257469863,39962901,39962901,262874055,302836956,257469863,000000004ce3155f,00004254,000000005af85d3b,000000005af85d3a,0
1971,1971,0,12494012,269963875,13775966,277768757,000000004ce3155f,257469863,39962901,39962901,262874055,302836956,257469863,000000004ce3155f,00004254,000000005af85d3b,000000005af85d3b,0
1972,1972,0,12494012,269963875,13775966,277768757,000000004ce3155f,257469863,39962901,39962901,262874055,302836956,257469863,000000004ce31560,00004258,000000005af85d3c,000000005af85d3b,0
1973,1973,0,12494012,269963875,13775966,277768757,000000004ce31560,257469863,39962901,39962901,262874055,302836956,257469863,000000004ce31560,00004258,000000005af85d3c,000000005af85d3c,0
1974,1974,0,12494012,269963875,13775966,277768757,000000004ce31560,257469863,39962901,39962901,262874055,302836956,257469863,000000004ce31561,0000425c,000000005af85d3d,000000005af85d3c,0
1975,1975,0,12494012,269963875,13775966,277768757,000000004ce31561,257469863,39962901,39962901,262874055,302836956,257469863,000000004ce31561,0000425c,000000005af85d3d,000000005af85d3d,0
1976,1976,0,12494012,269963875,13775966,277768757,000000004ce31561,257469863,39962901,39962901,262874055,302836956,257469863,000000004ce31562,00004260,000000005af85d3e,000000005af85d3d,0
1977,1977,0,12494012,269963875,13775966,277768757,000000004ce31562,257469863,39962901,39962901,262874055,302836956,257469863,000000004ce31562,00004260,000000005af85d3e,000000005af85d3e,0
1978,1978,0,12494012,269963875,13775966,277768757,000000004ce31562,257469863,39962901,39962901,262874055,302836956,257469863,000000004ce31563,00004264,000000005af85d3f,000000005af85d3e,0
1979,1979,0,12494012,269963875,13775966,277768757,000000004ce31563,257469863,39962901,39962901,262874055,302836956,257469863,000000004ce31563,00004264,000000005af85d3f,000000005af85d3f,0
1980,1980,0,12494012,269963875,13775966,277768757,000000004ce31563,257469863,39962901,39962901,262874055,302836956,257469863,000000004ce31564,00004268,000000005af85d40,000000005af85d3f,0
1981,1981,0,12494012,269963875,13775966,277768757,000000004ce31564,257469863,39962901,39962901,262874055,302836956,257469863,000000004ce31564,00004268,000000005af85d40,000000005af85d40,0
1982,1982,0,12494012,269963875,13775966,277768757,000000004ce31564,257469863,39962901,39962901,262874055,302836956,257469863,000000004ce31565,0000426c,000000005af85d41,000000005af85d40,0
1983,1983,0,12494012,269963875,13775966,277768757,000000004ce31565,257469863,39962901,39962901,262874055,302836956,257469863,000000004ce31565,0000426c,000000005af85d41,000000005af85d41,0
1984,1984,0,12494012,269963875,13775966,277768757,000000004ce31565,257469863,39962901,39962901,262874055,302836956,257469863,000000004ce31566,00004270,000000005af85d42,000000005af85d41,0
1985,1985,0,12494012,269963875,13775966,277768758,000000004ce31566,257469863,39962901,39962901,262874055,302836956,257469863,000000004ce31567,000018dc,000000005af85d43,000000005af85d42,0
1986,1986,0,12494012,269963875,13775966,277768758,000000004ce31567,257469863,39962901,39962901,262874055,302836956,257469863,000000004ce31568,000018e0,000000005af85d44,000000005af85d43,0
1987,1987,0,12494012,269963875,13775966,277768758,000000004ce31568,257469863,39962901,39962901,262874055,302836956,257469863,000000004ce31568,000018e4,000000005af85d45,000000005af85d44,0
1988,1988,0,12494012,269963875,13775966,277768758,000000004ce31568,257469863,39962901,39962901,262874056,302836956,257469863,000000004ce31568,000017e8,000000005af85d46,000000005af85d45,0
1989,1989,0,12494012,269963875,13775966,277768758,000000004ce31568,257469863,39962901,39962901,262874056,302836957,257469863,000000004ce31569,000017ec,000000005af85d47,000000005af85d46,0
1990,1990,0,12494012,269963875,13775966,277768758,000000004ce31569,257469863,39962901,39962901,262874056,302836957,257469863,000000004ce31569,000017f0,000000005af85d48,000000005af85d47,0
1991,1991,0,12494012,269963875,13775966,277768758,000000004ce31569,257469863,39962901,39962901,262874056,302836957,257469863,000000004ce31569,000017f4,000000005af85d49,000000005af85d48,0
1992,1992,0,12494012,269963875,13775966,277768759,000000004ce31569,257469864,39962901,39962901,262874056,302836957,257469863,000000004ce31569,000017f4,000000005af85d49,000000005af85d49,0
1993,1993,0,12494012,269963876,13775966,277768760,000000004ce31569,257469865,39962901,39962901,262874057,302836957,257469864,000000004ce3156a,000019e0,000000005af85d4a,000000005af85d49,0
1994,1994,0,12494012,269963877,13775966,277768760,000000004ce3156a,257469865,39962901,39962901,262874057,302836958,257469865,000000004ce3156b,000019e4,000000005af85d4b,000000005af85d4a,0
1995,1995,0,12494012,269963877,13775966,277768760,000000004ce3156b,257469865,39962901,39962901,262874057,302836958,257469865,000000004ce3156b,000019e8,000000005af85d4c,000000005af85d4b,0
1996,1996,0,12494012,269963877,13775966,277768760,000000004ce3156b,257469865,39962901,39962901,262874058,302836958,257469865,000000004ce3156b,00004580,000000005af85d4d,000000005af85d4c,0
1997,1997,0,12494012,269963877,13775966,277768760,000000004ce3156b,257469865,39962901,39962901,262874058,302836959,257469865,000000004ce3156c,00004584,000000005af85d4e,000000005af85d4d,0
1998,1998,0,12494012,269963877,13775966,277768760,000000004ce3156c,257469865,39962901,39962901,262874058,302836959,257469865,000000004ce3156c,00004588,000000005af85d4f,000000005af85d4e,0
1999,1999,0,12494012,269963877,13775966,277768760,000000004ce3156c,257469865,39962901,39962901,262874058,302836959,257469865,000000004ce3156c,00004588,000000005af85d50,000000005af85d4f,0
2000,2000,0,12494012,269963877,13775966,277768760,000000004ce3156c,257469865,39962901,39962901,262874058,302836959,257469865,000000004ce3156c,00004588,000000005af85d50,000000005af85d50,0
2001,2001,0,12494012,269963877,13775966,277768760,000000004ce3156c,257469865,39962901,39962901,262874058,302836959,257469865,000000004ce3156d,0000458c,000000005af85d51,000000005af85d50,0
2002,2002,0,12494012,269963877,13775966,277768760,000000004ce3156d,257469865,39962901,39962901,262874058,302836959,257469865,000000004ce3156d,00004590,000000005af85d52,000000005af85d51,0
2003,2003,0,12494012,269963877,13775966,277768760,000000004ce3156d,257469865,39962901,39962901,262874058,302836959,257469865,000000004ce3156e,00004594,000000005af85d53,000000005af85d52,0
2004,2004,0,12494012,269963877,13775966,277768760,000000004ce3156e,257469865,39962901,39962901,262874058,302836959,257469865,000000004ce3156e,00004594,000000005af85d53,000000005af85d53,0
2005,2005,0,12494012,269963877,13775966,277768760,000000004ce3156e,257469865,39962901,39962901,262874058,302836959,257469865,000000004ce3156f,00004594,000000005af85d54,000000005af85d53,0
2006,2006,0,12494012,269963877,13775966,277768760,000000004ce3156f,257469865,39962901,39962901,262874058,302836959,257469865,000000004ce3156f,00004594,000000005af85d54,000000005af85d54,0
2007,2007,0,12494012,269963877,13775966,277768760,000000004ce3156f,257469865,39962901,39962901,262874058,302836959,257469865,000000004ce31570,00004598,000000005af85d55,000000005af85d54,0
2008,2008,0,12494012,269963877,13775966,277768760,000000004ce31570,257469865,39962901,39962901,262874058,302836959,257469865,000000004ce31570,0000459c,000000005af85d56,000000005af85d55,0
2009,2009,0,12494012,269963877,13775966,277768761,000000004ce31570,257469866,39962901,39962901,262874059,302836959,257469865,000000004ce31571,000045a0,000000005af85d57,000000005af85d56,0
2010,2010,0,12494012,269963878,13775966,277768761,000000004ce31571,257469866,39962901,39962901,262874059,302836960,257469866,000000004ce31572,000045a4,000000005af85d58,000000005af85d57,0
2011,2011,0,12494012,269963878,13775966,277768761,000000004ce31572,257469866,39962901,39962901,262874059,302836960,257469866,000000004ce31573,000045a8,000000005af85d59,000000005af85d58,0
2012,2012,0,12494012,269963878,13775966,277768761,000000004ce31573,257469866,39962901,39962901,262874059,302836960,257469866,000000004ce31574,000045ac,000000005af85d5a,000000005af85d59,0
2013,2013,0,12494012,269963878,13775966,277768761,000000004ce31574,257469866,39962901,39962901,262874059,302836960,257469866,000000004ce31574,000045ac,000000005af85d5a,000000005af85d5a,0
2014,2014,0,12494012,269963878,13775966,277768761,000000004ce31574,257469866,39962901,39962901,262874059,302836960,257469866,000000004ce31575,000045b0,000000005af85d5b,000000005af85d5a,0
2015,2015,0,12494012,269963878,13775966,277768762,000000004ce31575,257469866,39962901,39962901,262874059,302836960,257469866,000000004ce31575,000045b0,000000005af85d5b,000000005af85d5b,0
2016,2016,0,12494012,269963878,13775966,277768763,000000004ce31575,257469866,39962901,39962901,262874059,302836960,257469866,000000004ce31576,000017f0,000000005af85d5c,000000005af85d5b,0
2017,2017,0,12494012,269963878,13775966,277768763,000000004ce31576,257469866,39962901,39962901,262874059,302836960,257469866,000000004ce31577,000017f4,000000005af85d5d,000000005af85d5c,0
2018,2018,0,12494012,269963878,13775966,277768763,000000004ce31577,257469866,39962901,39962901,262874059,302836960,257469866,000000004ce31577,000017f8,000000005af85d5e,000000005af85d5d,0
2019,2019,0,12494012,269963878,13775966,277768763,000000004ce31577,257469866,39962901,39962901,262874059,302836960,257469866,000000004ce31577,000017fc,000000005af85d5f,000000005af85d5e,0
2020,2020,0,12494012,269963878,13775966,277768764,000000004ce31577,257469867,39962901,39962901,262874060,302836960,257469866,000000004ce31578,00001a70,000000005af85d60,000000005af85d5f,0
2021,2021,0,12494012,269963879,13775966,277768764,000000004ce31578,257469867,39962901,39962901,262874060,302836961,257469867,000000004ce31579,00001a74,000000005af85d61,000000005af85d60,0
2022,2022,0,12494012,269963879,13775966,277768764,000000004ce31579,257469867,39962901,39962901,262874060,302836961,257469867,000000004ce31579,00001a78,000000005af85d62,000000005af85d61,0
2023,2023,0,12494012,269963879,13775966,277768764,000000004ce31579,257469867,39962901,39962901,262874060,302836961,257469867,000000004ce31579,00001a7c,000000005af85d63,000000005af85d62,0
2024,2024,0,12494012,269963879,13775966,277768765,000000004ce31579,257469867,39962901,39962901,262874060,302836961,257469867,000000004ce31579,00001a7c,000000005af85d63,000000005af85d63,0
2025,2025,0,12494012,269963879,13775966,277768766,000000004ce31579,257469867,39962901,39962901,262874060,302836961,257469867,000000004ce3157a,000017f8,000000005af85d64,000000005af85d63,0
2026,2026,0,12494012,269963879,13775966,277768766,000000004ce3157a,257469867,39962901,39962901,262874060,302836961,257469867,000000004ce3157b,000017fc,000000005af85d65,000000005af85d64,0
2027,2027,0,12494012,269963879,13775966,277768766,000000004ce3157b,257469867,39962901,39962901,262874060,302836961,257469867,000000004ce3157b,00001800,000000005af85d66,000000005af85d65,0
2028,2028,0,12494012,269963879,13775966,277768766,000000004ce3157b,257469867,39962901,39962901,262874060,302836961,257469867,000000004ce3157b,00001804,000000005af85d67,000000005af85d66,0
2029,2029,0,12494012,269963879,13775966,277768766,000000004ce3157b,257469867,39962901,39962901,262874060,302836961,257469867,000000004ce3157b,00001804,000000005af85d67,000000005af85d67,0
2030,2030,0,12494012,269963879,13775966,277768766,000000004ce3157b,257469867,39962901,39962901,262874060,302836961,257469867,000000004ce3157c,00001808,000000005af85d68,000000005af85d67,0
2031,2031,0,12494012,269963879,13775966,277768766,000000004ce3157c,257469867,39962901,39962901,262874060,302836961,257469867,000000004ce3157c,00001808,000000005af85d68,000000005af85d68,0
2032,2032,0,12494012,269963879,13775966,277768766,000000004ce3157c,257469867,39962901,39962901,262874060,302836961,257469867,000000004ce3157d,0000180c,000000005af85d69,000000005af85d68,0
2033,2033,0,12494012,269963879,13775966,277768766,000000004ce3157d,257469867,39962901,39962901,262874060,302836961,257469867,000000004ce3157d,0000180c,000000005af85d69,000000005af85d69,0
2034,2034,0,12494012,269963879,13775966,277768766,000000004ce3157d,257469867,39962901,39962901,262874060,302836961,257469867,000000004ce3157e,00001810,000000005af85d6a,000000005af85d69,0
2035,2035,0,12494012,269963879,13775966,277768766,000000004ce3157e,257469867,39962901,39962901,262874060,302836961,257469867,000000004ce3157e,00001810,000000005af85d6a,000000005af85d6a,0
2036,2036,0,12494012,269963879,13775966,277768766,000000004ce3157e,257469867,39962901,39962901,262874060,302836961,257469867,000000004ce3157f,00001814,000000005af85d6b,000000005af85d6a,0
2037,2037,0,12494012,269963879,13775966,277768766,000000004ce3157f,257469867,39962901,39962901,262874060,302836961,257469867,000000004ce3157f,00001814,000000005af85d6b,000000005af85d6b,0
2038,2038,0,12494012,269963879,13775966,277768766,000000004ce3157f,257469867,39962901,39962901,262874060,302836961,257469867,000000004ce31580,00001818,000000005af85d6c,000000005af85d6b,0
2039,2039,0,12494012,269963879,13775966,277768766,000000004ce31580,257469867,39962901,39962901,262874060,302836961,257469867,000000004ce31580,00001818,000000005af85d6c,000000005af85d6c,0
2040,2040,0,12494012,269963879,13775966,277768766,000000004ce31580,257469867,39962901,39962901,262874060,302836961,257469867,000000004ce31581,0000181c,000000005af85d6d,000000005af85d6c,0
2041,2041,0,12494012,269963879,13775966,277768766,000000004ce31581,257469867,39962901,39962901,262874060,302836961,257469867,000000004ce31581,0000181c,000000005af85d6d,000000005af85d6d,0
2042,2042,0,12494012,269963879,13775966,277768766,000000004ce31581,257469867,39962901,39962901,262874060,302836961,257469867,000000004ce31582,00001820,000000005af85d6e,000000005af85d6d,0
2043,2043,0,12494012,269963879,13775966,277768766,000000004ce31582,257469867,39962901,39962901,262874060,302836961,257469867,000000004ce31582,00001820,000000005af85d6e,000000005af85d6e,0
2044,2044,0,12494012,269963879,13775966,277768766,000000004ce31582,257469867,39962901,39962901,262874060,302836961,257469867,000000004ce31583,00001824,000000005af85d6f,000000005af85d6e,0
2045,2045,0,12494012,269963879,13775966,277768766,000000004ce31583,257469867,39962901,39962901,262874060,302836961,257469867,000000004ce31583,00001824,000000005af85d6f,000000005af85d6f,0
2046,2046,0,12494012,269963879,13775966,277768766,000000004ce31583,257469867,39962901,39962901,262874060,302836961,257469867,000000004ce31584,00001828,000000005af85d70,000000005af85d6f,0
2047,2047,0,12494012,269963879,13775966,277768766,000000004ce31584,257469867,39962901,39962901,262874060,302836961,257469867,000000004ce31584,00001828,000000005af85d70,000000005af85d70,0
2048,2048,1,12494012,269963879,13775966,277768766,000000004ce31584,257469867,39962901,39962901,262874060,302836961,257469867,000000004ce31585,0000182c,000000005af85d71,000000005af85d70,0
2049,2049,0,12494012,269963879,13775966,277768766,000000004ce31585,257469867,39962901,39962901,262874060,302836961,257469867,000000004ce31585,0000182c,000000005af85d71,000000005af85d71,0
2050,2050,0,12494012,269963879,13775966,277768766,000000004ce31585,257469867,39962901,39962901,262874060,302836961,257469867,000000004ce31586,00001830,000000005af85d72,000000005af85d71,0
2051,2051,0,12494012,269963879,13775966,277768766,000000004ce31586,257469867,39962901,39962901,262874060,302836961,257469867,000000004ce31587,00001834,000000005af85d73,000000005af85d72,0
2052,2052,0,12494012,269963879,13775966,277768767,000000004ce31587,257469867,39962901,39962901,262874060,302836961,257469867,000000004ce31588,00003330,000000005af85d74,000000005af85d73,0
2053,2053,0,12494012,269963879,13775966,277768767,000000004ce31588,257469867,39962901,39962901,262874060,302836961,257469867,000000004ce31589,00003334,000000005af85d75,000000005af85d74,0
2054,2054,0,12494012,269963879,13775966,277768767,000000004ce31589,257469867,39962901,39962901,262874060,302836961,257469867,000000004ce31589,00003338,000000005af85d76,000000005af85d75,0
2055,2055,0,12494012,269963879,13775966,277768767,000000004ce31589,257469867,39962901,39962901,262874060,302836961,257469867,000000004ce31589,0000333c,000000005af85d77,000000005af85d76,0
2056,2056,0,12494012,269963879,13775966,277768767,000000004ce31589,257469867,39962901,39962901,262874060,302836961,257469867,000000004ce3158a,0000333c,000000005af85d78,000000005af85d77,0
2057,2057,0,12494012,269963879,13775966,277768767,000000004ce3158a,257469867,39962901,39962901,262874060,302836961,257469867,000000004ce3158a,0000333c,000000005af85d78,000000005af85d78,0
2058,2058,0,12494012,269963879,13775966,277768767,000000004ce3158a,257469867,39962901,39962901,262874060,302836961,257469867,000000004ce3158b,00003340,000000005af85d79,000000005af85d78,0
2059,2059,0,12494012,269963879,13775966,277768767,000000004ce3158b,257469867,39962901,39962901,262874060,302836961,257469867,000000004ce3158b,00003344,000000005af85d7a,000000005af85d79,0
2060,2060,0,12494012,269963879,13775966,277768767,000000004ce3158b,257469867,39962901,39962901,262874060,302836961,257469867,000000004ce3158b,00003344,000000005af85d7a,000000005af85d7a,0
2061,2061,0,12494012,269963879,13775966,277768767,000000004ce3158b,257469867,39962901,39962901,262874060,302836961,257469867,000000004ce3158c,00003348,000000005af85d7b,000000005af85d7a,0
2062,2062,0,12494012,269963879,13775966,277768768,000000004ce3158c,257469867,39962901,39962901,262874060,302836961,257469867,000000004ce3158d,00000868,000000005af85d7c,000000005af85d7b,0
2063,2063,0,12494012,269963879,13775966,277768768,000000004ce3158d,257469867,39962901,39962901,262874060,302836961,257469867,000000004ce3158e,0000086c,000000005af85d7d,000000005af85d7c,0
2064,2064,0,12494012,269963879,13775966,277768768,000000004ce3158e,257469867,39962901,39962901,262874060,302836961,257469867,000000004ce3158e,00000870,000000005af85d7e,000000005af85d7d,0
2065,2065,0,12494012,269963879,13775966,277768768,000000004ce3158e,257469867,39962901,39962901,262874061,302836961,257469867,000000004ce3158e,000007e8,000000005af85d7f,000000005af85d7e,0
2066,2066,0,12494012,269963879,13775966,277768768,000000004ce3158e,257469867,39962901,39962901,262874061,302836962,257469867,000000004ce3158f,000007ec,000000005af85d80,000000005af85d7f,0
2067,2067,0,12494012,269963879,13775966,277768768,000000004ce3158f,257469867,39962901,39962901,262874061,302836962,257469867,000000004ce3158f,000007f0,000000005af85d81,000000005af85d80,0
2068,2068,0,12494012,269963879,13775966,277768768,000000004ce3158f,257469867,39962901,39962901,262874061,302836962,257469867,000000004ce3158f,000007f4,000000005af85d82,000000005af85d81,0
2069,2069,0,12494012,269963879,13775966,277768769,000000004ce3158f,257469868,39962901,39962901,262874062,302836962,257469867,000000004ce31590,000001d8,000000005af85d83,000000005af85d82,0
2070,2070,0,12494012,269963880,13775966,277768769,000000004ce31590,257469868,39962901,39962901,262874062,302836963,257469868,000000004ce31591,000001dc,000000005af85d84,000000005af85d83,0
2071,2071,0,12494012,269963880,13775966,277768769,000000004ce31591,257469868,39962901,39962901,262874062,302836963,257469868,000000004ce31591,000001e0,000000005af85d85,000000005af85d84,0
2072,2072,0,12494012,269963880,13775966,277768769,000000004ce31591,257469868,39962901,39962901,262874062,302836963,257469868,000000004ce31591,000001e4,000000005af85d86,000000005af85d85,0
2073,2073,0,12494012,269963880,13775966,277768769,000000004ce31591,257469868,39962901,39962901,262874062,302836963,257469868,000000004ce31592,000001e8,000000005af85d87,000000005af85d86,0
2074,2074,0,12494012,269963880,13775966,277768769,000000004ce31592,257469868,39962901,39962901,262874062,302836963,257469868,000000004ce31592,000001e8,000000005af85d87,000000005af85d87,0
2075,2075,0,12494012,269963880,13775966,277768769,000000004ce31592,257469868,39962901,39962901,262874062,302836963,257469868,000000004ce31593,000001ec,000000005af85d88,000000005af85d87,0
2076,2076,0,12494012,269963880,13775966,277768769,000000004ce31593,257469868,39962901,39962901,262874062,302836963,257469868,000000004ce31593,000001ec,000000005af85d88,000000005af85d88,0
2077,2077,0,12494012,269963880,13775966,277768769,000000004ce31593,257469868,39962901,39962901,262874062,302836963,257469868,000000004ce31594,000001f0,000000005af85d89,000000005af85d88,0
2078,2078,0,12494012,269963880,13775966,277768769,000000004ce31594,257469868,39962901,39962901,262874062,302836963,257469868,000000004ce31595,000001f4,000000005af85d8a,000000005af85d89,0
2079,2079,0,12494012,269963880,13775966,277768770,000000004ce31595,257469869,39962901,39962901,262874063,302836963,257469868,000000004ce31596,00000500,000000005af85d8b,000000005af85d8a,0
2080,2080,0,12494012,269963881,13775966,277768770,000000004ce31596,257469869,39962901,39962901,262874063,302836964,257469869,000000004ce31597,00000504,000000005af85d8c,000000005af85d8b,0
2081,2081,0,12494012,269963881,13775966,277768770,000000004ce31597,257469869,39962901,39962901,262874063,302836964,257469869,000000004ce31597,00000508,000000005af85d8d,000000005af85d8c,0
2082,2082,0,12494012,269963881,13775966,277768770,000000004ce31597,257469869,39962901,39962901,262874063,302836964,257469869,000000004ce31597,0000050c,000000005af85d8e,000000005af85d8d,0
2083,2083,0,12494012,269963881,13775966,277768770,000000004ce31597,257469869,39962901,39962901,262874063,302836964,257469869,000000004ce31598,00000510,000000005af85d8f,000000005af85d8e,0
2084,2084,0,12494012,269963881,13775966,277768770,000000004ce31598,257469869,39962901,39962901,262874063,302836964,257469869,000000004ce31598,00000510,000000005af85d8f,000000005af85d8f,0
2085,2085,0,12494012,269963881,13775966,277768770,000000004ce31598,257469869,39962901,39962901,262874063,302836964,257469869,000000004ce31599,00000514,000000005af85d90,000000005af85d8f,0
2086,2086,0,12494012,269963881,13775966,277768770,000000004ce31599,257469869,39962901,39962901,262874063,302836964,257469869,000000004ce31599,00000514,000000005af85d90,000000005af85d90,0
2087,2087,0,12494012,269963881,13775966,277768770,000000004ce31599,257469869,39962901,39962901,262874063,302836964,257469869,000000004ce3159a,00000518,000000005af85d91,000000005af85d90,0
2088,2088,0,12494012,269963881,13775966,277768770,000000004ce3159a,257469869,39962901,39962901,262874063,302836964,257469869,000000004ce3159a,00000518,000000005af85d91,000000005af85d91,0
2089,2089,0,12494012,269963881,13775966,277768770,000000004ce3159a,257469869,39962901,39962901,262874063,302836964,257469869,000000004ce3159b,0000051c,000000005af85d92,000000005af85d91,0
2090,2090,0,12494012,269963881,13775966,277768770,000000004ce3159b,257469869,39962901,39962901,262874063,302836964,257469869,000000004ce3159b,0000051c,000000005af85d92,000000005af85d92,0
2091,2091,0,12494012,269963881,13775966,277768770,000000004ce3159b,257469869,39962901,39962901,262874063,302836964,257469869,000000004ce3159c,00000520,000000005af85d93,000000005af85d92,0
2092,2092,0,12494012,269963881,13775966,277768770,000000004ce3159c,257469869,39962901,39962901,262874063,302836964,257469869,000000004ce3159c,00000520,000000005af85d93,000000005af85d93,0
2093,2093,0,12494012,269963881,13775966,277768770,000000004ce3159c,257469869,39962901,39962901,262874063,302836964,257469869,000000004ce3159d,00000524,000000005af85d94,000000005af85d93,0
2094,2094,0,12494012,269963881,13775966,277768770,000000004ce3159d,257469869,39962901,39962901,262874063,302836964,257469869,000000004ce3159d,00000524,000000005af85d94,000000005af85d94,0
2095,2095,0,12494012,269963881,13775966,277768770,000000004ce3159d,257469869,39962901,39962901,262874063,302836964,257469869,000000004ce3159e,00000528,000000005af85d95,000000005af85d94,0
2096,2096,0,12494012,269963881,13775966,277768770,000000004ce3159e,257469869,39962901,39962901,262874063,302836964,257469869,000000004ce3159e,00000528,000000005af85d95,000000005af85d95,0
2097,2097,0,12494012,269963881,13775966,277768770,000000004ce3159e,257469869,39962901,39962901,262874063,302836964,257469869,000000004ce3159f,0000052c,000000005af85d96,000000005af85d95,0
2098,2098,0,12494012,269963881,13775966,277768770,000000004ce3159f,257469869,39962901,39962901,262874063,302836964,257469869,000000004ce3159f,0000052c,000000005af85d96,000000005af85d96,0
2099,2099,0,12494012,269963881,13775966,277768770,000000004ce3159f,257469869,39962901,39962901,262874063,302836964,257469869,000000004ce315a0,00000530,000000005af85d97,000000005af85d96,0
2100,2100,0,12494012,269963881,13775966,277768770,000000004ce315a0,257469869,39962901,39962901,262874063,302836964,257469869,000000004ce315a0,00000530,000000005af85d97,000000005af85d97,0
2101,2101,0,12494012,269963881,13775966,277768770,000000004ce315a0,257469869,39962901,39962901,262874063,302836964,257469869,000000004ce315a1,00000534,000000005af85d98,000000005af85d97,0
2102,2102,0,12494012,269963881,13775966,277768770,000000004ce315a1,257469869,39962901,39962901,262874063,302836964,257469869,000000004ce315a2,00000538,000000005af85d99,000000005af85d98,0
2103,2103,0,12494012,269963881,13775966,277768771,000000004ce315a2,257469870,39962901,39962901,262874063,302836964,257469869,000000004ce315a2,00000538,000000005af85d99,000000005af85d99,0
2104,2104,0,12494012,269963882,13775966,277768772,000000004ce315a2,257469871,39962901,39962901,262874064,302836964,257469870,000000004ce315a3,0000053c,000000005af85d9a,000000005af85d99,0
2105,2105,0,12494012,269963883,13775966,277768772,000000004ce315a3,257469871,39962901,39962901,262874064,302836965,257469871,000000004ce315a4,00000540,000000005af85d9b,000000005af85d9a,0
2106,2106,0,12494012,269963883,13775966,277768772,000000004ce315a4,257469871,39962901,39962901,262874064,302836965,257469871,000000004ce315a4,00000540,000000005af85d9b,000000005af85d9b,0
2107,2107,0,12494012,269963883,13775966,277768772,000000004ce315a4,257469871,39962901,39962901,262874064,302836965,257469871,000000004ce315a5,00000544,000000005af85d9c,000000005af85d9b,0
2108,2108,0,12494012,269963883,13775966,277768772,000000004ce315a5,257469871,39962901,39962901,262874064,302836965,257469871,000000004ce315a5,00000544,000000005af85d9c,000000005af85d9c,0
2109,2109,0,12494012,269963883,13775966,277768772,000000004ce315a5,257469871,39962901,39962901,262874064,302836965,257469871,000000004ce315a6,00000548,000000005af85d9d,000000005af85d9c,0
2110,2110,0,12494012,269963883,13775966,277768772,000000004ce315a6,257469871,39962901,39962901,262874064,302836965,257469871,000000004ce315a6,00000548,000000005af85d9d,000000005af85d9d,0
2111,2111,0,12494012,269963883,13775966,277768772,000000004ce315a6,257469871,39962901,39962901,262874064,302836965,257469871,000000004ce315a7,0000054c,000000005af85d9e,000000005af85d9d,0
2112,2112,0,12494012,269963883,13775966,277768772,000000004ce315a7,257469871,39962901,39962901,262874064,302836965,257469871,000000004ce315a7,0000054c,000000005af85d9e,000000005af85d9e,0
2113,2113,0,12494012,269963883,13775966,277768772,000000004ce315a7,257469871,39962901,39962901,262874064,302836965,257469871,000000004ce315a8,00000550,000000005af85d9f,000000005af85d9e,0
2114,2114,0,12494012,269963883,13775966,277768772,000000004ce315a8,257469871,39962901,39962901,262874064,302836965,257469871,000000004ce315a8,00000550,000000005af85d9f,000000005af85d9f,0
2115,2115,0,12494012,269963883,13775966,277768772,000000004ce315a8,257469871,39962901,39962901,262874064,302836965,257469871,000000004ce315a9,00000554,000000005af85da0,000000005af85d9f,0
2116,2116,0,12494012,269963883,13775966,277768772,000000004ce315a9,257469871,39962901,39962901,262874064,302836965,257469871,000000004ce315a9,00000554,000000005af85da0,000000005af85da0,0
2117,2117,0,12494012,269963883,13775966,277768772,000000004ce315a9,257469871,39962901,39962901,262874064,302836965,257469871,000000004ce315aa,00000558,000000005af85da1,000000005af85da0,0
2118,2118,0,12494012,269963883,13775966,277768772,000000004ce315aa,257469871,39962901,39962901,262874064,302836965,257469871,000000004ce315aa,00000558,000000005af85da1,000000005af85da1,0
2119,2119,0,12494012,269963883,13775966,277768772,000000004ce315aa,257469871,39962901,39962901,262874064,302836965,257469871,000000004ce315ab,0000055c,000000005af85da2,000000005af85da1,0
2120,2120,0,12494012,269963883,13775966,277768772,000000004ce315ab,257469871,39962901,39962901,262874064,302836965,257469871,000000004ce315ab,0000055c,000000005af85da2,000000005af85da2,0
2121,2121,0,12494012,269963883,13775966,277768772,000000004ce315ab,257469871,39962901,39962901,262874064,302836965,257469871,000000004ce315ac,00000560,000000005af85da3,000000005af85da2,0
2122,2122,0,12494012,269963883,13775966,277768772,000000004ce315ac,257469871,39962901,39962901,262874064,302836965,257469871,000000004ce315ad,00000564,000000005af85da4,000000005af85da3,0
2123,2123,0,12494012,269963883,13775966,277768772,000000004ce315ad,257469871,39962901,39962901,262874064,302836965,257469871,000000004ce315ae,00000568,000000005af85da5,000000005af85da4,0
2124,2124,0,12494012,269963883,13775966,277768772,000000004ce315ae,257469871,39962901,39962901,262874064,302836965,257469871,000000004ce315af,0000056c,000000005af85da6,000000005af85da5,0
2125,2125,0,12494012,269963883,13775966,277768772,000000004ce315af,257469871,39962901,39962901,262874064,302836965,257469871,000000004ce315b0,00000570,000000005af85da7,000000005af85da6,0
2126,2126,0,12494012,269963883,13775966,277768772,000000004ce315b0,257469871,39962901,39962901,262874064,302836965,257469871,000000004ce315b1,00000574,000000005af85da8,000000005af85da7,0
2127,2127,0,12494012,269963883,13775966,277768772,000000004ce315b1,257469871,39962901,39962901,262874064,302836965,257469871,000000004ce315b2,00000578,000000005af85da9,000000005af85da8,0
2128,2128,0,12494012,269963883,13775966,277768772,000000004ce315b2,257469871,39962901,39962901,262874064,302836965,257469871,000000004ce315b3,0000057c,000000005af85daa,000000005af85da9,0
2129,2129,0,12494012,269963883,13775966,277768773,000000004ce315b3,257469872,39962902,39962901,262874064,302836965,257469871,000000004ce315b4,000005f0,000000005af85dab,000000005af85daa,0
2130,2130,0,12494012,269963884,13775966,277768773,000000004ce315b4,257469872,39962902,39962902,262874064,302836966,257469872,000000004ce315b5,000005f4,000000005af85dac,000000005af85dab,0
2131,2131,0,12494012,269963884,13775966,277768773,000000004ce315b5,257469872,39962902,39962902,262874064,302836966,257469872,000000004ce315b5,000005f8,000000005af85dad,000000005af85dac,0
2132,2132,0,12494012,269963884,13775966,277768773,000000004ce315b5,257469872,39962902,39962902,262874064,302836966,257469872,000000004ce315b5,000005fc,000000005af85dae,000000005af85dad,0
2133,2133,0,12494012,269963884,13775966,277768773,000000004ce315b5,257469872,39962902,39962902,262874064,302836966,257469872,000000004ce315b5,000005fc,000000005af85dae,000000005af85dae,0
2134,2134,0,12494012,269963884,13775966,277768773,000000004ce315b5,257469872,39962902,39962902,262874064,302836966,257469872,000000004ce315b6,00000600,000000005af85daf,000000005af85dae,0
2135,2135,0,12494012,269963884,13775966,277768774,000000004ce315b6,257469873,39962902,39962902,262874064,302836966,257469872,000000004ce315b6,00000600,000000005af85daf,000000005af85daf,0
2136,2136,0,12494012,269963885,13775966,277768775,000000004ce315b6,257469874,39962902,39962902,262874065,302836966,257469873,000000004ce315b7,00000604,000000005af85db0,000000005af85daf,0
2137,2137,0,12494012,269963886,13775966,277768775,000000004ce315b7,257469874,39962902,39962902,262874065,302836967,257469874,000000004ce315b8,00000604,000000005af85db1,000000005af85db0,0
2138,2138,0,12494012,269963886,13775966,277768775,000000004ce315b8,257469874,39962902,39962902,262874065,302836967,257469874,000000004ce315b8,00000604,000000005af85db1,000000005af85db1,0
2139,2139,0,12494012,269963886,13775966,277768775,000000004ce315b8,257469874,39962902,39962902,262874065,302836967,257469874,000000004ce315b9,000005fc,000000005af85db2,000000005af85db1,0
2140,2140,0,12494012,269963886,13775966,277768775,000000004ce315b9,257469874,39962902,39962902,262874065,302836967,257469874,000000004ce315b9,00000600,000000005af85db3,000000005af85db2,0
2141,2141,0,12494012,269963886,13775966,277768776,000000004ce315b9,257469875,39962902,39962902,262874066,302836967,257469874,000000004ce315ba,00000604,000000005af85db4,000000005af85db3,0
2142,2142,0,12494012,269963887,13775966,277768776,000000004ce315ba,257469875,39962902,39962902,262874066,302836968,257469875,000000004ce315bb,00000604,000000005af85db5,000000005af85db4,0
2143,2143,0,12494012,269963887,13775966,277768776,000000004ce315bb,257469875,39962902,39962902,262874066,302836968,257469875,000000004ce315bb,00000604,000000005af85db5,000000005af85db5,0
2144,2144,0,12494012,269963887,13775966,277768776,000000004ce315bb,257469875,39962902,39962902,262874066,302836968,257469875,000000004ce315bc,000005fc,000000005af85db6,000000005af85db5,0
2145,2145,0,12494012,269963887,13775966,277768776,000000004ce315bc,257469875,39962902,39962902,262874066,302836968,257469875,000000004ce315bc,00000600,000000005af85db7,000000005af85db6,0
2146,2146,0,12494012,269963887,13775966,277768777,000000004ce315bc,257469876,39962902,39962902,262874067,302836968,257469875,000000004ce315bd,00000604,000000005af85db8,000000005af85db7,0
2147,2147,0,12494012,269963888,13775966,277768777,000000004ce315bd,257469876,39962902,39962902,262874067,302836969,257469876,000000004ce315be,00000604,000000005af85db9,000000005af85db8,0
2148,2148,0,12494012,269963888,13775966,277768777,000000004ce315be,257469876,39962902,39962902,262874067,302836969,257469876,000000004ce315be,00000604,000000005af85db9,000000005af85db9,0
2149,2149,0,12494012,269963888,13775966,277768777,000000004ce315be,257469876,39962902,39962902,262874067,302836969,257469876,000000004ce315bf,000005fc,000000005af85dba,000000005af85db9,0
2150,2150,0,12494012,269963888,13775966,277768777,000000004ce315bf,257469876,39962902,39962902,262874067,302836969,257469876,000000004ce315bf,00000600,000000005af85dbb,000000005af85dba,0
2151,2151,0,12494012,269963888,13775966,277768778,000000004ce315bf,257469877,39962902,39962902,262874068,302836969,257469876,000000004ce315c0,00000604,000000005af85dbc,000000005af85dbb,0
2152,2152,0,12494012,269963889,13775966,277768778,000000004ce315c0,257469877,39962902,39962902,262874068,302836970,257469877,000000004ce315c1,00000604,000000005af85dbd,000000005af85dbc,0
2153,2153,0,12494012,269963889,13775966,277768778,000000004ce315c1,257469877,39962902,39962902,262874068,302836970,257469877,000000004ce315c1,00000604,000000005af85dbd,000000005af85dbd,0
2154,2154,0,12494012,269963889,13775966,277768778,000000004ce315c1,257469877,39962902,39962902,262874068,302836970,257469877,000000004ce315c2,000005fc,000000005af85dbe,000000005af85dbd,0
2155,2155,0,12494012,269963889,13775966,277768778,000000004ce315c2,257469877,39962902,39962902,262874068,302836970,257469877,000000004ce315c2,00000600,000000005af85dbf,000000005af85dbe,0
2156,2156,0,12494012,269963889,13775966,277768779,000000004ce315c2,257469878,39962902,39962902,262874069,302836970,257469877,000000004ce315c3,00000604,000000005af85dc0,000000005af85dbf,0
2157,2157,0,12494012,269963890,13775966,277768779,000000004ce315c3,257469878,39962902,39962902,262874069,302836971,257469878,000000004ce315c4,00000604,000000005af85dc1,000000005af85dc0,0
2158,2158,0,12494012,269963890,13775966,277768779,000000004ce315c4,257469878,39962902,39962902,262874069,302836971,257469878,000000004ce315c4,00000604,000000005af85dc1,000000005af85dc1,0
2159,2159,0,12494012,269963890,13775966,277768779,000000004ce315c4,257469878,39962902,39962902,262874069,302836971,257469878,000000004ce315c5,000005fc,000000005af85dc2,000000005af85dc1,0
2160,2160,0,12494012,269963890,13775966,277768779,000000004ce315c5,257469878,39962902,39962902,262874069,302836971,257469878,000000004ce315c5,00000600,000000005af85dc3,000000005af85dc2,0
2161,2161,0,12494012,269963890,13775966,277768780,000000004ce315c5,257469879,39962902,39962902,262874070,302836971,257469878,000000004ce315c6,00000604,000000005af85dc4,000000005af85dc3,0
2162,2162,0,12494012,269963891,13775966,277768780,000000004ce315c6,257469879,39962902,39962902,262874070,302836972,257469879,000000004ce315c7,00000604,000000005af85dc5,000000005af85dc4,0
2163,2163,0,12494012,269963891,13775966,277768780,000000004ce315c7,257469879,39962902,39962902,262874070,302836972,257469879,000000004ce315c7,00000604,000000005af85dc5,000000005af85dc5,0
2164,2164,0,12494012,269963891,13775966,277768780,000000004ce315c7,257469879,39962902,39962902,262874070,302836972,257469879,000000004ce315c8,000005fc,000000005af85dc6,000000005af85dc5,0
2165,2165,0,12494012,269963891,13775966,277768780,000000004ce315c8,257469879,39962902,39962902,262874070,302836972,257469879,000000004ce315c8,00000600,000000005af85dc7,000000005af85dc6,0
2166,2166,0,12494012,269963891,13775966,277768781,000000004ce315c8,257469880,39962902,39962902,262874071,302836972,257469879,000000004ce315c9,00000604,000000005af85dc8,000000005af85dc7,0
2167,2167,0,12494012,269963892,13775966,277768781,000000004ce315c9,257469880,39962902,39962902,262874071,302836973,257469880,000000004ce315ca,00000604,000000005af85dc9,000000005af85dc8,0
2168,2168,0,12494012,269963892,13775966,277768781,000000004ce315ca,257469880,39962902,39962902,262874071,302836973,257469880,000000004ce315ca,00000604,000000005af85dc9,000000005af85dc9,0
2169,2169,0,12494012,269963892,13775966,277768781,000000004ce315ca,257469880,39962902,39962902,262874071,302836973,257469880,000000004ce315cb,000005fc,000000005af85dca,000000005af85dc9,0
2170,2170,0,12494012,269963892,13775966,277768781,000000004ce315cb,257469880,39962902,39962902,262874071,302836973,257469880,000000004ce315cb,00000600,000000005af85dcb,000000005af85dca,0
2171,2171,0,12494012,269963892,13775966,277768782,000000004ce315cb,257469881,39962902,39962902,262874072,302836973,257469880,000000004ce315cc,00000604,000000005af85dcc,000000005af85dcb,0
2172,2172,0,12494012,269963893,13775966,277768782,000000004ce315cc,257469881,39962902,39962902,262874072,302836974,257469881,000000004ce315cd,00000604,000000005af85dcd,000000005af85dcc,0
2173,2173,0,12494012,269963893,13775966,277768782,000000004ce315cd,257469881,39962902,39962902,262874072,302836974,257469881,000000004ce315cd,00000604,000000005af85dcd,000000005af85dcd,0
2174,2174,0,12494012,269963893,13775966,277768782,000000004ce315cd,257469881,39962902,39962902,262874072,302836974,257469881,000000004ce315ce,000005fc,000000005af85dce,000000005af85dcd,0
2175,2175,0,12494012,269963893,13775966,277768782,000000004ce315ce,257469881,39962902,39962902,262874072,302836974,257469881,000000004ce315ce,00000600,000000005af85dcf,000000005af85dce,0
2176,2176,0,12494012,269963893,13775966,277768783,000000004ce315ce,257469882,39962902,39962902,262874073,302836974,257469881,000000004ce315cf,00000604,000000005af85dd0,000000005af85dcf,0
2177,2177,0,12494012,269963894,13775966,277768783,000000004ce315cf,257469882,39962902,39962902,262874073,302836975,257469882,000000004ce315d0,00000604,000000005af85dd1,000000005af85dd0,0
2178,2178,0,12494012,269963894,13775966,277768783,000000004ce315d0,257469882,39962902,39962902,262874073,302836975,257469882,000000004ce315d0,00000604,000000005af85dd1,000000005af85dd1,0
2179,2179,0,12494012,269963894,13775966,277768783,000000004ce315d0,257469882,39962902,39962902,262874073,302836975,257469882,000000004ce315d1,000005fc,000000005af85dd2,000000005af85dd1,0
2180,2180,0,12494012,269963894,13775966,277768783,000000004ce315d1,257469882,39962902,39962902,262874073,302836975,257469882,000000004ce315d1,00000600,000000005af85dd3,000000005af85dd2,0
2181,2181,0,12494012,269963894,13775966,277768784,000000004ce315d1,257469883,39962902,39962902,262874074,302836975,257469882,000000004ce315d2,00000604,000000005af85dd4,000000005af85dd3,0
2182,2182,0,12494012,269963895,13775966,277768784,000000004ce315d2,257469883,39962902,39962902,262874074,302836976,257469883,000000004ce315d3,00000604,000000005af85dd5,000000005af85dd4,0
2183,2183,0,12494012,269963895,13775966,277768784,000000004ce315d3,257469883,39962902,39962902,262874074,302836976,257469883,000000004ce315d3,00000604,000000005af85dd5,000000005af85dd5,0
2184,2184,0,12494012,269963895,13775966,277768784,000000004ce315d3,257469883,39962902,39962902,262874074,302836976,257469883,000000004ce315d4,000005fc,000000005af85dd6,000000005af85dd5,0
2185,2185,0,12494012,269963895,13775966,277768784,000000004ce315d4,257469883,39962902,39962902,262874074,302836976,257469883,000000004ce315d4,00000600,000000005af85dd7,000000005af85dd6,0
2186,2186,0,12494012,269963895,13775966,277768785,000000004ce315d4,257469884,39962902,39962902,262874075,302836976,257469883,000000004ce315d5,00000604,000000005af85dd8,000000005af85dd7,0
2187,2187,0,12494012,269963896,13775966,277768785,000000004ce315d5,257469884,39962902,39962902,262874075,302836977,257469884,000000004ce315d6,00000604,000000005af85dd9,000000005af85dd8,0
2188,2188,0,12494012,269963896,13775966,277768785,000000004ce315d6,257469884,39962902,39962902,262874075,302836977,257469884,000000004ce315d6,00000604,000000005af85dd9,000000005af85dd9,0
2189,2189,0,12494012,269963896,13775966,277768785,000000004ce315d6,257469884,39962902,39962902,262874075,302836977,257469884,000000004ce315d7,000005fc,000000005af85dda,000000005af85dd9,0
2190,2190,0,12494012,269963896,13775966,277768785,000000004ce315d7,257469884,39962902,39962902,262874075,302836977,257469884,000000004ce315d7,00000600,000000005af85ddb,000000005af85dda,0
2191,2191,0,12494012,269963896,13775966,277768786,000000004ce315d7,257469885,39962902,39962902,262874076,302836977,257469884,000000004ce315d8,00000604,000000005af85ddc,000000005af85ddb,0
2192,2192,0,12494012,269963897,13775966,277768786,000000004ce315d8,257469885,39962902,39962902,262874076,302836978,257469885,000000004ce315d9,00000604,000000005af85ddd,000000005af85ddc,0
2193,2193,0,12494012,269963897,13775966,277768786,000000004ce315d9,257469885,39962902,39962902,262874076,302836978,257469885,000000004ce315d9,00000604,000000005af85ddd,000000005af85ddd,0
2194,2194,0,12494012,269963897,13775966,277768786,000000004ce315d9,257469885,39962902,39962902,262874076,302836978,257469885,000000004ce315da,000005fc,000000005af85dde,000000005af85ddd,0
2195,2195,0,12494012,269963897,13775966,277768786,000000004ce315da,257469885,39962902,39962902,262874076,302836978,257469885,000000004ce315da,00000600,000000005af85ddf,000000005af85dde,0
2196,2196,0,12494012,269963897,13775966,277768787,000000004ce315da,257469886,39962902,39962902,262874077,302836978,257469885,000000004ce315db,00000604,000000005af85de0,000000005af85ddf,0
2197,2197,0,12494012,269963898,13775966,277768787,000000004ce315db,257469886,39962902,39962902,262874077,302836979,257469886,000000004ce315dc,00000604,000000005af85de1,000000005af85de0,0
2198,2198,0,12494012,269963898,13775966,277768787,000000004ce315dc,257469886,39962902,39962902,262874077,302836979,257469886,000000004ce315dc,00000604,000000005af85de1,000000005af85de1,0
2199,2199,0,12494012,269963898,13775966,277768787,000000004ce315dc,257469886,39962902,39962902,262874077,302836979,257469886,000000004ce315dd,000005fc,000000005af85de2,000000005af85de1,0
2200,2200,0,12494012,269963898,13775966,277768787,000000004ce315dd,257469886,39962902,39962902,262874077,302836979,257469886,000000004ce315dd,00000600,000000005af85de3,000000005af85de2,0
2201,2201,0,12494012,269963898,13775966,277768788,000000004ce315dd,257469887,39962902,39962902,262874078,302836979,257469886,000000004ce315de,00000604,000000005af85de4,000000005af85de3,0
2202,2202,0,12494012,269963899,13775966,277768788,000000004ce315de,257469887,39962902,39962902,262874078,302836980,257469887,000000004ce315df,00000604,000000005af85de5,000000005af85de4,0
2203,2203,0,12494012,269963899,13775966,277768788,000000004ce315df,257469887,39962902,39962902,262874078,302836980,257469887,000000004ce315df,00000604,000000005af85de5,000000005af85de5,0
2204,2204,0,12494012,269963899,13775966,277768788,000000004ce315df,257469887,39962902,39962902,262874078,302836980,257469887,000000004ce315e0,000005fc,000000005af85de6,000000005af85de5,0
2205,2205,0,12494012,269963899,13775966,277768788,000000004ce315e0,257469887,39962902,39962902,262874078,302836980,257469887,000000004ce315e0,00000600,000000005af85de7,000000005af85de6,0
2206,2206,0,12494012,269963899,13775966,277768789,000000004ce315e0,257469888,39962902,39962902,262874079,302836980,257469887,000000004ce315e1,00000604,000000005af85de8,000000005af85de7,0
2207,2207,0,12494012,269963900,13775966,277768789,000000004ce315e1,257469888,39962902,39962902,262874079,302836981,257469888,000000004ce315e2,00000604,000000005af85de9,000000005af85de8,0
2208,2208,0,12494012,269963900,13775966,277768789,000000004ce315e2,257469888,39962902,39962902,262874079,302836981,257469888,000000004ce315e2,00000604,000000005af85de9,000000005af85de9,0
2209,2209,0,12494012,269963900,13775966,277768789,000000004ce315e2,257469888,39962902,39962902,262874079,302836981,257469888,000000004ce315e3,000005fc,000000005af85dea,000000005af85de9,0
2210,2210,0,12494012,269963900,13775966,277768789,000000004ce315e3,257469888,39962902,39962902,262874079,302836981,257469888,000000004ce315e3,00000600,000000005af85deb,000000005af85dea,0
2211,2211,0,12494012,269963900,13775966,277768790,000000004ce315e3,257469889,39962902,39962902,262874080,302836981,257469888,000000004ce315e4,00000604,000000005af85dec,000000005af85deb,0
2212,2212,0,12494012,269963901,13775966,277768790,000000004ce315e4,257469889,39962902,39962902,262874080,302836982,257469889,000000004ce315e5,00000604,000000005af85ded,000000005af85dec,0
2213,2213,0,12494012,269963901,13775966,277768790,000000004ce315e5,257469889,39962902,39962902,262874080,302836982,257469889,000000004ce315e5,00000604,000000005af85ded,000000005af85ded,0
2214,2214,0,12494012,269963901,13775966,277768790,000000004ce315e5,257469889,39962902,39962902,262874080,302836982,257469889,000000004ce315e6,000005fc,000000005af85dee,000000005af85ded,0
2215,2215,0,12494012,269963901,13775966,277768790,000000004ce315e6,257469889,39962902,39962902,262874080,302836982,257469889,000000004ce315e6,00000600,000000005af85def,000000005af85dee,0
2216,2216,0,12494012,269963901,13775966,277768791,000000004ce315e6,257469890,39962902,39962902,262874081,302836982,257469889,000000004ce315e7,00000604,000000005af85df0,000000005af85def,0
2217,2217,0,12494012,269963902,13775966,277768791,000000004ce315e7,257469890,39962902,39962902,262874081,302836983,257469890,000000004ce315e8,00000604,000000005af85df1,000000005af85df0,0
2218,2218,0,12494012,269963902,13775966,277768791,000000004ce315e8,257469890,39962902,39962902,262874081,302836983,257469890,000000004ce315e8,00000604,000000005af85df1,000000005af85df1,0
2219,2219,0,12494012,269963902,13775966,277768791,000000004ce315e8,257469890,39962902,39962902,262874081,302836983,257469890,000000004ce315e9,000005fc,000000005af85df2,000000005af85df1,0
2220,2220,0,12494012,269963902,13775966,277768791,000000004ce315e9,257469890,39962902,39962902,262874081,302836983,257469890,000000004ce315e9,00000600,000000005af85df3,000000005af85df2,0
2221,2221,0,12494012,269963902,13775966,277768792,000000004ce315e9,257469891,39962902,39962902,262874082,302836983,257469890,000000004ce315ea,00000604,000000005af85df4,000000005af85df3,0
2222,2222,0,12494012,269963903,13775966,277768792,000000004ce315ea,257469891,39962902,39962902,262874082,302836984,257469891,000000004ce315eb,00000604,000000005af85df5,000000005af85df4,0
2223,2223,0,12494012,269963903,13775966,277768792,000000004ce315eb,257469891,39962902,39962902,262874082,302836984,257469891,000000004ce315eb,00000604,000000005af85df5,000000005af85df5,0
2224,2224,0,12494012,269963903,13775966,277768792,000000004ce315eb,257469891,39962902,39962902,262874082,302836984,257469891,000000004ce315ec,000005fc,000000005af85df6,000000005af85df5,0
2225,2225,0,12494012,269963903,13775966,277768792,000000004ce315ec,257469891,39962902,39962902,262874082,302836984,257469891,000000004ce315ec,00000600,000000005af85df7,000000005af85df6,0
2226,2226,0,12494012,269963903,13775966,277768793,000000004ce315ec,257469892,39962902,39962902,262874083,302836984,257469891,000000004ce315ed,00000604,000000005af85df8,000000005af85df7,0
2227,2227,0,12494012,269963904,13775966,277768793,000000004ce315ed,257469892,39962902,39962902,262874083,302836985,257469892,000000004ce315ee,00000604,000000005af85df9,000000005af85df8,0
2228,2228,0,12494012,269963904,13775966,277768793,000000004ce315ee,257469892,39962902,39962902,262874083,302836985,257469892,000000004ce315ee,00000604,000000005af85df9,000000005af85df9,0
2229,2229,0,12494012,269963904,13775966,277768793,000000004ce315ee,257469892,39962902,39962902,262874083,302836985,257469892,000000004ce315ef,000005fc,000000005af85dfa,000000005af85df9,0
2230,2230,0,12494012,269963904,13775966,277768793,000000004ce315ef,257469892,39962902,39962902,262874083,302836985,257469892,000000004ce315ef,00000600,000000005af85dfb,000000005af85dfa,0
2231,2231,0,12494012,269963904,13775966,277768794,000000004ce315ef,257469893,39962902,39962902,262874084,302836985,257469892,000000004ce315f0,00000604,000000005af85dfc,000000005af85dfb,0
2232,2232,0,12494012,269963905,13775966,277768794,000000004ce315f0,257469893,39962902,39962902,262874084,302836986,257469893,000000004ce315f1,00000604,000000005af85dfd,000000005af85dfc,0
2233,2233,0,12494012,269963905,13775966,277768794,000000004ce315f1,257469893,39962902,39962902,262874084,302836986,257469893,000000004ce315f1,00000604,000000005af85dfd,000000005af85dfd,0
2234,2234,0,12494012,269963905,13775966,277768794,000000004ce315f1,257469893,39962902,39962902,262874084,302836986,257469893,000000004ce315f2,000005fc,000000005af85dfe,000000005af85dfd,0
2235,2235,0,12494012,269963905,13775966,277768794,000000004ce315f2,257469893,39962902,39962902,262874084,302836986,257469893,000000004ce315f2,00000600,000000005af85dff,000000005af85dfe,0
2236,2236,0,12494012,269963905,13775966,277768795,000000004ce315f2,257469894,39962902,39962902,262874085,302836986,257469893,000000004ce315f3,00000604,000000005af85e00,000000005af85dff,0
2237,2237,0,12494012,269963906,13775966,277768795,000000004ce315f3,257469894,39962902,39962902,262874085,302836987,257469894,000000004ce315f4,00000604,000000005af85e01,000000005af85e00,0
2238,2238,0,12494012,269963906,13775966,277768795,000000004ce315f4,257469894,39962902,39962902,262874085,302836987,257469894,000000004ce315f4,00000604,000000005af85e01,000000005af85e01,0
2239,2239,0,12494012,269963906,13775966,277768795,000000004ce315f4,257469894,39962902,39962902,262874085,302836987,257469894,000000004ce315f5,000005fc,000000005af85e02,000000005af85e01,0
2240,2240,0,12494012,269963906,13775966,277768795,000000004ce315f5,257469894,39962902,39962902,262874085,302836987,257469894,000000004ce315f5,00000600,000000005af85e03,000000005af85e02,0
2241,2241,0,12494012,269963906,13775966,277768796,000000004ce315f5,257469895,39962902,39962902,262874086,302836987,257469894,000000004ce315f6,00000604,000000005af85e04,000000005af85e03,0
2242,2242,0,12494012,269963907,13775966,277768796,000000004ce315f6,257469895,39962902,39962902,262874086,302836988,257469895,000000004ce315f7,00000604,000000005af85e05,000000005af85e04,0
2243,2243,0,12494012,269963907,13775966,277768796,000000004ce315f7,257469895,39962902,39962902,262874086,302836988,257469895,000000004ce315f7,00000604,000000005af85e05,000000005af85e05,0
2244,2244,0,12494012,269963907,13775966,277768796,000000004ce315f7,257469895,39962902,39962902,262874086,302836988,257469895,000000004ce315f8,000005fc,000000005af85e06,000000005af85e05,0
2245,2245,0,12494012,269963907,13775966,277768796,000000004ce315f8,257469895,39962902,39962902,262874086,302836988,257469895,000000004ce315f8,00000600,000000005af85e07,000000005af85e06,0
2246,2246,0,12494012,269963907,13775966,277768797,000000004ce315f8,257469896,39962902,39962902,262874087,302836988,257469895,000000004ce315f9,00000604,000000005af85e08,000000005af85e07,0
2247,2247,0,12494012,269963908,13775966,277768797,000000004ce315f9,257469896,39962902,39962902,262874087,302836989,257469896,000000004ce315fa,00000604,000000005af85e09,000000005af85e08,0
2248,2248,0,12494012,269963908,13775966,277768797,000000004ce315fa,257469896,39962902,39962902,262874087,302836989,257469896,000000004ce315fa,00000604,000000005af85e09,000000005af85e09,0
2249,2249,0,12494012,269963908,13775966,277768797,000000004ce315fa,257469896,39962902,39962902,262874087,302836989,257469896,000000004ce315fb,000005fc,000000005af85e0a,000000005af85e09,0
2250,2250,0,12494012,269963908,13775966,277768797,000000004ce315fb,257469896,39962902,39962902,262874087,302836989,257469896,000000004ce315fb,00000600,000000005af85e0b,000000005af85e0a,0
2251,2251,0,12494012,269963908,13775966,277768798,000000004ce315fb,257469897,39962902,39962902,262874088,302836989,257469896,000000004ce315fc,00000604,000000005af85e0c,000000005af85e0b,0
2252,2252,0,12494012,269963909,13775966,277768798,000000004ce315fc,257469897,39962902,39962902,262874088,302836990,257469897,000000004ce315fd,00000604,000000005af85e0d,000000005af85e0c,0
2253,2253,0,12494012,269963909,13775966,277768798,000000004ce315fd,257469897,39962902,39962902,262874088,302836990,257469897,000000004ce315fd,00000604,000000005af85e0d,000000005af85e0d,0
2254,2254,0,12494012,269963909,13775966,277768798,000000004ce315fd,257469897,39962902,39962902,262874088,302836990,257469897,000000004ce315fe,000005fc,000000005af85e0e,000000005af85e0d,0
2255,2255,0,12494012,269963909,13775966,277768798,000000004ce315fe,257469897,39962902,39962902,262874088,302836990,257469897,000000004ce315fe,00000600,000000005af85e0f,000000005af85e0e,0
2256,2256,0,12494012,269963909,13775966,277768799,000000004ce315fe,257469898,39962902,39962902,262874089,302836990,257469897,000000004ce315ff,00000604,000000005af85e10,000000005af85e0f,0
2257,2257,0,12494012,269963910,13775966,277768799,000000004ce315ff,257469898,39962902,39962902,262874089,302836991,257469898,000000004ce31600,00000604,000000005af85e11,000000005af85e10,0
2258,2258,0,12494012,269963910,13775966,277768799,000000004ce31600,257469898,39962902,39962902,262874089,302836991,257469898,000000004ce31600,00000604,000000005af85e11,000000005af85e11,0
2259,2259,0,12494012,269963910,13775966,277768799,000000004ce31600,257469898,39962902,39962902,262874089,302836991,257469898,000000004ce31601,000005fc,000000005af85e12,000000005af85e11,0
2260,2260,0,12494012,269963910,13775966,277768799,000000004ce31601,257469898,39962902,39962902,262874089,302836991,257469898,000000004ce31601,00000600,000000005af85e13,000000005af85e12,0
2261,2261,0,12494012,269963910,13775966,277768800,000000004ce31601,257469899,39962902,39962902,262874090,302836991,257469898,000000004ce31602,00000604,000000005af85e14,000000005af85e13,0
2262,2262,0,12494012,269963911,13775966,277768800,000000004ce31602,257469899,39962902,39962902,262874090,302836992,257469899,000000004ce31603,00000604,000000005af85e15,000000005af85e14,0
2263,2263,0,12494012,269963911,13775966,277768800,000000004ce31603,257469899,39962902,39962902,262874090,302836992,257469899,000000004ce31603,00000604,000000005af85e15,000000005af85e15,0
2264,2264,0,12494012,269963911,13775966,277768800,000000004ce31603,257469899,39962902,39962902,262874090,302836992,257469899,000000004ce31604,000005fc,000000005af85e16,000000005af85e15,0
2265,2265,0,12494012,269963911,13775966,277768800,000000004ce31604,257469899,39962902,39962902,262874090,302836992,257469899,000000004ce31604,00000600,000000005af85e17,000000005af85e16,0
2266,2266,0,12494012,269963911,13775966,277768801,000000004ce31604,257469900,39962902,39962902,262874091,302836992,257469899,000000004ce31605,00000604,000000005af85e18,000000005af85e17,0
2267,2267,0,12494012,269963912,13775966,277768801,000000004ce31605,257469900,39962902,39962902,262874091,302836993,257469900,000000004ce31606,00000604,000000005af85e19,000000005af85e18,0
2268,2268,0,12494012,269963912,13775966,277768801,000000004ce31606,257469900,39962902,39962902,262874091,302836993,257469900,000000004ce31606,00000604,000000005af85e19,000000005af85e19,0
2269,2269,0,12494012,269963912,13775966,277768801,000000004ce31606,257469900,39962902,39962902,262874091,302836993,257469900,000000004ce31607,000005fc,000000005af85e1a,000000005af85e19,0
2270,2270,0,12494012,269963912,13775966,277768801,000000004ce31607,257469900,39962902,39962902,262874091,302836993,257469900,000000004ce31607,00000600,000000005af85e1b,000000005af85e1a,0
2271,2271,0,12494012,269963912,13775966,277768802,000000004ce31607,257469901,39962902,39962902,262874092,302836993,257469900,000000004ce31608,00000604,000000005af85e1c,000000005af85e1b,0
2272,2272,0,12494012,269963913,13775966,277768802,000000004ce31608,257469901,39962902,39962902,262874092,302836994,257469901,000000004ce31609,00000604,000000005af85e1d,000000005af85e1c,0
2273,2273,0,12494012,269963913,13775966,277768802,000000004ce31609,257469901,39962902,39962902,262874092,302836994,257469901,000000004ce31609,00000604,000000005af85e1d,000000005af85e1d,0
2274,2274,0,12494012,269963913,13775966,277768802,000000004ce31609,257469901,39962902,39962902,262874092,302836994,257469901,000000004ce3160a,000005fc,000000005af85e1e,000000005af85e1d,0
2275,2275,0,12494012,269963913,13775966,277768802,000000004ce3160a,257469901,39962902,39962902,262874092,302836994,257469901,000000004ce3160a,00000600,000000005af85e1f,000000005af85e1e,0
2276,2276,0,12494012,269963913,13775966,277768803,000000004ce3160a,257469902,39962902,39962902,262874093,302836994,257469901,000000004ce3160b,00000604,000000005af85e20,000000005af85e1f,0
2277,2277,0,12494012,269963914,13775966,277768803,000000004ce3160b,257469902,39962902,39962902,262874093,302836995,257469902,000000004ce3160c,00000604,000000005af85e21,000000005af85e20,0
2278,2278,0,12494012,269963914,13775966,277768803,000000004ce3160c,257469902,39962902,39962902,262874093,302836995,257469902,000000004ce3160c,00000604,000000005af85e21,000000005af85e21,0
2279,2279,0,12494012,269963914,13775966,277768803,000000004ce3160c,257469902,39962902,39962902,262874093,302836995,257469902,000000004ce3160d,000005fc,000000005af85e22,000000005af85e21,0
2280,2280,0,12494012,269963914,13775966,277768803,000000004ce3160d,257469902,39962902,39962902,262874093,302836995,257469902,000000004ce3160d,00000600,000000005af85e23,000000005af85e22,0
2281,2281,0,12494012,269963914,13775966,277768804,000000004ce3160d,257469903,39962902,39962902,262874094,302836995,257469902,000000004ce3160e,00000604,000000005af85e24,000000005af85e23,0
2282,2282,0,12494012,269963915,13775966,277768804,000000004ce3160e,257469903,39962902,39962902,262874094,302836996,257469903,000000004ce3160f,00000604,000000005af85e25,000000005af85e24,0
2283,2283,0,12494012,269963915,13775966,277768804,000000004ce3160f,257469903,39962902,39962902,262874094,302836996,257469903,000000004ce3160f,00000604,000000005af85e25,000000005af85e25,0
2284,2284,0,12494012,269963915,13775966,277768804,000000004ce3160f,257469903,39962902,39962902,262874094,302836996,257469903,000000004ce31610,000005fc,000000005af85e26,000000005af85e25,0
2285,2285,0,12494012,269963915,13775966,277768804,000000004ce31610,257469903,39962902,39962902,262874094,302836996,257469903,000000004ce31610,00000600,000000005af85e27,000000005af85e26,0
2286,2286,0,12494012,269963915,13775966,277768805,000000004ce31610,257469904,39962902,39962902,262874095,302836996,257469903,000000004ce31611,00000604,000000005af85e28,000000005af85e27,0
2287,2287,0,12494012,269963916,13775966,277768805,000000004ce31611,257469904,39962902,39962902,262874095,302836997,257469904,000000004ce31612,00000604,000000005af85e29,000000005af85e28,0
2288,2288,0,12494012,269963916,13775966,277768805,000000004ce31612,257469904,39962902,39962902,262874095,302836997,257469904,000000004ce31612,00000604,000000005af85e29,000000005af85e29,0
2289,2289,0,12494012,269963916,13775966,277768805,000000004ce31612,257469904,39962902,39962902,262874095,302836997,257469904,000000004ce31613,000005fc,000000005af85e2a,000000005af85e29,0
2290,2290,0,12494012,269963916,13775966,277768805,000000004ce31613,257469904,39962902,39962902,262874095,302836997,257469904,000000004ce31613,00000600,000000005af85e2b,000000005af85e2a,0
2291,2291,0,12494012,269963916,13775966,277768806,000000004ce31613,257469905,39962902,39962902,262874096,302836997,257469904,000000004ce31614,00000604,000000005af85e2c,000000005af85e2b,0
2292,2292,0,12494012,269963917,13775966,277768806,000000004ce31614,257469905,39962902,39962902,262874096,302836998,257469905,000000004ce31615,00000604,000000005af85e2d,000000005af85e2c,0
2293,2293,0,12494012,269963917,13775966,277768806,000000004ce31615,257469905,39962902,39962902,262874096,302836998,257469905,000000004ce31615,00000604,000000005af85e2d,000000005af85e2d,0
2294,2294,0,12494012,269963917,13775966,277768806,000000004ce31615,257469905,39962902,39962902,262874096,302836998,257469905,000000004ce31616,000005fc,000000005af85e2e,000000005af85e2d,0
2295,2295,0,12494012,269963917,13775966,277768806,000000004ce31616,257469905,39962902,39962902,262874096,302836998,257469905,000000004ce31616,00000600,000000005af85e2f,000000005af85e2e,0
2296,2296,0,12494012,269963917,13775966,277768807,000000004ce31616,257469906,39962902,39962902,262874097,302836998,257469905,000000004ce31617,00000604,000000005af85e30,000000005af85e2f,0
2297,2297,0,12494012,269963918,13775966,277768807,000000004ce31617,257469906,39962902,39962902,262874097,302836999,257469906,000000004ce31618,00000604,000000005af85e31,000000005af85e30,0
2298,2298,0,12494012,269963918,13775966,277768807,000000004ce31618,257469906,39962902,39962902,262874097,302836999,257469906,000000004ce31618,00000604,000000005af85e31,000000005af85e31,0
2299,2299,0,12494012,269963918,13775966,277768807,000000004ce31618,257469906,39962902,39962902,262874097,302836999,257469906,000000004ce31619,000005fc,000000005af85e32,000000005af85e31,0
2300,2300,0,12494012,269963918,13775966,277768807,000000004ce31619,257469906,39962902,39962902,262874097,302836999,257469906,000000004ce31619,00000600,000000005af85e33,000000005af85e32,0
2301,2301,0,12494012,269963918,13775966,277768808,000000004ce31619,257469907,39962902,39962902,262874098,302836999,257469906,000000004ce3161a,00000604,000000005af85e34,000000005af85e33,0
2302,2302,0,12494012,269963919,13775966,277768808,000000004ce3161a,257469907,39962902,39962902,262874098,302837000,257469907,000000004ce3161b,00000604,000000005af85e35,000000005af85e34,0
2303,2303,0,12494012,269963919,13775966,277768808,000000004ce3161b,257469907,39962902,39962902,262874098,302837000,257469907,000000004ce3161b,00000604,000000005af85e35,000000005af85e35,0
2304,2304,0,12494012,269963919,13775966,277768808,000000004ce3161b,257469907,39962902,39962902,262874098,302837000,257469907,000000004ce3161c,000005fc,000000005af85e36,000000005af85e35,0
2305,2305,0,12494012,269963919,13775966,277768808,000000004ce3161c,257469907,39962902,39962902,262874098,302837000,257469907,000000004ce3161c,00000600,000000005af85e37,000000005af85e36,0
2306,2306,0,12494012,269963919,13775966,277768809,000000004ce3161c,257469908,39962902,39962902,262874099,302837000,257469907,000000004ce3161d,00000604,000000005af85e38,000000005af85e37,0
2307,2307,0,12494012,269963920,13775966,277768809,000000004ce3161d,257469908,39962902,39962902,262874099,302837001,257469908,000000004ce3161e,00000604,000000005af85e39,000000005af85e38,0
2308,2308,0,12494012,269963920,13775966,277768809,000000004ce3161e,257469908,39962902,39962902,262874099,302837001,257469908,000000004ce3161e,00000604,000000005af85e39,000000005af85e39,0
2309,2309,0,12494012,269963920,13775966,277768809,000000004ce3161e,257469908,39962902,39962902,262874099,302837001,257469908,000000004ce3161f,000005fc,000000005af85e3a,000000005af85e39,0
2310,2310,0,12494012,269963920,13775966,277768809,000000004ce3161f,257469908,39962902,39962902,262874099,302837001,257469908,000000004ce3161f,00000600,000000005af85e3b,000000005af85e3a,0
2311,2311,0,12494012,269963920,13775966,277768810,000000004ce3161f,257469909,39962902,39962902,262874100,302837001,257469908,000000004ce31620,00000604,000000005af85e3c,000000005af85e3b,0
2312,2312,0,12494012,269963921,13775966,277768810,000000004ce31620,257469909,39962902,39962902,262874100,302837002,257469909,000000004ce31621,00000604,000000005af85e3d,000000005af85e3c,0
2313,2313,0,12494012,269963921,13775966,277768810,000000004ce31621,257469909,39962902,39962902,262874100,302837002,257469909,000000004ce31621,00000604,000000005af85e3d,000000005af85e3d,0
2314,2314,0,12494012,269963921,13775966,277768810,000000004ce31621,257469909,39962902,39962902,262874100,302837002,257469909,000000004ce31622,000005fc,000000005af85e3e,000000005af85e3d,0
2315,2315,0,12494012,269963921,13775966,277768810,000000004ce31622,257469909,39962902,39962902,262874100,302837002,257469909,000000004ce31622,00000600,000000005af85e3f,000000005af85e3e,0
2316,2316,0,12494012,269963921,13775966,277768811,000000004ce31622,257469910,39962902,39962902,262874101,302837002,257469909,000000004ce31623,00000604,000000005af85e40,000000005af85e3f,0
2317,2317,0,12494012,269963922,13775966,277768811,000000004ce31623,257469910,39962902,39962902,262874101,302837003,257469910,000000004ce31624,00000604,000000005af85e41,000000005af85e40,0
2318,2318,0,12494012,269963922,13775966,277768811,000000004ce31624,257469910,39962902,39962902,262874101,302837003,257469910,000000004ce31624,00000604,000000005af85e41,000000005af85e41,0
2319,2319,0,12494012,269963922,13775966,277768811,000000004ce31624,257469910,39962902,39962902,262874101,302837003,257469910,000000004ce31625,000005fc,000000005af85e42,000000005af85e41,0
2320,2320,0,12494012,269963922,13775966,277768811,000000004ce31625,257469910,39962902,39962902,262874101,302837003,257469910,000000004ce31625,00000600,000000005af85e43,000000005af85e42,0
2321,2321,0,12494012,269963922,13775966,277768812,000000004ce31625,257469911,39962902,39962902,262874102,302837003,257469910,000000004ce31626,00000604,000000005af85e44,000000005af85e43,0
2322,2322,0,12494012,269963923,13775966,277768812,000000004ce31626,257469911,39962902,39962902,262874102,302837004,257469911,000000004ce31627,00000604,000000005af85e45,000000005af85e44,0
2323,2323,0,12494012,269963923,13775966,277768812,000000004ce31627,257469911,39962902,39962902,262874102,302837004,257469911,000000004ce31627,00000604,000000005af85e45,000000005af85e45,0
2324,2324,0,12494012,269963923,13775966,277768812,000000004ce31627,257469911,39962902,39962902,262874102,302837004,257469911,000000004ce31628,000005fc,000000005af85e46,000000005af85e45,0
2325,2325,0,12494012,269963923,13775966,277768812,000000004ce31628,257469911,39962902,39962902,262874102,302837004,257469911,000000004ce31628,00000600,000000005af85e47,000000005af85e46,0
2326,2326,0,12494012,269963923,13775966,277768813,000000004ce31628,257469912,39962902,39962902,262874103,302837004,257469911,000000004ce31629,00000604,000000005af85e48,000000005af85e47,0
2327,2327,0,12494012,269963924,13775966,277768813,000000004ce31629,257469912,39962902,39962902,262874103,302837005,257469912,000000004ce3162a,00000604,000000005af85e49,000000005af85e48,0
2328,2328,0,12494012,269963924,13775966,277768813,000000004ce3162a,257469912,39962902,39962902,262874103,302837005,257469912,000000004ce3162a,00000604,000000005af85e49,000000005af85e49,0
2329,2329,0,12494012,269963924,13775966,277768813,000000004ce3162a,257469912,39962902,39962902,262874103,302837005,257469912,000000004ce3162b,000005fc,000000005af85e4a,000000005af85e49,0
2330,2330,0,12494012,269963924,13775966,277768813,000000004ce3162b,257469912,39962902,39962902,262874103,302837005,257469912,000000004ce3162b,00000600,000000005af85e4b,000000005af85e4a,0
2331,2331,0,12494012,269963924,13775966,277768814,000000004ce3162b,257469913,39962902,39962902,262874104,302837005,257469912,000000004ce3162c,00000604,000000005af85e4c,000000005af85e4b,0
2332,2332,0,12494012,269963925,13775966,277768814,000000004ce3162c,257469913,39962902,39962902,262874104,302837006,257469913,000000004ce3162d,00000604,000000005af85e4d,000000005af85e4c,0
2333,2333,0,12494012,269963925,13775966,277768814,000000004ce3162d,257469913,39962902,39962902,262874104,302837006,257469913,000000004ce3162d,00000604,000000005af85e4d,000000005af85e4d,0
2334,2334,0,12494012,269963925,13775966,277768814,000000004ce3162d,257469913,39962902,39962902,262874104,302837006,257469913,000000004ce3162e,000005fc,000000005af85e4e,000000005af85e4d,0
2335,2335,0,12494012,269963925,13775966,277768814,000000004ce3162e,257469913,39962902,39962902,262874104,302837006,257469913,000000004ce3162e,00000600,000000005af85e4f,000000005af85e4e,0
2336,2336,0,12494012,269963925,13775966,277768815,000000004ce3162e,257469914,39962902,39962902,262874105,302837006,257469913,000000004ce3162f,00000604,000000005af85e50,000000005af85e4f,0
2337,2337,0,12494012,269963926,13775966,277768815,000000004ce3162f,257469914,39962902,39962902,262874105,302837007,257469914,000000004ce31630,00000604,000000005af85e51,000000005af85e50,0
2338,2338,0,12494012,269963926,13775966,277768815,000000004ce31630,257469914,39962902,39962902,262874105,302837007,257469914,000000004ce31630,00000604,000000005af85e51,000000005af85e51,0
2339,2339,0,12494012,269963926,13775966,277768815,000000004ce31630,257469914,39962902,39962902,262874105,302837007,257469914,000000004ce31631,000005fc,000000005af85e52,000000005af85e51,0
2340,2340,0,12494012,269963926,13775966,277768815,000000004ce31631,257469914,39962902,39962902,262874105,302837007,257469914,000000004ce31631,00000600,000000005af85e53,000000005af85e52,0
2341,2341,0,12494012,269963926,13775966,277768816,000000004ce31631,257469915,39962902,39962902,262874106,302837007,257469914,000000004ce31632,00000604,000000005af85e54,000000005af85e53,0
2342,2342,0,12494012,269963927,13775966,277768816,000000004ce31632,257469915,39962902,39962902,262874106,302837008,257469915,000000004ce31633,00000604,000000005af85e55,000000005af85e54,0
2343,2343,0,12494012,269963927,13775966,277768816,000000004ce31633,257469915,39962902,39962902,262874106,302837008,257469915,000000004ce31633,00000604,000000005af85e55,000000005af85e55,0
2344,2344,0,12494012,269963927,13775966,277768816,000000004ce31633,257469915,39962902,39962902,262874106,302837008,257469915,000000004ce31634,000005fc,000000005af85e56,000000005af85e55,0
2345,2345,0,12494012,269963927,13775966,277768816,000000004ce31634,257469915,39962902,39962902,262874106,302837008,257469915,000000004ce31634,00000600,000000005af85e57,000000005af85e56,0
2346,2346,0,12494012,269963927,13775966,277768817,000000004ce31634,257469916,39962902,39962902,262874107,302837008,257469915,000000004ce31635,00000604,000000005af85e58,000000005af85e57,0
2347,2347,0,12494012,269963928,13775966,277768817,000000004ce31635,257469916,39962902,39962902,262874107,302837009,257469916,000000004ce31636,00000604,000000005af85e59,000000005af85e58,0
2348,2348,0,12494012,269963928,13775966,277768817,000000004ce31636,257469916,39962902,39962902,262874107,302837009,257469916,000000004ce31636,00000604,000000005af85e59,000000005af85e59,0
2349,2349,0,12494012,269963928,13775966,277768817,000000004ce31636,257469916,39962902,39962902,262874107,302837009,257469916,000000004ce31637,000005fc,000000005af85e5a,000000005af85e59,0
2350,2350,0,12494012,269963928,13775966,277768817,000000004ce31637,257469916,39962902,39962902,262874107,302837009,257469916,000000004ce31637,00000600,000000005af85e5b,000000005af85e5a,0
2351,2351,0,12494012,269963928,13775966,277768818,000000004ce31637,257469917,39962902,39962902,262874108,302837009,257469916,000000004ce31638,00000604,000000005af85e5c,000000005af85e5b,0
2352,2352,0,12494012,269963929,13775966,277768818,000000004ce31638,257469917,39962902,39962902,262874108,302837010,257469917,000000004ce31639,00000604,000000005af85e5d,000000005af85e5c,0
2353,2353,0,12494012,269963929,13775966,277768818,000000004ce31639,257469917,39962902,39962902,262874108,302837010,257469917,000000004ce31639,00000604,000000005af85e5d,000000005af85e5d,0
2354,2354,0,12494012,269963929,13775966,277768818,000000004ce31639,257469917,39962902,39962902,262874108,302837010,257469917,000000004ce3163a,000005fc,000000005af85e5e,000000005af85e5d,0
2355,2355,0,12494012,269963929,13775966,277768818,000000004ce3163a,257469917,39962902,39962902,262874108,302837010,257469917,000000004ce3163a,00000600,000000005af85e5f,000000005af85e5e,0
2356,2356,0,12494012,269963929,13775966,277768819,000000004ce3163a,257469918,39962902,39962902,262874109,302837010,257469917,000000004ce3163b,00000604,000000005af85e60,000000005af85e5f,0
2357,2357,0,12494012,269963930,13775966,277768819,000000004ce3163b,257469918,39962902,39962902,262874109,302837011,257469918,000000004ce3163c,00000604,000000005af85e61,000000005af85e60,0
2358,2358,0,12494012,269963930,13775966,277768819,000000004ce3163c,257469918,39962902,39962902,262874109,302837011,257469918,000000004ce3163c,00000604,000000005af85e61,000000005af85e61,0
2359,2359,0,12494012,269963930,13775966,277768819,000000004ce3163c,257469918,39962902,39962902,262874109,302837011,257469918,000000004ce3163d,000005fc,000000005af85e62,000000005af85e61,0
2360,2360,0,12494012,269963930,13775966,277768819,000000004ce3163d,257469918,39962902,39962902,262874109,302837011,257469918,000000004ce3163d,00000600,000000005af85e63,000000005af85e62,0
2361,2361,0,12494012,269963930,13775966,277768820,000000004ce3163d,257469919,39962902,39962902,262874110,302837011,257469918,000000004ce3163e,00000604,000000005af85e64,000000005af85e63,0
2362,2362,0,12494012,269963931,13775966,277768820,000000004ce3163e,257469919,39962902,39962902,262874110,302837012,257469919,000000004ce3163f,00000604,000000005af85e65,000000005af85e64,0
2363,2363,0,12494012,269963931,13775966,277768820,000000004ce3163f,257469919,39962902,39962902,262874110,302837012,257469919,000000004ce3163f,00000604,000000005af85e65,000000005af85e65,0
2364,2364,0,12494012,269963931,13775966,277768820,000000004ce3163f,257469919,39962902,39962902,262874110,302837012,257469919,000000004ce31640,000005fc,000000005af85e66,000000005af85e65,0
2365,2365,0,12494012,269963931,13775966,277768820,000000004ce31640,257469919,39962902,39962902,262874110,302837012,257469919,000000004ce31640,00000600,000000005af85e67,000000005af85e66,0
2366,2366,0,12494012,269963931,13775966,277768821,000000004ce31640,257469920,39962902,39962902,262874111,302837012,257469919,000000004ce31641,00000604,000000005af85e68,000000005af85e67,0
2367,2367,0,12494012,269963932,13775966,277768821,000000004ce31641,257469920,39962902,39962902,262874111,302837013,257469920,000000004ce31642,00000604,000000005af85e69,000000005af85e68,0
2368,2368,0,12494012,269963932,13775966,277768821,000000004ce31642,257469920,39962902,39962902,262874111,302837013,257469920,000000004ce31642,00000604,000000005af85e69,000000005af85e69,0
2369,2369,0,12494012,269963932,13775966,277768821,000000004ce31642,257469920,39962902,39962902,262874111,302837013,257469920,000000004ce31643,000005fc,000000005af85e6a,000000005af85e69,0
2370,2370,0,12494012,269963932,13775966,277768821,000000004ce31643,257469920,39962902,39962902,262874111,302837013,257469920,000000004ce31643,00000600,000000005af85e6b,000000005af85e6a,0
2371,2371,0,12494012,269963932,13775966,277768822,000000004ce31643,257469921,39962902,39962902,262874112,302837013,257469920,000000004ce31644,00000604,000000005af85e6c,000000005af85e6b,0
2372,2372,0,12494012,269963933,13775966,277768822,000000004ce31644,257469921,39962902,39962902,262874112,302837014,257469921,000000004ce31645,00000604,000000005af85e6d,000000005af85e6c,0
2373,2373,0,12494012,269963933,13775966,277768822,000000004ce31645,257469921,39962902,39962902,262874112,302837014,257469921,000000004ce31645,00000604,000000005af85e6d,000000005af85e6d,0
2374,2374,0,12494012,269963933,13775966,277768822,000000004ce31645,257469921,39962902,39962902,262874112,302837014,257469921,000000004ce31646,000005fc,000000005af85e6e,000000005af85e6d,0
2375,2375,0,12494012,269963933,13775966,277768822,000000004ce31646,257469921,39962902,39962902,262874112,302837014,257469921,000000004ce31646,00000600,000000005af85e6f,000000005af85e6e,0
2376,2376,0,12494012,269963933,13775966,277768823,000000004ce31646,257469922,39962902,39962902,262874113,302837014,257469921,000000004ce31647,00000604,000000005af85e70,000000005af85e6f,0
2377,2377,0,12494012,269963934,13775966,277768823,000000004ce31647,257469922,39962902,39962902,262874113,302837015,257469922,000000004ce31648,00000604,000000005af85e71,000000005af85e70,0
2378,2378,0,12494012,269963934,13775966,277768823,000000004ce31648,257469922,39962902,39962902,262874113,302837015,257469922,000000004ce31648,00000604,000000005af85e71,000000005af85e71,0
2379,2379,0,12494012,269963934,13775966,277768823,000000004ce31648,257469922,39962902,39962902,262874113,302837015,257469922,000000004ce31649,000005fc,000000005af85e72,000000005af85e71,0
2380,2380,0,12494012,269963934,13775966,277768823,000000004ce31649,257469922,39962902,39962902,262874113,302837015,257469922,000000004ce31649,00000600,000000005af85e73,000000005af85e72,0
2381,2381,0,12494012,269963934,13775966,277768824,000000004ce31649,257469923,39962902,39962902,262874114,302837015,257469922,000000004ce3164a,00000604,000000005af85e74,000000005af85e73,0
2382,2382,0,12494012,269963935,13775966,277768824,000000004ce3164a,257469923,39962902,39962902,262874114,302837016,257469923,000000004ce3164b,00000604,000000005af85e75,000000005af85e74,0
2383,2383,0,12494012,269963935,13775966,277768824,000000004ce3164b,257469923,39962902,39962902,262874114,302837016,257469923,000000004ce3164b,00000604,000000005af85e75,000000005af85e75,0
2384,2384,0,12494012,269963935,13775966,277768824,000000004ce3164b,257469923,39962902,39962902,262874114,302837016,257469923,000000004ce3164c,000005fc,000000005af85e76,000000005af85e75,0
2385,2385,0,12494012,269963935,13775966,277768824,000000004ce3164c,257469923,39962902,39962902,262874114,302837016,257469923,000000004ce3164c,00000600,000000005af85e77,000000005af85e76,0
2386,2386,0,12494012,269963935,13775966,277768825,000000004ce3164c,257469924,39962902,39962902,262874115,302837016,257469923,000000004ce3164d,00000604,000000005af85e78,000000005af85e77,0
2387,2387,0,12494012,269963936,13775966,277768825,000000004ce3164d,257469924,39962902,39962902,262874115,302837017,257469924,000000004ce3164e,00000604,000000005af85e79,000000005af85e78,0
2388,2388,0,12494012,269963936,13775966,277768825,000000004ce3164e,257469924,39962902,39962902,262874115,302837017,257469924,000000004ce3164e,00000604,000000005af85e79,000000005af85e79,0
2389,2389,0,12494012,269963936,13775966,277768825,000000004ce3164e,257469924,39962902,39962902,262874115,302837017,257469924,000000004ce3164f,000005fc,000000005af85e7a,000000005af85e79,0
2390,2390,0,12494012,269963936,13775966,277768825,000000004ce3164f,257469924,39962902,39962902,262874115,302837017,257469924,000000004ce3164f,00000600,000000005af85e7b,000000005af85e7a,0
2391,2391,0,12494012,269963936,13775966,277768826,000000004ce3164f,257469925,39962902,39962902,262874116,302837017,257469924,000000004ce31650,00000604,000000005af85e7c,000000005af85e7b,0
2392,2392,0,12494012,269963937,13775966,277768826,000000004ce31650,257469925,39962902,39962902,262874116,302837018,257469925,000000004ce31651,00000604,000000005af85e7d,000000005af85e7c,0
2393,2393,0,12494012,269963937,13775966,277768826,000000004ce31651,257469925,39962902,39962902,262874116,302837018,257469925,000000004ce31651,00000604,000000005af85e7d,000000005af85e7d,0
2394,2394,0,12494012,269963937,13775966,277768826,000000004ce31651,257469925,39962902,39962902,262874116,302837018,257469925,000000004ce31652,000005fc,000000005af85e7e,000000005af85e7d,0
2395,2395,0,12494012,269963937,13775966,277768826,000000004ce31652,257469925,39962902,39962902,262874116,302837018,257469925,000000004ce31652,00000600,000000005af85e7f,000000005af85e7e,0
2396,2396,0,12494012,269963937,13775966,277768827,000000004ce31652,257469926,39962902,39962902,262874117,302837018,257469925,000000004ce31653,00000604,000000005af85e80,000000005af85e7f,0
2397,2397,0,12494012,269963938,13775966,277768827,000000004ce31653,257469926,39962902,39962902,262874117,302837019,257469926,000000004ce31654,00000604,000000005af85e81,000000005af85e80,0
2398,2398,0,12494012,269963938,13775966,277768827,000000004ce31654,257469926,39962902,39962902,262874117,302837019,257469926,000000004ce31654,00000604,000000005af85e81,000000005af85e81,0
2399,2399,0,12494012,269963938,13775966,277768827,000000004ce31654,257469926,39962902,39962902,262874117,302837019,257469926,000000004ce31655,000005fc,000000005af85e82,000000005af85e81,0
2400,2400,0,12494012,269963938,13775966,277768827,000000004ce31655,257469926,39962902,39962902,262874117,302837019,257469926,000000004ce31655,00000600,000000005af85e83,000000005af85e82,0
2401,2401,0,12494012,269963938,13775966,277768828,000000004ce31655,257469927,39962902,39962902,262874118,302837019,257469926,000000004ce31656,00000604,000000005af85e84,000000005af85e83,0
2402,2402,0,12494012,269963939,13775966,277768828,000000004ce31656,257469927,39962902,39962902,262874118,302837020,257469927,000000004ce31657,00000604,000000005af85e85,000000005af85e84,0
2403,2403,0,12494012,269963939,13775966,277768828,000000004ce31657,257469927,39962902,39962902,262874118,302837020,257469927,000000004ce31657,00000604,000000005af85e85,000000005af85e85,0
2404,2404,0,12494012,269963939,13775966,277768828,000000004ce31657,257469927,39962902,39962902,262874118,302837020,257469927,000000004ce31658,000005fc,000000005af85e86,000000005af85e85,0
2405,2405,0,12494012,269963939,13775966,277768828,000000004ce31658,257469927,39962902,39962902,262874118,302837020,257469927,000000004ce31658,00000600,000000005af85e87,000000005af85e86,0
2406,2406,0,12494012,269963939,13775966,277768829,000000004ce31658,257469928,39962902,39962902,262874119,302837020,257469927,000000004ce31659,00000604,000000005af85e88,000000005af85e87,0
2407,2407,0,12494012,269963940,13775966,277768829,000000004ce31659,257469928,39962902,39962902,262874119,302837021,257469928,000000004ce3165a,00000604,000000005af85e89,000000005af85e88,0
2408,2408,0,12494012,269963940,13775966,277768829,000000004ce3165a,257469928,39962902,39962902,262874119,302837021,257469928,000000004ce3165a,00000604,000000005af85e89,000000005af85e89,0
2409,2409,0,12494012,269963940,13775966,277768829,000000004ce3165a,257469928,39962902,39962902,262874119,302837021,257469928,000000004ce3165b,000005fc,000000005af85e8a,000000005af85e89,0
2410,2410,0,12494012,269963940,13775966,277768829,000000004ce3165b,257469928,39962902,39962902,262874119,302837021,257469928,000000004ce3165b,00000600,000000005af85e8b,000000005af85e8a,0
2411,2411,0,12494012,269963940,13775966,277768830,000000004ce3165b,257469929,39962902,39962902,262874120,302837021,257469928,000000004ce3165c,00000604,000000005af85e8c,000000005af85e8b,0
2412,2412,0,12494012,269963941,13775966,277768830,000000004ce3165c,257469929,39962902,39962902,262874120,302837022,257469929,000000004ce3165d,00000604,000000005af85e8d,000000005af85e8c,0
2413,2413,0,12494012,269963941,13775966,277768830,000000004ce3165d,257469929,39962902,39962902,262874120,302837022,257469929,000000004ce3165d,00000604,000000005af85e8d,000000005af85e8d,0
2414,2414,0,12494012,269963941,13775966,277768830,000000004ce3165d,257469929,39962902,39962902,262874120,302837022,257469929,000000004ce3165e,000005fc,000000005af85e8e,000000005af85e8d,0
2415,2415,0,12494012,269963941,13775966,277768830,000000004ce3165e,257469929,39962902,39962902,262874120,302837022,257469929,000000004ce3165e,00000600,000000005af85e8f,000000005af85e8e,0
2416,2416,0,12494012,269963941,13775966,277768831,000000004ce3165e,257469930,39962902,39962902,262874121,302837022,257469929,000000004ce3165f,00000604,000000005af85e90,000000005af85e8f,0
2417,2417,0,12494012,269963942,13775966,277768831,000000004ce3165f,257469930,39962902,39962902,262874121,302837023,257469930,000000004ce31660,00000604,000000005af85e91,000000005af85e90,0
2418,2418,0,12494012,269963942,13775966,277768831,000000004ce31660,257469930,39962902,39962902,262874121,302837023,257469930,000000004ce31660,00000604,000000005af85e91,000000005af85e91,0
2419,2419,0,12494012,269963942,13775966,277768831,000000004ce31660,257469930,39962902,39962902,262874121,302837023,257469930,000000004ce31661,000005fc,000000005af85e92,000000005af85e91,0
2420,2420,0,12494012,269963942,13775966,277768831,000000004ce31661,257469930,39962902,39962902,262874121,302837023,257469930,000000004ce31661,00000600,000000005af85e93,000000005af85e92,0
2421,2421,0,12494012,269963942,13775966,277768832,000000004ce31661,257469931,39962902,39962902,262874122,302837023,257469930,000000004ce31662,00000604,000000005af85e94,000000005af85e93,0
2422,2422,0,12494012,269963943,13775966,277768832,000000004ce31662,257469931,39962902,39962902,262874122,302837024,257469931,000000004ce31663,00000604,000000005af85e95,000000005af85e94,0
2423,2423,0,12494012,269963943,13775966,277768832,000000004ce31663,257469931,39962902,39962902,262874122,302837024,257469931,000000004ce31663,00000604,000000005af85e95,000000005af85e95,0
2424,2424,0,12494012,269963943,13775966,277768832,000000004ce31663,257469931,39962902,39962902,262874122,302837024,257469931,000000004ce31664,000005fc,000000005af85e96,000000005af85e95,0
2425,2425,0,12494012,269963943,13775966,277768832,000000004ce31664,257469931,39962902,39962902,262874122,302837024,257469931,000000004ce31664,00000600,000000005af85e97,000000005af85e96,0
2426,2426,0,12494012,269963943,13775966,277768833,000000004ce31664,257469932,39962902,39962902,262874123,302837024,257469931,000000004ce31665,00000604,000000005af85e98,000000005af85e97,0
2427,2427,0,12494012,269963944,13775966,277768833,000000004ce31665,257469932,39962902,39962902,262874123,302837025,257469932,000000004ce31666,00000604,000000005af85e99,000000005af85e98,0
2428,2428,0,12494012,269963944,13775966,277768833,000000004ce31666,257469932,39962902,39962902,262874123,302837025,257469932,000000004ce31666,00000604,000000005af85e99,000000005af85e99,0
2429,2429,0,12494012,269963944,13775966,277768833,000000004ce31666,257469932,39962902,39962902,262874123,302837025,257469932,000000004ce31667,000005fc,000000005af85e9a,000000005af85e99,0
2430,2430,0,12494012,269963944,13775966,277768833,000000004ce31667,257469932,39962902,39962902,262874123,302837025,257469932,000000004ce31667,00000600,000000005af85e9b,000000005af85e9a,0
2431,2431,0,12494012,269963944,13775966,277768834,000000004ce31667,257469933,39962902,39962902,262874124,302837025,257469932,000000004ce31668,00000604,000000005af85e9c,000000005af85e9b,0
2432,2432,0,12494012,269963945,13775966,277768834,000000004ce31668,257469933,39962902,39962902,262874124,302837026,257469933,000000004ce31669,00000604,000000005af85e9d,000000005af85e9c,0
2433,2433,0,12494012,269963945,13775966,277768834,000000004ce31669,257469933,39962902,39962902,262874124,302837026,257469933,000000004ce31669,00000604,000000005af85e9d,000000005af85e9d,0
2434,2434,0,12494012,269963945,13775966,277768834,000000004ce31669,257469933,39962902,39962902,262874124,302837026,257469933,000000004ce3166a,000005fc,000000005af85e9e,000000005af85e9d,0
2435,2435,0,12494012,269963945,13775966,277768834,000000004ce3166a,257469933,39962902,39962902,262874124,302837026,257469933,000000004ce3166a,00000600,000000005af85e9f,000000005af85e9e,0
2436,2436,0,12494012,269963945,13775966,277768835,000000004ce3166a,257469934,39962902,39962902,262874125,302837026,257469933,000000004ce3166b,00000604,000000005af85ea0,000000005af85e9f,0
2437,2437,0,12494012,269963946,13775966,277768835,000000004ce3166b,257469934,39962902,39962902,262874125,302837027,257469934,000000004ce3166c,00000604,000000005af85ea1,000000005af85ea0,0
2438,2438,0,12494012,269963946,13775966,277768835,000000004ce3166c,257469934,39962902,39962902,262874125,302837027,257469934,000000004ce3166c,00000604,000000005af85ea1,000000005af85ea1,0
2439,2439,0,12494012,269963946,13775966,277768835,000000004ce3166c,257469934,39962902,39962902,262874125,302837027,257469934,000000004ce3166d,000005fc,000000005af85ea2,000000005af85ea1,0
2440,2440,0,12494012,269963946,13775966,277768835,000000004ce3166d,257469934,39962902,39962902,262874125,302837027,257469934,000000004ce3166d,00000600,000000005af85ea3,000000005af85ea2,0
2441,2441,0,12494012,269963946,13775966,277768836,000000004ce3166d,257469935,39962902,39962902,262874126,302837027,257469934,000000004ce3166e,00000604,000000005af85ea4,000000005af85ea3,0
2442,2442,0,12494012,269963947,13775966,277768836,000000004ce3166e,257469935,39962902,39962902,262874126,302837028,257469935,000000004ce3166f,00000604,000000005af85ea5,000000005af85ea4,0
2443,2443,0,12494012,269963947,13775966,277768836,000000004ce3166f,257469935,39962902,39962902,262874126,302837028,257469935,000000004ce3166f,00000604,000000005af85ea5,000000005af85ea5,0
2444,2444,0,12494012,269963947,13775966,277768836,000000004ce3166f,257469935,39962902,39962902,262874126,302837028,257469935,000000004ce31670,000005fc,000000005af85ea6,000000005af85ea5,0
2445,2445,0,12494012,269963947,13775966,277768836,000000004ce31670,257469935,39962902,39962902,262874126,302837028,257469935,000000004ce31670,00000600,000000005af85ea7,000000005af85ea6,0
2446,2446,0,12494012,269963947,13775966,277768837,000000004ce31670,257469936,39962902,39962902,262874127,302837028,257469935,000000004ce31671,00000604,000000005af85ea8,000000005af85ea7,0
2447,2447,0,12494012,269963948,13775966,277768837,000000004ce31671,257469936,39962902,39962902,262874127,302837029,257469936,000000004ce31672,00000604,000000005af85ea9,000000005af85ea8,0
2448,2448,0,12494012,269963948,13775966,277768837,000000004ce31672,257469936,39962902,39962902,262874127,302837029,257469936,000000004ce31672,00000604,000000005af85ea9,000000005af85ea9,0
2449,2449,0,12494012,269963948,13775966,277768837,000000004ce31672,257469936,39962902,39962902,262874127,302837029,257469936,000000004ce31673,000005fc,000000005af85eaa,000000005af85ea9,0
2450,2450,0,12494012,269963948,13775966,277768837,000000004ce31673,257469936,39962902,39962902,262874127,302837029,257469936,000000004ce31673,00000600,000000005af85eab,000000005af85eaa,0
2451,2451,0,12494012,269963948,13775966,277768838,000000004ce31673,257469937,39962902,39962902,262874128,302837029,257469936,000000004ce31674,00000604,000000005af85eac,000000005af85eab,0
2452,2452,0,12494012,269963949,13775966,277768838,000000004ce31674,257469937,39962902,39962902,262874128,302837030,257469937,000000004ce31675,00000604,000000005af85ead,000000005af85eac,0
2453,2453,0,12494012,269963949,13775966,277768838,000000004ce31675,257469937,39962902,39962902,262874128,302837030,257469937,000000004ce31675,00000604,000000005af85ead,000000005af85ead,0
2454,2454,0,12494012,269963949,13775966,277768838,000000004ce31675,257469937,39962902,39962902,262874128,302837030,257469937,000000004ce31676,000005fc,000000005af85eae,000000005af85ead,0
2455,2455,0,12494012,269963949,13775966,277768838,000000004ce31676,257469937,39962902,39962902,262874128,302837030,257469937,000000004ce31676,00000600,000000005af85eaf,000000005af85eae,0
2456,2456,0,12494012,269963949,13775966,277768839,000000004ce31676,257469938,39962902,39962902,262874129,302837030,257469937,000000004ce31677,00000604,000000005af85eb0,000000005af85eaf,0
2457,2457,0,12494012,269963950,13775966,277768839,000000004ce31677,257469938,39962902,39962902,262874129,302837031,257469938,000000004ce31678,00000604,000000005af85eb1,000000005af85eb0,0
2458,2458,0,12494012,269963950,13775966,277768839,000000004ce31678,257469938,39962902,39962902,262874129,302837031,257469938,000000004ce31678,00000604,000000005af85eb1,000000005af85eb1,0
2459,2459,0,12494012,269963950,13775966,277768839,000000004ce31678,257469938,39962902,39962902,262874129,302837031,257469938,000000004ce31679,000005fc,000000005af85eb2,000000005af85eb1,0
2460,2460,0,12494012,269963950,13775966,277768839,000000004ce31679,257469938,39962902,39962902,262874129,302837031,257469938,000000004ce31679,00000600,000000005af85eb3,000000005af85eb2,0
2461,2461,0,12494012,269963950,13775966,277768840,000000004ce31679,257469939,39962902,39962902,262874130,302837031,257469938,000000004ce3167a,00000604,000000005af85eb4,000000005af85eb3,0
2462,2462,0,12494012,269963951,13775966,277768840,000000004ce3167a,257469939,39962902,39962902,262874130,302837032,257469939,000000004ce3167b,00000604,000000005af85eb5,000000005af85eb4,0
2463,2463,0,12494012,269963951,13775966,277768840,000000004ce3167b,257469939,39962902,39962902,262874130,302837032,257469939,000000004ce3167b,00000604,000000005af85eb5,000000005af85eb5,0
2464,2464,0,12494012,269963951,13775966,277768840,000000004ce3167b,257469939,39962902,39962902,262874130,302837032,257469939,000000004ce3167c,000005fc,000000005af85eb6,000000005af85eb5,0
2465,2465,0,12494012,269963951,13775966,277768840,000000004ce3167c,257469939,39962902,39962902,262874130,302837032,257469939,000000004ce3167c,00000600,000000005af85eb7,000000005af85eb6,0
2466,2466,0,12494012,269963951,13775966,277768841,000000004ce3167c,257469940,39962902,39962902,262874131,302837032,257469939,000000004ce3167d,00000604,000000005af85eb8,000000005af85eb7,0
2467,2467,0,12494012,269963952,13775966,277768841,000000004ce3167d,257469940,39962902,39962902,262874131,302837033,257469940,000000004ce3167e,00000604,000000005af85eb9,000000005af85eb8,0
2468,2468,0,12494012,269963952,13775966,277768841,000000004ce3167e,257469940,39962902,39962902,262874131,302837033,257469940,000000004ce3167e,00000604,000000005af85eb9,000000005af85eb9,0
2469,2469,0,12494012,269963952,13775966,277768841,000000004ce3167e,257469940,39962902,39962902,262874131,302837033,257469940,000000004ce3167f,000005fc,000000005af85eba,000000005af85eb9,0
2470,2470,0,12494012,269963952,13775966,277768841,000000004ce3167f,257469940,39962902,39962902,262874131,302837033,257469940,000000004ce3167f,00000600,000000005af85ebb,000000005af85eba,0
2471,2471,0,12494012,269963952,13775966,277768842,000000004ce3167f,257469941,39962902,39962902,262874132,302837033,257469940,000000004ce31680,00000604,000000005af85ebc,000000005af85ebb,0
2472,2472,0,12494012,269963953,13775966,277768842,000000004ce31680,257469941,39962902,39962902,262874132,302837034,257469941,000000004ce31681,00000604,000000005af85ebd,000000005af85ebc,0
2473,2473,0,12494012,269963953,13775966,277768842,000000004ce31681,257469941,39962902,39962902,262874132,302837034,257469941,000000004ce31681,00000604,000000005af85ebd,000000005af85ebd,0
2474,2474,0,12494012,269963953,13775966,277768842,000000004ce31681,257469941,39962902,39962902,262874132,302837034,257469941,000000004ce31682,000005fc,000000005af85ebe,000000005af85ebd,0
2475,2475,0,12494012,269963953,13775966,277768842,000000004ce31682,257469941,39962902,39962902,262874132,302837034,257469941,000000004ce31682,00000600,000000005af85ebf,000000005af85ebe,0
2476,2476,0,12494012,269963953,13775966,277768843,000000004ce31682,257469942,39962902,39962902,262874133,302837034,257469941,000000004ce31683,00000604,000000005af85ec0,000000005af85ebf,0
2477,2477,0,12494012,269963954,13775966,277768843,000000004ce31683,257469942,39962902,39962902,262874133,302837035,257469942,000000004ce31684,00000604,000000005af85ec1,000000005af85ec0,0
2478,2478,0,12494012,269963954,13775966,277768843,000000004ce31684,257469942,39962902,39962902,262874133,302837035,257469942,000000004ce31684,00000604,000000005af85ec1,000000005af85ec1,0
2479,2479,0,12494012,269963954,13775966,277768843,000000004ce31684,257469942,39962902,39962902,262874133,302837035,257469942,000000004ce31685,000005fc,000000005af85ec2,000000005af85ec1,0
2480,2480,0,12494012,269963954,13775966,277768843,000000004ce31685,257469942,39962902,39962902,262874133,302837035,257469942,000000004ce31685,00000600,000000005af85ec3,000000005af85ec2,0
2481,2481,0,12494012,269963954,13775966,277768844,000000004ce31685,257469943,39962902,39962902,262874134,302837035,257469942,000000004ce31686,00000604,000000005af85ec4,000000005af85ec3,0
2482,2482,0,12494012,269963955,13775966,277768844,000000004ce31686,257469943,39962902,39962902,262874134,302837036,257469943,000000004ce31687,00000604,000000005af85ec5,000000005af85ec4,0
2483,2483,0,12494012,269963955,13775966,277768844,000000004ce31687,257469943,39962902,39962902,262874134,302837036,257469943,000000004ce31687,00000604,000000005af85ec5,000000005af85ec5,0
2484,2484,0,12494012,269963955,13775966,277768844,000000004ce31687,257469943,39962902,39962902,262874134,302837036,257469943,000000004ce31688,000005fc,000000005af85ec6,000000005af85ec5,0
2485,2485,0,12494012,269963955,13775966,277768844,000000004ce31688,257469943,39962902,39962902,262874134,302837036,257469943,000000004ce31688,00000600,000000005af85ec7,000000005af85ec6,0
2486,2486,0,12494012,269963955,13775966,277768845,000000004ce31688,257469944,39962902,39962902,262874135,302837036,257469943,000000004ce31689,00000604,000000005af85ec8,000000005af85ec7,0
2487,2487,0,12494012,269963956,13775966,277768845,000000004ce31689,257469944,39962902,39962902,262874135,302837037,257469944,000000004ce3168a,00000604,000000005af85ec9,000000005af85ec8,0
2488,2488,0,12494012,269963956,13775966,277768845,000000004ce3168a,257469944,39962902,39962902,262874135,302837037,257469944,000000004ce3168a,00000604,000000005af85ec9,000000005af85ec9,0
2489,2489,0,12494012,269963956,13775966,277768845,000000004ce3168a,257469944,39962902,39962902,262874135,302837037,257469944,000000004ce3168b,000005fc,000000005af85eca,000000005af85ec9,0
2490,2490,0,12494012,269963956,13775966,277768845,000000004ce3168b,257469944,39962902,39962902,262874135,302837037,257469944,000000004ce3168b,00000600,000000005af85ecb,000000005af85eca,0
2491,2491,0,12494012,269963956,13775966,277768846,000000004ce3168b,257469945,39962902,39962902,262874136,302837037,257469944,000000004ce3168c,00000604,000000005af85ecc,000000005af85ecb,0
2492,2492,0,12494012,269963957,13775966,277768846,000000004ce3168c,257469945,39962902,39962902,262874136,302837038,257469945,000000004ce3168d,00000604,000000005af85ecd,000000005af85ecc,0
2493,2493,0,12494012,269963957,13775966,277768846,000000004ce3168d,257469945,39962902,39962902,262874136,302837038,257469945,000000004ce3168d,00000604,000000005af85ecd,000000005af85ecd,0
2494,2494,0,12494012,269963957,13775966,277768846,000000004ce3168d,257469945,39962902,39962902,262874136,302837038,257469945,000000004ce3168e,000005fc,000000005af85ece,000000005af85ecd,0
2495,2495,0,12494012,269963957,13775966,277768846,000000004ce3168e,257469945,39962902,39962902,262874136,302837038,257469945,000000004ce3168e,00000600,000000005af85ecf,000000005af85ece,0
2496,2496,0,12494012,269963957,13775966,277768847,000000004ce3168e,257469946,39962902,39962902,262874137,302837038,257469945,000000004ce3168f,00000604,000000005af85ed0,000000005af85ecf,0
2497,2497,0,12494012,269963958,13775966,277768847,000000004ce3168f,257469946,39962902,39962902,262874137,302837039,257469946,000000004ce31690,00000604,000000005af85ed1,000000005af85ed0,0
2498,2498,0,12494012,269963958,13775966,277768847,000000004ce31690,257469946,39962902,39962902,262874137,302837039,257469946,000000004ce31690,00000604,000000005af85ed1,000000005af85ed1,0
2499,2499,0,12494012,269963958,13775966,277768847,000000004ce31690,257469946,39962902,39962902,262874137,302837039,257469946,000000004ce31691,000005fc,000000005af85ed2,000000005af85ed1,0
2500,2500,0,12494012,269963958,13775966,277768847,000000004ce31691,257469946,39962902,39962902,262874137,302837039,257469946,000000004ce31691,00000600,000000005af85ed3,000000005af85ed2,0
2501,2501,0,12494012,269963958,13775966,277768848,000000004ce31691,257469947,39962902,39962902,262874138,302837039,257469946,000000004ce31692,00000604,000000005af85ed4,000000005af85ed3,0
2502,2502,0,12494012,269963959,13775966,277768848,000000004ce31692,257469947,39962902,39962902,262874138,302837040,257469947,000000004ce31693,00000604,000000005af85ed5,000000005af85ed4,0
2503,2503,0,12494012,269963959,13775966,277768848,000000004ce31693,257469947,39962902,39962902,262874138,302837040,257469947,000000004ce31693,00000604,000000005af85ed5,000000005af85ed5,0
2504,2504,0,12494012,269963959,13775966,277768848,000000004ce31693,257469947,39962902,39962902,262874138,302837040,257469947,000000004ce31694,000005fc,000000005af85ed6,000000005af85ed5,0
2505,2505,0,12494012,269963959,13775966,277768848,000000004ce31694,257469947,39962902,39962902,262874138,302837040,257469947,000000004ce31694,00000600,000000005af85ed7,000000005af85ed6,0
2506,2506,0,12494012,269963959,13775966,277768849,000000004ce31694,257469948,39962902,39962902,262874139,302837040,257469947,000000004ce31695,00000604,000000005af85ed8,000000005af85ed7,0
2507,2507,0,12494012,269963960,13775966,277768849,000000004ce31695,257469948,39962902,39962902,262874139,302837041,257469948,000000004ce31696,00000604,000000005af85ed9,000000005af85ed8,0
2508,2508,0,12494012,269963960,13775966,277768849,000000004ce31696,257469948,39962902,39962902,262874139,302837041,257469948,000000004ce31696,00000604,000000005af85ed9,000000005af85ed9,0
2509,2509,0,12494012,269963960,13775966,277768849,000000004ce31696,257469948,39962902,39962902,262874139,302837041,257469948,000000004ce31697,000005fc,000000005af85eda,000000005af85ed9,0
2510,2510,0,12494012,269963960,13775966,277768849,000000004ce31697,257469948,39962902,39962902,262874139,302837041,257469948,000000004ce31697,00000600,000000005af85edb,000000005af85eda,0
2511,2511,0,12494012,269963960,13775966,277768850,000000004ce31697,257469949,39962902,39962902,262874140,302837041,257469948,000000004ce31698,00000604,000000005af85edc,000000005af85edb,0
2512,2512,0,12494012,269963961,13775966,277768850,000000004ce31698,257469949,39962902,39962902,262874140,302837042,257469949,000000004ce31699,00000604,000000005af85edd,000000005af85edc,0
2513,2513,0,12494012,269963961,13775966,277768850,000000004ce31699,257469949,39962902,39962902,262874140,302837042,257469949,000000004ce31699,00000604,000000005af85edd,000000005af85edd,0
2514,2514,0,12494012,269963961,13775966,277768850,000000004ce31699,257469949,39962902,39962902,262874140,302837042,257469949,000000004ce3169a,000005fc,000000005af85ede,000000005af85edd,0
2515,2515,0,12494012,269963961,13775966,277768850,000000004ce3169a,257469949,39962902,39962902,262874140,302837042,257469949,000000004ce3169a,00000600,000000005af85edf,000000005af85ede,0
2516,2516,0,12494012,269963961,13775966,277768851,000000004ce3169a,257469950,39962902,39962902,262874141,302837042,257469949,000000004ce3169b,00000604,000000005af85ee0,000000005af85edf,0
2517,2517,0,12494012,269963962,13775966,277768851,000000004ce3169b,257469950,39962902,39962902,262874141,302837043,257469950,000000004ce3169c,00000604,000000005af85ee1,000000005af85ee0,0
2518,2518,0,12494012,269963962,13775966,277768851,000000004ce3169c,257469950,39962902,39962902,262874141,302837043,257469950,000000004ce3169c,00000604,000000005af85ee1,000000005af85ee1,0
2519,2519,0,12494012,269963962,13775966,277768851,000000004ce3169c,257469950,39962902,39962902,262874141,302837043,257469950,000000004ce3169d,000005fc,000000005af85ee2,000000005af85ee1,0
2520,2520,0,12494012,269963962,13775966,277768851,000000004ce3169d,257469950,39962902,39962902,262874141,302837043,257469950,000000004ce3169d,00000600,000000005af85ee3,000000005af85ee2,0
2521,2521,0,12494012,269963962,13775966,277768852,000000004ce3169d,257469951,39962902,39962902,262874142,302837043,257469950,000000004ce3169e,00000604,000000005af85ee4,000000005af85ee3,0
2522,2522,0,12494012,269963963,13775966,277768852,000000004ce3169e,257469951,39962902,39962902,262874142,302837044,257469951,000000004ce3169f,00000604,000000005af85ee5,000000005af85ee4,0
2523,2523,0,12494012,269963963,13775966,277768852,000000004ce3169f,257469951,39962902,39962902,262874142,302837044,257469951,000000004ce3169f,00000604,000000005af85ee5,000000005af85ee5,0
2524,2524,0,12494012,269963963,13775966,277768852,000000004ce3169f,257469951,39962902,39962902,262874142,302837044,257469951,000000004ce316a0,000005fc,000000005af85ee6,000000005af85ee5,0
2525,2525,0,12494012,269963963,13775966,277768852,000000004ce316a0,257469951,39962902,39962902,262874142,302837044,257469951,000000004ce316a0,00000600,000000005af85ee7,000000005af85ee6,0
2526,2526,0,12494012,269963963,13775966,277768853,000000004ce316a0,257469952,39962902,39962902,262874143,302837044,257469951,000000004ce316a1,00000604,000000005af85ee8,000000005af85ee7,0
2527,2527,0,12494012,269963964,13775966,277768853,000000004ce316a1,257469952,39962902,39962902,262874143,302837045,257469952,000000004ce316a2,00000604,000000005af85ee9,000000005af85ee8,0
2528,2528,0,12494012,269963964,13775966,277768853,000000004ce316a2,257469952,39962902,39962902,262874143,302837045,257469952,000000004ce316a2,00000604,000000005af85ee9,000000005af85ee9,0
2529,2529,0,12494012,269963964,13775966,277768853,000000004ce316a2,257469952,39962902,39962902,262874143,302837045,257469952,000000004ce316a3,000005fc,000000005af85eea,000000005af85ee9,0
2530,2530,0,12494012,269963964,13775966,277768853,000000004ce316a3,257469952,39962902,39962902,262874143,302837045,257469952,000000004ce316a3,00000600,000000005af85eeb,000000005af85eea,0
2531,2531,0,12494012,269963964,13775966,277768854,000000004ce316a3,257469953,39962902,39962902,262874144,302837045,257469952,000000004ce316a4,00000604,000000005af85eec,000000005af85eeb,0
2532,2532,0,12494012,269963965,13775966,277768854,000000004ce316a4,257469953,39962902,39962902,262874144,302837046,257469953,000000004ce316a5,00000604,000000005af85eed,000000005af85eec,0
2533,2533,0,12494012,269963965,13775966,277768854,000000004ce316a5,257469953,39962902,39962902,262874144,302837046,257469953,000000004ce316a5,00000604,000000005af85eed,000000005af85eed,0
2534,2534,0,12494012,269963965,13775966,277768854,000000004ce316a5,257469953,39962902,39962902,262874144,302837046,257469953,000000004ce316a6,000005fc,000000005af85eee,000000005af85eed,0
2535,2535,0,12494012,269963965,13775966,277768854,000000004ce316a6,257469953,39962902,39962902,262874144,302837046,257469953,000000004ce316a6,00000600,000000005af85eef,000000005af85eee,0
2536,2536,0,12494012,269963965,13775966,277768855,000000004ce316a6,257469954,39962902,39962902,262874145,302837046,257469953,000000004ce316a7,00000604,000000005af85ef0,000000005af85eef,0
2537,2537,0,12494012,269963966,13775966,277768855,000000004ce316a7,257469954,39962902,39962902,262874145,302837047,257469954,000000004ce316a8,00000604,000000005af85ef1,000000005af85ef0,0
2538,2538,0,12494012,269963966,13775966,277768855,000000004ce316a8,257469954,39962902,39962902,262874145,302837047,257469954,000000004ce316a8,00000604,000000005af85ef1,000000005af85ef1,0
2539,2539,0,12494012,269963966,13775966,277768855,000000004ce316a8,257469954,39962902,39962902,262874145,302837047,257469954,000000004ce316a9,000005fc,000000005af85ef2,000000005af85ef1,0
2540,2540,0,12494012,269963966,13775966,277768855,000000004ce316a9,257469954,39962902,39962902,262874145,302837047,257469954,000000004ce316a9,00000600,000000005af85ef3,000000005af85ef2,0
2541,2541,0,12494012,269963966,13775966,277768856,000000004ce316a9,257469955,39962902,39962902,262874146,302837047,257469954,000000004ce316aa,00000604,000000005af85ef4,000000005af85ef3,0
2542,2542,0,12494012,269963967,13775966,277768856,000000004ce316aa,257469955,39962902,39962902,262874146,302837048,257469955,000000004ce316ab,00000604,000000005af85ef5,000000005af85ef4,0
2543,2543,0,12494012,269963967,13775966,277768856,000000004ce316ab,257469955,39962902,39962902,262874146,302837048,257469955,000000004ce316ab,00000604,000000005af85ef5,000000005af85ef5,0
2544,2544,0,12494012,269963967,13775966,277768856,000000004ce316ab,257469955,39962902,39962902,262874146,302837048,257469955,000000004ce316ac,000005fc,000000005af85ef6,000000005af85ef5,0
2545,2545,0,12494012,269963967,13775966,277768856,000000004ce316ac,257469955,39962902,39962902,262874146,302837048,257469955,000000004ce316ac,00000600,000000005af85ef7,000000005af85ef6,0
2546,2546,0,12494012,269963967,13775966,277768857,000000004ce316ac,257469956,39962902,39962902,262874147,302837048,257469955,000000004ce316ad,00000604,000000005af85ef8,000000005af85ef7,0
2547,2547,0,12494012,269963968,13775966,277768857,000000004ce316ad,257469956,39962902,39962902,262874147,302837049,257469956,000000004ce316ae,00000604,000000005af85ef9,000000005af85ef8,0
2548,2548,0,12494012,269963968,13775966,277768857,000000004ce316ae,257469956,39962902,39962902,262874147,302837049,257469956,000000004ce316ae,00000604,000000005af85ef9,000000005af85ef9,0
2549,2549,0,12494012,269963968,13775966,277768857,000000004ce316ae,257469956,39962902,39962902,262874147,302837049,257469956,000000004ce316af,000005fc,000000005af85efa,000000005af85ef9,0
2550,2550,0,12494012,269963968,13775966,277768857,000000004ce316af,257469956,39962902,39962902,262874147,302837049,257469956,000000004ce316af,00000600,000000005af85efb,000000005af85efa,0
2551,2551,0,12494012,269963968,13775966,277768858,000000004ce316af,257469957,39962902,39962902,262874148,302837049,257469956,000000004ce316b0,00000604,000000005af85efc,000000005af85efb,0
2552,2552,0,12494012,269963969,13775966,277768858,000000004ce316b0,257469957,39962902,39962902,262874148,302837050,257469957,000000004ce316b1,00000604,000000005af85efd,000000005af85efc,0
2553,2553,0,12494012,269963969,13775966,277768858,000000004ce316b1,257469957,39962902,39962902,262874148,302837050,257469957,000000004ce316b1,00000604,000000005af85efd,000000005af85efd,0
2554,2554,0,12494012,269963969,13775966,277768858,000000004ce316b1,257469957,39962902,39962902,262874148,302837050,257469957,000000004ce316b2,000005fc,000000005af85efe,000000005af85efd,0
2555,2555,0,12494012,269963969,13775966,277768858,000000004ce316b2,257469957,39962902,39962902,262874148,302837050,257469957,000000004ce316b2,00000600,000000005af85eff,000000005af85efe,0
2556,2556,0,12494012,269963969,13775966,277768859,000000004ce316b2,257469958,39962902,39962902,262874149,302837050,257469957,000000004ce316b3,00000604,000000005af85f00,000000005af85eff,0
2557,2557,0,12494012,269963970,13775966,277768859,000000004ce316b3,257469958,39962902,39962902,262874149,302837051,257469958,000000004ce316b4,00000604,000000005af85f01,000000005af85f00,0
2558,2558,0,12494012,269963970,13775966,277768859,000000004ce316b4,257469958,39962902,39962902,262874149,302837051,257469958,000000004ce316b4,00000604,000000005af85f01,000000005af85f01,0
2559,2559,0,12494012,269963970,13775966,277768859,000000004ce316b4,257469958,39962902,39962902,262874149,302837051,257469958,000000004ce316b5,000005fc,000000005af85f02,000000005af85f01,0
2560,2560,0,12494012,269963970,13775966,277768859,000000004ce316b5,257469958,39962902,39962902,262874149,302837051,257469958,000000004ce316b5,00000600,000000005af85f03,000000005af85f02,0
2561,2561,0,12494012,269963970,13775966,277768860,000000004ce316b5,257469959,39962902,39962902,262874150,302837051,257469958,000000004ce316b6,00000604,000000005af85f04,000000005af85f03,0
2562,2562,0,12494012,269963971,13775966,277768860,000000004ce316b6,257469959,39962902,39962902,262874150,302837052,257469959,000000004ce316b7,00000604,000000005af85f05,000000005af85f04,0
2563,2563,0,12494012,269963971,13775966,277768860,000000004ce316b7,257469959,39962902,39962902,262874150,302837052,257469959,000000004ce316b7,00000604,000000005af85f05,000000005af85f05,0
2564,2564,0,12494012,269963971,13775966,277768860,000000004ce316b7,257469959,39962902,39962902,262874150,302837052,257469959,000000004ce316b8,000005fc,000000005af85f06,000000005af85f05,0
2565,2565,0,12494012,269963971,13775966,277768860,000000004ce316b8,257469959,39962902,39962902,262874150,302837052,257469959,000000004ce316b8,00000600,000000005af85f07,000000005af85f06,0
2566,2566,0,12494012,269963971,13775966,277768861,000000004ce316b8,257469960,39962902,39962902,262874151,302837052,257469959,000000004ce316b9,00000604,000000005af85f08,000000005af85f07,0
2567,2567,0,12494012,269963972,13775966,277768861,000000004ce316b9,257469960,39962902,39962902,262874151,302837053,257469960,000000004ce316ba,00000604,000000005af85f09,000000005af85f08,0
2568,2568,0,12494012,269963972,13775966,277768861,000000004ce316ba,257469960,39962902,39962902,262874151,302837053,257469960,000000004ce316ba,00000604,000000005af85f09,000000005af85f09,0
2569,2569,0,12494012,269963972,13775966,277768861,000000004ce316ba,257469960,39962902,39962902,262874151,302837053,257469960,000000004ce316bb,000005fc,000000005af85f0a,000000005af85f09,0
2570,2570,0,12494012,269963972,13775966,277768861,000000004ce316bb,257469960,39962902,39962902,262874151,302837053,257469960,000000004ce316bb,00000600,000000005af85f0b,000000005af85f0a,0
2571,2571,0,12494012,269963972,13775966,277768862,000000004ce316bb,257469961,39962902,39962902,262874152,302837053,257469960,000000004ce316bc,00000604,000000005af85f0c,000000005af85f0b,0
2572,2572,0,12494012,269963973,13775966,277768862,000000004ce316bc,257469961,39962902,39962902,262874152,302837054,257469961,000000004ce316bd,00000604,000000005af85f0d,000000005af85f0c,0
2573,2573,0,12494012,269963973,13775966,277768862,000000004ce316bd,257469961,39962902,39962902,262874152,302837054,257469961,000000004ce316bd,00000604,000000005af85f0d,000000005af85f0d,0
2574,2574,0,12494012,269963973,13775966,277768862,000000004ce316bd,257469961,39962902,39962902,262874152,302837054,257469961,000000004ce316be,000005fc,000000005af85f0e,000000005af85f0d,0
2575,2575,0,12494012,269963973,13775966,277768862,000000004ce316be,257469961,39962902,39962902,262874152,302837054,257469961,000000004ce316be,00000600,000000005af85f0f,000000005af85f0e,0
2576,2576,0,12494012,269963973,13775966,277768863,000000004ce316be,257469962,39962902,39962902,262874153,302837054,257469961,000000004ce316bf,00000604,000000005af85f10,000000005af85f0f,0
2577,2577,0,12494012,269963974,13775966,277768863,000000004ce316bf,257469962,39962902,39962902,262874153,302837055,257469962,000000004ce316c0,00000604,000000005af85f11,000000005af85f10,0
2578,2578,0,12494012,269963974,13775966,277768863,000000004ce316c0,257469962,39962902,39962902,262874153,302837055,257469962,000000004ce316c0,00000604,000000005af85f11,000000005af85f11,0
2579,2579,0,12494012,269963974,13775966,277768863,000000004ce316c0,257469962,39962902,39962902,262874153,302837055,257469962,000000004ce316c1,000005fc,000000005af85f12,000000005af85f11,0
2580,2580,0,12494012,269963974,13775966,277768863,000000004ce316c1,257469962,39962902,39962902,262874153,302837055,257469962,000000004ce316c1,00000600,000000005af85f13,000000005af85f12,0
2581,2581,0,12494012,269963974,13775966,277768864,000000004ce316c1,257469963,39962902,39962902,262874154,302837055,257469962,000000004ce316c2,00000604,000000005af85f14,000000005af85f13,0
2582,2582,0,12494012,269963975,13775966,277768864,000000004ce316c2,257469963,39962902,39962902,262874154,302837056,257469963,000000004ce316c3,00000604,000000005af85f15,000000005af85f14,0
2583,2583,0,12494012,269963975,13775966,277768864,000000004ce316c3,257469963,39962902,39962902,262874154,302837056,257469963,000000004ce316c3,00000604,000000005af85f15,000000005af85f15,0
2584,2584,0,12494012,269963975,13775966,277768864,000000004ce316c3,257469963,39962902,39962902,262874154,302837056,257469963,000000004ce316c4,000005fc,000000005af85f16,000000005af85f15,0
2585,2585,0,12494012,269963975,13775966,277768864,000000004ce316c4,257469963,39962902,39962902,262874154,302837056,257469963,000000004ce316c4,00000600,000000005af85f17,000000005af85f16,0
2586,2586,0,12494012,269963975,13775966,277768865,000000004ce316c4,257469964,39962902,39962902,262874155,302837056,257469963,000000004ce316c5,00000604,000000005af85f18,000000005af85f17,0
2587,2587,0,12494012,269963976,13775966,277768865,000000004ce316c5,257469964,39962902,39962902,262874155,302837057,257469964,000000004ce316c6,00000604,000000005af85f19,000000005af85f18,0
2588,2588,0,12494012,269963976,13775966,277768865,000000004ce316c6,257469964,39962902,39962902,262874155,302837057,257469964,000000004ce316c6,00000604,000000005af85f19,000000005af85f19,0
2589,2589,0,12494012,269963976,13775966,277768865,000000004ce316c6,257469964,39962902,39962902,262874155,302837057,257469964,000000004ce316c7,000005fc,000000005af85f1a,000000005af85f19,0
2590,2590,0,12494012,269963976,13775966,277768865,000000004ce316c7,257469964,39962902,39962902,262874155,302837057,257469964,000000004ce316c7,00000600,000000005af85f1b,000000005af85f1a,0
2591,2591,0,12494012,269963976,13775966,277768866,000000004ce316c7,257469965,39962902,39962902,262874156,302837057,257469964,000000004ce316c8,00000604,000000005af85f1c,000000005af85f1b,0
2592,2592,0,12494012,269963977,13775966,277768866,000000004ce316c8,257469965,39962902,39962902,262874156,302837058,257469965,000000004ce316c9,00000604,000000005af85f1d,000000005af85f1c,0
2593,2593,0,12494012,269963977,13775966,277768866,000000004ce316c9,257469965,39962902,39962902,262874156,302837058,257469965,000000004ce316c9,00000604,000000005af85f1d,000000005af85f1d,0
2594,2594,0,12494012,269963977,13775966,277768866,000000004ce316c9,257469965,39962902,39962902,262874156,302837058,257469965,000000004ce316ca,000005fc,000000005af85f1e,000000005af85f1d,0
2595,2595,0,12494012,269963977,13775966,277768866,000000004ce316ca,257469965,39962902,39962902,262874156,302837058,257469965,000000004ce316ca,00000600,000000005af85f1f,000000005af85f1e,0
2596,2596,0,12494012,269963977,13775966,277768867,000000004ce316ca,257469966,39962902,39962902,262874157,302837058,257469965,000000004ce316cb,00000604,000000005af85f20,000000005af85f1f,0
2597,2597,0,12494012,269963978,13775966,277768867,000000004ce316cb,257469966,39962902,39962902,262874157,302837059,257469966,000000004ce316cc,00000604,000000005af85f21,000000005af85f20,0
2598,2598,0,12494012,269963978,13775966,277768867,000000004ce316cc,257469966,39962902,39962902,262874157,302837059,257469966,000000004ce316cc,00000604,000000005af85f21,000000005af85f21,0
2599,2599,0,12494012,269963978,13775966,277768867,000000004ce316cc,257469966,39962902,39962902,262874157,302837059,257469966,000000004ce316cd,000005fc,000000005af85f22,000000005af85f21,0
2600,2600,0,12494012,269963978,13775966,277768867,000000004ce316cd,257469966,39962902,39962902,262874157,302837059,257469966,000000004ce316cd,00000600,000000005af85f23,000000005af85f22,0
2601,2601,0,12494012,269963978,13775966,277768868,000000004ce316cd,257469967,39962902,39962902,262874158,302837059,257469966,000000004ce316ce,00000604,000000005af85f24,000000005af85f23,0
2602,2602,0,12494012,269963979,13775966,277768868,000000004ce316ce,257469967,39962902,39962902,262874158,302837060,257469967,000000004ce316cf,00000604,000000005af85f25,000000005af85f24,0
2603,2603,0,12494012,269963979,13775966,277768868,000000004ce316cf,257469967,39962902,39962902,262874158,302837060,257469967,000000004ce316cf,00000604,000000005af85f25,000000005af85f25,0
2604,2604,0,12494012,269963979,13775966,277768868,000000004ce316cf,257469967,39962902,39962902,262874158,302837060,257469967,000000004ce316d0,000005fc,000000005af85f26,000000005af85f25,0
2605,2605,0,12494012,269963979,13775966,277768868,000000004ce316d0,257469967,39962902,39962902,262874158,302837060,257469967,000000004ce316d0,00000600,000000005af85f27,000000005af85f26,0
2606,2606,0,12494012,269963979,13775966,277768869,000000004ce316d0,257469968,39962902,39962902,262874159,302837060,257469967,000000004ce316d1,00000604,000000005af85f28,000000005af85f27,0
2607,2607,0,12494012,269963980,13775966,277768869,000000004ce316d1,257469968,39962902,39962902,262874159,302837061,257469968,000000004ce316d2,00000604,000000005af85f29,000000005af85f28,0
2608,2608,0,12494012,269963980,13775966,277768869,000000004ce316d2,257469968,39962902,39962902,262874159,302837061,257469968,000000004ce316d2,00000604,000000005af85f29,000000005af85f29,0
2609,2609,0,12494012,269963980,13775966,277768869,000000004ce316d2,257469968,39962902,39962902,262874159,302837061,257469968,000000004ce316d3,000005fc,000000005af85f2a,000000005af85f29,0
2610,2610,0,12494012,269963980,13775966,277768869,000000004ce316d3,257469968,39962902,39962902,262874159,302837061,257469968,000000004ce316d3,00000600,000000005af85f2b,000000005af85f2a,0
2611,2611,0,12494012,269963980,13775966,277768870,000000004ce316d3,257469969,39962902,39962902,262874160,302837061,257469968,000000004ce316d4,00000604,000000005af85f2c,000000005af85f2b,0
2612,2612,0,12494012,269963981,13775966,277768870,000000004ce316d4,257469969,39962902,39962902,262874160,302837062,257469969,000000004ce316d5,00000604,000000005af85f2d,000000005af85f2c,0
2613,2613,0,12494012,269963981,13775966,277768870,000000004ce316d5,257469969,39962902,39962902,262874160,302837062,257469969,000000004ce316d5,00000604,000000005af85f2d,000000005af85f2d,0
2614,2614,0,12494012,269963981,13775966,277768870,000000004ce316d5,257469969,39962902,39962902,262874160,302837062,257469969,000000004ce316d6,000005fc,000000005af85f2e,000000005af85f2d,0
2615,2615,0,12494012,269963981,13775966,277768870,000000004ce316d6,257469969,39962902,39962902,262874160,302837062,257469969,000000004ce316d6,00000600,000000005af85f2f,000000005af85f2e,0
2616,2616,0,12494012,269963981,13775966,277768871,000000004ce316d6,257469970,39962902,39962902,262874161,302837062,257469969,000000004ce316d7,00000604,000000005af85f30,000000005af85f2f,0
2617,2617,0,12494012,269963982,13775966,277768871,000000004ce316d7,257469970,39962902,39962902,262874161,302837063,257469970,000000004ce316d8,00000604,000000005af85f31,000000005af85f30,0
2618,2618,0,12494012,269963982,13775966,277768871,000000004ce316d8,257469970,39962902,39962902,262874161,302837063,257469970,000000004ce316d8,00000604,000000005af85f31,000000005af85f31,0
2619,2619,0,12494012,269963982,13775966,277768871,000000004ce316d8,257469970,39962902,39962902,262874161,302837063,257469970,000000004ce316d9,000005fc,000000005af85f32,000000005af85f31,0
2620,2620,0,12494012,269963982,13775966,277768871,000000004ce316d9,257469970,39962902,39962902,262874161,302837063,257469970,000000004ce316d9,00000600,000000005af85f33,000000005af85f32,0
2621,2621,0,12494012,269963982,13775966,277768872,000000004ce316d9,257469971,39962902,39962902,262874162,302837063,257469970,000000004ce316da,00000604,000000005af85f34,000000005af85f33,0
2622,2622,0,12494012,269963983,13775966,277768872,000000004ce316da,257469971,39962902,39962902,262874162,302837064,257469971,000000004ce316db,00000604,000000005af85f35,000000005af85f34,0
2623,2623,0,12494012,269963983,13775966,277768872,000000004ce316db,257469971,39962902,39962902,262874162,302837064,257469971,000000004ce316db,00000604,000000005af85f35,000000005af85f35,0
2624,2624,0,12494012,269963983,13775966,277768872,000000004ce316db,257469971,39962902,39962902,262874162,302837064,257469971,000000004ce316dc,000005fc,000000005af85f36,000000005af85f35,0
2625,2625,0,12494012,269963983,13775966,277768872,000000004ce316dc,257469971,39962902,39962902,262874162,302837064,257469971,000000004ce316dc,00000600,000000005af85f37,000000005af85f36,0
2626,2626,0,12494012,269963983,13775966,277768873,000000004ce316dc,257469972,39962902,39962902,262874163,302837064,257469971,000000004ce316dd,00000604,000000005af85f38,000000005af85f37,0
2627,2627,0,12494012,269963984,13775966,277768873,000000004ce316dd,257469972,39962902,39962902,262874163,302837065,257469972,000000004ce316de,00000604,000000005af85f39,000000005af85f38,0
2628,2628,0,12494012,269963984,13775966,277768873,000000004ce316de,257469972,39962902,39962902,262874163,302837065,257469972,000000004ce316de,00000604,000000005af85f39,000000005af85f39,0
2629,2629,0,12494012,269963984,13775966,277768873,000000004ce316de,257469972,39962902,39962902,262874163,302837065,257469972,000000004ce316df,000005fc,000000005af85f3a,000000005af85f39,0
2630,2630,0,12494012,269963984,13775966,277768873,000000004ce316df,257469972,39962902,39962902,262874163,302837065,257469972,000000004ce316df,00000600,000000005af85f3b,000000005af85f3a,0
2631,2631,0,12494012,269963984,13775966,277768874,000000004ce316df,257469973,39962902,39962902,262874164,302837065,257469972,000000004ce316e0,00000604,000000005af85f3c,000000005af85f3b,0
2632,2632,0,12494012,269963985,13775966,277768874,000000004ce316e0,257469973,39962902,39962902,262874164,302837066,257469973,000000004ce316e1,00000604,000000005af85f3d,000000005af85f3c,0
2633,2633,0,12494012,269963985,13775966,277768874,000000004ce316e1,257469973,39962902,39962902,262874164,302837066,257469973,000000004ce316e1,00000604,000000005af85f3d,000000005af85f3d,0
2634,2634,0,12494012,269963985,13775966,277768874,000000004ce316e1,257469973,39962902,39962902,262874164,302837066,257469973,000000004ce316e2,000005fc,000000005af85f3e,000000005af85f3d,0
2635,2635,0,12494012,269963985,13775966,277768874,000000004ce316e2,257469973,39962902,39962902,262874164,302837066,257469973,000000004ce316e2,00000600,000000005af85f3f,000000005af85f3e,0
2636,2636,0,12494012,269963985,13775966,277768875,000000004ce316e2,257469974,39962902,39962902,262874165,302837066,257469973,000000004ce316e3,00000604,000000005af85f40,000000005af85f3f,0
2637,2637,0,12494012,269963986,13775966,277768875,000000004ce316e3,257469974,39962902,39962902,262874165,302837067,257469974,000000004ce316e4,00000604,000000005af85f41,000000005af85f40,0
2638,2638,0,12494012,269963986,13775966,277768875,000000004ce316e4,257469974,39962902,39962902,262874165,302837067,257469974,000000004ce316e4,00000604,000000005af85f41,000000005af85f41,0
2639,2639,0,12494012,269963986,13775966,277768875,000000004ce316e4,257469974,39962902,39962902,262874165,302837067,257469974,000000004ce316e5,000005fc,000000005af85f42,000000005af85f41,0
2640,2640,0,12494012,269963986,13775966,277768875,000000004ce316e5,257469974,39962902,39962902,262874165,302837067,257469974,000000004ce316e5,00000600,000000005af85f43,000000005af85f42,0
2641,2641,0,12494012,269963986,13775966,277768876,000000004ce316e5,257469975,39962902,39962902,262874166,302837067,257469974,000000004ce316e6,00000604,000000005af85f44,000000005af85f43,0
2642,2642,0,12494012,269963987,13775966,277768876,000000004ce316e6,257469975,39962902,39962902,262874166,302837068,257469975,000000004ce316e7,00000604,000000005af85f45,000000005af85f44,0
2643,2643,0,12494012,269963987,13775966,277768876,000000004ce316e7,257469975,39962902,39962902,262874166,302837068,257469975,000000004ce316e7,00000604,000000005af85f45,000000005af85f45,0
2644,2644,0,12494012,269963987,13775966,277768876,000000004ce316e7,257469975,39962902,39962902,262874166,302837068,257469975,000000004ce316e8,000005fc,000000005af85f46,000000005af85f45,0
2645,2645,0,12494012,269963987,13775966,277768876,000000004ce316e8,257469975,39962902,39962902,262874166,302837068,257469975,000000004ce316e8,00000600,000000005af85f47,000000005af85f46,0
2646,2646,0,12494012,269963987,13775966,277768877,000000004ce316e8,257469976,39962902,39962902,262874167,302837068,257469975,000000004ce316e9,00000604,000000005af85f48,000000005af85f47,0
2647,2647,0,12494012,269963988,13775966,277768877,000000004ce316e9,257469976,39962902,39962902,262874167,302837069,257469976,000000004ce316ea,00000604,000000005af85f49,000000005af85f48,0
2648,2648,0,12494012,269963988,13775966,277768877,000000004ce316ea,257469976,39962902,39962902,262874167,302837069,257469976,000000004ce316ea,00000604,000000005af85f49,000000005af85f49,0
2649,2649,0,12494012,269963988,13775966,277768877,000000004ce316ea,257469976,39962902,39962902,262874167,302837069,257469976,000000004ce316eb,000005fc,000000005af85f4a,000000005af85f49,0
2650,2650,0,12494012,269963988,13775966,277768877,000000004ce316eb,257469976,39962902,39962902,262874167,302837069,257469976,000000004ce316eb,00000600,000000005af85f4b,000000005af85f4a,0
2651,2651,0,12494012,269963988,13775966,277768878,000000004ce316eb,257469977,39962902,39962902,262874168,302837069,257469976,000000004ce316ec,00000604,000000005af85f4c,000000005af85f4b,0
2652,2652,0,12494012,269963989,13775966,277768878,000000004ce316ec,257469977,39962902,39962902,262874168,302837070,257469977,000000004ce316ed,00000604,000000005af85f4d,000000005af85f4c,0
2653,2653,0,12494012,269963989,13775966,277768878,000000004ce316ed,257469977,39962902,39962902,262874168,302837070,257469977,000000004ce316ed,00000604,000000005af85f4d,000000005af85f4d,0
2654,2654,0,12494012,269963989,13775966,277768878,000000004ce316ed,257469977,39962902,39962902,262874168,302837070,257469977,000000004ce316ee,000005fc,000000005af85f4e,000000005af85f4d,0
2655,2655,0,12494012,269963989,13775966,277768878,000000004ce316ee,257469977,39962902,39962902,262874168,302837070,257469977,000000004ce316ee,00000600,000000005af85f4f,000000005af85f4e,0
2656,2656,0,12494012,269963989,13775966,277768879,000000004ce316ee,257469978,39962902,39962902,262874169,302837070,257469977,000000004ce316ef,00000604,000000005af85f50,000000005af85f4f,0
2657,2657,0,12494012,269963990,13775966,277768879,000000004ce316ef,257469978,39962902,39962902,262874169,302837071,257469978,000000004ce316f0,00000604,000000005af85f51,000000005af85f50,0
2658,2658,0,12494012,269963990,13775966,277768879,000000004ce316f0,257469978,39962902,39962902,262874169,302837071,257469978,000000004ce316f0,00000604,000000005af85f51,000000005af85f51,0
2659,2659,0,12494012,269963990,13775966,277768879,000000004ce316f0,257469978,39962902,39962902,262874169,302837071,257469978,000000004ce316f1,000005fc,000000005af85f52,000000005af85f51,0
2660,2660,0,12494012,269963990,13775966,277768879,000000004ce316f1,257469978,39962902,39962902,262874169,302837071,257469978,000000004ce316f1,00000600,000000005af85f53,000000005af85f52,0
2661,2661,0,12494012,269963990,13775966,277768880,000000004ce316f1,257469979,39962902,39962902,262874170,302837071,257469978,000000004ce316f2,00000604,000000005af85f54,000000005af85f53,0
2662,2662,0,12494012,269963991,13775966,277768880,000000004ce316f2,257469979,39962902,39962902,262874170,302837072,257469979,000000004ce316f3,00000604,000000005af85f55,000000005af85f54,0
2663,2663,0,12494012,269963991,13775966,277768880,000000004ce316f3,257469979,39962902,39962902,262874170,302837072,257469979,000000004ce316f3,00000604,000000005af85f55,000000005af85f55,0
2664,2664,0,12494012,269963991,13775966,277768880,000000004ce316f3,257469979,39962902,39962902,262874170,302837072,257469979,000000004ce316f4,000005fc,000000005af85f56,000000005af85f55,0
2665,2665,0,12494012,269963991,13775966,277768880,000000004ce316f4,257469979,39962902,39962902,262874170,302837072,257469979,000000004ce316f4,00000600,000000005af85f57,000000005af85f56,0
2666,2666,0,12494012,269963991,13775966,277768881,000000004ce316f4,257469980,39962902,39962902,262874171,302837072,257469979,000000004ce316f5,00000604,000000005af85f58,000000005af85f57,0
2667,2667,0,12494012,269963992,13775966,277768881,000000004ce316f5,257469980,39962902,39962902,262874171,302837073,257469980,000000004ce316f6,00000604,000000005af85f59,000000005af85f58,0
2668,2668,0,12494012,269963992,13775966,277768881,000000004ce316f6,257469980,39962902,39962902,262874171,302837073,257469980,000000004ce316f6,00000604,000000005af85f59,000000005af85f59,0
2669,2669,0,12494012,269963992,13775966,277768881,000000004ce316f6,257469980,39962902,39962902,262874171,302837073,257469980,000000004ce316f7,000005fc,000000005af85f5a,000000005af85f59,0
2670,2670,0,12494012,269963992,13775966,277768881,000000004ce316f7,257469980,39962902,39962902,262874171,302837073,257469980,000000004ce316f7,00000600,000000005af85f5b,000000005af85f5a,0
2671,2671,0,12494012,269963992,13775966,277768882,000000004ce316f7,257469981,39962902,39962902,262874172,302837073,257469980,000000004ce316f8,00000604,000000005af85f5c,000000005af85f5b,0
2672,2672,0,12494012,269963993,13775966,277768882,000000004ce316f8,257469981,39962902,39962902,262874172,302837074,257469981,000000004ce316f9,00000604,000000005af85f5d,000000005af85f5c,0
2673,2673,0,12494012,269963993,13775966,277768882,000000004ce316f9,257469981,39962902,39962902,262874172,302837074,257469981,000000004ce316f9,00000604,000000005af85f5d,000000005af85f5d,0
2674,2674,0,12494012,269963993,13775966,277768882,000000004ce316f9,257469981,39962902,39962902,262874172,302837074,257469981,000000004ce316fa,000005fc,000000005af85f5e,000000005af85f5d,0
2675,2675,0,12494012,269963993,13775966,277768882,000000004ce316fa,257469981,39962902,39962902,262874172,302837074,257469981,000000004ce316fa,00000600,000000005af85f5f,000000005af85f5e,0
2676,2676,0,12494012,269963993,13775966,277768883,000000004ce316fa,257469982,39962902,39962902,262874173,302837074,257469981,000000004ce316fb,00000604,000000005af85f60,000000005af85f5f,0
2677,2677,0,12494012,269963994,13775966,277768883,000000004ce316fb,257469982,39962902,39962902,262874173,302837075,257469982,000000004ce316fc,00000604,000000005af85f61,000000005af85f60,0
2678,2678,0,12494012,269963994,13775966,277768883,000000004ce316fc,257469982,39962902,39962902,262874173,302837075,257469982,000000004ce316fc,00000604,000000005af85f61,000000005af85f61,0
2679,2679,0,12494012,269963994,13775966,277768883,000000004ce316fc,257469982,39962902,39962902,262874173,302837075,257469982,000000004ce316fd,000005fc,000000005af85f62,000000005af85f61,0
2680,2680,0,12494012,269963994,13775966,277768883,000000004ce316fd,257469982,39962902,39962902,262874173,302837075,257469982,000000004ce316fd,00000600,000000005af85f63,000000005af85f62,0
2681,2681,0,12494012,269963994,13775966,277768884,000000004ce316fd,257469983,39962902,39962902,262874174,302837075,257469982,000000004ce316fe,00000604,000000005af85f64,000000005af85f63,0
2682,2682,0,12494012,269963995,13775966,277768884,000000004ce316fe,257469983,39962902,39962902,262874174,302837076,257469983,000000004ce316ff,00000604,000000005af85f65,000000005af85f64,0
2683,2683,0,12494012,269963995,13775966,277768884,000000004ce316ff,257469983,39962902,39962902,262874174,302837076,257469983,000000004ce316ff,00000604,000000005af85f65,000000005af85f65,0
2684,2684,0,12494012,269963995,13775966,277768884,000000004ce316ff,257469983,39962902,39962902,262874174,302837076,257469983,000000004ce31700,000005fc,000000005af85f66,000000005af85f65,0
2685,2685,0,12494012,269963995,13775966,277768884,000000004ce31700,257469983,39962902,39962902,262874174,302837076,257469983,000000004ce31700,00000600,000000005af85f67,000000005af85f66,0
2686,2686,0,12494012,269963995,13775966,277768885,000000004ce31700,257469984,39962902,39962902,262874175,302837076,257469983,000000004ce31701,00000604,000000005af85f68,000000005af85f67,0
2687,2687,0,12494012,269963996,13775966,277768885,000000004ce31701,257469984,39962902,39962902,262874175,302837077,257469984,000000004ce31702,00000604,000000005af85f69,000000005af85f68,0
2688,2688,0,12494012,269963996,13775966,277768885,000000004ce31702,257469984,39962902,39962902,262874175,302837077,257469984,000000004ce31702,00000604,000000005af85f69,000000005af85f69,0
2689,2689,0,12494012,269963996,13775966,277768885,000000004ce31702,257469984,39962902,39962902,262874175,302837077,257469984,000000004ce31703,000005fc,000000005af85f6a,000000005af85f69,0
2690,2690,0,12494012,269963996,13775966,277768885,000000004ce31703,257469984,39962902,39962902,262874175,302837077,257469984,000000004ce31703,00000600,000000005af85f6b,000000005af85f6a,0
2691,2691,0,12494012,269963996,13775966,277768886,000000004ce31703,257469985,39962902,39962902,262874176,302837077,257469984,000000004ce31704,00000604,000000005af85f6c,000000005af85f6b,0
2692,2692,0,12494012,269963997,13775966,277768886,000000004ce31704,257469985,39962902,39962902,262874176,302837078,257469985,000000004ce31705,00000604,000000005af85f6d,000000005af85f6c,0
2693,2693,0,12494012,269963997,13775966,277768886,000000004ce31705,257469985,39962902,39962902,262874176,302837078,257469985,000000004ce31705,00000604,000000005af85f6d,000000005af85f6d,0
2694,2694,0,12494012,269963997,13775966,277768886,000000004ce31705,257469985,39962902,39962902,262874176,302837078,257469985,000000004ce31706,000005fc,000000005af85f6e,000000005af85f6d,0
2695,2695,0,12494012,269963997,13775966,277768886,000000004ce31706,257469985,39962902,39962902,262874176,302837078,257469985,000000004ce31706,00000600,000000005af85f6f,000000005af85f6e,0
2696,2696,0,12494012,269963997,13775966,277768887,000000004ce31706,257469986,39962902,39962902,262874177,302837078,257469985,000000004ce31707,00000604,000000005af85f70,000000005af85f6f,0
2697,2697,0,12494012,269963998,13775966,277768887,000000004ce31707,257469986,39962902,39962902,262874177,302837079,257469986,000000004ce31708,00000604,000000005af85f71,000000005af85f70,0
2698,2698,0,12494012,269963998,13775966,277768887,000000004ce31708,257469986,39962902,39962902,262874177,302837079,257469986,000000004ce31708,00000604,000000005af85f71,000000005af85f71,0
2699,2699,0,12494012,269963998,13775966,277768887,000000004ce31708,257469986,39962902,39962902,262874177,302837079,257469986,000000004ce31709,000005fc,000000005af85f72,000000005af85f71,0
2700,2700,0,12494012,269963998,13775966,277768887,000000004ce31709,257469986,39962902,39962902,262874177,302837079,257469986,000000004ce31709,00000600,000000005af85f73,000000005af85f72,0
2701,2701,0,12494012,269963998,13775966,277768888,000000004ce31709,257469987,39962902,39962902,262874178,302837079,257469986,000000004ce3170a,00000604,000000005af85f74,000000005af85f73,0
2702,2702,0,12494012,269963999,13775966,277768888,000000004ce3170a,257469987,39962902,39962902,262874178,302837080,257469987,000000004ce3170b,00000604,000000005af85f75,000000005af85f74,0
2703,2703,0,12494012,269963999,13775966,277768888,000000004ce3170b,257469987,39962902,39962902,262874178,302837080,257469987,000000004ce3170b,00000604,000000005af85f75,000000005af85f75,0
2704,2704,0,12494012,269963999,13775966,277768888,000000004ce3170b,257469987,39962902,39962902,262874178,302837080,257469987,000000004ce3170c,000005fc,000000005af85f76,000000005af85f75,0
2705,2705,0,12494012,269963999,13775966,277768888,000000004ce3170c,257469987,39962902,39962902,262874178,302837080,257469987,000000004ce3170c,00000600,000000005af85f77,000000005af85f76,0
2706,2706,0,12494012,269963999,13775966,277768889,000000004ce3170c,257469988,39962902,39962902,262874179,302837080,257469987,000000004ce3170d,00000604,000000005af85f78,000000005af85f77,0
2707,2707,0,12494012,269964000,13775966,277768889,000000004ce3170d,257469988,39962902,39962902,262874179,302837081,257469988,000000004ce3170e,00000604,000000005af85f79,000000005af85f78,0
2708,2708,0,12494012,269964000,13775966,277768889,000000004ce3170e,257469988,39962902,39962902,262874179,302837081,257469988,000000004ce3170e,00000604,000000005af85f79,000000005af85f79,0
2709,2709,0,12494012,269964000,13775966,277768889,000000004ce3170e,257469988,39962902,39962902,262874179,302837081,257469988,000000004ce3170f,000005fc,000000005af85f7a,000000005af85f79,0
2710,2710,0,12494012,269964000,13775966,277768889,000000004ce3170f,257469988,39962902,39962902,262874179,302837081,257469988,000000004ce3170f,00000600,000000005af85f7b,000000005af85f7a,0
2711,2711,0,12494012,269964000,13775966,277768890,000000004ce3170f,257469989,39962902,39962902,262874180,302837081,257469988,000000004ce31710,00000604,000000005af85f7c,000000005af85f7b,0
2712,2712,0,12494012,269964001,13775966,277768890,000000004ce31710,257469989,39962902,39962902,262874180,302837082,257469989,000000004ce31711,00000604,000000005af85f7d,000000005af85f7c,0
2713,2713,0,12494012,269964001,13775966,277768890,000000004ce31711,257469989,39962902,39962902,262874180,302837082,257469989,000000004ce31711,00000604,000000005af85f7d,000000005af85f7d,0
2714,2714,0,12494012,269964001,13775966,277768890,000000004ce31711,257469989,39962902,39962902,262874180,302837082,257469989,000000004ce31712,000005fc,000000005af85f7e,000000005af85f7d,0
2715,2715,0,12494012,269964001,13775966,277768890,000000004ce31712,257469989,39962902,39962902,262874180,302837082,257469989,000000004ce31712,00000600,000000005af85f7f,000000005af85f7e,0
2716,2716,0,12494012,269964001,13775966,277768891,000000004ce31712,257469990,39962902,39962902,262874181,302837082,257469989,000000004ce31713,00000604,000000005af85f80,000000005af85f7f,0
2717,2717,0,12494012,269964002,13775966,277768891,000000004ce31713,257469990,39962902,39962902,262874181,302837083,257469990,000000004ce31714,00000604,000000005af85f81,000000005af85f80,0
2718,2718,0,12494012,269964002,13775966,277768891,000000004ce31714,257469990,39962902,39962902,262874181,302837083,257469990,000000004ce31714,00000604,000000005af85f81,000000005af85f81,0
2719,2719,0,12494012,269964002,13775966,277768891,000000004ce31714,257469990,39962902,39962902,262874181,302837083,257469990,000000004ce31715,000005fc,000000005af85f82,000000005af85f81,0
2720,2720,0,12494012,269964002,13775966,277768891,000000004ce31715,257469990,39962902,39962902,262874181,302837083,257469990,000000004ce31715,00000600,000000005af85f83,000000005af85f82,0
2721,2721,0,12494012,269964002,13775966,277768892,000000004ce31715,257469991,39962902,39962902,262874182,302837083,257469990,000000004ce31716,00000604,000000005af85f84,000000005af85f83,0
2722,2722,0,12494012,269964003,13775966,277768892,000000004ce31716,257469991,39962902,39962902,262874182,302837084,257469991,000000004ce31717,00000604,000000005af85f85,000000005af85f84,0
2723,2723,0,12494012,269964003,13775966,277768892,000000004ce31717,257469991,39962902,39962902,262874182,302837084,257469991,000000004ce31717,00000604,000000005af85f85,000000005af85f85,0
2724,2724,0,12494012,269964003,13775966,277768892,000000004ce31717,257469991,39962902,39962902,262874182,302837084,257469991,000000004ce31718,000005fc,000000005af85f86,000000005af85f85,0
2725,2725,0,12494012,269964003,13775966,277768892,000000004ce31718,257469991,39962902,39962902,262874182,302837084,257469991,000000004ce31718,00000600,000000005af85f87,000000005af85f86,0
2726,2726,0,12494012,269964003,13775966,277768893,000000004ce31718,257469992,39962902,39962902,262874183,302837084,257469991,000000004ce31719,00000604,000000005af85f88,000000005af85f87,0
2727,2727,0,12494012,269964004,13775966,277768893,000000004ce31719,257469992,39962902,39962902,262874183,302837085,257469992,000000004ce3171a,00000604,000000005af85f89,000000005af85f88,0
2728,2728,0,12494012,269964004,13775966,277768893,000000004ce3171a,257469992,39962902,39962902,262874183,302837085,257469992,000000004ce3171a,00000604,000000005af85f89,000000005af85f89,0
2729,2729,0,12494012,269964004,13775966,277768893,000000004ce3171a,257469992,39962902,39962902,262874183,302837085,257469992,000000004ce3171b,000005fc,000000005af85f8a,000000005af85f89,0
2730,2730,0,12494012,269964004,13775966,277768893,000000004ce3171b,257469992,39962902,39962902,262874183,302837085,257469992,000000004ce3171b,00000600,000000005af85f8b,000000005af85f8a,0
2731,2731,0,12494012,269964004,13775966,277768894,000000004ce3171b,257469993,39962902,39962902,262874184,302837085,257469992,000000004ce3171c,00000604,000000005af85f8c,000000005af85f8b,0
2732,2732,0,12494012,269964005,13775966,277768894,000000004ce3171c,257469993,39962902,39962902,262874184,302837086,257469993,000000004ce3171d,00000604,000000005af85f8d,000000005af85f8c,0
2733,2733,0,12494012,269964005,13775966,277768894,000000004ce3171d,257469993,39962902,39962902,262874184,302837086,257469993,000000004ce3171d,00000604,000000005af85f8d,000000005af85f8d,0
2734,2734,0,12494012,269964005,13775966,277768894,000000004ce3171d,257469993,39962902,39962902,262874184,302837086,257469993,000000004ce3171e,000005fc,000000005af85f8e,000000005af85f8d,0
2735,2735,0,12494012,269964005,13775966,277768894,000000004ce3171e,257469993,39962902,39962902,262874184,302837086,257469993,000000004ce3171e,00000600,000000005af85f8f,000000005af85f8e,0
2736,2736,0,12494012,269964005,13775966,277768895,000000004ce3171e,257469994,39962902,39962902,262874185,302837086,257469993,000000004ce3171f,00000604,000000005af85f90,000000005af85f8f,0
2737,2737,0,12494012,269964006,13775966,277768895,000000004ce3171f,257469994,39962902,39962902,262874185,302837087,257469994,000000004ce31720,00000604,000000005af85f91,000000005af85f90,0
2738,2738,0,12494012,269964006,13775966,277768895,000000004ce31720,257469994,39962902,39962902,262874185,302837087,257469994,000000004ce31720,00000604,000000005af85f91,000000005af85f91,0
2739,2739,0,12494012,269964006,13775966,277768895,000000004ce31720,257469994,39962902,39962902,262874185,302837087,257469994,000000004ce31721,000005fc,000000005af85f92,000000005af85f91,0
2740,2740,0,12494012,269964006,13775966,277768895,000000004ce31721,257469994,39962902,39962902,262874185,302837087,257469994,000000004ce31721,00000600,000000005af85f93,000000005af85f92,0
2741,2741,0,12494012,269964006,13775966,277768896,000000004ce31721,257469995,39962902,39962902,262874186,302837087,257469994,000000004ce31722,00000604,000000005af85f94,000000005af85f93,0
2742,2742,0,12494012,269964007,13775966,277768896,000000004ce31722,257469995,39962902,39962902,262874186,302837088,257469995,000000004ce31723,00000604,000000005af85f95,000000005af85f94,0
2743,2743,0,12494012,269964007,13775966,277768896,000000004ce31723,257469995,39962902,39962902,262874186,302837088,257469995,000000004ce31723,00000604,000000005af85f95,000000005af85f95,0
2744,2744,0,12494012,269964007,13775966,277768896,000000004ce31723,257469995,39962902,39962902,262874186,302837088,257469995,000000004ce31724,000005fc,000000005af85f96,000000005af85f95,0
2745,2745,0,12494012,269964007,13775966,277768896,000000004ce31724,257469995,39962902,39962902,262874186,302837088,257469995,000000004ce31724,00000600,000000005af85f97,000000005af85f96,0
2746,2746,0,12494012,269964007,13775966,277768897,000000004ce31724,257469996,39962902,39962902,262874187,302837088,257469995,000000004ce31725,00000604,000000005af85f98,000000005af85f97,0
2747,2747,0,12494012,269964008,13775966,277768897,000000004ce31725,257469996,39962902,39962902,262874187,302837089,257469996,000000004ce31726,00000604,000000005af85f99,000000005af85f98,0
2748,2748,0,12494012,269964008,13775966,277768897,000000004ce31726,257469996,39962902,39962902,262874187,302837089,257469996,000000004ce31726,00000604,000000005af85f99,000000005af85f99,0
2749,2749,0,12494012,269964008,13775966,277768897,000000004ce31726,257469996,39962902,39962902,262874187,302837089,257469996,000000004ce31727,000005fc,000000005af85f9a,000000005af85f99,0
2750,2750,0,12494012,269964008,13775966,277768897,000000004ce31727,257469996,39962902,39962902,262874187,302837089,257469996,000000004ce31727,00000600,000000005af85f9b,000000005af85f9a,0
2751,2751,0,12494012,269964008,13775966,277768898,000000004ce31727,257469997,39962902,39962902,262874188,302837089,257469996,000000004ce31728,00000604,000000005af85f9c,000000005af85f9b,0
2752,2752,0,12494012,269964009,13775966,277768898,000000004ce31728,257469997,39962902,39962902,262874188,302837090,257469997,000000004ce31729,00000604,000000005af85f9d,000000005af85f9c,0
2753,2753,0,12494012,269964009,13775966,277768898,000000004ce31729,257469997,39962902,39962902,262874188,302837090,257469997,000000004ce31729,00000604,000000005af85f9d,000000005af85f9d,0
2754,2754,0,12494012,269964009,13775966,277768898,000000004ce31729,257469997,39962902,39962902,262874188,302837090,257469997,000000004ce3172a,000005fc,000000005af85f9e,000000005af85f9d,0
2755,2755,0,12494012,269964009,13775966,277768898,000000004ce3172a,257469997,39962902,39962902,262874188,302837090,257469997,000000004ce3172a,00000600,000000005af85f9f,000000005af85f9e,0
2756,2756,0,12494012,269964009,13775966,277768899,000000004ce3172a,257469998,39962902,39962902,262874189,302837090,257469997,000000004ce3172b,00000604,000000005af85fa0,000000005af85f9f,0
2757,2757,0,12494012,269964010,13775966,277768899,000000004ce3172b,257469998,39962902,39962902,262874189,302837091,257469998,000000004ce3172c,00000604,000000005af85fa1,000000005af85fa0,0
2758,2758,0,12494012,269964010,13775966,277768899,000000004ce3172c,257469998,39962902,39962902,262874189,302837091,257469998,000000004ce3172c,00000604,000000005af85fa1,000000005af85fa1,0
2759,2759,0,12494012,269964010,13775966,277768899,000000004ce3172c,257469998,39962902,39962902,262874189,302837091,257469998,000000004ce3172d,000005fc,000000005af85fa2,000000005af85fa1,0
2760,2760,0,12494012,269964010,13775966,277768899,000000004ce3172d,257469998,39962902,39962902,262874189,302837091,257469998,000000004ce3172d,00000600,000000005af85fa3,000000005af85fa2,0
2761,2761,0,12494012,269964010,13775966,277768900,000000004ce3172d,257469999,39962902,39962902,262874190,302837091,257469998,000000004ce3172e,00000604,000000005af85fa4,000000005af85fa3,0
2762,2762,0,12494012,269964011,13775966,277768900,000000004ce3172e,257469999,39962902,39962902,262874190,302837092,257469999,000000004ce3172f,00000604,000000005af85fa5,000000005af85fa4,0
2763,2763,0,12494012,269964011,13775966,277768900,000000004ce3172f,257469999,39962902,39962902,262874190,302837092,257469999,000000004ce3172f,00000604,000000005af85fa5,000000005af85fa5,0
2764,2764,0,12494012,269964011,13775966,277768900,000000004ce3172f,257469999,39962902,39962902,262874190,302837092,257469999,000000004ce31730,000005fc,000000005af85fa6,000000005af85fa5,0
2765,2765,0,12494012,269964011,13775966,277768900,000000004ce31730,257469999,39962902,39962902,262874190,302837092,257469999,000000004ce31730,00000600,000000005af85fa7,000000005af85fa6,0
2766,2766,0,12494012,269964011,13775966,277768901,000000004ce31730,257470000,39962902,39962902,262874191,302837092,257469999,000000004ce31731,00000604,000000005af85fa8,000000005af85fa7,0
2767,2767,0,12494012,269964012,13775966,277768901,000000004ce31731,257470000,39962902,39962902,262874191,302837093,257470000,000000004ce31732,00000604,000000005af85fa9,000000005af85fa8,0
2768,2768,0,12494012,269964012,13775966,277768901,000000004ce31732,257470000,39962902,39962902,262874191,302837093,257470000,000000004ce31732,00000604,000000005af85fa9,000000005af85fa9,0
2769,2769,0,12494012,269964012,13775966,277768901,000000004ce31732,257470000,39962902,39962902,262874191,302837093,257470000,000000004ce31733,000005fc,000000005af85faa,000000005af85fa9,0
2770,2770,0,12494012,269964012,13775966,277768901,000000004ce31733,257470000,39962902,39962902,262874191,302837093,257470000,000000004ce31733,00000600,000000005af85fab,000000005af85faa,0
2771,2771,0,12494012,269964012,13775966,277768902,000000004ce31733,257470001,39962902,39962902,262874192,302837093,257470000,000000004ce31734,00000604,000000005af85fac,000000005af85fab,0
2772,2772,0,12494012,269964013,13775966,277768902,000000004ce31734,257470001,39962902,39962902,262874192,302837094,257470001,000000004ce31735,00000604,000000005af85fad,000000005af85fac,0
2773,2773,0,12494012,269964013,13775966,277768902,000000004ce31735,257470001,39962902,39962902,262874192,302837094,257470001,000000004ce31735,00000604,000000005af85fad,000000005af85fad,0
2774,2774,0,12494012,269964013,13775966,277768902,000000004ce31735,257470001,39962902,39962902,262874192,302837094,257470001,000000004ce31736,000005fc,000000005af85fae,000000005af85fad,0
2775,2775,0,12494012,269964013,13775966,277768902,000000004ce31736,257470001,39962902,39962902,262874192,302837094,257470001,000000004ce31736,00000600,000000005af85faf,000000005af85fae,0
2776,2776,0,12494012,269964013,13775966,277768903,000000004ce31736,257470002,39962902,39962902,262874193,302837094,257470001,000000004ce31737,00000604,000000005af85fb0,000000005af85faf,0
2777,2777,0,12494012,269964014,13775966,277768903,000000004ce31737,257470002,39962902,39962902,262874193,302837095,257470002,000000004ce31738,00000604,000000005af85fb1,000000005af85fb0,0
2778,2778,0,12494012,269964014,13775966,277768903,000000004ce31738,257470002,39962902,39962902,262874193,302837095,257470002,000000004ce31738,00000604,000000005af85fb1,000000005af85fb1,0
2779,2779,0,12494012,269964014,13775966,277768903,000000004ce31738,257470002,39962902,39962902,262874193,302837095,257470002,000000004ce31739,000005fc,000000005af85fb2,000000005af85fb1,0
2780,2780,0,12494012,269964014,13775966,277768903,000000004ce31739,257470002,39962902,39962902,262874193,302837095,257470002,000000004ce31739,00000600,000000005af85fb3,000000005af85fb2,0
2781,2781,0,12494012,269964014,13775966,277768904,000000004ce31739,257470003,39962902,39962902,262874194,302837095,257470002,000000004ce3173a,00000604,000000005af85fb4,000000005af85fb3,0
2782,2782,0,12494012,269964015,13775966,277768904,000000004ce3173a,257470003,39962902,39962902,262874194,302837096,257470003,000000004ce3173b,00000604,000000005af85fb5,000000005af85fb4,0
2783,2783,0,12494012,269964015,13775966,277768904,000000004ce3173b,257470003,39962902,39962902,262874194,302837096,257470003,000000004ce3173b,00000604,000000005af85fb5,000000005af85fb5,0
2784,2784,0,12494012,269964015,13775966,277768904,000000004ce3173b,257470003,39962902,39962902,262874194,302837096,257470003,000000004ce3173c,000005fc,000000005af85fb6,000000005af85fb5,0
2785,2785,0,12494012,269964015,13775966,277768904,000000004ce3173c,257470003,39962902,39962902,262874194,302837096,257470003,000000004ce3173c,00000600,000000005af85fb7,000000005af85fb6,0
2786,2786,0,12494012,269964015,13775966,277768905,000000004ce3173c,257470004,39962902,39962902,262874195,302837096,257470003,000000004ce3173d,00000604,000000005af85fb8,000000005af85fb7,0
2787,2787,0,12494012,269964016,13775966,277768905,000000004ce3173d,257470004,39962902,39962902,262874195,302837097,257470004,000000004ce3173e,00000604,000000005af85fb9,000000005af85fb8,0
2788,2788,0,12494012,269964016,13775966,277768905,000000004ce3173e,257470004,39962902,39962902,262874195,302837097,257470004,000000004ce3173e,00000604,000000005af85fb9,000000005af85fb9,0
2789,2789,0,12494012,269964016,13775966,277768905,000000004ce3173e,257470004,39962902,39962902,262874195,302837097,257470004,000000004ce3173f,000005fc,000000005af85fba,000000005af85fb9,0
2790,2790,0,12494012,269964016,13775966,277768905,000000004ce3173f,257470004,39962902,39962902,262874195,302837097,257470004,000000004ce3173f,00000600,000000005af85fbb,000000005af85fba,0
2791,2791,0,12494012,269964016,13775966,277768906,000000004ce3173f,257470005,39962902,39962902,262874196,302837097,257470004,000000004ce31740,00000604,000000005af85fbc,000000005af85fbb,0
2792,2792,0,12494012,269964017,13775966,277768906,000000004ce31740,257470005,39962902,39962902,262874196,302837098,257470005,000000004ce31741,00000604,000000005af85fbd,000000005af85fbc,0
2793,2793,0,12494012,269964017,13775966,277768906,000000004ce31741,257470005,39962902,39962902,262874196,302837098,257470005,000000004ce31741,00000604,000000005af85fbd,000000005af85fbd,0
2794,2794,0,12494012,269964017,13775966,277768906,000000004ce31741,257470005,39962902,39962902,262874196,302837098,257470005,000000004ce31742,000005fc,000000005af85fbe,000000005af85fbd,0
2795,2795,0,12494012,269964017,13775966,277768906,000000004ce31742,257470005,39962902,39962902,262874196,302837098,257470005,000000004ce31742,00000600,000000005af85fbf,000000005af85fbe,0
2796,2796,0,12494012,269964017,13775966,277768907,000000004ce31742,257470006,39962902,39962902,262874197,302837098,257470005,000000004ce31743,00000604,000000005af85fc0,000000005af85fbf,0
2797,2797,0,12494012,269964018,13775966,277768907,000000004ce31743,257470006,39962902,39962902,262874197,302837099,257470006,000000004ce31744,00000604,000000005af85fc1,000000005af85fc0,0
2798,2798,0,12494012,269964018,13775966,277768907,000000004ce31744,257470006,39962902,39962902,262874197,302837099,257470006,000000004ce31744,00000604,000000005af85fc1,000000005af85fc1,0
2799,2799,0,12494012,269964018,13775966,277768907,000000004ce31744,257470006,39962902,39962902,262874197,302837099,257470006,000000004ce31745,000005fc,000000005af85fc2,000000005af85fc1,0
2800,2800,0,12494012,269964018,13775966,277768907,000000004ce31745,257470006,39962902,39962902,262874197,302837099,257470006,000000004ce31745,00000600,000000005af85fc3,000000005af85fc2,0
2801,2801,0,12494012,269964018,13775966,277768908,000000004ce31745,257470007,39962902,39962902,262874198,302837099,257470006,000000004ce31746,00000604,000000005af85fc4,000000005af85fc3,0
2802,2802,0,12494012,269964019,13775966,277768908,000000004ce31746,257470007,39962902,39962902,262874198,302837100,257470007,000000004ce31747,00000604,000000005af85fc5,000000005af85fc4,0
2803,2803,0,12494012,269964019,13775966,277768908,000000004ce31747,257470007,39962902,39962902,262874198,302837100,257470007,000000004ce31747,00000604,000000005af85fc5,000000005af85fc5,0
2804,2804,0,12494012,269964019,13775966,277768908,000000004ce31747,257470007,39962902,39962902,262874198,302837100,257470007,000000004ce31748,000005fc,000000005af85fc6,000000005af85fc5,0
2805,2805,0,12494012,269964019,13775966,277768908,000000004ce31748,257470007,39962902,39962902,262874198,302837100,257470007,000000004ce31748,00000600,000000005af85fc7,000000005af85fc6,0
2806,2806,0,12494012,269964019,13775966,277768909,000000004ce31748,257470008,39962902,39962902,262874199,302837100,257470007,000000004ce31749,00000604,000000005af85fc8,000000005af85fc7,0
2807,2807,0,12494012,269964020,13775966,277768909,000000004ce31749,257470008,39962902,39962902,262874199,302837101,257470008,000000004ce3174a,00000604,000000005af85fc9,000000005af85fc8,0
2808,2808,0,12494012,269964020,13775966,277768909,000000004ce3174a,257470008,39962902,39962902,262874199,302837101,257470008,000000004ce3174a,00000604,000000005af85fc9,000000005af85fc9,0
2809,2809,0,12494012,269964020,13775966,277768909,000000004ce3174a,257470008,39962902,39962902,262874199,302837101,257470008,000000004ce3174b,000005fc,000000005af85fca,000000005af85fc9,0
2810,2810,0,12494012,269964020,13775966,277768909,000000004ce3174b,257470008,39962902,39962902,262874199,302837101,257470008,000000004ce3174b,00000600,000000005af85fcb,000000005af85fca,0
2811,2811,0,12494012,269964020,13775966,277768910,000000004ce3174b,257470009,39962902,39962902,262874200,302837101,257470008,000000004ce3174c,00000604,000000005af85fcc,000000005af85fcb,0
2812,2812,0,12494012,269964021,13775966,277768910,000000004ce3174c,257470009,39962902,39962902,262874200,302837102,257470009,000000004ce3174d,00000604,000000005af85fcd,000000005af85fcc,0
2813,2813,0,12494012,269964021,13775966,277768910,000000004ce3174d,257470009,39962902,39962902,262874200,302837102,257470009,000000004ce3174d,00000604,000000005af85fcd,000000005af85fcd,0
2814,2814,0,12494012,269964021,13775966,277768910,000000004ce3174d,257470009,39962902,39962902,262874200,302837102,257470009,000000004ce3174e,000005fc,000000005af85fce,000000005af85fcd,0
2815,2815,0,12494012,269964021,13775966,277768910,000000004ce3174e,257470009,39962902,39962902,262874200,302837102,257470009,000000004ce3174e,00000600,000000005af85fcf,000000005af85fce,0
2816,2816,0,12494012,269964021,13775966,277768911,000000004ce3174e,257470010,39962902,39962902,262874201,302837102,257470009,000000004ce3174f,00000604,000000005af85fd0,000000005af85fcf,0
2817,2817,0,12494012,269964022,13775966,277768911,000000004ce3174f,257470010,39962902,39962902,262874201,302837103,257470010,000000004ce31750,00000604,000000005af85fd1,000000005af85fd0,0
2818,2818,0,12494012,269964022,13775966,277768911,000000004ce31750,257470010,39962902,39962902,262874201,302837103,257470010,000000004ce31750,00000604,000000005af85fd1,000000005af85fd1,0
2819,2819,0,12494012,269964022,13775966,277768911,000000004ce31750,257470010,39962902,39962902,262874201,302837103,257470010,000000004ce31751,000005fc,000000005af85fd2,000000005af85fd1,0
2820,2820,0,12494012,269964022,13775966,277768911,000000004ce31751,257470010,39962902,39962902,262874201,302837103,257470010,000000004ce31751,00000600,000000005af85fd3,000000005af85fd2,0
2821,2821,0,12494012,269964022,13775966,277768912,000000004ce31751,257470011,39962902,39962902,262874202,302837103,257470010,000000004ce31752,00000604,000000005af85fd4,000000005af85fd3,0
2822,2822,0,12494012,269964023,13775966,277768912,000000004ce31752,257470011,39962902,39962902,262874202,302837104,257470011,000000004ce31753,00000604,000000005af85fd5,000000005af85fd4,0
2823,2823,0,12494012,269964023,13775966,277768912,000000004ce31753,257470011,39962902,39962902,262874202,302837104,257470011,000000004ce31753,00000604,000000005af85fd5,000000005af85fd5,0
2824,2824,0,12494012,269964023,13775966,277768912,000000004ce31753,257470011,39962902,39962902,262874202,302837104,257470011,000000004ce31754,000005fc,000000005af85fd6,000000005af85fd5,0
2825,2825,0,12494012,269964023,13775966,277768912,000000004ce31754,257470011,39962902,39962902,262874202,302837104,257470011,000000004ce31754,00000600,000000005af85fd7,000000005af85fd6,0
2826,2826,0,12494012,269964023,13775966,277768913,000000004ce31754,257470012,39962902,39962902,262874203,302837104,257470011,000000004ce31755,00000604,000000005af85fd8,000000005af85fd7,0
2827,2827,0,12494012,269964024,13775966,277768913,000000004ce31755,257470012,39962902,39962902,262874203,302837105,257470012,000000004ce31756,00000604,000000005af85fd9,000000005af85fd8,0
2828,2828,0,12494012,269964024,13775966,277768913,000000004ce31756,257470012,39962902,39962902,262874203,302837105,257470012,000000004ce31756,00000604,000000005af85fd9,000000005af85fd9,0
2829,2829,0,12494012,269964024,13775966,277768913,000000004ce31756,257470012,39962902,39962902,262874203,302837105,257470012,000000004ce31757,000005fc,000000005af85fda,000000005af85fd9,0
2830,2830,0,12494012,269964024,13775966,277768913,000000004ce31757,257470012,39962902,39962902,262874203,302837105,257470012,000000004ce31757,00000600,000000005af85fdb,000000005af85fda,0
2831,2831,0,12494012,269964024,13775966,277768914,000000004ce31757,257470013,39962902,39962902,262874204,302837105,257470012,000000004ce31758,00000604,000000005af85fdc,000000005af85fdb,0
2832,2832,0,12494012,269964025,13775966,277768914,000000004ce31758,257470013,39962902,39962902,262874204,302837106,257470013,000000004ce31759,00000604,000000005af85fdd,000000005af85fdc,0
2833,2833,0,12494012,269964025,13775966,277768914,000000004ce31759,257470013,39962902,39962902,262874204,302837106,257470013,000000004ce31759,00000604,000000005af85fdd,000000005af85fdd,0
2834,2834,0,12494012,269964025,13775966,277768914,000000004ce31759,257470013,39962902,39962902,262874204,302837106,257470013,000000004ce3175a,000005fc,000000005af85fde,000000005af85fdd,0
2835,2835,0,12494012,269964025,13775966,277768914,000000004ce3175a,257470013,39962902,39962902,262874204,302837106,257470013,000000004ce3175a,00000600,000000005af85fdf,000000005af85fde,0
2836,2836,0,12494012,269964025,13775966,277768915,000000004ce3175a,257470014,39962902,39962902,262874205,302837106,257470013,000000004ce3175b,00000604,000000005af85fe0,000000005af85fdf,0
2837,2837,0,12494012,269964026,13775966,277768915,000000004ce3175b,257470014,39962902,39962902,262874205,302837107,257470014,000000004ce3175c,00000604,000000005af85fe1,000000005af85fe0,0
2838,2838,0,12494012,269964026,13775966,277768915,000000004ce3175c,257470014,39962902,39962902,262874205,302837107,257470014,000000004ce3175c,00000604,000000005af85fe1,000000005af85fe1,0
2839,2839,0,12494012,269964026,13775966,277768915,000000004ce3175c,257470014,39962902,39962902,262874205,302837107,257470014,000000004ce3175d,000005fc,000000005af85fe2,000000005af85fe1,0
2840,2840,0,12494012,269964026,13775966,277768915,000000004ce3175d,257470014,39962902,39962902,262874205,302837107,257470014,000000004ce3175d,00000600,000000005af85fe3,000000005af85fe2,0
2841,2841,0,12494012,269964026,13775966,277768916,000000004ce3175d,257470015,39962902,39962902,262874206,302837107,257470014,000000004ce3175e,00000604,000000005af85fe4,000000005af85fe3,0
2842,2842,0,12494012,269964027,13775966,277768916,000000004ce3175e,257470015,39962902,39962902,262874206,302837108,257470015,000000004ce3175f,00000604,000000005af85fe5,000000005af85fe4,0
2843,2843,0,12494012,269964027,13775966,277768916,000000004ce3175f,257470015,39962902,39962902,262874206,302837108,257470015,000000004ce3175f,00000604,000000005af85fe5,000000005af85fe5,0
2844,2844,0,12494012,269964027,13775966,277768916,000000004ce3175f,257470015,39962902,39962902,262874206,302837108,257470015,000000004ce31760,000005fc,000000005af85fe6,000000005af85fe5,0
2845,2845,0,12494012,269964027,13775966,277768916,000000004ce31760,257470015,39962902,39962902,262874206,302837108,257470015,000000004ce31760,00000600,000000005af85fe7,000000005af85fe6,0
2846,2846,0,12494012,269964027,13775966,277768917,000000004ce31760,257470016,39962902,39962902,262874207,302837108,257470015,000000004ce31761,00000604,000000005af85fe8,000000005af85fe7,0
2847,2847,0,12494012,269964028,13775966,277768917,000000004ce31761,257470016,39962902,39962902,262874207,302837109,257470016,000000004ce31762,00000604,000000005af85fe9,000000005af85fe8,0
2848,2848,0,12494012,269964028,13775966,277768917,000000004ce31762,257470016,39962902,39962902,262874207,302837109,257470016,000000004ce31762,00000604,000000005af85fe9,000000005af85fe9,0
2849,2849,0,12494012,269964028,13775966,277768917,000000004ce31762,257470016,39962902,39962902,262874207,302837109,257470016,000000004ce31763,000005fc,000000005af85fea,000000005af85fe9,0
2850,2850,0,12494012,269964028,13775966,277768917,000000004ce31763,257470016,39962902,39962902,262874207,302837109,257470016,000000004ce31763,00000600,000000005af85feb,000000005af85fea,0
2851,2851,0,12494012,269964028,13775966,277768918,000000004ce31763,257470017,39962902,39962902,262874208,302837109,257470016,000000004ce31764,00000604,000000005af85fec,000000005af85feb,0
2852,2852,0,12494012,269964029,13775966,277768918,000000004ce31764,257470017,39962902,39962902,262874208,302837110,257470017,000000004ce31765,00000604,000000005af85fed,000000005af85fec,0
2853,2853,0,12494012,269964029,13775966,277768918,000000004ce31765,257470017,39962902,39962902,262874208,302837110,257470017,000000004ce31765,00000604,000000005af85fed,000000005af85fed,0
2854,2854,0,12494012,269964029,13775966,277768918,000000004ce31765,257470017,39962902,39962902,262874208,302837110,257470017,000000004ce31766,000005fc,000000005af85fee,000000005af85fed,0
2855,2855,0,12494012,269964029,13775966,277768918,000000004ce31766,257470017,39962902,39962902,262874208,302837110,257470017,000000004ce31766,00000600,000000005af85fef,000000005af85fee,0
2856,2856,0,12494012,269964029,13775966,277768919,000000004ce31766,257470018,39962902,39962902,262874209,302837110,257470017,000000004ce31767,00000604,000000005af85ff0,000000005af85fef,0
2857,2857,0,12494012,269964030,13775966,277768919,000000004ce31767,257470018,39962902,39962902,262874209,302837111,257470018,000000004ce31768,00000604,000000005af85ff1,000000005af85ff0,0
2858,2858,0,12494012,269964030,13775966,277768919,000000004ce31768,257470018,39962902,39962902,262874209,302837111,257470018,000000004ce31768,00000604,000000005af85ff1,000000005af85ff1,0
2859,2859,0,12494012,269964030,13775966,277768919,000000004ce31768,257470018,39962902,39962902,262874209,302837111,257470018,000000004ce31769,000005fc,000000005af85ff2,000000005af85ff1,0
2860,2860,0,12494012,269964030,13775966,277768919,000000004ce31769,257470018,39962902,39962902,262874209,302837111,257470018,000000004ce31769,00000600,000000005af85ff3,000000005af85ff2,0
2861,2861,0,12494012,269964030,13775966,277768920,000000004ce31769,257470019,39962902,39962902,262874210,302837111,257470018,000000004ce3176a,00000604,000000005af85ff4,000000005af85ff3,0
2862,2862,0,12494012,269964031,13775966,277768920,000000004ce3176a,257470019,39962902,39962902,262874210,302837112,257470019,000000004ce3176b,00000604,000000005af85ff5,000000005af85ff4,0
2863,2863,0,12494012,269964031,13775966,277768920,000000004ce3176b,257470019,39962902,39962902,262874210,302837112,257470019,000000004ce3176b,00000604,000000005af85ff5,000000005af85ff5,0
2864,2864,0,12494012,269964031,13775966,277768920,000000004ce3176b,257470019,39962902,39962902,262874210,302837112,257470019,000000004ce3176c,000005fc,000000005af85ff6,000000005af85ff5,0
2865,2865,0,12494012,269964031,13775966,277768920,000000004ce3176c,257470019,39962902,39962902,262874210,302837112,257470019,000000004ce3176c,00000600,000000005af85ff7,000000005af85ff6,0
2866,2866,0,12494012,269964031,13775966,277768921,000000004ce3176c,257470020,39962902,39962902,262874211,302837112,257470019,000000004ce3176d,00000604,000000005af85ff8,000000005af85ff7,0
2867,2867,0,12494012,269964032,13775966,277768921,000000004ce3176d,257470020,39962902,39962902,262874211,302837113,257470020,000000004ce3176e,00000604,000000005af85ff9,000000005af85ff8,0
2868,2868,0,12494012,269964032,13775966,277768921,000000004ce3176e,257470020,39962902,39962902,262874211,302837113,257470020,000000004ce3176e,00000604,000000005af85ff9,000000005af85ff9,0
2869,2869,0,12494012,269964032,13775966,277768921,000000004ce3176e,257470020,39962902,39962902,262874211,302837113,257470020,000000004ce3176f,000005fc,000000005af85ffa,000000005af85ff9,0
2870,2870,0,12494012,269964032,13775966,277768921,000000004ce3176f,257470020,39962902,39962902,262874211,302837113,257470020,000000004ce3176f,00000600,000000005af85ffb,000000005af85ffa,0
2871,2871,0,12494012,269964032,13775966,277768922,000000004ce3176f,257470021,39962902,39962902,262874212,302837113,257470020,000000004ce31770,00000604,000000005af85ffc,000000005af85ffb,0
2872,2872,0,12494012,269964033,13775966,277768922,000000004ce31770,257470021,39962902,39962902,262874212,302837114,257470021,000000004ce31771,00000604,000000005af85ffd,000000005af85ffc,0
2873,2873,0,12494012,269964033,13775966,277768922,000000004ce31771,257470021,39962902,39962902,262874212,302837114,257470021,000000004ce31771,00000604,000000005af85ffd,000000005af85ffd,0
2874,2874,0,12494012,269964033,13775966,277768922,000000004ce31771,257470021,39962902,39962902,262874212,302837114,257470021,000000004ce31772,000005fc,000000005af85ffe,000000005af85ffd,0
2875,2875,0,12494012,269964033,13775966,277768922,000000004ce31772,257470021,39962902,39962902,262874212,302837114,257470021,000000004ce31772,00000600,000000005af85fff,000000005af85ffe,0
2876,2876,0,12494012,269964033,13775966,277768923,000000004ce31772,257470022,39962902,39962902,262874213,302837114,257470021,000000004ce31773,00000604,000000005af86000,000000005af85fff,0
2877,2877,0,12494012,269964034,13775966,277768923,000000004ce31773,257470022,39962902,39962902,262874213,302837115,257470022,000000004ce31774,00000604,000000005af86001,000000005af86000,0
2878,2878,0,12494012,269964034,13775966,277768923,000000004ce31774,257470022,39962902,39962902,262874213,302837115,257470022,000000004ce31774,00000604,000000005af86001,000000005af86001,0
2879,2879,0,12494012,269964034,13775966,277768923,000000004ce31774,257470022,39962902,39962902,262874213,302837115,257470022,000000004ce31775,000005fc,000000005af86002,000000005af86001,0
2880,2880,0,12494012,269964034,13775966,277768923,000000004ce31775,257470022,39962902,39962902,262874213,302837115,257470022,000000004ce31775,00000600,000000005af86003,000000005af86002,0
2881,2881,0,12494012,269964034,13775966,277768924,000000004ce31775,257470023,39962902,39962902,262874214,302837115,257470022,000000004ce31776,00000604,000000005af86004,000000005af86003,0
2882,2882,0,12494012,269964035,13775966,277768924,000000004ce31776,257470023,39962902,39962902,262874214,302837116,257470023,000000004ce31777,00000604,000000005af86005,000000005af86004,0
2883,2883,0,12494012,269964035,13775966,277768924,000000004ce31777,257470023,39962902,39962902,262874214,302837116,257470023,000000004ce31777,00000604,000000005af86005,000000005af86005,0
2884,2884,0,12494012,269964035,13775966,277768924,000000004ce31777,257470023,39962902,39962902,262874214,302837116,257470023,000000004ce31778,000005fc,000000005af86006,000000005af86005,0
2885,2885,0,12494012,269964035,13775966,277768924,000000004ce31778,257470023,39962902,39962902,262874214,302837116,257470023,000000004ce31778,00000600,000000005af86007,000000005af86006,0
2886,2886,0,12494012,269964035,13775966,277768925,000000004ce31778,257470024,39962902,39962902,262874215,302837116,257470023,000000004ce31779,00000604,000000005af86008,000000005af86007,0
2887,2887,0,12494012,269964036,13775966,277768925,000000004ce31779,257470024,39962902,39962902,262874215,302837117,257470024,000000004ce3177a,00000604,000000005af86009,000000005af86008,0
2888,2888,0,12494012,269964036,13775966,277768925,000000004ce3177a,257470024,39962902,39962902,262874215,302837117,257470024,000000004ce3177a,00000604,000000005af86009,000000005af86009,0
2889,2889,0,12494012,269964036,13775966,277768925,000000004ce3177a,257470024,39962902,39962902,262874215,302837117,257470024,000000004ce3177b,000005fc,000000005af8600a,000000005af86009,0
2890,2890,0,12494012,269964036,13775966,277768925,000000004ce3177b,257470024,39962902,39962902,262874215,302837117,257470024,000000004ce3177b,00000600,000000005af8600b,000000005af8600a,0
2891,2891,0,12494012,269964036,13775966,277768926,000000004ce3177b,257470025,39962902,39962902,262874216,302837117,257470024,000000004ce3177c,00000604,000000005af8600c,000000005af8600b,0
2892,2892,0,12494012,269964037,13775966,277768926,000000004ce3177c,257470025,39962902,39962902,262874216,302837118,257470025,000000004ce3177d,00000604,000000005af8600d,000000005af8600c,0
2893,2893,0,12494012,269964037,13775966,277768926,000000004ce3177d,257470025,39962902,39962902,262874216,302837118,257470025,000000004ce3177d,00000604,000000005af8600d,000000005af8600d,0
2894,2894,0,12494012,269964037,13775966,277768926,000000004ce3177d,257470025,39962902,39962902,262874216,302837118,257470025,000000004ce3177e,000005fc,000000005af8600e,000000005af8600d,0
2895,2895,0,12494012,269964037,13775966,277768926,000000004ce3177e,257470025,39962902,39962902,262874216,302837118,257470025,000000004ce3177e,00000600,000000005af8600f,000000005af8600e,0
2896,2896,0,12494012,269964037,13775966,277768927,000000004ce3177e,257470026,39962902,39962902,262874217,302837118,257470025,000000004ce3177f,00000604,000000005af86010,000000005af8600f,0
2897,2897,0,12494012,269964038,13775966,277768927,000000004ce3177f,257470026,39962902,39962902,262874217,302837119,257470026,000000004ce31780,00000604,000000005af86011,000000005af86010,0
2898,2898,0,12494012,269964038,13775966,277768927,000000004ce31780,257470026,39962902,39962902,262874217,302837119,257470026,000000004ce31780,00000604,000000005af86011,000000005af86011,0
2899,2899,0,12494012,269964038,13775966,277768927,000000004ce31780,257470026,39962902,39962902,262874217,302837119,257470026,000000004ce31781,000005fc,000000005af86012,000000005af86011,0
2900,2900,0,12494012,269964038,13775966,277768927,000000004ce31781,257470026,39962902,39962902,262874217,302837119,257470026,000000004ce31781,00000600,000000005af86013,000000005af86012,0
2901,2901,0,12494012,269964038,13775966,277768928,000000004ce31781,257470027,39962902,39962902,262874218,302837119,257470026,000000004ce31782,00000604,000000005af86014,000000005af86013,0
2902,2902,0,12494012,269964039,13775966,277768928,000000004ce31782,257470027,39962902,39962902,262874218,302837120,257470027,000000004ce31783,00000604,000000005af86015,000000005af86014,0
2903,2903,0,12494012,269964039,13775966,277768928,000000004ce31783,257470027,39962902,39962902,262874218,302837120,257470027,000000004ce31783,00000604,000000005af86015,000000005af86015,0
2904,2904,0,12494012,269964039,13775966,277768928,000000004ce31783,257470027,39962902,39962902,262874218,302837120,257470027,000000004ce31784,000005fc,000000005af86016,000000005af86015,0
2905,2905,0,12494012,269964039,13775966,277768928,000000004ce31784,257470027,39962902,39962902,262874218,302837120,257470027,000000004ce31784,00000600,000000005af86017,000000005af86016,0
2906,2906,0,12494012,269964039,13775966,277768929,000000004ce31784,257470028,39962902,39962902,262874219,302837120,257470027,000000004ce31785,00000604,000000005af86018,000000005af86017,0
2907,2907,0,12494012,269964040,13775966,277768929,000000004ce31785,257470028,39962902,39962902,262874219,302837121,257470028,000000004ce31786,00000604,000000005af86019,000000005af86018,0
2908,2908,0,12494012,269964040,13775966,277768929,000000004ce31786,257470028,39962902,39962902,262874219,302837121,257470028,000000004ce31786,00000604,000000005af86019,000000005af86019,0
2909,2909,0,12494012,269964040,13775966,277768929,000000004ce31786,257470028,39962902,39962902,262874219,302837121,257470028,000000004ce31787,000005fc,000000005af8601a,000000005af86019,0
2910,2910,0,12494012,269964040,13775966,277768929,000000004ce31787,257470028,39962902,39962902,262874219,302837121,257470028,000000004ce31787,00000600,000000005af8601b,000000005af8601a,0
2911,2911,0,12494012,269964040,13775966,277768930,000000004ce31787,257470029,39962902,39962902,262874220,302837121,257470028,000000004ce31788,00000604,000000005af8601c,000000005af8601b,0
2912,2912,0,12494012,269964041,13775966,277768930,000000004ce31788,257470029,39962902,39962902,262874220,302837122,257470029,000000004ce31789,00000604,000000005af8601d,000000005af8601c,0
2913,2913,0,12494012,269964041,13775966,277768930,000000004ce31789,257470029,39962902,39962902,262874220,302837122,257470029,000000004ce31789,00000604,000000005af8601d,000000005af8601d,0
2914,2914,0,12494012,269964041,13775966,277768930,000000004ce31789,257470029,39962902,39962902,262874220,302837122,257470029,000000004ce3178a,000005fc,000000005af8601e,000000005af8601d,0
2915,2915,0,12494012,269964041,13775966,277768930,000000004ce3178a,257470029,39962902,39962902,262874220,302837122,257470029,000000004ce3178a,00000600,000000005af8601f,000000005af8601e,0
2916,2916,0,12494012,269964041,13775966,277768931,000000004ce3178a,257470030,39962902,39962902,262874221,302837122,257470029,000000004ce3178b,00000604,000000005af86020,000000005af8601f,0
2917,2917,0,12494012,269964042,13775966,277768931,000000004ce3178b,257470030,39962902,39962902,262874221,302837123,257470030,000000004ce3178c,00000604,000000005af86021,000000005af86020,0
2918,2918,0,12494012,269964042,13775966,277768931,000000004ce3178c,257470030,39962902,39962902,262874221,302837123,257470030,000000004ce3178c,00000604,000000005af86021,000000005af86021,0
2919,2919,0,12494012,269964042,13775966,277768931,000000004ce3178c,257470030,39962902,39962902,262874221,302837123,257470030,000000004ce3178d,000005fc,000000005af86022,000000005af86021,0
2920,2920,0,12494012,269964042,13775966,277768931,000000004ce3178d,257470030,39962902,39962902,262874221,302837123,257470030,000000004ce3178d,00000600,000000005af86023,000000005af86022,0
2921,2921,0,12494012,269964042,13775966,277768932,000000004ce3178d,257470031,39962902,39962902,262874222,302837123,257470030,000000004ce3178e,00000604,000000005af86024,000000005af86023,0
2922,2922,0,12494012,269964043,13775966,277768932,000000004ce3178e,257470031,39962902,39962902,262874222,302837124,257470031,000000004ce3178f,00000604,000000005af86025,000000005af86024,0
2923,2923,0,12494012,269964043,13775966,277768932,000000004ce3178f,257470031,39962902,39962902,262874222,302837124,257470031,000000004ce3178f,00000604,000000005af86025,000000005af86025,0
2924,2924,0,12494012,269964043,13775966,277768932,000000004ce3178f,257470031,39962902,39962902,262874222,302837124,257470031,000000004ce31790,000005fc,000000005af86026,000000005af86025,0
2925,2925,0,12494012,269964043,13775966,277768932,000000004ce31790,257470031,39962902,39962902,262874222,302837124,257470031,000000004ce31790,00000600,000000005af86027,000000005af86026,0
2926,2926,0,12494012,269964043,13775966,277768933,000000004ce31790,257470032,39962902,39962902,262874223,302837124,257470031,000000004ce31791,00000604,000000005af86028,000000005af86027,0
2927,2927,0,12494012,269964044,13775966,277768933,000000004ce31791,257470032,39962902,39962902,262874223,302837125,257470032,000000004ce31792,00000604,000000005af86029,000000005af86028,0
2928,2928,0,12494012,269964044,13775966,277768933,000000004ce31792,257470032,39962902,39962902,262874223,302837125,257470032,000000004ce31792,00000604,000000005af86029,000000005af86029,0
2929,2929,0,12494012,269964044,13775966,277768933,000000004ce31792,257470032,39962902,39962902,262874223,302837125,257470032,000000004ce31793,000005fc,000000005af8602a,000000005af86029,0
2930,2930,0,12494012,269964044,13775966,277768933,000000004ce31793,257470032,39962902,39962902,262874223,302837125,257470032,000000004ce31793,00000600,000000005af8602b,000000005af8602a,0
2931,2931,0,12494012,269964044,13775966,277768934,000000004ce31793,257470033,39962902,39962902,262874224,302837125,257470032,000000004ce31794,00000604,000000005af8602c,000000005af8602b,0
2932,2932,0,12494012,269964045,13775966,277768934,000000004ce31794,257470033,39962902,39962902,262874224,302837126,257470033,000000004ce31795,00000604,000000005af8602d,000000005af8602c,0
2933,2933,0,12494012,269964045,13775966,277768934,000000004ce31795,257470033,39962902,39962902,262874224,302837126,257470033,000000004ce31795,00000604,000000005af8602d,000000005af8602d,0
2934,2934,0,12494012,269964045,13775966,277768934,000000004ce31795,257470033,39962902,39962902,262874224,302837126,257470033,000000004ce31796,000005fc,000000005af8602e,000000005af8602d,0
2935,2935,0,12494012,269964045,13775966,277768934,000000004ce31796,257470033,39962902,39962902,262874224,302837126,257470033,000000004ce31796,00000600,000000005af8602f,000000005af8602e,0
2936,2936,0,12494012,269964045,13775966,277768935,000000004ce31796,257470034,39962902,39962902,262874225,302837126,257470033,000000004ce31797,00000604,000000005af86030,000000005af8602f,0
2937,2937,0,12494012,269964046,13775966,277768935,000000004ce31797,257470034,39962902,39962902,262874225,302837127,257470034,000000004ce31798,00000604,000000005af86031,000000005af86030,0
2938,2938,0,12494012,269964046,13775966,277768935,000000004ce31798,257470034,39962902,39962902,262874225,302837127,257470034,000000004ce31798,00000604,000000005af86031,000000005af86031,0
2939,2939,0,12494012,269964046,13775966,277768935,000000004ce31798,257470034,39962902,39962902,262874225,302837127,257470034,000000004ce31799,000005fc,000000005af86032,000000005af86031,0
2940,2940,0,12494012,269964046,13775966,277768935,000000004ce31799,257470034,39962902,39962902,262874225,302837127,257470034,000000004ce31799,00000600,000000005af86033,000000005af86032,0
2941,2941,0,12494012,269964046,13775966,277768936,000000004ce31799,257470035,39962902,39962902,262874226,302837127,257470034,000000004ce3179a,00000604,000000005af86034,000000005af86033,0
2942,2942,0,12494012,269964047,13775966,277768936,000000004ce3179a,257470035,39962902,39962902,262874226,302837128,257470035,000000004ce3179b,00000604,000000005af86035,000000005af86034,0
2943,2943,0,12494012,269964047,13775966,277768936,000000004ce3179b,257470035,39962902,39962902,262874226,302837128,257470035,000000004ce3179b,00000604,000000005af86035,000000005af86035,0
2944,2944,0,12494012,269964047,13775966,277768936,000000004ce3179b,257470035,39962902,39962902,262874226,302837128,257470035,000000004ce3179c,000005fc,000000005af86036,000000005af86035,0
2945,2945,0,12494012,269964047,13775966,277768936,000000004ce3179c,257470035,39962902,39962902,262874226,302837128,257470035,000000004ce3179c,00000600,000000005af86037,000000005af86036,0
2946,2946,0,12494012,269964047,13775966,277768937,000000004ce3179c,257470036,39962902,39962902,262874227,302837128,257470035,000000004ce3179d,00000604,000000005af86038,000000005af86037,0
2947,2947,0,12494012,269964048,13775966,277768937,000000004ce3179d,257470036,39962902,39962902,262874227,302837129,257470036,000000004ce3179e,00000604,000000005af86039,000000005af86038,0
2948,2948,0,12494012,269964048,13775966,277768937,000000004ce3179e,257470036,39962902,39962902,262874227,302837129,257470036,000000004ce3179e,00000604,000000005af86039,000000005af86039,0
2949,2949,0,12494012,269964048,13775966,277768937,000000004ce3179e,257470036,39962902,39962902,262874227,302837129,257470036,000000004ce3179f,000005fc,000000005af8603a,000000005af86039,0
2950,2950,0,12494012,269964048,13775966,277768937,000000004ce3179f,257470036,39962902,39962902,262874227,302837129,257470036,000000004ce3179f,00000600,000000005af8603b,000000005af8603a,0
2951,2951,0,12494012,269964048,13775966,277768938,000000004ce3179f,257470037,39962902,39962902,262874228,302837129,257470036,000000004ce317a0,00000604,000000005af8603c,000000005af8603b,0
2952,2952,0,12494012,269964049,13775966,277768938,000000004ce317a0,257470037,39962902,39962902,262874228,302837130,257470037,000000004ce317a1,00000604,000000005af8603d,000000005af8603c,0
2953,2953,0,12494012,269964049,13775966,277768938,000000004ce317a1,257470037,39962902,39962902,262874228,302837130,257470037,000000004ce317a1,00000604,000000005af8603d,000000005af8603d,0
2954,2954,0,12494012,269964049,13775966,277768938,000000004ce317a1,257470037,39962902,39962902,262874228,302837130,257470037,000000004ce317a2,000005fc,000000005af8603e,000000005af8603d,0
2955,2955,0,12494012,269964049,13775966,277768938,000000004ce317a2,257470037,39962902,39962902,262874228,302837130,257470037,000000004ce317a2,00000600,000000005af8603f,000000005af8603e,0
2956,2956,0,12494012,269964049,13775966,277768939,000000004ce317a2,257470038,39962902,39962902,262874229,302837130,257470037,000000004ce317a3,00000604,000000005af86040,000000005af8603f,0
2957,2957,0,12494012,269964050,13775966,277768939,000000004ce317a3,257470038,39962902,39962902,262874229,302837131,257470038,000000004ce317a4,00000604,000000005af86041,000000005af86040,0
2958,2958,0,12494012,269964050,13775966,277768939,000000004ce317a4,257470038,39962902,39962902,262874229,302837131,257470038,000000004ce317a4,00000604,000000005af86041,000000005af86041,0
2959,2959,0,12494012,269964050,13775966,277768939,000000004ce317a4,257470038,39962902,39962902,262874229,302837131,257470038,000000004ce317a5,000005fc,000000005af86042,000000005af86041,0
2960,2960,0,12494012,269964050,13775966,277768939,000000004ce317a5,257470038,39962902,39962902,262874229,302837131,257470038,000000004ce317a5,00000600,000000005af86043,000000005af86042,0
2961,2961,0,12494012,269964050,13775966,277768940,000000004ce317a5,257470039,39962902,39962902,262874230,302837131,257470038,000000004ce317a6,00000604,000000005af86044,000000005af86043,0
2962,2962,0,12494012,269964051,13775966,277768940,000000004ce317a6,257470039,39962902,39962902,262874230,302837132,257470039,000000004ce317a7,00000604,000000005af86045,000000005af86044,0
2963,2963,0,12494012,269964051,13775966,277768940,000000004ce317a7,257470039,39962902,39962902,262874230,302837132,257470039,000000004ce317a7,00000604,000000005af86045,000000005af86045,0
2964,2964,0,12494012,269964051,13775966,277768940,000000004ce317a7,257470039,39962902,39962902,262874230,302837132,257470039,000000004ce317a8,000005fc,000000005af86046,000000005af86045,0
2965,2965,0,12494012,269964051,13775966,277768940,000000004ce317a8,257470039,39962902,39962902,262874230,302837132,257470039,000000004ce317a8,00000600,000000005af86047,000000005af86046,0
2966,2966,0,12494012,269964051,13775966,277768941,000000004ce317a8,257470040,39962902,39962902,262874231,302837132,257470039,000000004ce317a9,00000604,000000005af86048,000000005af86047,0
2967,2967,0,12494012,269964052,13775966,277768941,000000004ce317a9,257470040,39962902,39962902,262874231,302837133,257470040,000000004ce317aa,00000604,000000005af86049,000000005af86048,0
2968,2968,0,12494012,269964052,13775966,277768941,000000004ce317aa,257470040,39962902,39962902,262874231,302837133,257470040,000000004ce317aa,00000604,000000005af86049,000000005af86049,0
2969,2969,0,12494012,269964052,13775966,277768941,000000004ce317aa,257470040,39962902,39962902,262874231,302837133,257470040,000000004ce317ab,000005fc,000000005af8604a,000000005af86049,0
2970,2970,0,12494012,269964052,13775966,277768941,000000004ce317ab,257470040,39962902,39962902,262874231,302837133,257470040,000000004ce317ab,00000600,000000005af8604b,000000005af8604a,0
2971,2971,0,12494012,269964052,13775966,277768942,000000004ce317ab,257470041,39962902,39962902,262874232,302837133,257470040,000000004ce317ac,00000604,000000005af8604c,000000005af8604b,0
2972,2972,0,12494012,269964053,13775966,277768942,000000004ce317ac,257470041,39962902,39962902,262874232,302837134,257470041,000000004ce317ad,00000604,000000005af8604d,000000005af8604c,0
2973,2973,0,12494012,269964053,13775966,277768942,000000004ce317ad,257470041,39962902,39962902,262874232,302837134,257470041,000000004ce317ad,00000604,000000005af8604d,000000005af8604d,0
2974,2974,0,12494012,269964053,13775966,277768942,000000004ce317ad,257470041,39962902,39962902,262874232,302837134,257470041,000000004ce317ae,000005fc,000000005af8604e,000000005af8604d,0
2975,2975,0,12494012,269964053,13775966,277768942,000000004ce317ae,257470041,39962902,39962902,262874232,302837134,257470041,000000004ce317ae,00000600,000000005af8604f,000000005af8604e,0
2976,2976,0,12494012,269964053,13775966,277768943,000000004ce317ae,257470042,39962902,39962902,262874233,302837134,257470041,000000004ce317af,00000604,000000005af86050,000000005af8604f,0
2977,2977,0,12494012,269964054,13775966,277768943,000000004ce317af,257470042,39962902,39962902,262874233,302837135,257470042,000000004ce317b0,00000604,000000005af86051,000000005af86050,0
2978,2978,0,12494012,269964054,13775966,277768943,000000004ce317b0,257470042,39962902,39962902,262874233,302837135,257470042,000000004ce317b0,00000604,000000005af86051,000000005af86051,0
2979,2979,0,12494012,269964054,13775966,277768943,000000004ce317b0,257470042,39962902,39962902,262874233,302837135,257470042,000000004ce317b1,000005fc,000000005af86052,000000005af86051,0
2980,2980,0,12494012,269964054,13775966,277768943,000000004ce317b1,257470042,39962902,39962902,262874233,302837135,257470042,000000004ce317b1,00000600,000000005af86053,000000005af86052,0
2981,2981,0,12494012,269964054,13775966,277768944,000000004ce317b1,257470043,39962902,39962902,262874234,302837135,257470042,000000004ce317b2,00000604,000000005af86054,000000005af86053,0
2982,2982,0,12494012,269964055,13775966,277768944,000000004ce317b2,257470043,39962902,39962902,262874234,302837136,257470043,000000004ce317b3,00000604,000000005af86055,000000005af86054,0
2983,2983,0,12494012,269964055,13775966,277768944,000000004ce317b3,257470043,39962902,39962902,262874234,302837136,257470043,000000004ce317b3,00000604,000000005af86055,000000005af86055,0
2984,2984,0,12494012,269964055,13775966,277768944,000000004ce317b3,257470043,39962902,39962902,262874234,302837136,257470043,000000004ce317b4,000005fc,000000005af86056,000000005af86055,0
2985,2985,0,12494012,269964055,13775966,277768944,000000004ce317b4,257470043,39962902,39962902,262874234,302837136,257470043,000000004ce317b4,00000600,000000005af86057,000000005af86056,0
2986,2986,0,12494012,269964055,13775966,277768945,000000004ce317b4,257470044,39962902,39962902,262874235,302837136,257470043,000000004ce317b5,00000604,000000005af86058,000000005af86057,0
2987,2987,0,12494012,269964056,13775966,277768945,000000004ce317b5,257470044,39962902,39962902,262874235,302837137,257470044,000000004ce317b6,00000604,000000005af86059,000000005af86058,0
2988,2988,0,12494012,269964056,13775966,277768945,000000004ce317b6,257470044,39962902,39962902,262874235,302837137,257470044,000000004ce317b6,00000604,000000005af86059,000000005af86059,0
2989,2989,0,12494012,269964056,13775966,277768945,000000004ce317b6,257470044,39962902,39962902,262874235,302837137,257470044,000000004ce317b7,000005fc,000000005af8605a,000000005af86059,0
2990,2990,0,12494012,269964056,13775966,277768945,000000004ce317b7,257470044,39962902,39962902,262874235,302837137,257470044,000000004ce317b7,00000600,000000005af8605b,000000005af8605a,0
2991,2991,0,12494012,269964056,13775966,277768946,000000004ce317b7,257470045,39962902,39962902,262874236,302837137,257470044,000000004ce317b8,00000604,000000005af8605c,000000005af8605b,0
2992,2992,0,12494012,269964057,13775966,277768946,000000004ce317b8,257470045,39962902,39962902,262874236,302837138,257470045,000000004ce317b9,00000604,000000005af8605d,000000005af8605c,0
2993,2993,0,12494012,269964057,13775966,277768946,000000004ce317b9,257470045,39962902,39962902,262874236,302837138,257470045,000000004ce317b9,00000604,000000005af8605d,000000005af8605d,0
2994,2994,0,12494012,269964057,13775966,277768946,000000004ce317b9,257470045,39962902,39962902,262874236,302837138,257470045,000000004ce317ba,000005fc,000000005af8605e,000000005af8605d,0
2995,2995,0,12494012,269964057,13775966,277768946,000000004ce317ba,257470045,39962902,39962902,262874236,302837138,257470045,000000004ce317ba,00000600,000000005af8605f,000000005af8605e,0
2996,2996,0,12494012,269964057,13775966,277768947,000000004ce317ba,257470046,39962902,39962902,262874237,302837138,257470045,000000004ce317bb,00000604,000000005af86060,000000005af8605f,0
2997,2997,0,12494012,269964058,13775966,277768947,000000004ce317bb,257470046,39962902,39962902,262874237,302837139,257470046,000000004ce317bc,00000604,000000005af86061,000000005af86060,0
2998,2998,0,12494012,269964058,13775966,277768947,000000004ce317bc,257470046,39962902,39962902,262874237,302837139,257470046,000000004ce317bc,00000604,000000005af86061,000000005af86061,0
2999,2999,0,12494012,269964058,13775966,277768947,000000004ce317bc,257470046,39962902,39962902,262874237,302837139,257470046,000000004ce317bd,000005fc,000000005af86062,000000005af86061,0
3000,3000,0,12494012,269964058,13775966,277768947,000000004ce317bd,257470046,39962902,39962902,262874237,302837139,257470046,000000004ce317bd,00000600,000000005af86063,000000005af86062,0
3001,3001,0,12494012,269964058,13775966,277768948,000000004ce317bd,257470047,39962902,39962902,262874238,302837139,257470046,000000004ce317be,00000604,000000005af86064,000000005af86063,0
3002,3002,0,12494012,269964059,13775966,277768948,000000004ce317be,257470047,39962902,39962902,262874238,302837140,257470047,000000004ce317bf,00000604,000000005af86065,000000005af86064,0
3003,3003,0,12494012,269964059,13775966,277768948,000000004ce317bf,257470047,39962902,39962902,262874238,302837140,257470047,000000004ce317bf,00000604,000000005af86065,000000005af86065,0
3004,3004,0,12494012,269964059,13775966,277768948,000000004ce317bf,257470047,39962902,39962902,262874238,302837140,257470047,000000004ce317c0,000005fc,000000005af86066,000000005af86065,0
3005,3005,0,12494012,269964059,13775966,277768948,000000004ce317c0,257470047,39962902,39962902,262874238,302837140,257470047,000000004ce317c0,00000600,000000005af86067,000000005af86066,0
3006,3006,0,12494012,269964059,13775966,277768949,000000004ce317c0,257470048,39962902,39962902,262874239,302837140,257470047,000000004ce317c1,00000604,000000005af86068,000000005af86067,0
3007,3007,0,12494012,269964060,13775966,277768949,000000004ce317c1,257470048,39962902,39962902,262874239,302837141,257470048,000000004ce317c2,00000604,000000005af86069,000000005af86068,0
3008,3008,0,12494012,269964060,13775966,277768949,000000004ce317c2,257470048,39962902,39962902,262874239,302837141,257470048,000000004ce317c2,00000604,000000005af86069,000000005af86069,0
3009,3009,0,12494012,269964060,13775966,277768949,000000004ce317c2,257470048,39962902,39962902,262874239,302837141,257470048,000000004ce317c3,000005fc,000000005af8606a,000000005af86069,0
3010,3010,0,12494012,269964060,13775966,277768949,000000004ce317c3,257470048,39962902,39962902,262874239,302837141,257470048,000000004ce317c3,00000600,000000005af8606b,000000005af8606a,0
3011,3011,0,12494012,269964060,13775966,277768950,000000004ce317c3,257470049,39962902,39962902,262874240,302837141,257470048,000000004ce317c4,00000604,000000005af8606c,000000005af8606b,0
3012,3012,0,12494012,269964061,13775966,277768950,000000004ce317c4,257470049,39962902,39962902,262874240,302837142,257470049,000000004ce317c5,00000604,000000005af8606d,000000005af8606c,0
3013,3013,0,12494012,269964061,13775966,277768950,000000004ce317c5,257470049,39962902,39962902,262874240,302837142,257470049,000000004ce317c5,00000604,000000005af8606d,000000005af8606d,0
3014,3014,0,12494012,269964061,13775966,277768950,000000004ce317c5,257470049,39962902,39962902,262874240,302837142,257470049,000000004ce317c6,000005fc,000000005af8606e,000000005af8606d,0
3015,3015,0,12494012,269964061,13775966,277768950,000000004ce317c6,257470049,39962902,39962902,262874240,302837142,257470049,000000004ce317c6,00000600,000000005af8606f,000000005af8606e,0
3016,3016,0,12494012,269964061,13775966,277768951,000000004ce317c6,257470050,39962902,39962902,262874241,302837142,257470049,000000004ce317c7,00000604,000000005af86070,000000005af8606f,0
3017,3017,0,12494012,269964062,13775966,277768951,000000004ce317c7,257470050,39962902,39962902,262874241,302837143,257470050,000000004ce317c8,00000604,000000005af86071,000000005af86070,0
3018,3018,0,12494012,269964062,13775966,277768951,000000004ce317c8,257470050,39962902,39962902,262874241,302837143,257470050,000000004ce317c8,00000604,000000005af86071,000000005af86071,0
3019,3019,0,12494012,269964062,13775966,277768951,000000004ce317c8,257470050,39962902,39962902,262874241,302837143,257470050,000000004ce317c9,000005fc,000000005af86072,000000005af86071,0
3020,3020,0,12494012,269964062,13775966,277768951,000000004ce317c9,257470050,39962902,39962902,262874241,302837143,257470050,000000004ce317c9,00000600,000000005af86073,000000005af86072,0
3021,3021,0,12494012,269964062,13775966,277768952,000000004ce317c9,257470051,39962902,39962902,262874242,302837143,257470050,000000004ce317ca,00000604,000000005af86074,000000005af86073,0
3022,3022,0,12494012,269964063,13775966,277768952,000000004ce317ca,257470051,39962902,39962902,262874242,302837144,257470051,000000004ce317cb,00000604,000000005af86075,000000005af86074,0
3023,3023,0,12494012,269964063,13775966,277768952,000000004ce317cb,257470051,39962902,39962902,262874242,302837144,257470051,000000004ce317cb,00000604,000000005af86075,000000005af86075,0
3024,3024,0,12494012,269964063,13775966,277768952,000000004ce317cb,257470051,39962902,39962902,262874242,302837144,257470051,000000004ce317cc,000005fc,000000005af86076,000000005af86075,0
3025,3025,0,12494012,269964063,13775966,277768952,000000004ce317cc,257470051,39962902,39962902,262874242,302837144,257470051,000000004ce317cc,00000600,000000005af86077,000000005af86076,0
3026,3026,0,12494012,269964063,13775966,277768953,000000004ce317cc,257470052,39962902,39962902,262874243,302837144,257470051,000000004ce317cd,00000604,000000005af86078,000000005af86077,0
3027,3027,0,12494012,269964064,13775966,277768953,000000004ce317cd,257470052,39962902,39962902,262874243,302837145,257470052,000000004ce317ce,00000604,000000005af86079,000000005af86078,0
3028,3028,0,12494012,269964064,13775966,277768953,000000004ce317ce,257470052,39962902,39962902,262874243,302837145,257470052,000000004ce317ce,00000604,000000005af86079,000000005af86079,0
3029,3029,0,12494012,269964064,13775966,277768953,000000004ce317ce,257470052,39962902,39962902,262874243,302837145,257470052,000000004ce317cf,000005fc,000000005af8607a,000000005af86079,0
3030,3030,0,12494012,269964064,13775966,277768953,000000004ce317cf,257470052,39962902,39962902,262874243,302837145,257470052,000000004ce317cf,00000600,000000005af8607b,000000005af8607a,0
3031,3031,0,12494012,269964064,13775966,277768954,000000004ce317cf,257470053,39962902,39962902,262874244,302837145,257470052,000000004ce317d0,00000604,000000005af8607c,000000005af8607b,0
3032,3032,0,12494012,269964065,13775966,277768954,000000004ce317d0,257470053,39962902,39962902,262874244,302837146,257470053,000000004ce317d1,00000604,000000005af8607d,000000005af8607c,0
3033,3033,0,12494012,269964065,13775966,277768954,000000004ce317d1,257470053,39962902,39962902,262874244,302837146,257470053,000000004ce317d1,00000604,000000005af8607d,000000005af8607d,0
3034,3034,0,12494012,269964065,13775966,277768954,000000004ce317d1,257470053,39962902,39962902,262874244,302837146,257470053,000000004ce317d2,000005fc,000000005af8607e,000000005af8607d,0
3035,3035,0,12494012,269964065,13775966,277768954,000000004ce317d2,257470053,39962902,39962902,262874244,302837146,257470053,000000004ce317d2,00000600,000000005af8607f,000000005af8607e,0
3036,3036,0,12494012,269964065,13775966,277768955,000000004ce317d2,257470054,39962902,39962902,262874245,302837146,257470053,000000004ce317d3,00000604,000000005af86080,000000005af8607f,0
3037,3037,0,12494012,269964066,13775966,277768955,000000004ce317d3,257470054,39962902,39962902,262874245,302837147,257470054,000000004ce317d4,00000604,000000005af86081,000000005af86080,0
3038,3038,0,12494012,269964066,13775966,277768955,000000004ce317d4,257470054,39962902,39962902,262874245,302837147,257470054,000000004ce317d4,00000604,000000005af86081,000000005af86081,0
3039,3039,0,12494012,269964066,13775966,277768955,000000004ce317d4,257470054,39962902,39962902,262874245,302837147,257470054,000000004ce317d5,000005fc,000000005af86082,000000005af86081,0
3040,3040,0,12494012,269964066,13775966,277768955,000000004ce317d5,257470054,39962902,39962902,262874245,302837147,257470054,000000004ce317d5,00000600,000000005af86083,000000005af86082,0
3041,3041,0,12494012,269964066,13775966,277768956,000000004ce317d5,257470055,39962902,39962902,262874246,302837147,257470054,000000004ce317d6,00000604,000000005af86084,000000005af86083,0
3042,3042,0,12494012,269964067,13775966,277768956,000000004ce317d6,257470055,39962902,39962902,262874246,302837148,257470055,000000004ce317d7,00000604,000000005af86085,000000005af86084,0
3043,3043,0,12494012,269964067,13775966,277768956,000000004ce317d7,257470055,39962902,39962902,262874246,302837148,257470055,000000004ce317d7,00000604,000000005af86085,000000005af86085,0
3044,3044,0,12494012,269964067,13775966,277768956,000000004ce317d7,257470055,39962902,39962902,262874246,302837148,257470055,000000004ce317d8,000005fc,000000005af86086,000000005af86085,0
3045,3045,0,12494012,269964067,13775966,277768956,000000004ce317d8,257470055,39962902,39962902,262874246,302837148,257470055,000000004ce317d8,00000600,000000005af86087,000000005af86086,0
3046,3046,0,12494012,269964067,13775966,277768957,000000004ce317d8,257470056,39962902,39962902,262874247,302837148,257470055,000000004ce317d9,00000604,000000005af86088,000000005af86087,0
3047,3047,0,12494012,269964068,13775966,277768957,000000004ce317d9,257470056,39962902,39962902,262874247,302837149,257470056,000000004ce317da,00000604,000000005af86089,000000005af86088,0
3048,3048,0,12494012,269964068,13775966,277768957,000000004ce317da,257470056,39962902,39962902,262874247,302837149,257470056,000000004ce317da,00000604,000000005af86089,000000005af86089,0
3049,3049,0,12494012,269964068,13775966,277768957,000000004ce317da,257470056,39962902,39962902,262874247,302837149,257470056,000000004ce317db,000005fc,000000005af8608a,000000005af86089,0
3050,3050,0,12494012,269964068,13775966,277768957,000000004ce317db,257470056,39962902,39962902,262874247,302837149,257470056,000000004ce317db,00000600,000000005af8608b,000000005af8608a,0
3051,3051,0,12494012,269964068,13775966,277768958,000000004ce317db,257470057,39962902,39962902,262874248,302837149,257470056,000000004ce317dc,00000604,000000005af8608c,000000005af8608b,0
3052,3052,0,12494012,269964069,13775966,277768958,000000004ce317dc,257470057,39962902,39962902,262874248,302837150,257470057,000000004ce317dd,00000604,000000005af8608d,000000005af8608c,0
3053,3053,0,12494012,269964069,13775966,277768958,000000004ce317dd,257470057,39962902,39962902,262874248,302837150,257470057,000000004ce317dd,00000604,000000005af8608d,000000005af8608d,0
3054,3054,0,12494012,269964069,13775966,277768958,000000004ce317dd,257470057,39962902,39962902,262874248,302837150,257470057,000000004ce317de,000005fc,000000005af8608e,000000005af8608d,0
3055,3055,0,12494012,269964069,13775966,277768958,000000004ce317de,257470057,39962902,39962902,262874248,302837150,257470057,000000004ce317de,00000600,000000005af8608f,000000005af8608e,0
3056,3056,0,12494012,269964069,13775966,277768959,000000004ce317de,257470058,39962902,39962902,262874249,302837150,257470057,000000004ce317df,00000604,000000005af86090,000000005af8608f,0
3057,3057,0,12494012,269964070,13775966,277768959,000000004ce317df,257470058,39962902,39962902,262874249,302837151,257470058,000000004ce317e0,00000604,000000005af86091,000000005af86090,0
3058,3058,0,12494012,269964070,13775966,277768959,000000004ce317e0,257470058,39962902,39962902,262874249,302837151,257470058,000000004ce317e0,00000604,000000005af86091,000000005af86091,0
3059,3059,0,12494012,269964070,13775966,277768959,000000004ce317e0,257470058,39962902,39962902,262874249,302837151,257470058,000000004ce317e1,000005fc,000000005af86092,000000005af86091,0
3060,3060,0,12494012,269964070,13775966,277768959,000000004ce317e1,257470058,39962902,39962902,262874249,302837151,257470058,000000004ce317e1,00000600,000000005af86093,000000005af86092,0
3061,3061,0,12494012,269964070,13775966,277768960,000000004ce317e1,257470059,39962902,39962902,262874250,302837151,257470058,000000004ce317e2,00000604,000000005af86094,000000005af86093,0
3062,3062,0,12494012,269964071,13775966,277768960,000000004ce317e2,257470059,39962902,39962902,262874250,302837152,257470059,000000004ce317e3,00000604,000000005af86095,000000005af86094,0
3063,3063,0,12494012,269964071,13775966,277768960,000000004ce317e3,257470059,39962902,39962902,262874250,302837152,257470059,000000004ce317e3,00000604,000000005af86095,000000005af86095,0
3064,3064,0,12494012,269964071,13775966,277768960,000000004ce317e3,257470059,39962902,39962902,262874250,302837152,257470059,000000004ce317e4,000005fc,000000005af86096,000000005af86095,0
3065,3065,0,12494012,269964071,13775966,277768960,000000004ce317e4,257470059,39962902,39962902,262874250,302837152,257470059,000000004ce317e4,00000600,000000005af86097,000000005af86096,0
3066,3066,0,12494012,269964071,13775966,277768961,000000004ce317e4,257470060,39962902,39962902,262874251,302837152,257470059,000000004ce317e5,00000604,000000005af86098,000000005af86097,0
3067,3067,0,12494012,269964072,13775966,277768961,000000004ce317e5,257470060,39962902,39962902,262874251,302837153,257470060,000000004ce317e6,00000604,000000005af86099,000000005af86098,0
3068,3068,0,12494012,269964072,13775966,277768961,000000004ce317e6,257470060,39962902,39962902,262874251,302837153,257470060,000000004ce317e6,00000604,000000005af86099,000000005af86099,0
3069,3069,0,12494012,269964072,13775966,277768961,000000004ce317e6,257470060,39962902,39962902,262874251,302837153,257470060,000000004ce317e7,000005fc,000000005af8609a,000000005af86099,0
3070,3070,0,12494012,269964072,13775966,277768961,000000004ce317e7,257470060,39962902,39962902,262874251,302837153,257470060,000000004ce317e7,00000600,000000005af8609b,000000005af8609a,0
3071,3071,0,12494012,269964072,13775966,277768962,000000004ce317e7,257470061,39962902,39962902,262874252,302837153,257470060,000000004ce317e8,00000604,000000005af8609c,000000005af8609b,0
3072,3072,0,12494012,269964073,13775966,277768962,000000004ce317e8,257470061,39962902,39962902,262874252,302837154,257470061,000000004ce317e9,00000604,000000005af8609d,000000005af8609c,0
3073,3073,0,12494012,269964073,13775966,277768962,000000004ce317e9,257470061,39962902,39962902,262874252,302837154,257470061,000000004ce317e9,00000604,000000005af8609d,000000005af8609d,0
3074,3074,0,12494012,269964073,13775966,277768962,000000004ce317e9,257470061,39962902,39962902,262874252,302837154,257470061,000000004ce317ea,000005fc,000000005af8609e,000000005af8609d,0
3075,3075,0,12494012,269964073,13775966,277768962,000000004ce317ea,257470061,39962902,39962902,262874252,302837154,257470061,000000004ce317ea,00000600,000000005af8609f,000000005af8609e,0
3076,3076,0,12494012,269964073,13775966,277768963,000000004ce317ea,257470062,39962902,39962902,262874253,302837154,257470061,000000004ce317eb,00000604,000000005af860a0,000000005af8609f,0
3077,3077,0,12494012,269964074,13775966,277768963,000000004ce317eb,257470062,39962902,39962902,262874253,302837155,257470062,000000004ce317ec,00000604,000000005af860a1,000000005af860a0,0
3078,3078,0,12494012,269964074,13775966,277768963,000000004ce317ec,257470062,39962902,39962902,262874253,302837155,257470062,000000004ce317ec,00000604,000000005af860a1,000000005af860a1,0
3079,3079,0,12494012,269964074,13775966,277768963,000000004ce317ec,257470062,39962902,39962902,262874253,302837155,257470062,000000004ce317ed,000005fc,000000005af860a2,000000005af860a1,0
3080,3080,0,12494012,269964074,13775966,277768963,000000004ce317ed,257470062,39962902,39962902,262874253,302837155,257470062,000000004ce317ed,00000600,000000005af860a3,000000005af860a2,0
3081,3081,0,12494012,269964074,13775966,277768964,000000004ce317ed,257470063,39962902,39962902,262874254,302837155,257470062,000000004ce317ee,00000604,000000005af860a4,000000005af860a3,0
3082,3082,0,12494012,269964075,13775966,277768964,000000004ce317ee,257470063,39962902,39962902,262874254,302837156,257470063,000000004ce317ef,00000604,000000005af860a5,000000005af860a4,0
3083,3083,0,12494012,269964075,13775966,277768964,000000004ce317ef,257470063,39962902,39962902,262874254,302837156,257470063,000000004ce317ef,00000604,000000005af860a5,000000005af860a5,0
3084,3084,0,12494012,269964075,13775966,277768964,000000004ce317ef,257470063,39962902,39962902,262874254,302837156,257470063,000000004ce317f0,000005fc,000000005af860a6,000000005af860a5,0
3085,3085,0,12494012,269964075,13775966,277768964,000000004ce317f0,257470063,39962902,39962902,262874254,302837156,257470063,000000004ce317f0,00000600,000000005af860a7,000000005af860a6,0
3086,3086,0,12494012,269964075,13775966,277768965,000000004ce317f0,257470064,39962902,39962902,262874255,302837156,257470063,000000004ce317f1,00000604,000000005af860a8,000000005af860a7,0
3087,3087,0,12494012,269964076,13775966,277768965,000000004ce317f1,257470064,39962902,39962902,262874255,302837157,257470064,000000004ce317f2,00000604,000000005af860a9,000000005af860a8,0
3088,3088,0,12494012,269964076,13775966,277768965,000000004ce317f2,257470064,39962902,39962902,262874255,302837157,257470064,000000004ce317f2,00000604,000000005af860a9,000000005af860a9,0
3089,3089,0,12494012,269964076,13775966,277768965,000000004ce317f2,257470064,39962902,39962902,262874255,302837157,257470064,000000004ce317f3,000005fc,000000005af860aa,000000005af860a9,0
3090,3090,0,12494012,269964076,13775966,277768965,000000004ce317f3,257470064,39962902,39962902,262874255,302837157,257470064,000000004ce317f3,00000600,000000005af860ab,000000005af860aa,0
3091,3091,0,12494012,269964076,13775966,277768966,000000004ce317f3,257470065,39962902,39962902,262874256,302837157,257470064,000000004ce317f4,00000604,000000005af860ac,000000005af860ab,0
3092,3092,0,12494012,269964077,13775966,277768966,000000004ce317f4,257470065,39962902,39962902,262874256,302837158,257470065,000000004ce317f5,00000604,000000005af860ad,000000005af860ac,0
3093,3093,0,12494012,269964077,13775966,277768966,000000004ce317f5,257470065,39962902,39962902,262874256,302837158,257470065,000000004ce317f5,00000604,000000005af860ad,000000005af860ad,0
3094,3094,0,12494012,269964077,13775966,277768966,000000004ce317f5,257470065,39962902,39962902,262874256,302837158,257470065,000000004ce317f6,000005fc,000000005af860ae,000000005af860ad,0
3095,3095,0,12494012,269964077,13775966,277768966,000000004ce317f6,257470065,39962902,39962902,262874256,302837158,257470065,000000004ce317f6,00000600,000000005af860af,000000005af860ae,0
3096,3096,0,12494012,269964077,13775966,277768967,000000004ce317f6,257470066,39962902,39962902,262874257,302837158,257470065,000000004ce317f7,00000604,000000005af860b0,000000005af860af,0
3097,3097,0,12494012,269964078,13775966,277768967,000000004ce317f7,257470066,39962902,39962902,262874257,302837159,257470066,000000004ce317f8,00000604,000000005af860b1,000000005af860b0,0
3098,3098,0,12494012,269964078,13775966,277768967,000000004ce317f8,257470066,39962902,39962902,262874257,302837159,257470066,000000004ce317f8,00000604,000000005af860b1,000000005af860b1,0
3099,3099,0,12494012,269964078,13775966,277768967,000000004ce317f8,257470066,39962902,39962902,262874257,302837159,257470066,000000004ce317f9,000005fc,000000005af860b2,000000005af860b1,0
3100,3100,0,12494012,269964078,13775966,277768967,000000004ce317f9,257470066,39962902,39962902,262874257,302837159,257470066,000000004ce317f9,00000600,000000005af860b3,000000005af860b2,0
3101,3101,0,12494012,269964078,13775966,277768968,000000004ce317f9,257470067,39962902,39962902,262874258,302837159,257470066,000000004ce317fa,00000604,000000005af860b4,000000005af860b3,0
3102,3102,0,12494012,269964079,13775966,277768968,000000004ce317fa,257470067,39962902,39962902,262874258,302837160,257470067,000000004ce317fb,00000604,000000005af860b5,000000005af860b4,0
3103,3103,0,12494012,269964079,13775966,277768968,000000004ce317fb,257470067,39962902,39962902,262874258,302837160,257470067,000000004ce317fb,00000604,000000005af860b5,000000005af860b5,0
3104,3104,0,12494012,269964079,13775966,277768968,000000004ce317fb,257470067,39962902,39962902,262874258,302837160,257470067,000000004ce317fc,000005fc,000000005af860b6,000000005af860b5,0
3105,3105,0,12494012,269964079,13775966,277768968,000000004ce317fc,257470067,39962902,39962902,262874258,302837160,257470067,000000004ce317fc,00000600,000000005af860b7,000000005af860b6,0
3106,3106,0,12494012,269964079,13775966,277768969,000000004ce317fc,257470068,39962902,39962902,262874259,302837160,257470067,000000004ce317fd,00000604,000000005af860b8,000000005af860b7,0
3107,3107,0,12494012,269964080,13775966,277768969,000000004ce317fd,257470068,39962902,39962902,262874259,302837161,257470068,000000004ce317fe,00000604,000000005af860b9,000000005af860b8,0
3108,3108,0,12494012,269964080,13775966,277768969,000000004ce317fe,257470068,39962902,39962902,262874259,302837161,257470068,000000004ce317fe,00000604,000000005af860b9,000000005af860b9,0
3109,3109,0,12494012,269964080,13775966,277768969,000000004ce317fe,257470068,39962902,39962902,262874259,302837161,257470068,000000004ce317ff,000005fc,000000005af860ba,000000005af860b9,0
3110,3110,0,12494012,269964080,13775966,277768969,000000004ce317ff,257470068,39962902,39962902,262874259,302837161,257470068,000000004ce317ff,00000600,000000005af860bb,000000005af860ba,0
3111,3111,0,12494012,269964080,13775966,277768970,000000004ce317ff,257470069,39962902,39962902,262874260,302837161,257470068,000000004ce31800,00000604,000000005af860bc,000000005af860bb,0
3112,3112,0,12494012,269964081,13775966,277768970,000000004ce31800,257470069,39962902,39962902,262874260,302837162,257470069,000000004ce31801,00000604,000000005af860bd,000000005af860bc,0
3113,3113,0,12494012,269964081,13775966,277768970,000000004ce31801,257470069,39962902,39962902,262874260,302837162,257470069,000000004ce31801,00000604,000000005af860bd,000000005af860bd,0
3114,3114,0,12494012,269964081,13775966,277768970,000000004ce31801,257470069,39962902,39962902,262874260,302837162,257470069,000000004ce31802,000005fc,000000005af860be,000000005af860bd,0
3115,3115,0,12494012,269964081,13775966,277768970,000000004ce31802,257470069,39962902,39962902,262874260,302837162,257470069,000000004ce31802,00000600,000000005af860bf,000000005af860be,0
3116,3116,0,12494012,269964081,13775966,277768971,000000004ce31802,257470070,39962902,39962902,262874261,302837162,257470069,000000004ce31803,00000604,000000005af860c0,000000005af860bf,0
3117,3117,0,12494012,269964082,13775966,277768971,000000004ce31803,257470070,39962902,39962902,262874261,302837163,257470070,000000004ce31804,00000604,000000005af860c1,000000005af860c0,0
3118,3118,0,12494012,269964082,13775966,277768971,000000004ce31804,257470070,39962902,39962902,262874261,302837163,257470070,000000004ce31804,00000604,000000005af860c1,000000005af860c1,0
3119,3119,0,12494012,269964082,13775966,277768971,000000004ce31804,257470070,39962902,39962902,262874261,302837163,257470070,000000004ce31805,000005fc,000000005af860c2,000000005af860c1,0
3120,3120,0,12494012,269964082,13775966,277768971,000000004ce31805,257470070,39962902,39962902,262874261,302837163,257470070,000000004ce31805,00000600,000000005af860c3,000000005af860c2,0
3121,3121,0,12494012,269964082,13775966,277768972,000000004ce31805,257470071,39962902,39962902,262874262,302837163,257470070,000000004ce31806,00000604,000000005af860c4,000000005af860c3,0
3122,3122,0,12494012,269964083,13775966,277768972,000000004ce31806,257470071,39962902,39962902,262874262,302837164,257470071,000000004ce31807,00000604,000000005af860c5,000000005af860c4,0
3123,3123,0,12494012,269964083,13775966,277768972,000000004ce31807,257470071,39962902,39962902,262874262,302837164,257470071,000000004ce31807,00000604,000000005af860c5,000000005af860c5,0
3124,3124,0,12494012,269964083,13775966,277768972,000000004ce31807,257470071,39962902,39962902,262874262,302837164,257470071,000000004ce31808,000005fc,000000005af860c6,000000005af860c5,0
3125,3125,0,12494012,269964083,13775966,277768972,000000004ce31808,257470071,39962902,39962902,262874262,302837164,257470071,000000004ce31808,00000600,000000005af860c7,000000005af860c6,0
3126,3126,0,12494012,269964083,13775966,277768973,000000004ce31808,257470072,39962902,39962902,262874263,302837164,257470071,000000004ce31809,00000604,000000005af860c8,000000005af860c7,0
3127,3127,0,12494012,269964084,13775966,277768973,000000004ce31809,257470072,39962902,39962902,262874263,302837165,257470072,000000004ce3180a,00000604,000000005af860c9,000000005af860c8,0
3128,3128,0,12494012,269964084,13775966,277768973,000000004ce3180a,257470072,39962902,39962902,262874263,302837165,257470072,000000004ce3180a,00000604,000000005af860c9,000000005af860c9,0
3129,3129,0,12494012,269964084,13775966,277768973,000000004ce3180a,257470072,39962902,39962902,262874263,302837165,257470072,000000004ce3180b,000005fc,000000005af860ca,000000005af860c9,0
3130,3130,0,12494012,269964084,13775966,277768973,000000004ce3180b,257470072,39962902,39962902,262874263,302837165,257470072,000000004ce3180b,00000600,000000005af860cb,000000005af860ca,0
3131,3131,0,12494012,269964084,13775966,277768974,000000004ce3180b,257470073,39962902,39962902,262874264,302837165,257470072,000000004ce3180c,00000604,000000005af860cc,000000005af860cb,0
3132,3132,0,12494012,269964085,13775966,277768974,000000004ce3180c,257470073,39962902,39962902,262874264,302837166,257470073,000000004ce3180d,00000604,000000005af860cd,000000005af860cc,0
3133,3133,0,12494012,269964085,13775966,277768974,000000004ce3180d,257470073,39962902,39962902,262874264,302837166,257470073,000000004ce3180d,00000604,000000005af860cd,000000005af860cd,0
3134,3134,0,12494012,269964085,13775966,277768974,000000004ce3180d,257470073,39962902,39962902,262874264,302837166,257470073,000000004ce3180e,000005fc,000000005af860ce,000000005af860cd,0
3135,3135,0,12494012,269964085,13775966,277768974,000000004ce3180e,257470073,39962902,39962902,262874264,302837166,257470073,000000004ce3180e,00000600,000000005af860cf,000000005af860ce,0
3136,3136,0,12494012,269964085,13775966,277768975,000000004ce3180e,257470074,39962902,39962902,262874265,302837166,257470073,000000004ce3180f,00000604,000000005af860d0,000000005af860cf,0
3137,3137,0,12494012,269964086,13775966,277768975,000000004ce3180f,257470074,39962902,39962902,262874265,302837167,257470074,000000004ce31810,00000604,000000005af860d1,000000005af860d0,0
3138,3138,0,12494012,269964086,13775966,277768975,000000004ce31810,257470074,39962902,39962902,262874265,302837167,257470074,000000004ce31810,00000604,000000005af860d1,000000005af860d1,0
3139,3139,0,12494012,269964086,13775966,277768975,000000004ce31810,257470074,39962902,39962902,262874265,302837167,257470074,000000004ce31811,000005fc,000000005af860d2,000000005af860d1,0
3140,3140,0,12494012,269964086,13775966,277768975,000000004ce31811,257470074,39962902,39962902,262874265,302837167,257470074,000000004ce31811,00000600,000000005af860d3,000000005af860d2,0
3141,3141,0,12494012,269964086,13775966,277768976,000000004ce31811,257470075,39962902,39962902,262874266,302837167,257470074,000000004ce31812,00000604,000000005af860d4,000000005af860d3,0
3142,3142,0,12494012,269964087,13775966,277768976,000000004ce31812,257470075,39962902,39962902,262874266,302837168,257470075,000000004ce31813,00000604,000000005af860d5,000000005af860d4,0
3143,3143,0,12494012,269964087,13775966,277768976,000000004ce31813,257470075,39962902,39962902,262874266,302837168,257470075,000000004ce31813,00000604,000000005af860d5,000000005af860d5,0
3144,3144,0,12494012,269964087,13775966,277768976,000000004ce31813,257470075,39962902,39962902,262874266,302837168,257470075,000000004ce31814,000005fc,000000005af860d6,000000005af860d5,0
3145,3145,0,12494012,269964087,13775966,277768976,000000004ce31814,257470075,39962902,39962902,262874266,302837168,257470075,000000004ce31814,00000600,000000005af860d7,000000005af860d6,0
3146,3146,0,12494012,269964087,13775966,277768977,000000004ce31814,257470076,39962902,39962902,262874267,302837168,257470075,000000004ce31815,00000604,000000005af860d8,000000005af860d7,0
3147,3147,0,12494012,269964088,13775966,277768977,000000004ce31815,257470076,39962902,39962902,262874267,302837169,257470076,000000004ce31816,00000604,000000005af860d9,000000005af860d8,0
3148,3148,0,12494012,269964088,13775966,277768977,000000004ce31816,257470076,39962902,39962902,262874267,302837169,257470076,000000004ce31816,00000604,000000005af860d9,000000005af860d9,0
3149,3149,0,12494012,269964088,13775966,277768977,000000004ce31816,257470076,39962902,39962902,262874267,302837169,257470076,000000004ce31817,000005fc,000000005af860da,000000005af860d9,0
3150,3150,0,12494012,269964088,13775966,277768977,000000004ce31817,257470076,39962902,39962902,262874267,302837169,257470076,000000004ce31817,00000600,000000005af860db,000000005af860da,0
3151,3151,0,12494012,269964088,13775966,277768978,000000004ce31817,257470077,39962902,39962902,262874268,302837169,257470076,000000004ce31818,00000604,000000005af860dc,000000005af860db,0
3152,3152,0,12494012,269964089,13775966,277768978,000000004ce31818,257470077,39962902,39962902,262874268,302837170,257470077,000000004ce31819,00000604,000000005af860dd,000000005af860dc,0
3153,3153,0,12494012,269964089,13775966,277768978,000000004ce31819,257470077,39962902,39962902,262874268,302837170,257470077,000000004ce31819,00000604,000000005af860dd,000000005af860dd,0
3154,3154,0,12494012,269964089,13775966,277768978,000000004ce31819,257470077,39962902,39962902,262874268,302837170,257470077,000000004ce3181a,000005fc,000000005af860de,000000005af860dd,0
3155,3155,0,12494012,269964089,13775966,277768978,000000004ce3181a,257470077,39962902,39962902,262874268,302837170,257470077,000000004ce3181a,00000600,000000005af860df,000000005af860de,0
3156,3156,0,12494012,269964089,13775966,277768979,000000004ce3181a,257470078,39962902,39962902,262874269,302837170,257470077,000000004ce3181b,00000604,000000005af860e0,000000005af860df,0
3157,3157,0,12494012,269964090,13775966,277768979,000000004ce3181b,257470078,39962902,39962902,262874269,302837171,257470078,000000004ce3181c,00000604,000000005af860e1,000000005af860e0,0
3158,3158,0,12494012,269964090,13775966,277768979,000000004ce3181c,257470078,39962902,39962902,262874269,302837171,257470078,000000004ce3181c,00000604,000000005af860e1,000000005af860e1,0
3159,3159,0,12494012,269964090,13775966,277768979,000000004ce3181c,257470078,39962902,39962902,262874269,302837171,257470078,000000004ce3181d,000005fc,000000005af860e2,000000005af860e1,0
3160,3160,0,12494012,269964090,13775966,277768979,000000004ce3181d,257470078,39962902,39962902,262874269,302837171,257470078,000000004ce3181d,00000600,000000005af860e3,000000005af860e2,0
3161,3161,0,12494012,269964090,13775966,277768980,000000004ce3181d,257470079,39962902,39962902,262874270,302837171,257470078,000000004ce3181e,00000604,000000005af860e4,000000005af860e3,0
3162,3162,0,12494012,269964091,13775966,277768980,000000004ce3181e,257470079,39962902,39962902,262874270,302837172,257470079,000000004ce3181f,00000604,000000005af860e5,000000005af860e4,0
3163,3163,0,12494012,269964091,13775966,277768980,000000004ce3181f,257470079,39962902,39962902,262874270,302837172,257470079,000000004ce3181f,00000604,000000005af860e5,000000005af860e5,0
3164,3164,0,12494012,269964091,13775966,277768980,000000004ce3181f,257470079,39962902,39962902,262874270,302837172,257470079,000000004ce31820,000005fc,000000005af860e6,000000005af860e5,0
3165,3165,0,12494012,269964091,13775966,277768980,000000004ce31820,257470079,39962902,39962902,262874270,302837172,257470079,000000004ce31820,00000600,000000005af860e7,000000005af860e6,0
3166,3166,0,12494012,269964091,13775966,277768981,000000004ce31820,257470080,39962902,39962902,262874271,302837172,257470079,000000004ce31821,00000604,000000005af860e8,000000005af860e7,0
3167,3167,0,12494012,269964092,13775966,277768981,000000004ce31821,257470080,39962902,39962902,262874271,302837173,257470080,000000004ce31822,00000604,000000005af860e9,000000005af860e8,0
3168,3168,0,12494012,269964092,13775966,277768981,000000004ce31822,257470080,39962902,39962902,262874271,302837173,257470080,000000004ce31822,00000604,000000005af860e9,000000005af860e9,0
3169,3169,0,12494012,269964092,13775966,277768981,000000004ce31822,257470080,39962902,39962902,262874271,302837173,257470080,000000004ce31823,000005fc,000000005af860ea,000000005af860e9,0
3170,3170,0,12494012,269964092,13775966,277768981,000000004ce31823,257470080,39962902,39962902,262874271,302837173,257470080,000000004ce31823,00000600,000000005af860eb,000000005af860ea,0
3171,3171,0,12494012,269964092,13775966,277768982,000000004ce31823,257470081,39962902,39962902,262874272,302837173,257470080,000000004ce31824,00000604,000000005af860ec,000000005af860eb,0
3172,3172,0,12494012,269964093,13775966,277768982,000000004ce31824,257470081,39962902,39962902,262874272,302837174,257470081,000000004ce31825,00000604,000000005af860ed,000000005af860ec,0
3173,3173,0,12494012,269964093,13775966,277768982,000000004ce31825,257470081,39962902,39962902,262874272,302837174,257470081,000000004ce31825,00000604,000000005af860ed,000000005af860ed,0
3174,3174,0,12494012,269964093,13775966,277768982,000000004ce31825,257470081,39962902,39962902,262874272,302837174,257470081,000000004ce31826,000005fc,000000005af860ee,000000005af860ed,0
3175,3175,0,12494012,269964093,13775966,277768982,000000004ce31826,257470081,39962902,39962902,262874272,302837174,257470081,000000004ce31826,00000600,000000005af860ef,000000005af860ee,0
3176,3176,0,12494012,269964093,13775966,277768983,000000004ce31826,257470082,39962902,39962902,262874273,302837174,257470081,000000004ce31827,00000604,000000005af860f0,000000005af860ef,0
3177,3177,0,12494012,269964094,13775966,277768983,000000004ce31827,257470082,39962902,39962902,262874273,302837175,257470082,000000004ce31828,00000604,000000005af860f1,000000005af860f0,0
3178,3178,0,12494012,269964094,13775966,277768983,000000004ce31828,257470082,39962902,39962902,262874273,302837175,257470082,000000004ce31828,00000604,000000005af860f1,000000005af860f1,0
3179,3179,0,12494012,269964094,13775966,277768983,000000004ce31828,257470082,39962902,39962902,262874273,302837175,257470082,000000004ce31829,000005fc,000000005af860f2,000000005af860f1,0
3180,3180,0,12494012,269964094,13775966,277768983,000000004ce31829,257470082,39962902,39962902,262874273,302837175,257470082,000000004ce31829,00000600,000000005af860f3,000000005af860f2,0
3181,3181,0,12494012,269964094,13775966,277768984,000000004ce31829,257470083,39962902,39962902,262874274,302837175,257470082,000000004ce3182a,00000604,000000005af860f4,000000005af860f3,0
3182,3182,0,12494012,269964095,13775966,277768984,000000004ce3182a,257470083,39962902,39962902,262874274,302837176,257470083,000000004ce3182b,00000604,000000005af860f5,000000005af860f4,0
3183,3183,0,12494012,269964095,13775966,277768984,000000004ce3182b,257470083,39962902,39962902,262874274,302837176,257470083,000000004ce3182b,00000604,000000005af860f5,000000005af860f5,0
3184,3184,0,12494012,269964095,13775966,277768984,000000004ce3182b,257470083,39962902,39962902,262874274,302837176,257470083,000000004ce3182c,000005fc,000000005af860f6,000000005af860f5,0
3185,3185,0,12494012,269964095,13775966,277768984,000000004ce3182c,257470083,39962902,39962902,262874274,302837176,257470083,000000004ce3182c,00000600,000000005af860f7,000000005af860f6,0
3186,3186,0,12494012,269964095,13775966,277768985,000000004ce3182c,257470084,39962902,39962902,262874275,302837176,257470083,000000004ce3182d,00000604,000000005af860f8,000000005af860f7,0
3187,3187,0,12494012,269964096,13775966,277768985,000000004ce3182d,257470084,39962902,39962902,262874275,302837177,257470084,000000004ce3182e,00000604,000000005af860f9,000000005af860f8,0
3188,3188,0,12494012,269964096,13775966,277768985,000000004ce3182e,257470084,39962902,39962902,262874275,302837177,257470084,000000004ce3182e,00000604,000000005af860f9,000000005af860f9,0
3189,3189,0,12494012,269964096,13775966,277768985,000000004ce3182e,257470084,39962902,39962902,262874275,302837177,257470084,000000004ce3182f,000005fc,000000005af860fa,000000005af860f9,0
3190,3190,0,12494012,269964096,13775966,277768985,000000004ce3182f,257470084,39962902,39962902,262874275,302837177,257470084,000000004ce3182f,00000600,000000005af860fb,000000005af860fa,0
3191,3191,0,12494012,269964096,13775966,277768986,000000004ce3182f,257470085,39962902,39962902,262874276,302837177,257470084,000000004ce31830,00000604,000000005af860fc,000000005af860fb,0
3192,3192,0,12494012,269964097,13775966,277768986,000000004ce31830,257470085,39962902,39962902,262874276,302837178,257470085,000000004ce31831,00000604,000000005af860fd,000000005af860fc,0
3193,3193,0,12494012,269964097,13775966,277768986,000000004ce31831,257470085,39962902,39962902,262874276,302837178,257470085,000000004ce31831,00000604,000000005af860fd,000000005af860fd,0
3194,3194,0,12494012,269964097,13775966,277768986,000000004ce31831,257470085,39962902,39962902,262874276,302837178,257470085,000000004ce31832,000005fc,000000005af860fe,000000005af860fd,0
3195,3195,0,12494012,269964097,13775966,277768986,000000004ce31832,257470085,39962902,39962902,262874276,302837178,257470085,000000004ce31832,00000600,000000005af860ff,000000005af860fe,0
3196,3196,0,12494012,269964097,13775966,277768987,000000004ce31832,257470086,39962902,39962902,262874277,302837178,257470085,000000004ce31833,00000604,000000005af86100,000000005af860ff,0
3197,3197,0,12494012,269964098,13775966,277768987,000000004ce31833,257470086,39962902,39962902,262874277,302837179,257470086,000000004ce31834,00000604,000000005af86101,000000005af86100,0
3198,3198,0,12494012,269964098,13775966,277768987,000000004ce31834,257470086,39962902,39962902,262874277,302837179,257470086,000000004ce31834,00000604,000000005af86101,000000005af86101,0
3199,3199,0,12494012,269964098,13775966,277768987,000000004ce31834,257470086,39962902,39962902,262874277,302837179,257470086,000000004ce31835,000005fc,000000005af86102,000000005af86101,0
3200,3200,0,12494012,269964098,13775966,277768987,000000004ce31835,257470086,39962902,39962902,262874277,302837179,257470086,000000004ce31835,00000600,000000005af86103,000000005af86102,0
3201,3201,0,12494012,269964098,13775966,277768988,000000004ce31835,257470087,39962902,39962902,262874278,302837179,257470086,000000004ce31836,00000604,000000005af86104,000000005af86103,0
3202,3202,0,12494012,269964099,13775966,277768988,000000004ce31836,257470087,39962902,39962902,262874278,302837180,257470087,000000004ce31837,00000604,000000005af86105,000000005af86104,0
3203,3203,0,12494012,269964099,13775966,277768988,000000004ce31837,257470087,39962902,39962902,262874278,302837180,257470087,000000004ce31837,00000604,000000005af86105,000000005af86105,0
3204,3204,0,12494012,269964099,13775966,277768988,000000004ce31837,257470087,39962902,39962902,262874278,302837180,257470087,000000004ce31838,000005fc,000000005af86106,000000005af86105,0
3205,3205,0,12494012,269964099,13775966,277768988,000000004ce31838,257470087,39962902,39962902,262874278,302837180,257470087,000000004ce31838,00000600,000000005af86107,000000005af86106,0
3206,3206,0,12494012,269964099,13775966,277768989,000000004ce31838,257470088,39962902,39962902,262874279,302837180,257470087,000000004ce31839,00000604,000000005af86108,000000005af86107,0
3207,3207,0,12494012,269964100,13775966,277768989,000000004ce31839,257470088,39962902,39962902,262874279,302837181,257470088,000000004ce3183a,00000604,000000005af86109,000000005af86108,0
3208,3208,0,12494012,269964100,13775966,277768989,000000004ce3183a,257470088,39962902,39962902,262874279,302837181,257470088,000000004ce3183a,00000604,000000005af86109,000000005af86109,0
3209,3209,0,12494012,269964100,13775966,277768989,000000004ce3183a,257470088,39962902,39962902,262874279,302837181,257470088,000000004ce3183b,000005fc,000000005af8610a,000000005af86109,0
3210,3210,0,12494012,269964100,13775966,277768989,000000004ce3183b,257470088,39962902,39962902,262874279,302837181,257470088,000000004ce3183b,00000600,000000005af8610b,000000005af8610a,0
3211,3211,0,12494012,269964100,13775966,277768990,000000004ce3183b,257470089,39962902,39962902,262874280,302837181,257470088,000000004ce3183c,00000604,000000005af8610c,000000005af8610b,0
3212,3212,0,12494012,269964101,13775966,277768990,000000004ce3183c,257470089,39962902,39962902,262874280,302837182,257470089,000000004ce3183d,00000604,000000005af8610d,000000005af8610c,0
3213,3213,0,12494012,269964101,13775966,277768990,000000004ce3183d,257470089,39962902,39962902,262874280,302837182,257470089,000000004ce3183d,00000604,000000005af8610d,000000005af8610d,0
3214,3214,0,12494012,269964101,13775966,277768990,000000004ce3183d,257470089,39962902,39962902,262874280,302837182,257470089,000000004ce3183e,000005fc,000000005af8610e,000000005af8610d,0
3215,3215,0,12494012,269964101,13775966,277768990,000000004ce3183e,257470089,39962902,39962902,262874280,302837182,257470089,000000004ce3183e,00000600,000000005af8610f,000000005af8610e,0
3216,3216,0,12494012,269964101,13775966,277768991,000000004ce3183e,257470090,39962902,39962902,262874281,302837182,257470089,000000004ce3183f,00000604,000000005af86110,000000005af8610f,0
3217,3217,0,12494012,269964102,13775966,277768991,000000004ce3183f,257470090,39962902,39962902,262874281,302837183,257470090,000000004ce31840,00000604,000000005af86111,000000005af86110,0
3218,3218,0,12494012,269964102,13775966,277768991,000000004ce31840,257470090,39962902,39962902,262874281,302837183,257470090,000000004ce31840,00000604,000000005af86111,000000005af86111,0
3219,3219,0,12494012,269964102,13775966,277768991,000000004ce31840,257470090,39962902,39962902,262874281,302837183,257470090,000000004ce31841,000005fc,000000005af86112,000000005af86111,0
3220,3220,0,12494012,269964102,13775966,277768991,000000004ce31841,257470090,39962902,39962902,262874281,302837183,257470090,000000004ce31841,00000600,000000005af86113,000000005af86112,0
3221,3221,0,12494012,269964102,13775966,277768992,000000004ce31841,257470091,39962902,39962902,262874282,302837183,257470090,000000004ce31842,00000604,000000005af86114,000000005af86113,0
3222,3222,0,12494012,269964103,13775966,277768992,000000004ce31842,257470091,39962902,39962902,262874282,302837184,257470091,000000004ce31843,00000604,000000005af86115,000000005af86114,0
3223,3223,0,12494012,269964103,13775966,277768992,000000004ce31843,257470091,39962902,39962902,262874282,302837184,257470091,000000004ce31843,00000604,000000005af86115,000000005af86115,0
3224,3224,0,12494012,269964103,13775966,277768992,000000004ce31843,257470091,39962902,39962902,262874282,302837184,257470091,000000004ce31844,000005fc,000000005af86116,000000005af86115,0
3225,3225,0,12494012,269964103,13775966,277768992,000000004ce31844,257470091,39962902,39962902,262874282,302837184,257470091,000000004ce31844,00000600,000000005af86117,000000005af86116,0
3226,3226,0,12494012,269964103,13775966,277768993,000000004ce31844,257470092,39962902,39962902,262874283,302837184,257470091,000000004ce31845,00000604,000000005af86118,000000005af86117,0
3227,3227,0,12494012,269964104,13775966,277768993,000000004ce31845,257470092,39962902,39962902,262874283,302837185,257470092,000000004ce31846,00000604,000000005af86119,000000005af86118,0
3228,3228,0,12494012,269964104,13775966,277768993,000000004ce31846,257470092,39962902,39962902,262874283,302837185,257470092,000000004ce31846,00000604,000000005af86119,000000005af86119,0
3229,3229,0,12494012,269964104,13775966,277768993,000000004ce31846,257470092,39962902,39962902,262874283,302837185,257470092,000000004ce31847,000005fc,000000005af8611a,000000005af86119,0
3230,3230,0,12494012,269964104,13775966,277768993,000000004ce31847,257470092,39962902,39962902,262874283,302837185,257470092,000000004ce31847,00000600,000000005af8611b,000000005af8611a,0
3231,3231,0,12494012,269964104,13775966,277768994,000000004ce31847,257470093,39962902,39962902,262874284,302837185,257470092,000000004ce31848,00000604,000000005af8611c,000000005af8611b,0
3232,3232,0,12494012,269964105,13775966,277768994,000000004ce31848,257470093,39962902,39962902,262874284,302837186,257470093,000000004ce31849,00000604,000000005af8611d,000000005af8611c,0
3233,3233,0,12494012,269964105,13775966,277768994,000000004ce31849,257470093,39962902,39962902,262874284,302837186,257470093,000000004ce31849,00000604,000000005af8611d,000000005af8611d,0
3234,3234,0,12494012,269964105,13775966,277768994,000000004ce31849,257470093,39962902,39962902,262874284,302837186,257470093,000000004ce3184a,000005fc,000000005af8611e,000000005af8611d,0
3235,3235,0,12494012,269964105,13775966,277768994,000000004ce3184a,257470093,39962902,39962902,262874284,302837186,257470093,000000004ce3184a,00000600,000000005af8611f,000000005af8611e,0
3236,3236,0,12494012,269964105,13775966,277768995,000000004ce3184a,257470094,39962902,39962902,262874285,302837186,257470093,000000004ce3184b,00000604,000000005af86120,000000005af8611f,0
3237,3237,0,12494012,269964106,13775966,277768995,000000004ce3184b,257470094,39962902,39962902,262874285,302837187,257470094,000000004ce3184c,00000604,000000005af86121,000000005af86120,0
3238,3238,0,12494012,269964106,13775966,277768995,000000004ce3184c,257470094,39962902,39962902,262874285,302837187,257470094,000000004ce3184c,00000604,000000005af86121,000000005af86121,0
3239,3239,0,12494012,269964106,13775966,277768995,000000004ce3184c,257470094,39962902,39962902,262874285,302837187,257470094,000000004ce3184d,000005fc,000000005af86122,000000005af86121,0
3240,3240,0,12494012,269964106,13775966,277768995,000000004ce3184d,257470094,39962902,39962902,262874285,302837187,257470094,000000004ce3184d,00000600,000000005af86123,000000005af86122,0
3241,3241,0,12494012,269964106,13775966,277768996,000000004ce3184d,257470095,39962902,39962902,262874286,302837187,257470094,000000004ce3184e,00000604,000000005af86124,000000005af86123,0
3242,3242,0,12494012,269964107,13775966,277768996,000000004ce3184e,257470095,39962902,39962902,262874286,302837188,257470095,000000004ce3184f,00000604,000000005af86125,000000005af86124,0
3243,3243,0,12494012,269964107,13775966,277768996,000000004ce3184f,257470095,39962902,39962902,262874286,302837188,257470095,000000004ce3184f,00000604,000000005af86125,000000005af86125,0
3244,3244,0,12494012,269964107,13775966,277768996,000000004ce3184f,257470095,39962902,39962902,262874286,302837188,257470095,000000004ce31850,000005fc,000000005af86126,000000005af86125,0
3245,3245,0,12494012,269964107,13775966,277768996,000000004ce31850,257470095,39962902,39962902,262874286,302837188,257470095,000000004ce31850,00000600,000000005af86127,000000005af86126,0
3246,3246,0,12494012,269964107,13775966,277768997,000000004ce31850,257470096,39962902,39962902,262874287,302837188,257470095,000000004ce31851,00000604,000000005af86128,000000005af86127,0
3247,3247,0,12494012,269964108,13775966,277768997,000000004ce31851,257470096,39962902,39962902,262874287,302837189,257470096,000000004ce31852,00000604,000000005af86129,000000005af86128,0
3248,3248,0,12494012,269964108,13775966,277768997,000000004ce31852,257470096,39962902,39962902,262874287,302837189,257470096,000000004ce31852,00000604,000000005af86129,000000005af86129,0
3249,3249,0,12494012,269964108,13775966,277768997,000000004ce31852,257470096,39962902,39962902,262874287,302837189,257470096,000000004ce31853,000005fc,000000005af8612a,000000005af86129,0
3250,3250,0,12494012,269964108,13775966,277768997,000000004ce31853,257470096,39962902,39962902,262874287,302837189,257470096,000000004ce31853,00000600,000000005af8612b,000000005af8612a,0
3251,3251,0,12494012,269964108,13775966,277768998,000000004ce31853,257470097,39962902,39962902,262874288,302837189,257470096,000000004ce31854,00000604,000000005af8612c,000000005af8612b,0
3252,3252,0,12494012,269964109,13775966,277768998,000000004ce31854,257470097,39962902,39962902,262874288,302837190,257470097,000000004ce31855,00000604,000000005af8612d,000000005af8612c,0
3253,3253,0,12494012,269964109,13775966,277768998,000000004ce31855,257470097,39962902,39962902,262874288,302837190,257470097,000000004ce31855,00000604,000000005af8612d,000000005af8612d,0
3254,3254,0,12494012,269964109,13775966,277768998,000000004ce31855,257470097,39962902,39962902,262874288,302837190,257470097,000000004ce31856,000005fc,000000005af8612e,000000005af8612d,0
3255,3255,0,12494012,269964109,13775966,277768998,000000004ce31856,257470097,39962902,39962902,262874288,302837190,257470097,000000004ce31856,00000600,000000005af8612f,000000005af8612e,0
3256,3256,0,12494012,269964109,13775966,277768999,000000004ce31856,257470098,39962902,39962902,262874289,302837190,257470097,000000004ce31857,00000604,000000005af86130,000000005af8612f,0
3257,3257,0,12494012,269964110,13775966,277768999,000000004ce31857,257470098,39962902,39962902,262874289,302837191,257470098,000000004ce31858,00000604,000000005af86131,000000005af86130,0
3258,3258,0,12494012,269964110,13775966,277768999,000000004ce31858,257470098,39962902,39962902,262874289,302837191,257470098,000000004ce31858,00000604,000000005af86131,000000005af86131,0
3259,3259,0,12494012,269964110,13775966,277768999,000000004ce31858,257470098,39962902,39962902,262874289,302837191,257470098,000000004ce31859,000005fc,000000005af86132,000000005af86131,0
3260,3260,0,12494012,269964110,13775966,277768999,000000004ce31859,257470098,39962902,39962902,262874289,302837191,257470098,000000004ce31859,00000600,000000005af86133,000000005af86132,0
3261,3261,0,12494012,269964110,13775966,277769000,000000004ce31859,257470099,39962902,39962902,262874290,302837191,257470098,000000004ce3185a,00000604,000000005af86134,000000005af86133,0
3262,3262,0,12494012,269964111,13775966,277769000,000000004ce3185a,257470099,39962902,39962902,262874290,302837192,257470099,000000004ce3185b,00000604,000000005af86135,000000005af86134,0
3263,3263,0,12494012,269964111,13775966,277769000,000000004ce3185b,257470099,39962902,39962902,262874290,302837192,257470099,000000004ce3185b,00000604,000000005af86135,000000005af86135,0
3264,3264,0,12494012,269964111,13775966,277769000,000000004ce3185b,257470099,39962902,39962902,262874290,302837192,257470099,000000004ce3185c,000005fc,000000005af86136,000000005af86135,0
3265,3265,0,12494012,269964111,13775966,277769000,000000004ce3185c,257470099,39962902,39962902,262874290,302837192,257470099,000000004ce3185c,00000600,000000005af86137,000000005af86136,0
3266,3266,0,12494012,269964111,13775966,277769001,000000004ce3185c,257470100,39962902,39962902,262874291,302837192,257470099,000000004ce3185d,00000604,000000005af86138,000000005af86137,0
3267,3267,0,12494012,269964112,13775966,277769001,000000004ce3185d,257470100,39962902,39962902,262874291,302837193,257470100,000000004ce3185e,00000604,000000005af86139,000000005af86138,0
3268,3268,0,12494012,269964112,13775966,277769001,000000004ce3185e,257470100,39962902,39962902,262874291,302837193,257470100,000000004ce3185e,00000604,000000005af86139,000000005af86139,0
3269,3269,0,12494012,269964112,13775966,277769001,000000004ce3185e,257470100,39962902,39962902,262874291,302837193,257470100,000000004ce3185f,000005fc,000000005af8613a,000000005af86139,0
3270,3270,0,12494012,269964112,13775966,277769001,000000004ce3185f,257470100,39962902,39962902,262874291,302837193,257470100,000000004ce3185f,00000600,000000005af8613b,000000005af8613a,0
3271,3271,0,12494012,269964112,13775966,277769002,000000004ce3185f,257470101,39962902,39962902,262874292,302837193,257470100,000000004ce31860,00000604,000000005af8613c,000000005af8613b,0
3272,3272,0,12494012,269964113,13775966,277769002,000000004ce31860,257470101,39962902,39962902,262874292,302837194,257470101,000000004ce31861,00000604,000000005af8613d,000000005af8613c,0
3273,3273,0,12494012,269964113,13775966,277769002,000000004ce31861,257470101,39962902,39962902,262874292,302837194,257470101,000000004ce31861,00000604,000000005af8613d,000000005af8613d,0
3274,3274,0,12494012,269964113,13775966,277769002,000000004ce31861,257470101,39962902,39962902,262874292,302837194,257470101,000000004ce31862,000005fc,000000005af8613e,000000005af8613d,0
3275,3275,0,12494012,269964113,13775966,277769002,000000004ce31862,257470101,39962902,39962902,262874292,302837194,257470101,000000004ce31862,00000600,000000005af8613f,000000005af8613e,0
3276,3276,0,12494012,269964113,13775966,277769003,000000004ce31862,257470102,39962902,39962902,262874293,302837194,257470101,000000004ce31863,00000604,000000005af86140,000000005af8613f,0
3277,3277,0,12494012,269964114,13775966,277769003,000000004ce31863,257470102,39962902,39962902,262874293,302837195,257470102,000000004ce31864,00000604,000000005af86141,000000005af86140,0
3278,3278,0,12494012,269964114,13775966,277769003,000000004ce31864,257470102,39962902,39962902,262874293,302837195,257470102,000000004ce31864,00000604,000000005af86141,000000005af86141,0
3279,3279,0,12494012,269964114,13775966,277769003,000000004ce31864,257470102,39962902,39962902,262874293,302837195,257470102,000000004ce31865,000005fc,000000005af86142,000000005af86141,0
3280,3280,0,12494012,269964114,13775966,277769003,000000004ce31865,257470102,39962902,39962902,262874293,302837195,257470102,000000004ce31865,00000600,000000005af86143,000000005af86142,0
3281,3281,0,12494012,269964114,13775966,277769004,000000004ce31865,257470103,39962902,39962902,262874294,302837195,257470102,000000004ce31866,00000604,000000005af86144,000000005af86143,0
3282,3282,0,12494012,269964115,13775966,277769004,000000004ce31866,257470103,39962902,39962902,262874294,302837196,257470103,000000004ce31867,00000604,000000005af86145,000000005af86144,0
3283,3283,0,12494012,269964115,13775966,277769004,000000004ce31867,257470103,39962902,39962902,262874294,302837196,257470103,000000004ce31867,00000604,000000005af86145,000000005af86145,0
3284,3284,0,12494012,269964115,13775966,277769004,000000004ce31867,257470103,39962902,39962902,262874294,302837196,257470103,000000004ce31868,000005fc,000000005af86146,000000005af86145,0
3285,3285,0,12494012,269964115,13775966,277769004,000000004ce31868,257470103,39962902,39962902,262874294,302837196,257470103,000000004ce31868,00000600,000000005af86147,000000005af86146,0
3286,3286,0,12494012,269964115,13775966,277769005,000000004ce31868,257470104,39962902,39962902,262874295,302837196,257470103,000000004ce31869,00000604,000000005af86148,000000005af86147,0
3287,3287,0,12494012,269964116,13775966,277769005,000000004ce31869,257470104,39962902,39962902,262874295,302837197,257470104,000000004ce3186a,00000604,000000005af86149,000000005af86148,0
3288,3288,0,12494012,269964116,13775966,277769005,000000004ce3186a,257470104,39962902,39962902,262874295,302837197,257470104,000000004ce3186a,00000604,000000005af86149,000000005af86149,0
3289,3289,0,12494012,269964116,13775966,277769005,000000004ce3186a,257470104,39962902,39962902,262874295,302837197,257470104,000000004ce3186b,000005fc,000000005af8614a,000000005af86149,0
3290,3290,0,12494012,269964116,13775966,277769005,000000004ce3186b,257470104,39962902,39962902,262874295,302837197,257470104,000000004ce3186b,00000600,000000005af8614b,000000005af8614a,0
3291,3291,0,12494012,269964116,13775966,277769006,000000004ce3186b,257470105,39962902,39962902,262874296,302837197,257470104,000000004ce3186c,00000604,000000005af8614c,000000005af8614b,0
3292,3292,0,12494012,269964117,13775966,277769006,000000004ce3186c,257470105,39962902,39962902,262874296,302837198,257470105,000000004ce3186d,00000604,000000005af8614d,000000005af8614c,0
3293,3293,0,12494012,269964117,13775966,277769006,000000004ce3186d,257470105,39962902,39962902,262874296,302837198,257470105,000000004ce3186d,00000604,000000005af8614d,000000005af8614d,0
3294,3294,0,12494012,269964117,13775966,277769006,000000004ce3186d,257470105,39962902,39962902,262874296,302837198,257470105,000000004ce3186e,000005fc,000000005af8614e,000000005af8614d,0
3295,3295,0,12494012,269964117,13775966,277769006,000000004ce3186e,257470105,39962902,39962902,262874296,302837198,257470105,000000004ce3186e,00000600,000000005af8614f,000000005af8614e,0
3296,3296,0,12494012,269964117,13775966,277769007,000000004ce3186e,257470106,39962902,39962902,262874297,302837198,257470105,000000004ce3186f,00000604,000000005af86150,000000005af8614f,0
3297,3297,0,12494012,269964118,13775966,277769007,000000004ce3186f,257470106,39962902,39962902,262874297,302837199,257470106,000000004ce31870,00000604,000000005af86151,000000005af86150,0
3298,3298,0,12494012,269964118,13775966,277769007,000000004ce31870,257470106,39962902,39962902,262874297,302837199,257470106,000000004ce31870,00000604,000000005af86151,000000005af86151,0
3299,3299,0,12494012,269964118,13775966,277769007,000000004ce31870,257470106,39962902,39962902,262874297,302837199,257470106,000000004ce31871,000005fc,000000005af86152,000000005af86151,0
3300,3300,0,12494012,269964118,13775966,277769007,000000004ce31871,257470106,39962902,39962902,262874297,302837199,257470106,000000004ce31871,00000600,000000005af86153,000000005af86152,0
3301,3301,0,12494012,269964118,13775966,277769008,000000004ce31871,257470107,39962902,39962902,262874298,302837199,257470106,000000004ce31872,00000604,000000005af86154,000000005af86153,0
3302,3302,0,12494012,269964119,13775966,277769008,000000004ce31872,257470107,39962902,39962902,262874298,302837200,257470107,000000004ce31873,00000604,000000005af86155,000000005af86154,0
3303,3303,0,12494012,269964119,13775966,277769008,000000004ce31873,257470107,39962902,39962902,262874298,302837200,257470107,000000004ce31873,00000604,000000005af86155,000000005af86155,0
3304,3304,0,12494012,269964119,13775966,277769008,000000004ce31873,257470107,39962902,39962902,262874298,302837200,257470107,000000004ce31874,000005fc,000000005af86156,000000005af86155,0
3305,3305,0,12494012,269964119,13775966,277769008,000000004ce31874,257470107,39962902,39962902,262874298,302837200,257470107,000000004ce31874,00000600,000000005af86157,000000005af86156,0
3306,3306,0,12494012,269964119,13775966,277769009,000000004ce31874,257470108,39962902,39962902,262874299,302837200,257470107,000000004ce31875,00000604,000000005af86158,000000005af86157,0
3307,3307,0,12494012,269964120,13775966,277769009,000000004ce31875,257470108,39962902,39962902,262874299,302837201,257470108,000000004ce31876,00000604,000000005af86159,000000005af86158,0
3308,3308,0,12494012,269964120,13775966,277769009,000000004ce31876,257470108,39962902,39962902,262874299,302837201,257470108,000000004ce31876,00000604,000000005af86159,000000005af86159,0
3309,3309,0,12494012,269964120,13775966,277769009,000000004ce31876,257470108,39962902,39962902,262874299,302837201,257470108,000000004ce31877,000005fc,000000005af8615a,000000005af86159,0
3310,3310,0,12494012,269964120,13775966,277769009,000000004ce31877,257470108,39962902,39962902,262874299,302837201,257470108,000000004ce31877,00000600,000000005af8615b,000000005af8615a,0
3311,3311,0,12494012,269964120,13775966,277769010,000000004ce31877,257470109,39962902,39962902,262874300,302837201,257470108,000000004ce31878,00000604,000000005af8615c,000000005af8615b,0
3312,3312,0,12494012,269964121,13775966,277769010,000000004ce31878,257470109,39962902,39962902,262874300,302837202,257470109,000000004ce31879,00000604,000000005af8615d,000000005af8615c,0
3313,3313,0,12494012,269964121,13775966,277769010,000000004ce31879,257470109,39962902,39962902,262874300,302837202,257470109,000000004ce31879,00000604,000000005af8615d,000000005af8615d,0
3314,3314,0,12494012,269964121,13775966,277769010,000000004ce31879,257470109,39962902,39962902,262874300,302837202,257470109,000000004ce3187a,000005fc,000000005af8615e,000000005af8615d,0
3315,3315,0,12494012,269964121,13775966,277769010,000000004ce3187a,257470109,39962902,39962902,262874300,302837202,257470109,000000004ce3187a,00000600,000000005af8615f,000000005af8615e,0
3316,3316,0,12494012,269964121,13775966,277769011,000000004ce3187a,257470110,39962902,39962902,262874301,302837202,257470109,000000004ce3187b,00000604,000000005af86160,000000005af8615f,0
3317,3317,0,12494012,269964122,13775966,277769011,000000004ce3187b,257470110,39962902,39962902,262874301,302837203,257470110,000000004ce3187c,00000604,000000005af86161,000000005af86160,0
3318,3318,0,12494012,269964122,13775966,277769011,000000004ce3187c,257470110,39962902,39962902,262874301,302837203,257470110,000000004ce3187c,00000604,000000005af86161,000000005af86161,0
3319,3319,0,12494012,269964122,13775966,277769011,000000004ce3187c,257470110,39962902,39962902,262874301,302837203,257470110,000000004ce3187d,000005fc,000000005af86162,000000005af86161,0
3320,3320,0,12494012,269964122,13775966,277769011,000000004ce3187d,257470110,39962902,39962902,262874301,302837203,257470110,000000004ce3187d,00000600,000000005af86163,000000005af86162,0
3321,3321,0,12494012,269964122,13775966,277769012,000000004ce3187d,257470111,39962902,39962902,262874302,302837203,257470110,000000004ce3187e,00000604,000000005af86164,000000005af86163,0
3322,3322,0,12494012,269964123,13775966,277769012,000000004ce3187e,257470111,39962902,39962902,262874302,302837204,257470111,000000004ce3187f,00000604,000000005af86165,000000005af86164,0
3323,3323,0,12494012,269964123,13775966,277769012,000000004ce3187f,257470111,39962902,39962902,262874302,302837204,257470111,000000004ce3187f,00000604,000000005af86165,000000005af86165,0
3324,3324,0,12494012,269964123,13775966,277769012,000000004ce3187f,257470111,39962902,39962902,262874302,302837204,257470111,000000004ce31880,000005fc,000000005af86166,000000005af86165,0
3325,3325,0,12494012,269964123,13775966,277769012,000000004ce31880,257470111,39962902,39962902,262874302,302837204,257470111,000000004ce31880,00000600,000000005af86167,000000005af86166,0
3326,3326,0,12494012,269964123,13775966,277769013,000000004ce31880,257470112,39962902,39962902,262874303,302837204,257470111,000000004ce31881,00000604,000000005af86168,000000005af86167,0
3327,3327,0,12494012,269964124,13775966,277769013,000000004ce31881,257470112,39962902,39962902,262874303,302837205,257470112,000000004ce31882,00000604,000000005af86169,000000005af86168,0
3328,3328,0,12494012,269964124,13775966,277769013,000000004ce31882,257470112,39962902,39962902,262874303,302837205,257470112,000000004ce31882,00000604,000000005af86169,000000005af86169,0
3329,3329,0,12494012,269964124,13775966,277769013,000000004ce31882,257470112,39962902,39962902,262874303,302837205,257470112,000000004ce31883,000005fc,000000005af8616a,000000005af86169,0
3330,3330,0,12494012,269964124,13775966,277769013,000000004ce31883,257470112,39962902,39962902,262874303,302837205,257470112,000000004ce31883,00000600,000000005af8616b,000000005af8616a,0
3331,3331,0,12494012,269964124,13775966,277769014,000000004ce31883,257470113,39962902,39962902,262874304,302837205,257470112,000000004ce31884,00000604,000000005af8616c,000000005af8616b,0
3332,3332,0,12494012,269964125,13775966,277769014,000000004ce31884,257470113,39962902,39962902,262874304,302837206,257470113,000000004ce31885,00000604,000000005af8616d,000000005af8616c,0
3333,3333,0,12494012,269964125,13775966,277769014,000000004ce31885,257470113,39962902,39962902,262874304,302837206,257470113,000000004ce31885,00000604,000000005af8616d,000000005af8616d,0
3334,3334,0,12494012,269964125,13775966,277769014,000000004ce31885,257470113,39962902,39962902,262874304,302837206,257470113,000000004ce31886,000005fc,000000005af8616e,000000005af8616d,0
3335,3335,0,12494012,269964125,13775966,277769014,000000004ce31886,257470113,39962902,39962902,262874304,302837206,257470113,000000004ce31886,00000600,000000005af8616f,000000005af8616e,0
3336,3336,0,12494012,269964125,13775966,277769015,000000004ce31886,257470114,39962902,39962902,262874305,302837206,257470113,000000004ce31887,00000604,000000005af86170,000000005af8616f,0
3337,3337,0,12494012,269964126,13775966,277769015,000000004ce31887,257470114,39962902,39962902,262874305,302837207,257470114,000000004ce31888,00000604,000000005af86171,000000005af86170,0
3338,3338,0,12494012,269964126,13775966,277769015,000000004ce31888,257470114,39962902,39962902,262874305,302837207,257470114,000000004ce31888,00000604,000000005af86171,000000005af86171,0
3339,3339,0,12494012,269964126,13775966,277769015,000000004ce31888,257470114,39962902,39962902,262874305,302837207,257470114,000000004ce31889,000005fc,000000005af86172,000000005af86171,0
3340,3340,0,12494012,269964126,13775966,277769015,000000004ce31889,257470114,39962902,39962902,262874305,302837207,257470114,000000004ce31889,00000600,000000005af86173,000000005af86172,0
3341,3341,0,12494012,269964126,13775966,277769016,000000004ce31889,257470115,39962902,39962902,262874306,302837207,257470114,000000004ce3188a,00000604,000000005af86174,000000005af86173,0
3342,3342,0,12494012,269964127,13775966,277769016,000000004ce3188a,257470115,39962902,39962902,262874306,302837208,257470115,000000004ce3188b,00000604,000000005af86175,000000005af86174,0
3343,3343,0,12494012,269964127,13775966,277769016,000000004ce3188b,257470115,39962902,39962902,262874306,302837208,257470115,000000004ce3188b,00000604,000000005af86175,000000005af86175,0
3344,3344,0,12494012,269964127,13775966,277769016,000000004ce3188b,257470115,39962902,39962902,262874306,302837208,257470115,000000004ce3188c,000005fc,000000005af86176,000000005af86175,0
3345,3345,0,12494012,269964127,13775966,277769016,000000004ce3188c,257470115,39962902,39962902,262874306,302837208,257470115,000000004ce3188c,00000600,000000005af86177,000000005af86176,0
3346,3346,0,12494012,269964127,13775966,277769017,000000004ce3188c,257470116,39962902,39962902,262874307,302837208,257470115,000000004ce3188d,00000604,000000005af86178,000000005af86177,0
3347,3347,0,12494012,269964128,13775966,277769017,000000004ce3188d,257470116,39962902,39962902,262874307,302837209,257470116,000000004ce3188e,00000604,000000005af86179,000000005af86178,0
3348,3348,0,12494012,269964128,13775966,277769017,000000004ce3188e,257470116,39962902,39962902,262874307,302837209,257470116,000000004ce3188e,00000604,000000005af86179,000000005af86179,0
3349,3349,0,12494012,269964128,13775966,277769017,000000004ce3188e,257470116,39962902,39962902,262874307,302837209,257470116,000000004ce3188f,000005fc,000000005af8617a,000000005af86179,0
3350,3350,0,12494012,269964128,13775966,277769017,000000004ce3188f,257470116,39962902,39962902,262874307,302837209,257470116,000000004ce3188f,00000600,000000005af8617b,000000005af8617a,0
3351,3351,0,12494012,269964128,13775966,277769018,000000004ce3188f,257470117,39962902,39962902,262874308,302837209,257470116,000000004ce31890,00000604,000000005af8617c,000000005af8617b,0
3352,3352,0,12494012,269964129,13775966,277769018,000000004ce31890,257470117,39962902,39962902,262874308,302837210,257470117,000000004ce31891,00000604,000000005af8617d,000000005af8617c,0
3353,3353,0,12494012,269964129,13775966,277769018,000000004ce31891,257470117,39962902,39962902,262874308,302837210,257470117,000000004ce31891,00000604,000000005af8617d,000000005af8617d,0
3354,3354,0,12494012,269964129,13775966,277769018,000000004ce31891,257470117,39962902,39962902,262874308,302837210,257470117,000000004ce31892,000005fc,000000005af8617e,000000005af8617d,0
3355,3355,0,12494012,269964129,13775966,277769018,000000004ce31892,257470117,39962902,39962902,262874308,302837210,257470117,000000004ce31892,00000600,000000005af8617f,000000005af8617e,0
3356,3356,0,12494012,269964129,13775966,277769019,000000004ce31892,257470118,39962902,39962902,262874309,302837210,257470117,000000004ce31893,00000604,000000005af86180,000000005af8617f,0
3357,3357,0,12494012,269964130,13775966,277769019,000000004ce31893,257470118,39962902,39962902,262874309,302837211,257470118,000000004ce31894,00000604,000000005af86181,000000005af86180,0
3358,3358,0,12494012,269964130,13775966,277769019,000000004ce31894,257470118,39962902,39962902,262874309,302837211,257470118,000000004ce31894,00000604,000000005af86181,000000005af86181,0
3359,3359,0,12494012,269964130,13775966,277769019,000000004ce31894,257470118,39962902,39962902,262874309,302837211,257470118,000000004ce31895,000005fc,000000005af86182,000000005af86181,0
3360,3360,0,12494012,269964130,13775966,277769019,000000004ce31895,257470118,39962902,39962902,262874309,302837211,257470118,000000004ce31895,00000600,000000005af86183,000000005af86182,0
3361,3361,0,12494012,269964130,13775966,277769020,000000004ce31895,257470119,39962902,39962902,262874310,302837211,257470118,000000004ce31896,00000604,000000005af86184,000000005af86183,0
3362,3362,0,12494012,269964131,13775966,277769020,000000004ce31896,257470119,39962902,39962902,262874310,302837212,257470119,000000004ce31897,00000604,000000005af86185,000000005af86184,0
3363,3363,0,12494012,269964131,13775966,277769020,000000004ce31897,257470119,39962902,39962902,262874310,302837212,257470119,000000004ce31897,00000604,000000005af86185,000000005af86185,0
3364,3364,0,12494012,269964131,13775966,277769020,000000004ce31897,257470119,39962902,39962902,262874310,302837212,257470119,000000004ce31898,000005fc,000000005af86186,000000005af86185,0
3365,3365,0,12494012,269964131,13775966,277769020,000000004ce31898,257470119,39962902,39962902,262874310,302837212,257470119,000000004ce31898,00000600,000000005af86187,000000005af86186,0
3366,3366,0,12494012,269964131,13775966,277769021,000000004ce31898,257470120,39962902,39962902,262874311,302837212,257470119,000000004ce31899,00000604,000000005af86188,000000005af86187,0
3367,3367,0,12494012,269964132,13775966,277769021,000000004ce31899,257470120,39962902,39962902,262874311,302837213,257470120,000000004ce3189a,00000604,000000005af86189,000000005af86188,0
3368,3368,0,12494012,269964132,13775966,277769021,000000004ce3189a,257470120,39962902,39962902,262874311,302837213,257470120,000000004ce3189a,00000604,000000005af86189,000000005af86189,0
3369,3369,0,12494012,269964132,13775966,277769021,000000004ce3189a,257470120,39962902,39962902,262874311,302837213,257470120,000000004ce3189b,000005fc,000000005af8618a,000000005af86189,0
3370,3370,0,12494012,269964132,13775966,277769021,000000004ce3189b,257470120,39962902,39962902,262874311,302837213,257470120,000000004ce3189b,00000600,000000005af8618b,000000005af8618a,0
3371,3371,0,12494012,269964132,13775966,277769022,000000004ce3189b,257470121,39962902,39962902,262874312,302837213,257470120,000000004ce3189c,00000604,000000005af8618c,000000005af8618b,0
3372,3372,0,12494012,269964133,13775966,277769022,000000004ce3189c,257470121,39962902,39962902,262874312,302837214,257470121,000000004ce3189d,00000604,000000005af8618d,000000005af8618c,0
3373,3373,0,12494012,269964133,13775966,277769022,000000004ce3189d,257470121,39962902,39962902,262874312,302837214,257470121,000000004ce3189d,00000604,000000005af8618d,000000005af8618d,0
3374,3374,0,12494012,269964133,13775966,277769022,000000004ce3189d,257470121,39962902,39962902,262874312,302837214,257470121,000000004ce3189e,000005fc,000000005af8618e,000000005af8618d,0
3375,3375,0,12494012,269964133,13775966,277769022,000000004ce3189e,257470121,39962902,39962902,262874312,302837214,257470121,000000004ce3189e,00000600,000000005af8618f,000000005af8618e,0
3376,3376,0,12494012,269964133,13775966,277769023,000000004ce3189e,257470122,39962902,39962902,262874313,302837214,257470121,000000004ce3189f,00000604,000000005af86190,000000005af8618f,0
3377,3377,0,12494012,269964134,13775966,277769023,000000004ce3189f,257470122,39962902,39962902,262874313,302837215,257470122,000000004ce318a0,00000604,000000005af86191,000000005af86190,0
3378,3378,0,12494012,269964134,13775966,277769023,000000004ce318a0,257470122,39962902,39962902,262874313,302837215,257470122,000000004ce318a0,00000604,000000005af86191,000000005af86191,0
3379,3379,0,12494012,269964134,13775966,277769023,000000004ce318a0,257470122,39962902,39962902,262874313,302837215,257470122,000000004ce318a1,000005fc,000000005af86192,000000005af86191,0
3380,3380,0,12494012,269964134,13775966,277769023,000000004ce318a1,257470122,39962902,39962902,262874313,302837215,257470122,000000004ce318a1,00000600,000000005af86193,000000005af86192,0
3381,3381,0,12494012,269964134,13775966,277769024,000000004ce318a1,257470123,39962902,39962902,262874314,302837215,257470122,000000004ce318a2,00000604,000000005af86194,000000005af86193,0
3382,3382,0,12494012,269964135,13775966,277769024,000000004ce318a2,257470123,39962902,39962902,262874314,302837216,257470123,000000004ce318a3,00000604,000000005af86195,000000005af86194,0
3383,3383,0,12494012,269964135,13775966,277769024,000000004ce318a3,257470123,39962902,39962902,262874314,302837216,257470123,000000004ce318a3,00000604,000000005af86195,000000005af86195,0
3384,3384,0,12494012,269964135,13775966,277769024,000000004ce318a3,257470123,39962902,39962902,262874314,302837216,257470123,000000004ce318a4,000005fc,000000005af86196,000000005af86195,0
3385,3385,0,12494012,269964135,13775966,277769024,000000004ce318a4,257470123,39962902,39962902,262874314,302837216,257470123,000000004ce318a4,00000600,000000005af86197,000000005af86196,0
3386,3386,0,12494012,269964135,13775966,277769025,000000004ce318a4,257470124,39962902,39962902,262874315,302837216,257470123,000000004ce318a5,00000604,000000005af86198,000000005af86197,0
3387,3387,0,12494012,269964136,13775966,277769025,000000004ce318a5,257470124,39962902,39962902,262874315,302837217,257470124,000000004ce318a6,00000604,000000005af86199,000000005af86198,0
3388,3388,0,12494012,269964136,13775966,277769025,000000004ce318a6,257470124,39962902,39962902,262874315,302837217,257470124,000000004ce318a6,00000604,000000005af86199,000000005af86199,0
3389,3389,0,12494012,269964136,13775966,277769025,000000004ce318a6,257470124,39962902,39962902,262874315,302837217,257470124,000000004ce318a7,000005fc,000000005af8619a,000000005af86199,0
3390,3390,0,12494012,269964136,13775966,277769025,000000004ce318a7,257470124,39962902,39962902,262874315,302837217,257470124,000000004ce318a7,00000600,000000005af8619b,000000005af8619a,0
3391,3391,0,12494012,269964136,13775966,277769026,000000004ce318a7,257470125,39962902,39962902,262874316,302837217,257470124,000000004ce318a8,00000604,000000005af8619c,000000005af8619b,0
3392,3392,0,12494012,269964137,13775966,277769026,000000004ce318a8,257470125,39962902,39962902,262874316,302837218,257470125,000000004ce318a9,00000604,000000005af8619d,000000005af8619c,0
3393,3393,0,12494012,269964137,13775966,277769026,000000004ce318a9,257470125,39962902,39962902,262874316,302837218,257470125,000000004ce318a9,00000604,000000005af8619d,000000005af8619d,0
3394,3394,0,12494012,269964137,13775966,277769026,000000004ce318a9,257470125,39962902,39962902,262874316,302837218,257470125,000000004ce318aa,000005fc,000000005af8619e,000000005af8619d,0
3395,3395,0,12494012,269964137,13775966,277769026,000000004ce318aa,257470125,39962902,39962902,262874316,302837218,257470125,000000004ce318aa,00000600,000000005af8619f,000000005af8619e,0
3396,3396,0,12494012,269964137,13775966,277769027,000000004ce318aa,257470126,39962902,39962902,262874317,302837218,257470125,000000004ce318ab,00000604,000000005af861a0,000000005af8619f,0
3397,3397,0,12494012,269964138,13775966,277769027,000000004ce318ab,257470126,39962902,39962902,262874317,302837219,257470126,000000004ce318ac,00000604,000000005af861a1,000000005af861a0,0
3398,3398,0,12494012,269964138,13775966,277769027,000000004ce318ac,257470126,39962902,39962902,262874317,302837219,257470126,000000004ce318ac,00000604,000000005af861a1,000000005af861a1,0
3399,3399,0,12494012,269964138,13775966,277769027,000000004ce318ac,257470126,39962902,39962902,262874317,302837219,257470126,000000004ce318ad,000005fc,000000005af861a2,000000005af861a1,0
3400,3400,0,12494012,269964138,13775966,277769027,000000004ce318ad,257470126,39962902,39962902,262874317,302837219,257470126,000000004ce318ad,00000600,000000005af861a3,000000005af861a2,0
3401,3401,0,12494012,269964138,13775966,277769028,000000004ce318ad,257470127,39962902,39962902,262874318,302837219,257470126,000000004ce318ae,00000604,000000005af861a4,000000005af861a3,0
3402,3402,0,12494012,269964139,13775966,277769028,000000004ce318ae,257470127,39962902,39962902,262874318,302837220,257470127,000000004ce318af,00000604,000000005af861a5,000000005af861a4,0
3403,3403,0,12494012,269964139,13775966,277769028,000000004ce318af,257470127,39962902,39962902,262874318,302837220,257470127,000000004ce318af,00000604,000000005af861a5,000000005af861a5,0
3404,3404,0,12494012,269964139,13775966,277769028,000000004ce318af,257470127,39962902,39962902,262874318,302837220,257470127,000000004ce318b0,000005fc,000000005af861a6,000000005af861a5,0
3405,3405,0,12494012,269964139,13775966,277769028,000000004ce318b0,257470127,39962902,39962902,262874318,302837220,257470127,000000004ce318b0,00000600,000000005af861a7,000000005af861a6,0
3406,3406,0,12494012,269964139,13775966,277769029,000000004ce318b0,257470128,39962902,39962902,262874319,302837220,257470127,000000004ce318b1,00000604,000000005af861a8,000000005af861a7,0
3407,3407,0,12494012,269964140,13775966,277769029,000000004ce318b1,257470128,39962902,39962902,262874319,302837221,257470128,000000004ce318b2,00000604,000000005af861a9,000000005af861a8,0
3408,3408,0,12494012,269964140,13775966,277769029,000000004ce318b2,257470128,39962902,39962902,262874319,302837221,257470128,000000004ce318b2,00000604,000000005af861a9,000000005af861a9,0
3409,3409,0,12494012,269964140,13775966,277769029,000000004ce318b2,257470128,39962902,39962902,262874319,302837221,257470128,000000004ce318b3,000005fc,000000005af861aa,000000005af861a9,0
3410,3410,0,12494012,269964140,13775966,277769029,000000004ce318b3,257470128,39962902,39962902,262874319,302837221,257470128,000000004ce318b3,00000600,000000005af861ab,000000005af861aa,0
3411,3411,0,12494012,269964140,13775966,277769030,000000004ce318b3,257470129,39962902,39962902,262874320,302837221,257470128,000000004ce318b4,00000604,000000005af861ac,000000005af861ab,0
3412,3412,0,12494012,269964141,13775966,277769030,000000004ce318b4,257470129,39962902,39962902,262874320,302837222,257470129,000000004ce318b5,00000604,000000005af861ad,000000005af861ac,0
3413,3413,0,12494012,269964141,13775966,277769030,000000004ce318b5,257470129,39962902,39962902,262874320,302837222,257470129,000000004ce318b5,00000604,000000005af861ad,000000005af861ad,0
3414,3414,0,12494012,269964141,13775966,277769030,000000004ce318b5,257470129,39962902,39962902,262874320,302837222,257470129,000000004ce318b6,000005fc,000000005af861ae,000000005af861ad,0
3415,3415,0,12494012,269964141,13775966,277769030,000000004ce318b6,257470129,39962902,39962902,262874320,302837222,257470129,000000004ce318b6,00000600,000000005af861af,000000005af861ae,0
3416,3416,0,12494012,269964141,13775966,277769031,000000004ce318b6,257470130,39962902,39962902,262874321,302837222,257470129,000000004ce318b7,00000604,000000005af861b0,000000005af861af,0
3417,3417,0,12494012,269964142,13775966,277769031,000000004ce318b7,257470130,39962902,39962902,262874321,302837223,257470130,000000004ce318b8,00000604,000000005af861b1,000000005af861b0,0
3418,3418,0,12494012,269964142,13775966,277769031,000000004ce318b8,257470130,39962902,39962902,262874321,302837223,257470130,000000004ce318b8,00000604,000000005af861b1,000000005af861b1,0
3419,3419,0,12494012,269964142,13775966,277769031,000000004ce318b8,257470130,39962902,39962902,262874321,302837223,257470130,000000004ce318b9,000005fc,000000005af861b2,000000005af861b1,0
3420,3420,0,12494012,269964142,13775966,277769031,000000004ce318b9,257470130,39962902,39962902,262874321,302837223,257470130,000000004ce318b9,00000600,000000005af861b3,000000005af861b2,0
3421,3421,0,12494012,269964142,13775966,277769032,000000004ce318b9,257470131,39962902,39962902,262874322,302837223,257470130,000000004ce318ba,00000604,000000005af861b4,000000005af861b3,0
3422,3422,0,12494012,269964143,13775966,277769032,000000004ce318ba,257470131,39962902,39962902,262874322,302837224,257470131,000000004ce318bb,00000604,000000005af861b5,000000005af861b4,0
3423,3423,0,12494012,269964143,13775966,277769032,000000004ce318bb,257470131,39962902,39962902,262874322,302837224,257470131,000000004ce318bb,00000604,000000005af861b5,000000005af861b5,0
3424,3424,0,12494012,269964143,13775966,277769032,000000004ce318bb,257470131,39962902,39962902,262874322,302837224,257470131,000000004ce318bc,000005fc,000000005af861b6,000000005af861b5,0
3425,3425,0,12494012,269964143,13775966,277769032,000000004ce318bc,257470131,39962902,39962902,262874322,302837224,257470131,000000004ce318bc,00000600,000000005af861b7,000000005af861b6,0
3426,3426,0,12494012,269964143,13775966,277769033,000000004ce318bc,257470132,39962902,39962902,262874323,302837224,257470131,000000004ce318bd,00000604,000000005af861b8,000000005af861b7,0
3427,3427,0,12494012,269964144,13775966,277769033,000000004ce318bd,257470132,39962902,39962902,262874323,302837225,257470132,000000004ce318be,00000604,000000005af861b9,000000005af861b8,0
3428,3428,0,12494012,269964144,13775966,277769033,000000004ce318be,257470132,39962902,39962902,262874323,302837225,257470132,000000004ce318be,00000604,000000005af861b9,000000005af861b9,0
3429,3429,0,12494012,269964144,13775966,277769033,000000004ce318be,257470132,39962902,39962902,262874323,302837225,257470132,000000004ce318bf,000005fc,000000005af861ba,000000005af861b9,0
3430,3430,0,12494012,269964144,13775966,277769033,000000004ce318bf,257470132,39962902,39962902,262874323,302837225,257470132,000000004ce318bf,00000600,000000005af861bb,000000005af861ba,0
3431,3431,0,12494012,269964144,13775966,277769034,000000004ce318bf,257470133,39962902,39962902,262874324,302837225,257470132,000000004ce318c0,00000604,000000005af861bc,000000005af861bb,0
3432,3432,0,12494012,269964145,13775966,277769034,000000004ce318c0,257470133,39962902,39962902,262874324,302837226,257470133,000000004ce318c1,00000604,000000005af861bd,000000005af861bc,0
3433,3433,0,12494012,269964145,13775966,277769034,000000004ce318c1,257470133,39962902,39962902,262874324,302837226,257470133,000000004ce318c1,00000604,000000005af861bd,000000005af861bd,0
3434,3434,0,12494012,269964145,13775966,277769034,000000004ce318c1,257470133,39962902,39962902,262874324,302837226,257470133,000000004ce318c2,000005fc,000000005af861be,000000005af861bd,0
3435,3435,0,12494012,269964145,13775966,277769034,000000004ce318c2,257470133,39962902,39962902,262874324,302837226,257470133,000000004ce318c2,00000600,000000005af861bf,000000005af861be,0
3436,3436,0,12494012,269964145,13775966,277769035,000000004ce318c2,257470134,39962902,39962902,262874325,302837226,257470133,000000004ce318c3,00000604,000000005af861c0,000000005af861bf,0
3437,3437,0,12494012,269964146,13775966,277769035,000000004ce318c3,257470134,39962902,39962902,262874325,302837227,257470134,000000004ce318c4,00000604,000000005af861c1,000000005af861c0,0
3438,3438,0,12494012,269964146,13775966,277769035,000000004ce318c4,257470134,39962902,39962902,262874325,302837227,257470134,000000004ce318c4,00000604,000000005af861c1,000000005af861c1,0
3439,3439,0,12494012,269964146,13775966,277769035,000000004ce318c4,257470134,39962902,39962902,262874325,302837227,257470134,000000004ce318c5,000005fc,000000005af861c2,000000005af861c1,0
3440,3440,0,12494012,269964146,13775966,277769035,000000004ce318c5,257470134,39962902,39962902,262874325,302837227,257470134,000000004ce318c5,00000600,000000005af861c3,000000005af861c2,0
3441,3441,0,12494012,269964146,13775966,277769036,000000004ce318c5,257470135,39962902,39962902,262874326,302837227,257470134,000000004ce318c6,00000604,000000005af861c4,000000005af861c3,0
3442,3442,0,12494012,269964147,13775966,277769036,000000004ce318c6,257470135,39962902,39962902,262874326,302837228,257470135,000000004ce318c7,00000604,000000005af861c5,000000005af861c4,0
3443,3443,0,12494012,269964147,13775966,277769036,000000004ce318c7,257470135,39962902,39962902,262874326,302837228,257470135,000000004ce318c7,00000604,000000005af861c5,000000005af861c5,0
3444,3444,0,12494012,269964147,13775966,277769036,000000004ce318c7,257470135,39962902,39962902,262874326,302837228,257470135,000000004ce318c8,000005fc,000000005af861c6,000000005af861c5,0
3445,3445,0,12494012,269964147,13775966,277769036,000000004ce318c8,257470135,39962902,39962902,262874326,302837228,257470135,000000004ce318c8,00000600,000000005af861c7,000000005af861c6,0
3446,3446,0,12494012,269964147,13775966,277769037,000000004ce318c8,257470136,39962902,39962902,262874327,302837228,257470135,000000004ce318c9,00000604,000000005af861c8,000000005af861c7,0
3447,3447,0,12494012,269964148,13775966,277769037,000000004ce318c9,257470136,39962902,39962902,262874327,302837229,257470136,000000004ce318ca,00000604,000000005af861c9,000000005af861c8,0
3448,3448,0,12494012,269964148,13775966,277769037,000000004ce318ca,257470136,39962902,39962902,262874327,302837229,257470136,000000004ce318ca,00000604,000000005af861c9,000000005af861c9,0
3449,3449,0,12494012,269964148,13775966,277769037,000000004ce318ca,257470136,39962902,39962902,262874327,302837229,257470136,000000004ce318cb,000005fc,000000005af861ca,000000005af861c9,0
3450,3450,0,12494012,269964148,13775966,277769037,000000004ce318cb,257470136,39962902,39962902,262874327,302837229,257470136,000000004ce318cb,00000600,000000005af861cb,000000005af861ca,0
3451,3451,0,12494012,269964148,13775966,277769038,000000004ce318cb,257470137,39962902,39962902,262874328,302837229,257470136,000000004ce318cc,00000604,000000005af861cc,000000005af861cb,0
3452,3452,0,12494012,269964149,13775966,277769038,000000004ce318cc,257470137,39962902,39962902,262874328,302837230,257470137,000000004ce318cd,00000604,000000005af861cd,000000005af861cc,0
3453,3453,0,12494012,269964149,13775966,277769038,000000004ce318cd,257470137,39962902,39962902,262874328,302837230,257470137,000000004ce318cd,00000604,000000005af861cd,000000005af861cd,0
3454,3454,0,12494012,269964149,13775966,277769038,000000004ce318cd,257470137,39962902,39962902,262874328,302837230,257470137,000000004ce318ce,000005fc,000000005af861ce,000000005af861cd,0
3455,3455,0,12494012,269964149,13775966,277769038,000000004ce318ce,257470137,39962902,39962902,262874328,302837230,257470137,000000004ce318ce,00000600,000000005af861cf,000000005af861ce,0
3456,3456,0,12494012,269964149,13775966,277769039,000000004ce318ce,257470138,39962902,39962902,262874329,302837230,257470137,000000004ce318cf,00000604,000000005af861d0,000000005af861cf,0
3457,3457,0,12494012,269964150,13775966,277769039,000000004ce318cf,257470138,39962902,39962902,262874329,302837231,257470138,000000004ce318d0,00000604,000000005af861d1,000000005af861d0,0
3458,3458,0,12494012,269964150,13775966,277769039,000000004ce318d0,257470138,39962902,39962902,262874329,302837231,257470138,000000004ce318d0,00000604,000000005af861d1,000000005af861d1,0
3459,3459,0,12494012,269964150,13775966,277769039,000000004ce318d0,257470138,39962902,39962902,262874329,302837231,257470138,000000004ce318d1,000005fc,000000005af861d2,000000005af861d1,0
3460,3460,0,12494012,269964150,13775966,277769039,000000004ce318d1,257470138,39962902,39962902,262874329,302837231,257470138,000000004ce318d1,00000600,000000005af861d3,000000005af861d2,0
3461,3461,0,12494012,269964150,13775966,277769040,000000004ce318d1,257470139,39962902,39962902,262874330,302837231,257470138,000000004ce318d2,00000604,000000005af861d4,000000005af861d3,0
3462,3462,0,12494012,269964151,13775966,277769040,000000004ce318d2,257470139,39962902,39962902,262874330,302837232,257470139,000000004ce318d3,00000604,000000005af861d5,000000005af861d4,0
3463,3463,0,12494012,269964151,13775966,277769040,000000004ce318d3,257470139,39962902,39962902,262874330,302837232,257470139,000000004ce318d3,00000604,000000005af861d5,000000005af861d5,0
3464,3464,0,12494012,269964151,13775966,277769040,000000004ce318d3,257470139,39962902,39962902,262874330,302837232,257470139,000000004ce318d4,000005fc,000000005af861d6,000000005af861d5,0
3465,3465,0,12494012,269964151,13775966,277769040,000000004ce318d4,257470139,39962902,39962902,262874330,302837232,257470139,000000004ce318d4,00000600,000000005af861d7,000000005af861d6,0
3466,3466,0,12494012,269964151,13775966,277769041,000000004ce318d4,257470140,39962902,39962902,262874331,302837232,257470139,000000004ce318d5,00000604,000000005af861d8,000000005af861d7,0
3467,3467,0,12494012,269964152,13775966,277769041,000000004ce318d5,257470140,39962902,39962902,262874331,302837233,257470140,000000004ce318d6,00000604,000000005af861d9,000000005af861d8,0
3468,3468,0,12494012,269964152,13775966,277769041,000000004ce318d6,257470140,39962902,39962902,262874331,302837233,257470140,000000004ce318d6,00000604,000000005af861d9,000000005af861d9,0
3469,3469,0,12494012,269964152,13775966,277769041,000000004ce318d6,257470140,39962902,39962902,262874331,302837233,257470140,000000004ce318d7,000005fc,000000005af861da,000000005af861d9,0
3470,3470,0,12494012,269964152,13775966,277769041,000000004ce318d7,257470140,39962902,39962902,262874331,302837233,257470140,000000004ce318d7,00000600,000000005af861db,000000005af861da,0
3471,3471,0,12494012,269964152,13775966,277769042,000000004ce318d7,257470141,39962902,39962902,262874332,302837233,257470140,000000004ce318d8,00000604,000000005af861dc,000000005af861db,0
3472,3472,0,12494012,269964153,13775966,277769042,000000004ce318d8,257470141,39962902,39962902,262874332,302837234,257470141,000000004ce318d9,00000604,000000005af861dd,000000005af861dc,0
3473,3473,0,12494012,269964153,13775966,277769042,000000004ce318d9,257470141,39962902,39962902,262874332,302837234,257470141,000000004ce318d9,00000604,000000005af861dd,000000005af861dd,0
3474,3474,0,12494012,269964153,13775966,277769042,000000004ce318d9,257470141,39962902,39962902,262874332,302837234,257470141,000000004ce318da,000005fc,000000005af861de,000000005af861dd,0
3475,3475,0,12494012,269964153,13775966,277769042,000000004ce318da,257470141,39962902,39962902,262874332,302837234,257470141,000000004ce318da,00000600,000000005af861df,000000005af861de,0
3476,3476,0,12494012,269964153,13775966,277769043,000000004ce318da,257470142,39962902,39962902,262874333,302837234,257470141,000000004ce318db,00000604,000000005af861e0,000000005af861df,0
3477,3477,0,12494012,269964154,13775966,277769043,000000004ce318db,257470142,39962902,39962902,262874333,302837235,257470142,000000004ce318dc,00000604,000000005af861e1,000000005af861e0,0
3478,3478,0,12494012,269964154,13775966,277769043,000000004ce318dc,257470142,39962902,39962902,262874333,302837235,257470142,000000004ce318dc,00000604,000000005af861e1,000000005af861e1,0
3479,3479,0,12494012,269964154,13775966,277769043,000000004ce318dc,257470142,39962902,39962902,262874333,302837235,257470142,000000004ce318dd,000005fc,000000005af861e2,000000005af861e1,0
3480,3480,0,12494012,269964154,13775966,277769043,000000004ce318dd,257470142,39962902,39962902,262874333,302837235,257470142,000000004ce318dd,00000600,000000005af861e3,000000005af861e2,0
3481,3481,0,12494012,269964154,13775966,277769044,000000004ce318dd,257470143,39962902,39962902,262874334,302837235,257470142,000000004ce318de,00000604,000000005af861e4,000000005af861e3,0
3482,3482,0,12494012,269964155,13775966,277769044,000000004ce318de,257470143,39962902,39962902,262874334,302837236,257470143,000000004ce318df,00000604,000000005af861e5,000000005af861e4,0
3483,3483,0,12494012,269964155,13775966,277769044,000000004ce318df,257470143,39962902,39962902,262874334,302837236,257470143,000000004ce318df,00000604,000000005af861e5,000000005af861e5,0
3484,3484,0,12494012,269964155,13775966,277769044,000000004ce318df,257470143,39962902,39962902,262874334,302837236,257470143,000000004ce318e0,000005fc,000000005af861e6,000000005af861e5,0
3485,3485,0,12494012,269964155,13775966,277769044,000000004ce318e0,257470143,39962902,39962902,262874334,302837236,257470143,000000004ce318e0,00000600,000000005af861e7,000000005af861e6,0
3486,3486,0,12494012,269964155,13775966,277769045,000000004ce318e0,257470144,39962902,39962902,262874335,302837236,257470143,000000004ce318e1,00000604,000000005af861e8,000000005af861e7,0
3487,3487,0,12494012,269964156,13775966,277769045,000000004ce318e1,257470144,39962902,39962902,262874335,302837237,257470144,000000004ce318e2,00000604,000000005af861e9,000000005af861e8,0
3488,3488,0,12494012,269964156,13775966,277769045,000000004ce318e2,257470144,39962902,39962902,262874335,302837237,257470144,000000004ce318e2,00000604,000000005af861e9,000000005af861e9,0
3489,3489,0,12494012,269964156,13775966,277769045,000000004ce318e2,257470144,39962902,39962902,262874335,302837237,257470144,000000004ce318e3,000005fc,000000005af861ea,000000005af861e9,0
3490,3490,0,12494012,269964156,13775966,277769045,000000004ce318e3,257470144,39962902,39962902,262874335,302837237,257470144,000000004ce318e3,00000600,000000005af861eb,000000005af861ea,0
3491,3491,0,12494012,269964156,13775966,277769046,000000004ce318e3,257470145,39962902,39962902,262874336,302837237,257470144,000000004ce318e4,00000604,000000005af861ec,000000005af861eb,0
3492,3492,0,12494012,269964157,13775966,277769046,000000004ce318e4,257470145,39962902,39962902,262874336,302837238,257470145,000000004ce318e5,00000604,000000005af861ed,000000005af861ec,0
3493,3493,0,12494012,269964157,13775966,277769046,000000004ce318e5,257470145,39962902,39962902,262874336,302837238,257470145,000000004ce318e5,00000604,000000005af861ed,000000005af861ed,0
3494,3494,0,12494012,269964157,13775966,277769046,000000004ce318e5,257470145,39962902,39962902,262874336,302837238,257470145,000000004ce318e6,000005fc,000000005af861ee,000000005af861ed,0
3495,3495,0,12494012,269964157,13775966,277769046,000000004ce318e6,257470145,39962902,39962902,262874336,302837238,257470145,000000004ce318e6,00000600,000000005af861ef,000000005af861ee,0
3496,3496,0,12494012,269964157,13775966,277769047,000000004ce318e6,257470146,39962902,39962902,262874337,302837238,257470145,000000004ce318e7,00000604,000000005af861f0,000000005af861ef,0
3497,3497,0,12494012,269964158,13775966,277769047,000000004ce318e7,257470146,39962902,39962902,262874337,302837239,257470146,000000004ce318e8,00000604,000000005af861f1,000000005af861f0,0
3498,3498,0,12494012,269964158,13775966,277769047,000000004ce318e8,257470146,39962902,39962902,262874337,302837239,257470146,000000004ce318e8,00000604,000000005af861f1,000000005af861f1,0
3499,3499,0,12494012,269964158,13775966,277769047,000000004ce318e8,257470146,39962902,39962902,262874337,302837239,257470146,000000004ce318e9,000005fc,000000005af861f2,000000005af861f1,0
3500,3500,0,12494012,269964158,13775966,277769047,000000004ce318e9,257470146,39962902,39962902,262874337,302837239,257470146,000000004ce318e9,00000600,000000005af861f3,000000005af861f2,0
3501,3501,0,12494012,269964158,13775966,277769048,000000004ce318e9,257470147,39962902,39962902,262874338,302837239,257470146,000000004ce318ea,00000604,000000005af861f4,000000005af861f3,0
3502,3502,0,12494012,269964159,13775966,277769048,000000004ce318ea,257470147,39962902,39962902,262874338,302837240,257470147,000000004ce318eb,00000604,000000005af861f5,000000005af861f4,0
3503,3503,0,12494012,269964159,13775966,277769048,000000004ce318eb,257470147,39962902,39962902,262874338,302837240,257470147,000000004ce318eb,00000604,000000005af861f5,000000005af861f5,0
3504,3504,0,12494012,269964159,13775966,277769048,000000004ce318eb,257470147,39962902,39962902,262874338,302837240,257470147,000000004ce318ec,000005fc,000000005af861f6,000000005af861f5,0
3505,3505,0,12494012,269964159,13775966,277769048,000000004ce318ec,257470147,39962902,39962902,262874338,302837240,257470147,000000004ce318ec,00000600,000000005af861f7,000000005af861f6,0
3506,3506,0,12494012,269964159,13775966,277769049,000000004ce318ec,257470148,39962902,39962902,262874339,302837240,257470147,000000004ce318ed,00000604,000000005af861f8,000000005af861f7,0
3507,3507,0,12494012,269964160,13775966,277769049,000000004ce318ed,257470148,39962902,39962902,262874339,302837241,257470148,000000004ce318ee,00000604,000000005af861f9,000000005af861f8,0
3508,3508,0,12494012,269964160,13775966,277769049,000000004ce318ee,257470148,39962902,39962902,262874339,302837241,257470148,000000004ce318ee,00000604,000000005af861f9,000000005af861f9,0
3509,3509,0,12494012,269964160,13775966,277769049,000000004ce318ee,257470148,39962902,39962902,262874339,302837241,257470148,000000004ce318ef,000005fc,000000005af861fa,000000005af861f9,0
3510,3510,0,12494012,269964160,13775966,277769049,000000004ce318ef,257470148,39962902,39962902,262874339,302837241,257470148,000000004ce318ef,00000600,000000005af861fb,000000005af861fa,0
3511,3511,0,12494012,269964160,13775966,277769050,000000004ce318ef,257470149,39962902,39962902,262874340,302837241,257470148,000000004ce318f0,00000604,000000005af861fc,000000005af861fb,0
3512,3512,0,12494012,269964161,13775966,277769050,000000004ce318f0,257470149,39962902,39962902,262874340,302837242,257470149,000000004ce318f1,00000604,000000005af861fd,000000005af861fc,0
3513,3513,0,12494012,269964161,13775966,277769050,000000004ce318f1,257470149,39962902,39962902,262874340,302837242,257470149,000000004ce318f1,00000604,000000005af861fd,000000005af861fd,0
3514,3514,0,12494012,269964161,13775966,277769050,000000004ce318f1,257470149,39962902,39962902,262874340,302837242,257470149,000000004ce318f2,000005fc,000000005af861fe,000000005af861fd,0
3515,3515,0,12494012,269964161,13775966,277769050,000000004ce318f2,257470149,39962902,39962902,262874340,302837242,257470149,000000004ce318f2,00000600,000000005af861ff,000000005af861fe,0
3516,3516,0,12494012,269964161,13775966,277769051,000000004ce318f2,257470150,39962902,39962902,262874341,302837242,257470149,000000004ce318f3,00000604,000000005af86200,000000005af861ff,0
3517,3517,0,12494012,269964162,13775966,277769051,000000004ce318f3,257470150,39962902,39962902,262874341,302837243,257470150,000000004ce318f4,00000604,000000005af86201,000000005af86200,0
3518,3518,0,12494012,269964162,13775966,277769051,000000004ce318f4,257470150,39962902,39962902,262874341,302837243,257470150,000000004ce318f4,00000604,000000005af86201,000000005af86201,0
3519,3519,0,12494012,269964162,13775966,277769051,000000004ce318f4,257470150,39962902,39962902,262874341,302837243,257470150,000000004ce318f5,000005fc,000000005af86202,000000005af86201,0
3520,3520,0,12494012,269964162,13775966,277769051,000000004ce318f5,257470150,39962902,39962902,262874341,302837243,257470150,000000004ce318f5,00000600,000000005af86203,000000005af86202,0
3521,3521,0,12494012,269964162,13775966,277769052,000000004ce318f5,257470151,39962902,39962902,262874342,302837243,257470150,000000004ce318f6,00000604,000000005af86204,000000005af86203,0
3522,3522,0,12494012,269964163,13775966,277769052,000000004ce318f6,257470151,39962902,39962902,262874342,302837244,257470151,000000004ce318f7,00000604,000000005af86205,000000005af86204,0
3523,3523,0,12494012,269964163,13775966,277769052,000000004ce318f7,257470151,39962902,39962902,262874342,302837244,257470151,000000004ce318f7,00000604,000000005af86205,000000005af86205,0
3524,3524,0,12494012,269964163,13775966,277769052,000000004ce318f7,257470151,39962902,39962902,262874342,302837244,257470151,000000004ce318f8,000005fc,000000005af86206,000000005af86205,0
3525,3525,0,12494012,269964163,13775966,277769052,000000004ce318f8,257470151,39962902,39962902,262874342,302837244,257470151,000000004ce318f8,00000600,000000005af86207,000000005af86206,0
3526,3526,0,12494012,269964163,13775966,277769053,000000004ce318f8,257470152,39962902,39962902,262874343,302837244,257470151,000000004ce318f9,00000604,000000005af86208,000000005af86207,0
3527,3527,0,12494012,269964164,13775966,277769053,000000004ce318f9,257470152,39962902,39962902,262874343,302837245,257470152,000000004ce318fa,00000604,000000005af86209,000000005af86208,0
3528,3528,0,12494012,269964164,13775966,277769053,000000004ce318fa,257470152,39962902,39962902,262874343,302837245,257470152,000000004ce318fa,00000604,000000005af86209,000000005af86209,0
3529,3529,0,12494012,269964164,13775966,277769053,000000004ce318fa,257470152,39962902,39962902,262874343,302837245,257470152,000000004ce318fb,000005fc,000000005af8620a,000000005af86209,0
3530,3530,0,12494012,269964164,13775966,277769053,000000004ce318fb,257470152,39962902,39962902,262874343,302837245,257470152,000000004ce318fb,00000600,000000005af8620b,000000005af8620a,0
3531,3531,0,12494012,269964164,13775966,277769054,000000004ce318fb,257470153,39962902,39962902,262874344,302837245,257470152,000000004ce318fc,00000604,000000005af8620c,000000005af8620b,0
3532,3532,0,12494012,269964165,13775966,277769054,000000004ce318fc,257470153,39962902,39962902,262874344,302837246,257470153,000000004ce318fd,00000604,000000005af8620d,000000005af8620c,0
3533,3533,0,12494012,269964165,13775966,277769054,000000004ce318fd,257470153,39962902,39962902,262874344,302837246,257470153,000000004ce318fd,00000604,000000005af8620d,000000005af8620d,0
3534,3534,0,12494012,269964165,13775966,277769054,000000004ce318fd,257470153,39962902,39962902,262874344,302837246,257470153,000000004ce318fe,000005fc,000000005af8620e,000000005af8620d,0
3535,3535,0,12494012,269964165,13775966,277769054,000000004ce318fe,257470153,39962902,39962902,262874344,302837246,257470153,000000004ce318fe,00000600,000000005af8620f,000000005af8620e,0
3536,3536,0,12494012,269964165,13775966,277769055,000000004ce318fe,257470154,39962902,39962902,262874345,302837246,257470153,000000004ce318ff,00000604,000000005af86210,000000005af8620f,0
3537,3537,0,12494012,269964166,13775966,277769055,000000004ce318ff,257470154,39962902,39962902,262874345,302837247,257470154,000000004ce31900,00000604,000000005af86211,000000005af86210,0
3538,3538,0,12494012,269964166,13775966,277769055,000000004ce31900,257470154,39962902,39962902,262874345,302837247,257470154,000000004ce31900,00000604,000000005af86211,000000005af86211,0
3539,3539,0,12494012,269964166,13775966,277769055,000000004ce31900,257470154,39962902,39962902,262874345,302837247,257470154,000000004ce31901,000005fc,000000005af86212,000000005af86211,0
3540,3540,0,12494012,269964166,13775966,277769055,000000004ce31901,257470154,39962902,39962902,262874345,302837247,257470154,000000004ce31901,00000600,000000005af86213,000000005af86212,0
3541,3541,0,12494012,269964166,13775966,277769056,000000004ce31901,257470155,39962902,39962902,262874346,302837247,257470154,000000004ce31902,00000604,000000005af86214,000000005af86213,0
3542,3542,0,12494012,269964167,13775966,277769056,000000004ce31902,257470155,39962902,39962902,262874346,302837248,257470155,000000004ce31903,00000604,000000005af86215,000000005af86214,0
3543,3543,0,12494012,269964167,13775966,277769056,000000004ce31903,257470155,39962902,39962902,262874346,302837248,257470155,000000004ce31903,00000604,000000005af86215,000000005af86215,0
3544,3544,0,12494012,269964167,13775966,277769056,000000004ce31903,257470155,39962902,39962902,262874346,302837248,257470155,000000004ce31904,000005fc,000000005af86216,000000005af86215,0
3545,3545,0,12494012,269964167,13775966,277769056,000000004ce31904,257470155,39962902,39962902,262874346,302837248,257470155,000000004ce31904,00000600,000000005af86217,000000005af86216,0
3546,3546,0,12494012,269964167,13775966,277769057,000000004ce31904,257470156,39962902,39962902,262874347,302837248,257470155,000000004ce31905,00000604,000000005af86218,000000005af86217,0
3547,3547,0,12494012,269964168,13775966,277769057,000000004ce31905,257470156,39962902,39962902,262874347,302837249,257470156,000000004ce31906,00000604,000000005af86219,000000005af86218,0
3548,3548,0,12494012,269964168,13775966,277769057,000000004ce31906,257470156,39962902,39962902,262874347,302837249,257470156,000000004ce31906,00000604,000000005af86219,000000005af86219,0
3549,3549,0,12494012,269964168,13775966,277769057,000000004ce31906,257470156,39962902,39962902,262874347,302837249,257470156,000000004ce31907,000005fc,000000005af8621a,000000005af86219,0
3550,3550,0,12494012,269964168,13775966,277769057,000000004ce31907,257470156,39962902,39962902,262874347,302837249,257470156,000000004ce31907,00000600,000000005af8621b,000000005af8621a,0
3551,3551,0,12494012,269964168,13775966,277769058,000000004ce31907,257470157,39962902,39962902,262874348,302837249,257470156,000000004ce31908,00000604,000000005af8621c,000000005af8621b,0
3552,3552,0,12494012,269964169,13775966,277769058,000000004ce31908,257470157,39962902,39962902,262874348,302837250,257470157,000000004ce31909,00000604,000000005af8621d,000000005af8621c,0
3553,3553,0,12494012,269964169,13775966,277769058,000000004ce31909,257470157,39962902,39962902,262874348,302837250,257470157,000000004ce31909,00000604,000000005af8621d,000000005af8621d,0
3554,3554,0,12494012,269964169,13775966,277769058,000000004ce31909,257470157,39962902,39962902,262874348,302837250,257470157,000000004ce3190a,000005fc,000000005af8621e,000000005af8621d,0
3555,3555,0,12494012,269964169,13775966,277769058,000000004ce3190a,257470157,39962902,39962902,262874348,302837250,257470157,000000004ce3190a,00000600,000000005af8621f,000000005af8621e,0
3556,3556,0,12494012,269964169,13775966,277769059,000000004ce3190a,257470158,39962902,39962902,262874349,302837250,257470157,000000004ce3190b,00000604,000000005af86220,000000005af8621f,0
3557,3557,0,12494012,269964170,13775966,277769059,000000004ce3190b,257470158,39962902,39962902,262874349,302837251,257470158,000000004ce3190c,00000604,000000005af86221,000000005af86220,0
3558,3558,0,12494012,269964170,13775966,277769059,000000004ce3190c,257470158,39962902,39962902,262874349,302837251,257470158,000000004ce3190c,00000604,000000005af86221,000000005af86221,0
3559,3559,0,12494012,269964170,13775966,277769059,000000004ce3190c,257470158,39962902,39962902,262874349,302837251,257470158,000000004ce3190d,000005fc,000000005af86222,000000005af86221,0
3560,3560,0,12494012,269964170,13775966,277769059,000000004ce3190d,257470158,39962902,39962902,262874349,302837251,257470158,000000004ce3190d,00000600,000000005af86223,000000005af86222,0
3561,3561,0,12494012,269964170,13775966,277769060,000000004ce3190d,257470159,39962902,39962902,262874350,302837251,257470158,000000004ce3190e,00000604,000000005af86224,000000005af86223,0
3562,3562,0,12494012,269964171,13775966,277769060,000000004ce3190e,257470159,39962902,39962902,262874350,302837252,257470159,000000004ce3190f,00000604,000000005af86225,000000005af86224,0
3563,3563,0,12494012,269964171,13775966,277769060,000000004ce3190f,257470159,39962902,39962902,262874350,302837252,257470159,000000004ce3190f,00000604,000000005af86225,000000005af86225,0
3564,3564,0,12494012,269964171,13775966,277769060,000000004ce3190f,257470159,39962902,39962902,262874350,302837252,257470159,000000004ce31910,000005fc,000000005af86226,000000005af86225,0
3565,3565,0,12494012,269964171,13775966,277769060,000000004ce31910,257470159,39962902,39962902,262874350,302837252,257470159,000000004ce31910,00000600,000000005af86227,000000005af86226,0
3566,3566,0,12494012,269964171,13775966,277769061,000000004ce31910,257470160,39962902,39962902,262874351,302837252,257470159,000000004ce31911,00000604,000000005af86228,000000005af86227,0
3567,3567,0,12494012,269964172,13775966,277769061,000000004ce31911,257470160,39962902,39962902,262874351,302837253,257470160,000000004ce31912,00000604,000000005af86229,000000005af86228,0
3568,3568,0,12494012,269964172,13775966,277769061,000000004ce31912,257470160,39962902,39962902,262874351,302837253,257470160,000000004ce31912,00000604,000000005af86229,000000005af86229,0
3569,3569,0,12494012,269964172,13775966,277769061,000000004ce31912,257470160,39962902,39962902,262874351,302837253,257470160,000000004ce31913,000005fc,000000005af8622a,000000005af86229,0
3570,3570,0,12494012,269964172,13775966,277769061,000000004ce31913,257470160,39962902,39962902,262874351,302837253,257470160,000000004ce31913,00000600,000000005af8622b,000000005af8622a,0
3571,3571,0,12494012,269964172,13775966,277769062,000000004ce31913,257470161,39962902,39962902,262874352,302837253,257470160,000000004ce31914,00000604,000000005af8622c,000000005af8622b,0
3572,3572,0,12494012,269964173,13775966,277769062,000000004ce31914,257470161,39962902,39962902,262874352,302837254,257470161,000000004ce31915,00000604,000000005af8622d,000000005af8622c,0
3573,3573,0,12494012,269964173,13775966,277769062,000000004ce31915,257470161,39962902,39962902,262874352,302837254,257470161,000000004ce31915,00000604,000000005af8622d,000000005af8622d,0
3574,3574,0,12494012,269964173,13775966,277769062,000000004ce31915,257470161,39962902,39962902,262874352,302837254,257470161,000000004ce31916,000005fc,000000005af8622e,000000005af8622d,0
3575,3575,0,12494012,269964173,13775966,277769062,000000004ce31916,257470161,39962902,39962902,262874352,302837254,257470161,000000004ce31916,00000600,000000005af8622f,000000005af8622e,0
3576,3576,0,12494012,269964173,13775966,277769063,000000004ce31916,257470162,39962902,39962902,262874353,302837254,257470161,000000004ce31917,00000604,000000005af86230,000000005af8622f,0
3577,3577,0,12494012,269964174,13775966,277769063,000000004ce31917,257470162,39962902,39962902,262874353,302837255,257470162,000000004ce31918,00000604,000000005af86231,000000005af86230,0
3578,3578,0,12494012,269964174,13775966,277769063,000000004ce31918,257470162,39962902,39962902,262874353,302837255,257470162,000000004ce31918,00000604,000000005af86231,000000005af86231,0
3579,3579,0,12494012,269964174,13775966,277769063,000000004ce31918,257470162,39962902,39962902,262874353,302837255,257470162,000000004ce31919,000005fc,000000005af86232,000000005af86231,0
3580,3580,0,12494012,269964174,13775966,277769063,000000004ce31919,257470162,39962902,39962902,262874353,302837255,257470162,000000004ce31919,00000600,000000005af86233,000000005af86232,0
3581,3581,0,12494012,269964174,13775966,277769064,000000004ce31919,257470163,39962902,39962902,262874354,302837255,257470162,000000004ce3191a,00000604,000000005af86234,000000005af86233,0
3582,3582,0,12494012,269964175,13775966,277769064,000000004ce3191a,257470163,39962902,39962902,262874354,302837256,257470163,000000004ce3191b,00000604,000000005af86235,000000005af86234,0
3583,3583,0,12494012,269964175,13775966,277769064,000000004ce3191b,257470163,39962902,39962902,262874354,302837256,257470163,000000004ce3191b,00000604,000000005af86235,000000005af86235,0
3584,3584,0,12494012,269964175,13775966,277769064,000000004ce3191b,257470163,39962902,39962902,262874354,302837256,257470163,000000004ce3191c,000005fc,000000005af86236,000000005af86235,0
3585,3585,0,12494012,269964175,13775966,277769064,000000004ce3191c,257470163,39962902,39962902,262874354,302837256,257470163,000000004ce3191c,00000600,000000005af86237,000000005af86236,0
3586,3586,0,12494012,269964175,13775966,277769065,000000004ce3191c,257470164,39962902,39962902,262874355,302837256,257470163,000000004ce3191d,00000604,000000005af86238,000000005af86237,0
3587,3587,0,12494012,269964176,13775966,277769065,000000004ce3191d,257470164,39962902,39962902,262874355,302837257,257470164,000000004ce3191e,00000604,000000005af86239,000000005af86238,0
3588,3588,0,12494012,269964176,13775966,277769065,000000004ce3191e,257470164,39962902,39962902,262874355,302837257,257470164,000000004ce3191e,00000604,000000005af86239,000000005af86239,0
3589,3589,0,12494012,269964176,13775966,277769065,000000004ce3191e,257470164,39962902,39962902,262874355,302837257,257470164,000000004ce3191f,000005fc,000000005af8623a,000000005af86239,0
3590,3590,0,12494012,269964176,13775966,277769065,000000004ce3191f,257470164,39962902,39962902,262874355,302837257,257470164,000000004ce3191f,00000600,000000005af8623b,000000005af8623a,0
3591,3591,0,12494012,269964176,13775966,277769066,000000004ce3191f,257470165,39962902,39962902,262874356,302837257,257470164,000000004ce31920,00000604,000000005af8623c,000000005af8623b,0
3592,3592,0,12494012,269964177,13775966,277769066,000000004ce31920,257470165,39962902,39962902,262874356,302837258,257470165,000000004ce31921,00000604,000000005af8623d,000000005af8623c,0
3593,3593,0,12494012,269964177,13775966,277769066,000000004ce31921,257470165,39962902,39962902,262874356,302837258,257470165,000000004ce31921,00000604,000000005af8623d,000000005af8623d,0
3594,3594,0,12494012,269964177,13775966,277769066,000000004ce31921,257470165,39962902,39962902,262874356,302837258,257470165,000000004ce31922,000005fc,000000005af8623e,000000005af8623d,0
3595,3595,0,12494012,269964177,13775966,277769066,000000004ce31922,257470165,39962902,39962902,262874356,302837258,257470165,000000004ce31922,00000600,000000005af8623f,000000005af8623e,0
3596,3596,0,12494012,269964177,13775966,277769067,000000004ce31922,257470166,39962902,39962902,262874357,302837258,257470165,000000004ce31923,00000604,000000005af86240,000000005af8623f,0
3597,3597,0,12494012,269964178,13775966,277769067,000000004ce31923,257470166,39962902,39962902,262874357,302837259,257470166,000000004ce31924,00000604,000000005af86241,000000005af86240,0
3598,3598,0,12494012,269964178,13775966,277769067,000000004ce31924,257470166,39962902,39962902,262874357,302837259,257470166,000000004ce31924,00000604,000000005af86241,000000005af86241,0
3599,3599,0,12494012,269964178,13775966,277769067,000000004ce31924,257470166,39962902,39962902,262874357,302837259,257470166,000000004ce31925,000005fc,000000005af86242,000000005af86241,0
3600,3600,0,12494012,269964178,13775966,277769067,000000004ce31925,257470166,39962902,39962902,262874357,302837259,257470166,000000004ce31925,00000600,000000005af86243,000000005af86242,0
3601,3601,0,12494012,269964178,13775966,277769068,000000004ce31925,257470167,39962902,39962902,262874358,302837259,257470166,000000004ce31926,00000604,000000005af86244,000000005af86243,0
3602,3602,0,12494012,269964179,13775966,277769068,000000004ce31926,257470167,39962902,39962902,262874358,302837260,257470167,000000004ce31927,00000604,000000005af86245,000000005af86244,0
3603,3603,0,12494012,269964179,13775966,277769068,000000004ce31927,257470167,39962902,39962902,262874358,302837260,257470167,000000004ce31927,00000604,000000005af86245,000000005af86245,0
3604,3604,0,12494012,269964179,13775966,277769068,000000004ce31927,257470167,39962902,39962902,262874358,302837260,257470167,000000004ce31928,000005fc,000000005af86246,000000005af86245,0
3605,3605,0,12494012,269964179,13775966,277769068,000000004ce31928,257470167,39962902,39962902,262874358,302837260,257470167,000000004ce31928,00000600,000000005af86247,000000005af86246,0
3606,3606,0,12494012,269964179,13775966,277769069,000000004ce31928,257470168,39962902,39962902,262874359,302837260,257470167,000000004ce31929,00000604,000000005af86248,000000005af86247,0
3607,3607,0,12494012,269964180,13775966,277769069,000000004ce31929,257470168,39962902,39962902,262874359,302837261,257470168,000000004ce3192a,00000604,000000005af86249,000000005af86248,0
3608,3608,0,12494012,269964180,13775966,277769069,000000004ce3192a,257470168,39962902,39962902,262874359,302837261,257470168,000000004ce3192a,00000604,000000005af86249,000000005af86249,0
3609,3609,0,12494012,269964180,13775966,277769069,000000004ce3192a,257470168,39962902,39962902,262874359,302837261,257470168,000000004ce3192b,000005fc,000000005af8624a,000000005af86249,0
3610,3610,0,12494012,269964180,13775966,277769069,000000004ce3192b,257470168,39962902,39962902,262874359,302837261,257470168,000000004ce3192b,00000600,000000005af8624b,000000005af8624a,0
3611,3611,0,12494012,269964180,13775966,277769070,000000004ce3192b,257470169,39962902,39962902,262874360,302837261,257470168,000000004ce3192c,00000604,000000005af8624c,000000005af8624b,0
3612,3612,0,12494012,269964181,13775966,277769070,000000004ce3192c,257470169,39962902,39962902,262874360,302837262,257470169,000000004ce3192d,00000604,000000005af8624d,000000005af8624c,0
3613,3613,0,12494012,269964181,13775966,277769070,000000004ce3192d,257470169,39962902,39962902,262874360,302837262,257470169,000000004ce3192d,00000604,000000005af8624d,000000005af8624d,0
3614,3614,0,12494012,269964181,13775966,277769070,000000004ce3192d,257470169,39962902,39962902,262874360,302837262,257470169,000000004ce3192e,000005fc,000000005af8624e,000000005af8624d,0
3615,3615,0,12494012,269964181,13775966,277769070,000000004ce3192e,257470169,39962902,39962902,262874360,302837262,257470169,000000004ce3192e,00000600,000000005af8624f,000000005af8624e,0
3616,3616,0,12494012,269964181,13775966,277769071,000000004ce3192e,257470170,39962902,39962902,262874361,302837262,257470169,000000004ce3192f,00000604,000000005af86250,000000005af8624f,0
3617,3617,0,12494012,269964182,13775966,277769071,000000004ce3192f,257470170,39962902,39962902,262874361,302837263,257470170,000000004ce31930,00000604,000000005af86251,000000005af86250,0
3618,3618,0,12494012,269964182,13775966,277769071,000000004ce31930,257470170,39962902,39962902,262874361,302837263,257470170,000000004ce31930,00000604,000000005af86251,000000005af86251,0
3619,3619,0,12494012,269964182,13775966,277769071,000000004ce31930,257470170,39962902,39962902,262874361,302837263,257470170,000000004ce31931,000005fc,000000005af86252,000000005af86251,0
3620,3620,0,12494012,269964182,13775966,277769071,000000004ce31931,257470170,39962902,39962902,262874361,302837263,257470170,000000004ce31931,00000600,000000005af86253,000000005af86252,0
3621,3621,0,12494012,269964182,13775966,277769072,000000004ce31931,257470171,39962902,39962902,262874362,302837263,257470170,000000004ce31932,00000604,000000005af86254,000000005af86253,0
3622,3622,0,12494012,269964183,13775966,277769072,000000004ce31932,257470171,39962902,39962902,262874362,302837264,257470171,000000004ce31933,00000604,000000005af86255,000000005af86254,0
3623,3623,0,12494012,269964183,13775966,277769072,000000004ce31933,257470171,39962902,39962902,262874362,302837264,257470171,000000004ce31933,00000604,000000005af86255,000000005af86255,0
3624,3624,0,12494012,269964183,13775966,277769072,000000004ce31933,257470171,39962902,39962902,262874362,302837264,257470171,000000004ce31934,000005fc,000000005af86256,000000005af86255,0
3625,3625,0,12494012,269964183,13775966,277769072,000000004ce31934,257470171,39962902,39962902,262874362,302837264,257470171,000000004ce31934,00000600,000000005af86257,000000005af86256,0
3626,3626,0,12494012,269964183,13775966,277769073,000000004ce31934,257470172,39962902,39962902,262874363,302837264,257470171,000000004ce31935,00000604,000000005af86258,000000005af86257,0
3627,3627,0,12494012,269964184,13775966,277769073,000000004ce31935,257470172,39962902,39962902,262874363,302837265,257470172,000000004ce31936,00000604,000000005af86259,000000005af86258,0
3628,3628,0,12494012,269964184,13775966,277769073,000000004ce31936,257470172,39962902,39962902,262874363,302837265,257470172,000000004ce31936,00000604,000000005af86259,000000005af86259,0
3629,3629,0,12494012,269964184,13775966,277769073,000000004ce31936,257470172,39962902,39962902,262874363,302837265,257470172,000000004ce31937,000005fc,000000005af8625a,000000005af86259,0
3630,3630,0,12494012,269964184,13775966,277769073,000000004ce31937,257470172,39962902,39962902,262874363,302837265,257470172,000000004ce31937,00000600,000000005af8625b,000000005af8625a,0
3631,3631,0,12494012,269964184,13775966,277769074,000000004ce31937,257470173,39962902,39962902,262874364,302837265,257470172,000000004ce31938,00000604,000000005af8625c,000000005af8625b,0
3632,3632,0,12494012,269964185,13775966,277769074,000000004ce31938,257470173,39962902,39962902,262874364,302837266,257470173,000000004ce31939,00000604,000000005af8625d,000000005af8625c,0
3633,3633,0,12494012,269964185,13775966,277769074,000000004ce31939,257470173,39962902,39962902,262874364,302837266,257470173,000000004ce31939,00000604,000000005af8625d,000000005af8625d,0
3634,3634,0,12494012,269964185,13775966,277769074,000000004ce31939,257470173,39962902,39962902,262874364,302837266,257470173,000000004ce3193a,000005fc,000000005af8625e,000000005af8625d,0
3635,3635,0,12494012,269964185,13775966,277769074,000000004ce3193a,257470173,39962902,39962902,262874364,302837266,257470173,000000004ce3193a,00000600,000000005af8625f,000000005af8625e,0
3636,3636,0,12494012,269964185,13775966,277769075,000000004ce3193a,257470174,39962902,39962902,262874365,302837266,257470173,000000004ce3193b,00000604,000000005af86260,000000005af8625f,0
3637,3637,0,12494012,269964186,13775966,277769075,000000004ce3193b,257470174,39962902,39962902,262874365,302837267,257470174,000000004ce3193c,00000604,000000005af86261,000000005af86260,0
3638,3638,0,12494012,269964186,13775966,277769075,000000004ce3193c,257470174,39962902,39962902,262874365,302837267,257470174,000000004ce3193c,00000604,000000005af86261,000000005af86261,0
3639,3639,0,12494012,269964186,13775966,277769075,000000004ce3193c,257470174,39962902,39962902,262874365,302837267,257470174,000000004ce3193d,000005fc,000000005af86262,000000005af86261,0
3640,3640,0,12494012,269964186,13775966,277769075,000000004ce3193d,257470174,39962902,39962902,262874365,302837267,257470174,000000004ce3193d,00000600,000000005af86263,000000005af86262,0
3641,3641,0,12494012,269964186,13775966,277769076,000000004ce3193d,257470175,39962902,39962902,262874366,302837267,257470174,000000004ce3193e,00000604,000000005af86264,000000005af86263,0
3642,3642,0,12494012,269964187,13775966,277769076,000000004ce3193e,257470175,39962902,39962902,262874366,302837268,257470175,000000004ce3193f,00000604,000000005af86265,000000005af86264,0
3643,3643,0,12494012,269964187,13775966,277769076,000000004ce3193f,257470175,39962902,39962902,262874366,302837268,257470175,000000004ce3193f,00000604,000000005af86265,000000005af86265,0
3644,3644,0,12494012,269964187,13775966,277769076,000000004ce3193f,257470175,39962902,39962902,262874366,302837268,257470175,000000004ce31940,000005fc,000000005af86266,000000005af86265,0
3645,3645,0,12494012,269964187,13775966,277769076,000000004ce31940,257470175,39962902,39962902,262874366,302837268,257470175,000000004ce31940,00000600,000000005af86267,000000005af86266,0
3646,3646,0,12494012,269964187,13775966,277769077,000000004ce31940,257470176,39962902,39962902,262874367,302837268,257470175,000000004ce31941,00000604,000000005af86268,000000005af86267,0
3647,3647,0,12494012,269964188,13775966,277769077,000000004ce31941,257470176,39962902,39962902,262874367,302837269,257470176,000000004ce31942,00000604,000000005af86269,000000005af86268,0
3648,3648,0,12494012,269964188,13775966,277769077,000000004ce31942,257470176,39962902,39962902,262874367,302837269,257470176,000000004ce31942,00000604,000000005af86269,000000005af86269,0
3649,3649,0,12494012,269964188,13775966,277769077,000000004ce31942,257470176,39962902,39962902,262874367,302837269,257470176,000000004ce31943,000005fc,000000005af8626a,000000005af86269,0
3650,3650,0,12494012,269964188,13775966,277769077,000000004ce31943,257470176,39962902,39962902,262874367,302837269,257470176,000000004ce31943,00000600,000000005af8626b,000000005af8626a,0
3651,3651,0,12494012,269964188,13775966,277769078,000000004ce31943,257470177,39962902,39962902,262874368,302837269,257470176,000000004ce31944,00000604,000000005af8626c,000000005af8626b,0
3652,3652,0,12494012,269964189,13775966,277769078,000000004ce31944,257470177,39962902,39962902,262874368,302837270,257470177,000000004ce31945,00000604,000000005af8626d,000000005af8626c,0
3653,3653,0,12494012,269964189,13775966,277769078,000000004ce31945,257470177,39962902,39962902,262874368,302837270,257470177,000000004ce31945,00000604,000000005af8626d,000000005af8626d,0
3654,3654,0,12494012,269964189,13775966,277769078,000000004ce31945,257470177,39962902,39962902,262874368,302837270,257470177,000000004ce31946,000005fc,000000005af8626e,000000005af8626d,0
3655,3655,0,12494012,269964189,13775966,277769078,000000004ce31946,257470177,39962902,39962902,262874368,302837270,257470177,000000004ce31946,00000600,000000005af8626f,000000005af8626e,0
3656,3656,0,12494012,269964189,13775966,277769079,000000004ce31946,257470178,39962902,39962902,262874369,302837270,257470177,000000004ce31947,00000604,000000005af86270,000000005af8626f,0
3657,3657,0,12494012,269964190,13775966,277769079,000000004ce31947,257470178,39962902,39962902,262874369,302837271,257470178,000000004ce31948,00000604,000000005af86271,000000005af86270,0
3658,3658,0,12494012,269964190,13775966,277769079,000000004ce31948,257470178,39962902,39962902,262874369,302837271,257470178,000000004ce31948,00000604,000000005af86271,000000005af86271,0
3659,3659,0,12494012,269964190,13775966,277769079,000000004ce31948,257470178,39962902,39962902,262874369,302837271,257470178,000000004ce31949,000005fc,000000005af86272,000000005af86271,0
3660,3660,0,12494012,269964190,13775966,277769079,000000004ce31949,257470178,39962902,39962902,262874369,302837271,257470178,000000004ce31949,00000600,000000005af86273,000000005af86272,0
3661,3661,0,12494012,269964190,13775966,277769080,000000004ce31949,257470179,39962902,39962902,262874370,302837271,257470178,000000004ce3194a,00000604,000000005af86274,000000005af86273,0
3662,3662,0,12494012,269964191,13775966,277769080,000000004ce3194a,257470179,39962902,39962902,262874370,302837272,257470179,000000004ce3194b,00000604,000000005af86275,000000005af86274,0
3663,3663,0,12494012,269964191,13775966,277769080,000000004ce3194b,257470179,39962902,39962902,262874370,302837272,257470179,000000004ce3194b,00000604,000000005af86275,000000005af86275,0
3664,3664,0,12494012,269964191,13775966,277769080,000000004ce3194b,257470179,39962902,39962902,262874370,302837272,257470179,000000004ce3194c,000005fc,000000005af86276,000000005af86275,0
3665,3665,0,12494012,269964191,13775966,277769080,000000004ce3194c,257470179,39962902,39962902,262874370,302837272,257470179,000000004ce3194c,00000600,000000005af86277,000000005af86276,0
3666,3666,0,12494012,269964191,13775966,277769081,000000004ce3194c,257470180,39962902,39962902,262874371,302837272,257470179,000000004ce3194d,00000604,000000005af86278,000000005af86277,0
3667,3667,0,12494012,269964192,13775966,277769081,000000004ce3194d,257470180,39962902,39962902,262874371,302837273,257470180,000000004ce3194e,00000604,000000005af86279,000000005af86278,0
3668,3668,0,12494012,269964192,13775966,277769081,000000004ce3194e,257470180,39962902,39962902,262874371,302837273,257470180,000000004ce3194e,00000604,000000005af86279,000000005af86279,0
3669,3669,0,12494012,269964192,13775966,277769081,000000004ce3194e,257470180,39962902,39962902,262874371,302837273,257470180,000000004ce3194f,000005fc,000000005af8627a,000000005af86279,0
3670,3670,0,12494012,269964192,13775966,277769081,000000004ce3194f,257470180,39962902,39962902,262874371,302837273,257470180,000000004ce3194f,00000600,000000005af8627b,000000005af8627a,0
3671,3671,0,12494012,269964192,13775966,277769082,000000004ce3194f,257470181,39962902,39962902,262874372,302837273,257470180,000000004ce31950,00000604,000000005af8627c,000000005af8627b,0
3672,3672,0,12494012,269964193,13775966,277769082,000000004ce31950,257470181,39962902,39962902,262874372,302837274,257470181,000000004ce31951,00000604,000000005af8627d,000000005af8627c,0
3673,3673,0,12494012,269964193,13775966,277769082,000000004ce31951,257470181,39962902,39962902,262874372,302837274,257470181,000000004ce31951,00000604,000000005af8627d,000000005af8627d,0
3674,3674,0,12494012,269964193,13775966,277769082,000000004ce31951,257470181,39962902,39962902,262874372,302837274,257470181,000000004ce31952,000005fc,000000005af8627e,000000005af8627d,0
3675,3675,0,12494012,269964193,13775966,277769082,000000004ce31952,257470181,39962902,39962902,262874372,302837274,257470181,000000004ce31952,00000600,000000005af8627f,000000005af8627e,0
3676,3676,0,12494012,269964193,13775966,277769083,000000004ce31952,257470182,39962902,39962902,262874373,302837274,257470181,000000004ce31953,00000604,000000005af86280,000000005af8627f,0
3677,3677,0,12494012,269964194,13775966,277769083,000000004ce31953,257470182,39962902,39962902,262874373,302837275,257470182,000000004ce31954,00000604,000000005af86281,000000005af86280,0
3678,3678,0,12494012,269964194,13775966,277769083,000000004ce31954,257470182,39962902,39962902,262874373,302837275,257470182,000000004ce31954,00000604,000000005af86281,000000005af86281,0
3679,3679,0,12494012,269964194,13775966,277769083,000000004ce31954,257470182,39962902,39962902,262874373,302837275,257470182,000000004ce31955,000005fc,000000005af86282,000000005af86281,0
3680,3680,0,12494012,269964194,13775966,277769083,000000004ce31955,257470182,39962902,39962902,262874373,302837275,257470182,000000004ce31955,00000600,000000005af86283,000000005af86282,0
3681,3681,0,12494012,269964194,13775966,277769084,000000004ce31955,257470183,39962902,39962902,262874374,302837275,257470182,000000004ce31956,00000604,000000005af86284,000000005af86283,0
3682,3682,0,12494012,269964195,13775966,277769084,000000004ce31956,257470183,39962902,39962902,262874374,302837276,257470183,000000004ce31957,00000604,000000005af86285,000000005af86284,0
3683,3683,0,12494012,269964195,13775966,277769084,000000004ce31957,257470183,39962902,39962902,262874374,302837276,257470183,000000004ce31957,00000604,000000005af86285,000000005af86285,0
3684,3684,0,12494012,269964195,13775966,277769084,000000004ce31957,257470183,39962902,39962902,262874374,302837276,257470183,000000004ce31958,000005fc,000000005af86286,000000005af86285,0
3685,3685,0,12494012,269964195,13775966,277769084,000000004ce31958,257470183,39962902,39962902,262874374,302837276,257470183,000000004ce31958,00000600,000000005af86287,000000005af86286,0
3686,3686,0,12494012,269964195,13775966,277769085,000000004ce31958,257470184,39962902,39962902,262874375,302837276,257470183,000000004ce31959,00000604,000000005af86288,000000005af86287,0
3687,3687,0,12494012,269964196,13775966,277769085,000000004ce31959,257470184,39962902,39962902,262874375,302837277,257470184,000000004ce3195a,00000604,000000005af86289,000000005af86288,0
3688,3688,0,12494012,269964196,13775966,277769085,000000004ce3195a,257470184,39962902,39962902,262874375,302837277,257470184,000000004ce3195a,00000604,000000005af86289,000000005af86289,0
3689,3689,0,12494012,269964196,13775966,277769085,000000004ce3195a,257470184,39962902,39962902,262874375,302837277,257470184,000000004ce3195b,000005fc,000000005af8628a,000000005af86289,0
3690,3690,0,12494012,269964196,13775966,277769085,000000004ce3195b,257470184,39962902,39962902,262874375,302837277,257470184,000000004ce3195b,00000600,000000005af8628b,000000005af8628a,0
3691,3691,0,12494012,269964196,13775966,277769086,000000004ce3195b,257470185,39962902,39962902,262874376,302837277,257470184,000000004ce3195c,00000604,000000005af8628c,000000005af8628b,0
3692,3692,0,12494012,269964197,13775966,277769086,000000004ce3195c,257470185,39962902,39962902,262874376,302837278,257470185,000000004ce3195d,00000604,000000005af8628d,000000005af8628c,0
3693,3693,0,12494012,269964197,13775966,277769086,000000004ce3195d,257470185,39962902,39962902,262874376,302837278,257470185,000000004ce3195d,00000604,000000005af8628d,000000005af8628d,0
3694,3694,0,12494012,269964197,13775966,277769086,000000004ce3195d,257470185,39962902,39962902,262874376,302837278,257470185,000000004ce3195e,000005fc,000000005af8628e,000000005af8628d,0
3695,3695,0,12494012,269964197,13775966,277769086,000000004ce3195e,257470185,39962902,39962902,262874376,302837278,257470185,000000004ce3195e,00000600,000000005af8628f,000000005af8628e,0
3696,3696,0,12494012,269964197,13775966,277769087,000000004ce3195e,257470186,39962902,39962902,262874377,302837278,257470185,000000004ce3195f,00000604,000000005af86290,000000005af8628f,0
3697,3697,0,12494012,269964198,13775966,277769087,000000004ce3195f,257470186,39962902,39962902,262874377,302837279,257470186,000000004ce31960,00000604,000000005af86291,000000005af86290,0
3698,3698,0,12494012,269964198,13775966,277769087,000000004ce31960,257470186,39962902,39962902,262874377,302837279,257470186,000000004ce31960,00000604,000000005af86291,000000005af86291,0
3699,3699,0,12494012,269964198,13775966,277769087,000000004ce31960,257470186,39962902,39962902,262874377,302837279,257470186,000000004ce31961,000005fc,000000005af86292,000000005af86291,0
3700,3700,0,12494012,269964198,13775966,277769087,000000004ce31961,257470186,39962902,39962902,262874377,302837279,257470186,000000004ce31961,00000600,000000005af86293,000000005af86292,0
3701,3701,0,12494012,269964198,13775966,277769088,000000004ce31961,257470187,39962902,39962902,262874378,302837279,257470186,000000004ce31962,00000604,000000005af86294,000000005af86293,0
3702,3702,0,12494012,269964199,13775966,277769088,000000004ce31962,257470187,39962902,39962902,262874378,302837280,257470187,000000004ce31963,00000604,000000005af86295,000000005af86294,0
3703,3703,0,12494012,269964199,13775966,277769088,000000004ce31963,257470187,39962902,39962902,262874378,302837280,257470187,000000004ce31963,00000604,000000005af86295,000000005af86295,0
3704,3704,0,12494012,269964199,13775966,277769088,000000004ce31963,257470187,39962902,39962902,262874378,302837280,257470187,000000004ce31964,000005fc,000000005af86296,000000005af86295,0
3705,3705,0,12494012,269964199,13775966,277769088,000000004ce31964,257470187,39962902,39962902,262874378,302837280,257470187,000000004ce31964,00000600,000000005af86297,000000005af86296,0
3706,3706,0,12494012,269964199,13775966,277769089,000000004ce31964,257470188,39962902,39962902,262874379,302837280,257470187,000000004ce31965,00000604,000000005af86298,000000005af86297,0
3707,3707,0,12494012,269964200,13775966,277769089,000000004ce31965,257470188,39962902,39962902,262874379,302837281,257470188,000000004ce31966,00000604,000000005af86299,000000005af86298,0
3708,3708,0,12494012,269964200,13775966,277769089,000000004ce31966,257470188,39962902,39962902,262874379,302837281,257470188,000000004ce31966,00000604,000000005af86299,000000005af86299,0
3709,3709,0,12494012,269964200,13775966,277769089,000000004ce31966,257470188,39962902,39962902,262874379,302837281,257470188,000000004ce31967,000005fc,000000005af8629a,000000005af86299,0
3710,3710,0,12494012,269964200,13775966,277769089,000000004ce31967,257470188,39962902,39962902,262874379,302837281,257470188,000000004ce31967,00000600,000000005af8629b,000000005af8629a,0
3711,3711,0,12494012,269964200,13775966,277769090,000000004ce31967,257470189,39962902,39962902,262874380,302837281,257470188,000000004ce31968,00000604,000000005af8629c,000000005af8629b,0
3712,3712,0,12494012,269964201,13775966,277769090,000000004ce31968,257470189,39962902,39962902,262874380,302837282,257470189,000000004ce31969,00000604,000000005af8629d,000000005af8629c,0
3713,3713,0,12494012,269964201,13775966,277769090,000000004ce31969,257470189,39962902,39962902,262874380,302837282,257470189,000000004ce31969,00000604,000000005af8629d,000000005af8629d,0
3714,3714,0,12494012,269964201,13775966,277769090,000000004ce31969,257470189,39962902,39962902,262874380,302837282,257470189,000000004ce3196a,000005fc,000000005af8629e,000000005af8629d,0
3715,3715,0,12494012,269964201,13775966,277769090,000000004ce3196a,257470189,39962902,39962902,262874380,302837282,257470189,000000004ce3196a,00000600,000000005af8629f,000000005af8629e,0
3716,3716,0,12494012,269964201,13775966,277769091,000000004ce3196a,257470190,39962902,39962902,262874381,302837282,257470189,000000004ce3196b,00000604,000000005af862a0,000000005af8629f,0
3717,3717,0,12494012,269964202,13775966,277769091,000000004ce3196b,257470190,39962902,39962902,262874381,302837283,257470190,000000004ce3196c,00000604,000000005af862a1,000000005af862a0,0
3718,3718,0,12494012,269964202,13775966,277769091,000000004ce3196c,257470190,39962902,39962902,262874381,302837283,257470190,000000004ce3196c,00000604,000000005af862a1,000000005af862a1,0
3719,3719,0,12494012,269964202,13775966,277769091,000000004ce3196c,257470190,39962902,39962902,262874381,302837283,257470190,000000004ce3196d,000005fc,000000005af862a2,000000005af862a1,0
3720,3720,0,12494012,269964202,13775966,277769091,000000004ce3196d,257470190,39962902,39962902,262874381,302837283,257470190,000000004ce3196d,00000600,000000005af862a3,000000005af862a2,0
3721,3721,0,12494012,269964202,13775966,277769092,000000004ce3196d,257470191,39962902,39962902,262874382,302837283,257470190,000000004ce3196e,00000604,000000005af862a4,000000005af862a3,0
3722,3722,0,12494012,269964203,13775966,277769092,000000004ce3196e,257470191,39962902,39962902,262874382,302837284,257470191,000000004ce3196f,00000604,000000005af862a5,000000005af862a4,0
3723,3723,0,12494012,269964203,13775966,277769092,000000004ce3196f,257470191,39962902,39962902,262874382,302837284,257470191,000000004ce3196f,00000604,000000005af862a5,000000005af862a5,0
3724,3724,0,12494012,269964203,13775966,277769092,000000004ce3196f,257470191,39962902,39962902,262874382,302837284,257470191,000000004ce31970,000005fc,000000005af862a6,000000005af862a5,0
3725,3725,0,12494012,269964203,13775966,277769092,000000004ce31970,257470191,39962902,39962902,262874382,302837284,257470191,000000004ce31970,00000600,000000005af862a7,000000005af862a6,0
3726,3726,0,12494012,269964203,13775966,277769093,000000004ce31970,257470192,39962902,39962902,262874383,302837284,257470191,000000004ce31971,00000604,000000005af862a8,000000005af862a7,0
3727,3727,0,12494012,269964204,13775966,277769093,000000004ce31971,257470192,39962902,39962902,262874383,302837285,257470192,000000004ce31972,00000604,000000005af862a9,000000005af862a8,0
3728,3728,0,12494012,269964204,13775966,277769093,000000004ce31972,257470192,39962902,39962902,262874383,302837285,257470192,000000004ce31972,00000604,000000005af862a9,000000005af862a9,0
3729,3729,0,12494012,269964204,13775966,277769093,000000004ce31972,257470192,39962902,39962902,262874383,302837285,257470192,000000004ce31973,000005fc,000000005af862aa,000000005af862a9,0
3730,3730,0,12494012,269964204,13775966,277769093,000000004ce31973,257470192,39962902,39962902,262874383,302837285,257470192,000000004ce31973,00000600,000000005af862ab,000000005af862aa,0
3731,3731,0,12494012,269964204,13775966,277769094,000000004ce31973,257470193,39962902,39962902,262874384,302837285,257470192,000000004ce31974,00000604,000000005af862ac,000000005af862ab,0
3732,3732,0,12494012,269964205,13775966,277769094,000000004ce31974,257470193,39962902,39962902,262874384,302837286,257470193,000000004ce31975,00000604,000000005af862ad,000000005af862ac,0
3733,3733,0,12494012,269964205,13775966,277769094,000000004ce31975,257470193,39962902,39962902,262874384,302837286,257470193,000000004ce31975,00000604,000000005af862ad,000000005af862ad,0
3734,3734,0,12494012,269964205,13775966,277769094,000000004ce31975,257470193,39962902,39962902,262874384,302837286,257470193,000000004ce31976,000005fc,000000005af862ae,000000005af862ad,0
3735,3735,0,12494012,269964205,13775966,277769094,000000004ce31976,257470193,39962902,39962902,262874384,302837286,257470193,000000004ce31976,00000600,000000005af862af,000000005af862ae,0
3736,3736,0,12494012,269964205,13775966,277769095,000000004ce31976,257470194,39962902,39962902,262874385,302837286,257470193,000000004ce31977,00000604,000000005af862b0,000000005af862af,0
3737,3737,0,12494012,269964206,13775966,277769095,000000004ce31977,257470194,39962902,39962902,262874385,302837287,257470194,000000004ce31978,00000604,000000005af862b1,000000005af862b0,0
3738,3738,0,12494012,269964206,13775966,277769095,000000004ce31978,257470194,39962902,39962902,262874385,302837287,257470194,000000004ce31978,00000604,000000005af862b1,000000005af862b1,0
3739,3739,0,12494012,269964206,13775966,277769095,000000004ce31978,257470194,39962902,39962902,262874385,302837287,257470194,000000004ce31979,000005fc,000000005af862b2,000000005af862b1,0
3740,3740,0,12494012,269964206,13775966,277769095,000000004ce31979,257470194,39962902,39962902,262874385,302837287,257470194,000000004ce31979,00000600,000000005af862b3,000000005af862b2,0
3741,3741,0,12494012,269964206,13775966,277769096,000000004ce31979,257470195,39962902,39962902,262874386,302837287,257470194,000000004ce3197a,00000604,000000005af862b4,000000005af862b3,0
3742,3742,0,12494012,269964207,13775966,277769096,000000004ce3197a,257470195,39962902,39962902,262874386,302837288,257470195,000000004ce3197b,00000604,000000005af862b5,000000005af862b4,0
3743,3743,0,12494012,269964207,13775966,277769096,000000004ce3197b,257470195,39962902,39962902,262874386,302837288,257470195,000000004ce3197b,00000604,000000005af862b5,000000005af862b5,0
3744,3744,0,12494012,269964207,13775966,277769096,000000004ce3197b,257470195,39962902,39962902,262874386,302837288,257470195,000000004ce3197c,000005fc,000000005af862b6,000000005af862b5,0
3745,3745,0,12494012,269964207,13775966,277769096,000000004ce3197c,257470195,39962902,39962902,262874386,302837288,257470195,000000004ce3197c,00000600,000000005af862b7,000000005af862b6,0
3746,3746,0,12494012,269964207,13775966,277769097,000000004ce3197c,257470196,39962902,39962902,262874387,302837288,257470195,000000004ce3197d,00000604,000000005af862b8,000000005af862b7,0
3747,3747,0,12494012,269964208,13775966,277769097,000000004ce3197d,257470196,39962902,39962902,262874387,302837289,257470196,000000004ce3197e,00000604,000000005af862b9,000000005af862b8,0
3748,3748,0,12494012,269964208,13775966,277769097,000000004ce3197e,257470196,39962902,39962902,262874387,302837289,257470196,000000004ce3197e,00000604,000000005af862b9,000000005af862b9,0
3749,3749,0,12494012,269964208,13775966,277769097,000000004ce3197e,257470196,39962902,39962902,262874387,302837289,257470196,000000004ce3197f,000005fc,000000005af862ba,000000005af862b9,0
3750,3750,0,12494012,269964208,13775966,277769097,000000004ce3197f,257470196,39962902,39962902,262874387,302837289,257470196,000000004ce3197f,00000600,000000005af862bb,000000005af862ba,0
3751,3751,0,12494012,269964208,13775966,277769098,000000004ce3197f,257470197,39962902,39962902,262874388,302837289,257470196,000000004ce31980,00000604,000000005af862bc,000000005af862bb,0
3752,3752,0,12494012,269964209,13775966,277769098,000000004ce31980,257470197,39962902,39962902,262874388,302837290,257470197,000000004ce31981,00000604,000000005af862bd,000000005af862bc,0
3753,3753,0,12494012,269964209,13775966,277769098,000000004ce31981,257470197,39962902,39962902,262874388,302837290,257470197,000000004ce31981,00000604,000000005af862bd,000000005af862bd,0
3754,3754,0,12494012,269964209,13775966,277769098,000000004ce31981,257470197,39962902,39962902,262874388,302837290,257470197,000000004ce31982,000005fc,000000005af862be,000000005af862bd,0
3755,3755,0,12494012,269964209,13775966,277769098,000000004ce31982,257470197,39962902,39962902,262874388,302837290,257470197,000000004ce31982,00000600,000000005af862bf,000000005af862be,0
3756,3756,0,12494012,269964209,13775966,277769099,000000004ce31982,257470198,39962902,39962902,262874389,302837290,257470197,000000004ce31983,00000604,000000005af862c0,000000005af862bf,0
3757,3757,0,12494012,269964210,13775966,277769099,000000004ce31983,257470198,39962902,39962902,262874389,302837291,257470198,000000004ce31984,00000604,000000005af862c1,000000005af862c0,0
3758,3758,0,12494012,269964210,13775966,277769099,000000004ce31984,257470198,39962902,39962902,262874389,302837291,257470198,000000004ce31984,00000604,000000005af862c1,000000005af862c1,0
3759,3759,0,12494012,269964210,13775966,277769099,000000004ce31984,257470198,39962902,39962902,262874389,302837291,257470198,000000004ce31985,000005fc,000000005af862c2,000000005af862c1,0
3760,3760,0,12494012,269964210,13775966,277769099,000000004ce31985,257470198,39962902,39962902,262874389,302837291,257470198,000000004ce31985,00000600,000000005af862c3,000000005af862c2,0
3761,3761,0,12494012,269964210,13775966,277769100,000000004ce31985,257470199,39962902,39962902,262874390,302837291,257470198,000000004ce31986,00000604,000000005af862c4,000000005af862c3,0
3762,3762,0,12494012,269964211,13775966,277769100,000000004ce31986,257470199,39962902,39962902,262874390,302837292,257470199,000000004ce31987,00000604,000000005af862c5,000000005af862c4,0
3763,3763,0,12494012,269964211,13775966,277769100,000000004ce31987,257470199,39962902,39962902,262874390,302837292,257470199,000000004ce31987,00000604,000000005af862c5,000000005af862c5,0
3764,3764,0,12494012,269964211,13775966,277769100,000000004ce31987,257470199,39962902,39962902,262874390,302837292,257470199,000000004ce31988,000005fc,000000005af862c6,000000005af862c5,0
3765,3765,0,12494012,269964211,13775966,277769100,000000004ce31988,257470199,39962902,39962902,262874390,302837292,257470199,000000004ce31988,00000600,000000005af862c7,000000005af862c6,0
3766,3766,0,12494012,269964211,13775966,277769101,000000004ce31988,257470200,39962902,39962902,262874391,302837292,257470199,000000004ce31989,00000604,000000005af862c8,000000005af862c7,0
3767,3767,0,12494012,269964212,13775966,277769101,000000004ce31989,257470200,39962902,39962902,262874391,302837293,257470200,000000004ce3198a,00000604,000000005af862c9,000000005af862c8,0
3768,3768,0,12494012,269964212,13775966,277769101,000000004ce3198a,257470200,39962902,39962902,262874391,302837293,257470200,000000004ce3198a,00000604,000000005af862c9,000000005af862c9,0
3769,3769,0,12494012,269964212,13775966,277769101,000000004ce3198a,257470200,39962902,39962902,262874391,302837293,257470200,000000004ce3198b,000005fc,000000005af862ca,000000005af862c9,0
3770,3770,0,12494012,269964212,13775966,277769101,000000004ce3198b,257470200,39962902,39962902,262874391,302837293,257470200,000000004ce3198b,00000600,000000005af862cb,000000005af862ca,0
3771,3771,0,12494012,269964212,13775966,277769102,000000004ce3198b,257470201,39962902,39962902,262874392,302837293,257470200,000000004ce3198c,00000604,000000005af862cc,000000005af862cb,0
3772,3772,0,12494012,269964213,13775966,277769102,000000004ce3198c,257470201,39962902,39962902,262874392,302837294,257470201,000000004ce3198d,00000604,000000005af862cd,000000005af862cc,0
3773,3773,0,12494012,269964213,13775966,277769102,000000004ce3198d,257470201,39962902,39962902,262874392,302837294,257470201,000000004ce3198d,00000604,000000005af862cd,000000005af862cd,0
3774,3774,0,12494012,269964213,13775966,277769102,000000004ce3198d,257470201,39962902,39962902,262874392,302837294,257470201,000000004ce3198e,000005fc,000000005af862ce,000000005af862cd,0
3775,3775,0,12494012,269964213,13775966,277769102,000000004ce3198e,257470201,39962902,39962902,262874392,302837294,257470201,000000004ce3198e,00000600,000000005af862cf,000000005af862ce,0
3776,3776,0,12494012,269964213,13775966,277769103,000000004ce3198e,257470202,39962902,39962902,262874393,302837294,257470201,000000004ce3198f,00000604,000000005af862d0,000000005af862cf,0
3777,3777,0,12494012,269964214,13775966,277769103,000000004ce3198f,257470202,39962902,39962902,262874393,302837295,257470202,000000004ce31990,00000604,000000005af862d1,000000005af862d0,0
3778,3778,0,12494012,269964214,13775966,277769103,000000004ce31990,257470202,39962902,39962902,262874393,302837295,257470202,000000004ce31990,00000604,000000005af862d1,000000005af862d1,0
3779,3779,0,12494012,269964214,13775966,277769103,000000004ce31990,257470202,39962902,39962902,262874393,302837295,257470202,000000004ce31991,000005fc,000000005af862d2,000000005af862d1,0
3780,3780,0,12494012,269964214,13775966,277769103,000000004ce31991,257470202,39962902,39962902,262874393,302837295,257470202,000000004ce31991,00000600,000000005af862d3,000000005af862d2,0
3781,3781,0,12494012,269964214,13775966,277769104,000000004ce31991,257470203,39962902,39962902,262874394,302837295,257470202,000000004ce31992,00000604,000000005af862d4,000000005af862d3,0
3782,3782,0,12494012,269964215,13775966,277769104,000000004ce31992,257470203,39962902,39962902,262874394,302837296,257470203,000000004ce31993,00000604,000000005af862d5,000000005af862d4,0
3783,3783,0,12494012,269964215,13775966,277769104,000000004ce31993,257470203,39962902,39962902,262874394,302837296,257470203,000000004ce31993,00000604,000000005af862d5,000000005af862d5,0
3784,3784,0,12494012,269964215,13775966,277769104,000000004ce31993,257470203,39962902,39962902,262874394,302837296,257470203,000000004ce31994,000005fc,000000005af862d6,000000005af862d5,0
3785,3785,0,12494012,269964215,13775966,277769104,000000004ce31994,257470203,39962902,39962902,262874394,302837296,257470203,000000004ce31994,00000600,000000005af862d7,000000005af862d6,0
3786,3786,0,12494012,269964215,13775966,277769105,000000004ce31994,257470204,39962902,39962902,262874395,302837296,257470203,000000004ce31995,00000604,000000005af862d8,000000005af862d7,0
3787,3787,0,12494012,269964216,13775966,277769105,000000004ce31995,257470204,39962902,39962902,262874395,302837297,257470204,000000004ce31996,00000604,000000005af862d9,000000005af862d8,0
3788,3788,0,12494012,269964216,13775966,277769105,000000004ce31996,257470204,39962902,39962902,262874395,302837297,257470204,000000004ce31996,00000604,000000005af862d9,000000005af862d9,0
3789,3789,0,12494012,269964216,13775966,277769105,000000004ce31996,257470204,39962902,39962902,262874395,302837297,257470204,000000004ce31997,000005fc,000000005af862da,000000005af862d9,0
3790,3790,0,12494012,269964216,13775966,277769105,000000004ce31997,257470204,39962902,39962902,262874395,302837297,257470204,000000004ce31997,00000600,000000005af862db,000000005af862da,0
3791,3791,0,12494012,269964216,13775966,277769106,000000004ce31997,257470205,39962902,39962902,262874396,302837297,257470204,000000004ce31998,00000604,000000005af862dc,000000005af862db,0
3792,3792,0,12494012,269964217,13775966,277769106,000000004ce31998,257470205,39962902,39962902,262874396,302837298,257470205,000000004ce31999,00000604,000000005af862dd,000000005af862dc,0
3793,3793,0,12494012,269964217,13775966,277769106,000000004ce31999,257470205,39962902,39962902,262874396,302837298,257470205,000000004ce31999,00000604,000000005af862dd,000000005af862dd,0
3794,3794,0,12494012,269964217,13775966,277769106,000000004ce31999,257470205,39962902,39962902,262874396,302837298,257470205,000000004ce3199a,000005fc,000000005af862de,000000005af862dd,0
3795,3795,0,12494012,269964217,13775966,277769106,000000004ce3199a,257470205,39962902,39962902,262874396,302837298,257470205,000000004ce3199a,00000600,000000005af862df,000000005af862de,0
3796,3796,0,12494012,269964217,13775966,277769107,000000004ce3199a,257470206,39962902,39962902,262874397,302837298,257470205,000000004ce3199b,00000604,000000005af862e0,000000005af862df,0
3797,3797,0,12494012,269964218,13775966,277769107,000000004ce3199b,257470206,39962902,39962902,262874397,302837299,257470206,000000004ce3199c,00000604,000000005af862e1,000000005af862e0,0
3798,3798,0,12494012,269964218,13775966,277769107,000000004ce3199c,257470206,39962902,39962902,262874397,302837299,257470206,000000004ce3199c,00000604,000000005af862e1,000000005af862e1,0
3799,3799,0,12494012,269964218,13775966,277769107,000000004ce3199c,257470206,39962902,39962902,262874397,302837299,257470206,000000004ce3199d,000005fc,000000005af862e2,000000005af862e1,0
3800,3800,0,12494012,269964218,13775966,277769107,000000004ce3199d,257470206,39962902,39962902,262874397,302837299,257470206,000000004ce3199d,00000600,000000005af862e3,000000005af862e2,0
3801,3801,0,12494012,269964218,13775966,277769108,000000004ce3199d,257470207,39962902,39962902,262874398,302837299,257470206,000000004ce3199e,00000604,000000005af862e4,000000005af862e3,0
3802,3802,0,12494012,269964219,13775966,277769108,000000004ce3199e,257470207,39962902,39962902,262874398,302837300,257470207,000000004ce3199f,00000604,000000005af862e5,000000005af862e4,0
3803,3803,0,12494012,269964219,13775966,277769108,000000004ce3199f,257470207,39962902,39962902,262874398,302837300,257470207,000000004ce3199f,00000604,000000005af862e5,000000005af862e5,0
3804,3804,0,12494012,269964219,13775966,277769108,000000004ce3199f,257470207,39962902,39962902,262874398,302837300,257470207,000000004ce319a0,000005fc,000000005af862e6,000000005af862e5,0
3805,3805,0,12494012,269964219,13775966,277769108,000000004ce319a0,257470207,39962902,39962902,262874398,302837300,257470207,000000004ce319a0,00000600,000000005af862e7,000000005af862e6,0
3806,3806,0,12494012,269964219,13775966,277769109,000000004ce319a0,257470208,39962902,39962902,262874399,302837300,257470207,000000004ce319a1,00000604,000000005af862e8,000000005af862e7,0
3807,3807,0,12494012,269964220,13775966,277769109,000000004ce319a1,257470208,39962902,39962902,262874399,302837301,257470208,000000004ce319a2,00000604,000000005af862e9,000000005af862e8,0
3808,3808,0,12494012,269964220,13775966,277769109,000000004ce319a2,257470208,39962902,39962902,262874399,302837301,257470208,000000004ce319a2,00000604,000000005af862e9,000000005af862e9,0
3809,3809,0,12494012,269964220,13775966,277769109,000000004ce319a2,257470208,39962902,39962902,262874399,302837301,257470208,000000004ce319a3,000005fc,000000005af862ea,000000005af862e9,0
3810,3810,0,12494012,269964220,13775966,277769109,000000004ce319a3,257470208,39962902,39962902,262874399,302837301,257470208,000000004ce319a3,00000600,000000005af862eb,000000005af862ea,0
3811,3811,0,12494012,269964220,13775966,277769110,000000004ce319a3,257470209,39962902,39962902,262874400,302837301,257470208,000000004ce319a4,00000604,000000005af862ec,000000005af862eb,0
3812,3812,0,12494012,269964221,13775966,277769110,000000004ce319a4,257470209,39962902,39962902,262874400,302837302,257470209,000000004ce319a5,00000604,000000005af862ed,000000005af862ec,0
3813,3813,0,12494012,269964221,13775966,277769110,000000004ce319a5,257470209,39962902,39962902,262874400,302837302,257470209,000000004ce319a5,00000604,000000005af862ed,000000005af862ed,0
3814,3814,0,12494012,269964221,13775966,277769110,000000004ce319a5,257470209,39962902,39962902,262874400,302837302,257470209,000000004ce319a6,000005fc,000000005af862ee,000000005af862ed,0
3815,3815,0,12494012,269964221,13775966,277769110,000000004ce319a6,257470209,39962902,39962902,262874400,302837302,257470209,000000004ce319a6,00000600,000000005af862ef,000000005af862ee,0
3816,3816,0,12494012,269964221,13775966,277769111,000000004ce319a6,257470210,39962902,39962902,262874401,302837302,257470209,000000004ce319a7,00000604,000000005af862f0,000000005af862ef,0
3817,3817,0,12494012,269964222,13775966,277769111,000000004ce319a7,257470210,39962902,39962902,262874401,302837303,257470210,000000004ce319a8,00000604,000000005af862f1,000000005af862f0,0
3818,3818,0,12494012,269964222,13775966,277769111,000000004ce319a8,257470210,39962902,39962902,262874401,302837303,257470210,000000004ce319a8,00000604,000000005af862f1,000000005af862f1,0
3819,3819,0,12494012,269964222,13775966,277769111,000000004ce319a8,257470210,39962902,39962902,262874401,302837303,257470210,000000004ce319a9,000005fc,000000005af862f2,000000005af862f1,0
3820,3820,0,12494012,269964222,13775966,277769111,000000004ce319a9,257470210,39962902,39962902,262874401,302837303,257470210,000000004ce319a9,00000600,000000005af862f3,000000005af862f2,0
3821,3821,0,12494012,269964222,13775966,277769112,000000004ce319a9,257470211,39962902,39962902,262874402,302837303,257470210,000000004ce319aa,00000604,000000005af862f4,000000005af862f3,0
3822,3822,0,12494012,269964223,13775966,277769112,000000004ce319aa,257470211,39962902,39962902,262874402,302837304,257470211,000000004ce319ab,00000604,000000005af862f5,000000005af862f4,0
3823,3823,0,12494012,269964223,13775966,277769112,000000004ce319ab,257470211,39962902,39962902,262874402,302837304,257470211,000000004ce319ab,00000604,000000005af862f5,000000005af862f5,0
3824,3824,0,12494012,269964223,13775966,277769112,000000004ce319ab,257470211,39962902,39962902,262874402,302837304,257470211,000000004ce319ac,000005fc,000000005af862f6,000000005af862f5,0
3825,3825,0,12494012,269964223,13775966,277769112,000000004ce319ac,257470211,39962902,39962902,262874402,302837304,257470211,000000004ce319ac,00000600,000000005af862f7,000000005af862f6,0
3826,3826,0,12494012,269964223,13775966,277769113,000000004ce319ac,257470212,39962902,39962902,262874403,302837304,257470211,000000004ce319ad,00000604,000000005af862f8,000000005af862f7,0
3827,3827,0,12494012,269964224,13775966,277769113,000000004ce319ad,257470212,39962902,39962902,262874403,302837305,257470212,000000004ce319ae,00000604,000000005af862f9,000000005af862f8,0
3828,3828,0,12494012,269964224,13775966,277769113,000000004ce319ae,257470212,39962902,39962902,262874403,302837305,257470212,000000004ce319ae,00000604,000000005af862f9,000000005af862f9,0
3829,3829,0,12494012,269964224,13775966,277769113,000000004ce319ae,257470212,39962902,39962902,262874403,302837305,257470212,000000004ce319af,000005fc,000000005af862fa,000000005af862f9,0
3830,3830,0,12494012,269964224,13775966,277769113,000000004ce319af,257470212,39962902,39962902,262874403,302837305,257470212,000000004ce319af,00000600,000000005af862fb,000000005af862fa,0
3831,3831,0,12494012,269964224,13775966,277769114,000000004ce319af,257470213,39962902,39962902,262874404,302837305,257470212,000000004ce319b0,00000604,000000005af862fc,000000005af862fb,0
3832,3832,0,12494012,269964225,13775966,277769114,000000004ce319b0,257470213,39962902,39962902,262874404,302837306,257470213,000000004ce319b1,00000604,000000005af862fd,000000005af862fc,0
3833,3833,0,12494012,269964225,13775966,277769114,000000004ce319b1,257470213,39962902,39962902,262874404,302837306,257470213,000000004ce319b1,00000604,000000005af862fd,000000005af862fd,0
3834,3834,0,12494012,269964225,13775966,277769114,000000004ce319b1,257470213,39962902,39962902,262874404,302837306,257470213,000000004ce319b2,000005fc,000000005af862fe,000000005af862fd,0
3835,3835,0,12494012,269964225,13775966,277769114,000000004ce319b2,257470213,39962902,39962902,262874404,302837306,257470213,000000004ce319b2,00000600,000000005af862ff,000000005af862fe,0
3836,3836,0,12494012,269964225,13775966,277769115,000000004ce319b2,257470214,39962902,39962902,262874405,302837306,257470213,000000004ce319b3,00000604,000000005af86300,000000005af862ff,0
3837,3837,0,12494012,269964226,13775966,277769115,000000004ce319b3,257470214,39962902,39962902,262874405,302837307,257470214,000000004ce319b4,00000604,000000005af86301,000000005af86300,0
3838,3838,0,12494012,269964226,13775966,277769115,000000004ce319b4,257470214,39962902,39962902,262874405,302837307,257470214,000000004ce319b4,00000604,000000005af86301,000000005af86301,0
3839,3839,0,12494012,269964226,13775966,277769115,000000004ce319b4,257470214,39962902,39962902,262874405,302837307,257470214,000000004ce319b5,000005fc,000000005af86302,000000005af86301,0
3840,3840,0,12494012,269964226,13775966,277769115,000000004ce319b5,257470214,39962902,39962902,262874405,302837307,257470214,000000004ce319b5,00000600,000000005af86303,000000005af86302,0
3841,3841,0,12494012,269964226,13775966,277769116,000000004ce319b5,257470215,39962902,39962902,262874406,302837307,257470214,000000004ce319b6,00000604,000000005af86304,000000005af86303,0
3842,3842,0,12494012,269964227,13775966,277769116,000000004ce319b6,257470215,39962902,39962902,262874406,302837308,257470215,000000004ce319b7,00000604,000000005af86305,000000005af86304,0
3843,3843,0,12494012,269964227,13775966,277769116,000000004ce319b7,257470215,39962902,39962902,262874406,302837308,257470215,000000004ce319b7,00000604,000000005af86305,000000005af86305,0
3844,3844,0,12494012,269964227,13775966,277769116,000000004ce319b7,257470215,39962902,39962902,262874406,302837308,257470215,000000004ce319b8,000005fc,000000005af86306,000000005af86305,0
3845,3845,0,12494012,269964227,13775966,277769116,000000004ce319b8,257470215,39962902,39962902,262874406,302837308,257470215,000000004ce319b8,00000600,000000005af86307,000000005af86306,0
3846,3846,0,12494012,269964227,13775966,277769117,000000004ce319b8,257470216,39962902,39962902,262874407,302837308,257470215,000000004ce319b9,00000604,000000005af86308,000000005af86307,0
3847,3847,0,12494012,269964228,13775966,277769117,000000004ce319b9,257470216,39962902,39962902,262874407,302837309,257470216,000000004ce319ba,00000604,000000005af86309,000000005af86308,0
3848,3848,0,12494012,269964228,13775966,277769117,000000004ce319ba,257470216,39962902,39962902,262874407,302837309,257470216,000000004ce319ba,00000604,000000005af86309,000000005af86309,0
3849,3849,0,12494012,269964228,13775966,277769117,000000004ce319ba,257470216,39962902,39962902,262874407,302837309,257470216,000000004ce319bb,000005fc,000000005af8630a,000000005af86309,0
3850,3850,0,12494012,269964228,13775966,277769117,000000004ce319bb,257470216,39962902,39962902,262874407,302837309,257470216,000000004ce319bb,00000600,000000005af8630b,000000005af8630a,0
3851,3851,0,12494012,269964228,13775966,277769118,000000004ce319bb,257470217,39962902,39962902,262874408,302837309,257470216,000000004ce319bc,00000604,000000005af8630c,000000005af8630b,0
3852,3852,0,12494012,269964229,13775966,277769118,000000004ce319bc,257470217,39962902,39962902,262874408,302837310,257470217,000000004ce319bd,00000604,000000005af8630d,000000005af8630c,0
3853,3853,0,12494012,269964229,13775966,277769118,000000004ce319bd,257470217,39962902,39962902,262874408,302837310,257470217,000000004ce319bd,00000604,000000005af8630d,000000005af8630d,0
3854,3854,0,12494012,269964229,13775966,277769118,000000004ce319bd,257470217,39962902,39962902,262874408,302837310,257470217,000000004ce319be,000005fc,000000005af8630e,000000005af8630d,0
3855,3855,0,12494012,269964229,13775966,277769118,000000004ce319be,257470217,39962902,39962902,262874408,302837310,257470217,000000004ce319be,00000600,000000005af8630f,000000005af8630e,0
3856,3856,0,12494012,269964229,13775966,277769119,000000004ce319be,257470218,39962902,39962902,262874409,302837310,257470217,000000004ce319bf,00000604,000000005af86310,000000005af8630f,0
3857,3857,0,12494012,269964230,13775966,277769119,000000004ce319bf,257470218,39962902,39962902,262874409,302837311,257470218,000000004ce319c0,00000604,000000005af86311,000000005af86310,0
3858,3858,0,12494012,269964230,13775966,277769119,000000004ce319c0,257470218,39962902,39962902,262874409,302837311,257470218,000000004ce319c0,00000604,000000005af86311,000000005af86311,0
3859,3859,0,12494012,269964230,13775966,277769119,000000004ce319c0,257470218,39962902,39962902,262874409,302837311,257470218,000000004ce319c1,000005fc,000000005af86312,000000005af86311,0
3860,3860,0,12494012,269964230,13775966,277769119,000000004ce319c1,257470218,39962902,39962902,262874409,302837311,257470218,000000004ce319c1,00000600,000000005af86313,000000005af86312,0
3861,3861,0,12494012,269964230,13775966,277769120,000000004ce319c1,257470219,39962902,39962902,262874410,302837311,257470218,000000004ce319c2,00000604,000000005af86314,000000005af86313,0
3862,3862,0,12494012,269964231,13775966,277769120,000000004ce319c2,257470219,39962902,39962902,262874410,302837312,257470219,000000004ce319c3,00000604,000000005af86315,000000005af86314,0
3863,3863,0,12494012,269964231,13775966,277769120,000000004ce319c3,257470219,39962902,39962902,262874410,302837312,257470219,000000004ce319c3,00000604,000000005af86315,000000005af86315,0
3864,3864,0,12494012,269964231,13775966,277769120,000000004ce319c3,257470219,39962902,39962902,262874410,302837312,257470219,000000004ce319c4,000005fc,000000005af86316,000000005af86315,0
3865,3865,0,12494012,269964231,13775966,277769120,000000004ce319c4,257470219,39962902,39962902,262874410,302837312,257470219,000000004ce319c4,00000600,000000005af86317,000000005af86316,0
3866,3866,0,12494012,269964231,13775966,277769121,000000004ce319c4,257470220,39962902,39962902,262874411,302837312,257470219,000000004ce319c5,00000604,000000005af86318,000000005af86317,0
3867,3867,0,12494012,269964232,13775966,277769121,000000004ce319c5,257470220,39962902,39962902,262874411,302837313,257470220,000000004ce319c6,00000604,000000005af86319,000000005af86318,0
3868,3868,0,12494012,269964232,13775966,277769121,000000004ce319c6,257470220,39962902,39962902,262874411,302837313,257470220,000000004ce319c6,00000604,000000005af86319,000000005af86319,0
3869,3869,0,12494012,269964232,13775966,277769121,000000004ce319c6,257470220,39962902,39962902,262874411,302837313,257470220,000000004ce319c7,000005fc,000000005af8631a,000000005af86319,0
3870,3870,0,12494012,269964232,13775966,277769121,000000004ce319c7,257470220,39962902,39962902,262874411,302837313,257470220,000000004ce319c7,00000600,000000005af8631b,000000005af8631a,0
3871,3871,0,12494012,269964232,13775966,277769122,000000004ce319c7,257470221,39962902,39962902,262874412,302837313,257470220,000000004ce319c8,00000604,000000005af8631c,000000005af8631b,0
3872,3872,0,12494012,269964233,13775966,277769122,000000004ce319c8,257470221,39962902,39962902,262874412,302837314,257470221,000000004ce319c9,00000604,000000005af8631d,000000005af8631c,0
3873,3873,0,12494012,269964233,13775966,277769122,000000004ce319c9,257470221,39962902,39962902,262874412,302837314,257470221,000000004ce319c9,00000604,000000005af8631d,000000005af8631d,0
3874,3874,0,12494012,269964233,13775966,277769122,000000004ce319c9,257470221,39962902,39962902,262874412,302837314,257470221,000000004ce319ca,000005fc,000000005af8631e,000000005af8631d,0
3875,3875,0,12494012,269964233,13775966,277769122,000000004ce319ca,257470221,39962902,39962902,262874412,302837314,257470221,000000004ce319ca,00000600,000000005af8631f,000000005af8631e,0
3876,3876,0,12494012,269964233,13775966,277769123,000000004ce319ca,257470222,39962902,39962902,262874413,302837314,257470221,000000004ce319cb,00000604,000000005af86320,000000005af8631f,0
3877,3877,0,12494012,269964234,13775966,277769123,000000004ce319cb,257470222,39962902,39962902,262874413,302837315,257470222,000000004ce319cc,00000604,000000005af86321,000000005af86320,0
3878,3878,0,12494012,269964234,13775966,277769123,000000004ce319cc,257470222,39962902,39962902,262874413,302837315,257470222,000000004ce319cc,00000604,000000005af86321,000000005af86321,0
3879,3879,0,12494012,269964234,13775966,277769123,000000004ce319cc,257470222,39962902,39962902,262874413,302837315,257470222,000000004ce319cd,000005fc,000000005af86322,000000005af86321,0
3880,3880,0,12494012,269964234,13775966,277769123,000000004ce319cd,257470222,39962902,39962902,262874413,302837315,257470222,000000004ce319cd,00000600,000000005af86323,000000005af86322,0
3881,3881,0,12494012,269964234,13775966,277769124,000000004ce319cd,257470223,39962902,39962902,262874414,302837315,257470222,000000004ce319ce,00000604,000000005af86324,000000005af86323,0
3882,3882,0,12494012,269964235,13775966,277769124,000000004ce319ce,257470223,39962902,39962902,262874414,302837316,257470223,000000004ce319cf,00000604,000000005af86325,000000005af86324,0
3883,3883,0,12494012,269964235,13775966,277769124,000000004ce319cf,257470223,39962902,39962902,262874414,302837316,257470223,000000004ce319cf,00000604,000000005af86325,000000005af86325,0
3884,3884,0,12494012,269964235,13775966,277769124,000000004ce319cf,257470223,39962902,39962902,262874414,302837316,257470223,000000004ce319d0,000005fc,000000005af86326,000000005af86325,0
3885,3885,0,12494012,269964235,13775966,277769124,000000004ce319d0,257470223,39962902,39962902,262874414,302837316,257470223,000000004ce319d0,00000600,000000005af86327,000000005af86326,0
3886,3886,0,12494012,269964235,13775966,277769125,000000004ce319d0,257470224,39962902,39962902,262874415,302837316,257470223,000000004ce319d1,00000604,000000005af86328,000000005af86327,0
3887,3887,0,12494012,269964236,13775966,277769125,000000004ce319d1,257470224,39962902,39962902,262874415,302837317,257470224,000000004ce319d2,00000604,000000005af86329,000000005af86328,0
3888,3888,0,12494012,269964236,13775966,277769125,000000004ce319d2,257470224,39962902,39962902,262874415,302837317,257470224,000000004ce319d2,00000604,000000005af86329,000000005af86329,0
3889,3889,0,12494012,269964236,13775966,277769125,000000004ce319d2,257470224,39962902,39962902,262874415,302837317,257470224,000000004ce319d3,000005fc,000000005af8632a,000000005af86329,0
3890,3890,0,12494012,269964236,13775966,277769125,000000004ce319d3,257470224,39962902,39962902,262874415,302837317,257470224,000000004ce319d3,00000600,000000005af8632b,000000005af8632a,0
3891,3891,0,12494012,269964236,13775966,277769126,000000004ce319d3,257470225,39962902,39962902,262874416,302837317,257470224,000000004ce319d4,00000604,000000005af8632c,000000005af8632b,0
3892,3892,0,12494012,269964237,13775966,277769126,000000004ce319d4,257470225,39962902,39962902,262874416,302837318,257470225,000000004ce319d5,00000604,000000005af8632d,000000005af8632c,0
3893,3893,0,12494012,269964237,13775966,277769126,000000004ce319d5,257470225,39962902,39962902,262874416,302837318,257470225,000000004ce319d5,00000604,000000005af8632d,000000005af8632d,0
3894,3894,0,12494012,269964237,13775966,277769126,000000004ce319d5,257470225,39962902,39962902,262874416,302837318,257470225,000000004ce319d6,000005fc,000000005af8632e,000000005af8632d,0
3895,3895,0,12494012,269964237,13775966,277769126,000000004ce319d6,257470225,39962902,39962902,262874416,302837318,257470225,000000004ce319d6,00000600,000000005af8632f,000000005af8632e,0
3896,3896,0,12494012,269964237,13775966,277769127,000000004ce319d6,257470226,39962902,39962902,262874417,302837318,257470225,000000004ce319d7,00000604,000000005af86330,000000005af8632f,0
3897,3897,0,12494012,269964238,13775966,277769127,000000004ce319d7,257470226,39962902,39962902,262874417,302837319,257470226,000000004ce319d8,00000604,000000005af86331,000000005af86330,0
3898,3898,0,12494012,269964238,13775966,277769127,000000004ce319d8,257470226,39962902,39962902,262874417,302837319,257470226,000000004ce319d8,00000604,000000005af86331,000000005af86331,0
3899,3899,0,12494012,269964238,13775966,277769127,000000004ce319d8,257470226,39962902,39962902,262874417,302837319,257470226,000000004ce319d9,000005fc,000000005af86332,000000005af86331,0
3900,3900,0,12494012,269964238,13775966,277769127,000000004ce319d9,257470226,39962902,39962902,262874417,302837319,257470226,000000004ce319d9,00000600,000000005af86333,000000005af86332,0
3901,3901,0,12494012,269964238,13775966,277769128,000000004ce319d9,257470227,39962902,39962902,262874418,302837319,257470226,000000004ce319da,00000604,000000005af86334,000000005af86333,0
3902,3902,0,12494012,269964239,13775966,277769128,000000004ce319da,257470227,39962902,39962902,262874418,302837320,257470227,000000004ce319db,00000604,000000005af86335,000000005af86334,0
3903,3903,0,12494012,269964239,13775966,277769128,000000004ce319db,257470227,39962902,39962902,262874418,302837320,257470227,000000004ce319db,00000604,000000005af86335,000000005af86335,0
3904,3904,0,12494012,269964239,13775966,277769128,000000004ce319db,257470227,39962902,39962902,262874418,302837320,257470227,000000004ce319dc,000005fc,000000005af86336,000000005af86335,0
3905,3905,0,12494012,269964239,13775966,277769128,000000004ce319dc,257470227,39962902,39962902,262874418,302837320,257470227,000000004ce319dc,00000600,000000005af86337,000000005af86336,0
3906,3906,0,12494012,269964239,13775966,277769129,000000004ce319dc,257470228,39962902,39962902,262874419,302837320,257470227,000000004ce319dd,00000604,000000005af86338,000000005af86337,0
3907,3907,0,12494012,269964240,13775966,277769129,000000004ce319dd,257470228,39962902,39962902,262874419,302837321,257470228,000000004ce319de,00000604,000000005af86339,000000005af86338,0
3908,3908,0,12494012,269964240,13775966,277769129,000000004ce319de,257470228,39962902,39962902,262874419,302837321,257470228,000000004ce319de,00000604,000000005af86339,000000005af86339,0
3909,3909,0,12494012,269964240,13775966,277769129,000000004ce319de,257470228,39962902,39962902,262874419,302837321,257470228,000000004ce319df,000005fc,000000005af8633a,000000005af86339,0
3910,3910,0,12494012,269964240,13775966,277769129,000000004ce319df,257470228,39962902,39962902,262874419,302837321,257470228,000000004ce319df,00000600,000000005af8633b,000000005af8633a,0
3911,3911,0,12494012,269964240,13775966,277769130,000000004ce319df,257470229,39962902,39962902,262874420,302837321,257470228,000000004ce319e0,00000604,000000005af8633c,000000005af8633b,0
3912,3912,0,12494012,269964241,13775966,277769130,000000004ce319e0,257470229,39962902,39962902,262874420,302837322,257470229,000000004ce319e1,00000604,000000005af8633d,000000005af8633c,0
3913,3913,0,12494012,269964241,13775966,277769130,000000004ce319e1,257470229,39962902,39962902,262874420,302837322,257470229,000000004ce319e1,00000604,000000005af8633d,000000005af8633d,0
3914,3914,0,12494012,269964241,13775966,277769130,000000004ce319e1,257470229,39962902,39962902,262874420,302837322,257470229,000000004ce319e2,000005fc,000000005af8633e,000000005af8633d,0
3915,3915,0,12494012,269964241,13775966,277769130,000000004ce319e2,257470229,39962902,39962902,262874420,302837322,257470229,000000004ce319e2,00000600,000000005af8633f,000000005af8633e,0
3916,3916,0,12494012,269964241,13775966,277769131,000000004ce319e2,257470230,39962902,39962902,262874421,302837322,257470229,000000004ce319e3,00000604,000000005af86340,000000005af8633f,0
3917,3917,0,12494012,269964242,13775966,277769131,000000004ce319e3,257470230,39962902,39962902,262874421,302837323,257470230,000000004ce319e4,00000604,000000005af86341,000000005af86340,0
3918,3918,0,12494012,269964242,13775966,277769131,000000004ce319e4,257470230,39962902,39962902,262874421,302837323,257470230,000000004ce319e4,00000604,000000005af86341,000000005af86341,0
3919,3919,0,12494012,269964242,13775966,277769131,000000004ce319e4,257470230,39962902,39962902,262874421,302837323,257470230,000000004ce319e5,000005fc,000000005af86342,000000005af86341,0
3920,3920,0,12494012,269964242,13775966,277769131,000000004ce319e5,257470230,39962902,39962902,262874421,302837323,257470230,000000004ce319e5,00000600,000000005af86343,000000005af86342,0
3921,3921,0,12494012,269964242,13775966,277769132,000000004ce319e5,257470231,39962902,39962902,262874422,302837323,257470230,000000004ce319e6,00000604,000000005af86344,000000005af86343,0
3922,3922,0,12494012,269964243,13775966,277769132,000000004ce319e6,257470231,39962902,39962902,262874422,302837324,257470231,000000004ce319e7,00000604,000000005af86345,000000005af86344,0
3923,3923,0,12494012,269964243,13775966,277769132,000000004ce319e7,257470231,39962902,39962902,262874422,302837324,257470231,000000004ce319e7,00000604,000000005af86345,000000005af86345,0
3924,3924,0,12494012,269964243,13775966,277769132,000000004ce319e7,257470231,39962902,39962902,262874422,302837324,257470231,000000004ce319e8,000005fc,000000005af86346,000000005af86345,0
3925,3925,0,12494012,269964243,13775966,277769132,000000004ce319e8,257470231,39962902,39962902,262874422,302837324,257470231,000000004ce319e8,00000600,000000005af86347,000000005af86346,0
3926,3926,0,12494012,269964243,13775966,277769133,000000004ce319e8,257470232,39962902,39962902,262874423,302837324,257470231,000000004ce319e9,00000604,000000005af86348,000000005af86347,0
3927,3927,0,12494012,269964244,13775966,277769133,000000004ce319e9,257470232,39962902,39962902,262874423,302837325,257470232,000000004ce319ea,00000604,000000005af86349,000000005af86348,0
3928,3928,0,12494012,269964244,13775966,277769133,000000004ce319ea,257470232,39962902,39962902,262874423,302837325,257470232,000000004ce319ea,00000604,000000005af86349,000000005af86349,0
3929,3929,0,12494012,269964244,13775966,277769133,000000004ce319ea,257470232,39962902,39962902,262874423,302837325,257470232,000000004ce319eb,000005fc,000000005af8634a,000000005af86349,0
3930,3930,0,12494012,269964244,13775966,277769133,000000004ce319eb,257470232,39962902,39962902,262874423,302837325,257470232,000000004ce319eb,00000600,000000005af8634b,000000005af8634a,0
3931,3931,0,12494012,269964244,13775966,277769134,000000004ce319eb,257470233,39962902,39962902,262874424,302837325,257470232,000000004ce319ec,00000604,000000005af8634c,000000005af8634b,0
3932,3932,0,12494012,269964245,13775966,277769134,000000004ce319ec,257470233,39962902,39962902,262874424,302837326,257470233,000000004ce319ed,00000604,000000005af8634d,000000005af8634c,0
3933,3933,0,12494012,269964245,13775966,277769134,000000004ce319ed,257470233,39962902,39962902,262874424,302837326,257470233,000000004ce319ed,00000604,000000005af8634d,000000005af8634d,0
3934,3934,0,12494012,269964245,13775966,277769134,000000004ce319ed,257470233,39962902,39962902,262874424,302837326,257470233,000000004ce319ee,000005fc,000000005af8634e,000000005af8634d,0
3935,3935,0,12494012,269964245,13775966,277769134,000000004ce319ee,257470233,39962902,39962902,262874424,302837326,257470233,000000004ce319ee,00000600,000000005af8634f,000000005af8634e,0
3936,3936,0,12494012,269964245,13775966,277769135,000000004ce319ee,257470234,39962902,39962902,262874425,302837326,257470233,000000004ce319ef,00000604,000000005af86350,000000005af8634f,0
3937,3937,0,12494012,269964246,13775966,277769135,000000004ce319ef,257470234,39962902,39962902,262874425,302837327,257470234,000000004ce319f0,00000604,000000005af86351,000000005af86350,0
3938,3938,0,12494012,269964246,13775966,277769135,000000004ce319f0,257470234,39962902,39962902,262874425,302837327,257470234,000000004ce319f0,00000604,000000005af86351,000000005af86351,0
3939,3939,0,12494012,269964246,13775966,277769135,000000004ce319f0,257470234,39962902,39962902,262874425,302837327,257470234,000000004ce319f1,000005fc,000000005af86352,000000005af86351,0
3940,3940,0,12494012,269964246,13775966,277769135,000000004ce319f1,257470234,39962902,39962902,262874425,302837327,257470234,000000004ce319f1,00000600,000000005af86353,000000005af86352,0
3941,3941,0,12494012,269964246,13775966,277769136,000000004ce319f1,257470235,39962902,39962902,262874426,302837327,257470234,000000004ce319f2,00000604,000000005af86354,000000005af86353,0
3942,3942,0,12494012,269964247,13775966,277769136,000000004ce319f2,257470235,39962902,39962902,262874426,302837328,257470235,000000004ce319f3,00000604,000000005af86355,000000005af86354,0
3943,3943,0,12494012,269964247,13775966,277769136,000000004ce319f3,257470235,39962902,39962902,262874426,302837328,257470235,000000004ce319f3,00000604,000000005af86355,000000005af86355,0
3944,3944,0,12494012,269964247,13775966,277769136,000000004ce319f3,257470235,39962902,39962902,262874426,302837328,257470235,000000004ce319f4,000005fc,000000005af86356,000000005af86355,0
3945,3945,0,12494012,269964247,13775966,277769136,000000004ce319f4,257470235,39962902,39962902,262874426,302837328,257470235,000000004ce319f4,00000600,000000005af86357,000000005af86356,0
3946,3946,0,12494012,269964247,13775966,277769137,000000004ce319f4,257470236,39962902,39962902,262874427,302837328,257470235,000000004ce319f5,00000604,000000005af86358,000000005af86357,0
3947,3947,0,12494012,269964248,13775966,277769137,000000004ce319f5,257470236,39962902,39962902,262874427,302837329,257470236,000000004ce319f6,00000604,000000005af86359,000000005af86358,0
3948,3948,0,12494012,269964248,13775966,277769137,000000004ce319f6,257470236,39962902,39962902,262874427,302837329,257470236,000000004ce319f6,00000604,000000005af86359,000000005af86359,0
3949,3949,0,12494012,269964248,13775966,277769137,000000004ce319f6,257470236,39962902,39962902,262874427,302837329,257470236,000000004ce319f7,000005fc,000000005af8635a,000000005af86359,0
3950,3950,0,12494012,269964248,13775966,277769137,000000004ce319f7,257470236,39962902,39962902,262874427,302837329,257470236,000000004ce319f7,00000600,000000005af8635b,000000005af8635a,0
3951,3951,0,12494012,269964248,13775966,277769138,000000004ce319f7,257470237,39962902,39962902,262874428,302837329,257470236,000000004ce319f8,00000604,000000005af8635c,000000005af8635b,0
3952,3952,0,12494012,269964249,13775966,277769138,000000004ce319f8,257470237,39962902,39962902,262874428,302837330,257470237,000000004ce319f9,00000604,000000005af8635d,000000005af8635c,0
3953,3953,0,12494012,269964249,13775966,277769138,000000004ce319f9,257470237,39962902,39962902,262874428,302837330,257470237,000000004ce319f9,00000604,000000005af8635d,000000005af8635d,0
3954,3954,0,12494012,269964249,13775966,277769138,000000004ce319f9,257470237,39962902,39962902,262874428,302837330,257470237,000000004ce319fa,000005fc,000000005af8635e,000000005af8635d,0
3955,3955,0,12494012,269964249,13775966,277769138,000000004ce319fa,257470237,39962902,39962902,262874428,302837330,257470237,000000004ce319fa,00000600,000000005af8635f,000000005af8635e,0
3956,3956,0,12494012,269964249,13775966,277769139,000000004ce319fa,257470238,39962902,39962902,262874429,302837330,257470237,000000004ce319fb,00000604,000000005af86360,000000005af8635f,0
3957,3957,0,12494012,269964250,13775966,277769139,000000004ce319fb,257470238,39962902,39962902,262874429,302837331,257470238,000000004ce319fc,00000604,000000005af86361,000000005af86360,0
3958,3958,0,12494012,269964250,13775966,277769139,000000004ce319fc,257470238,39962902,39962902,262874429,302837331,257470238,000000004ce319fc,00000604,000000005af86361,000000005af86361,0
3959,3959,0,12494012,269964250,13775966,277769139,000000004ce319fc,257470238,39962902,39962902,262874429,302837331,257470238,000000004ce319fd,000005fc,000000005af86362,000000005af86361,0
3960,3960,0,12494012,269964250,13775966,277769139,000000004ce319fd,257470238,39962902,39962902,262874429,302837331,257470238,000000004ce319fd,00000600,000000005af86363,000000005af86362,0
3961,3961,0,12494012,269964250,13775966,277769140,000000004ce319fd,257470239,39962902,39962902,262874430,302837331,257470238,000000004ce319fe,00000604,000000005af86364,000000005af86363,0
3962,3962,0,12494012,269964251,13775966,277769140,000000004ce319fe,257470239,39962902,39962902,262874430,302837332,257470239,000000004ce319ff,00000604,000000005af86365,000000005af86364,0
3963,3963,0,12494012,269964251,13775966,277769140,000000004ce319ff,257470239,39962902,39962902,262874430,302837332,257470239,000000004ce319ff,00000604,000000005af86365,000000005af86365,0
3964,3964,0,12494012,269964251,13775966,277769140,000000004ce319ff,257470239,39962902,39962902,262874430,302837332,257470239,000000004ce31a00,000005fc,000000005af86366,000000005af86365,0
3965,3965,0,12494012,269964251,13775966,277769140,000000004ce31a00,257470239,39962902,39962902,262874430,302837332,257470239,000000004ce31a00,00000600,000000005af86367,000000005af86366,0
3966,3966,0,12494012,269964251,13775966,277769141,000000004ce31a00,257470240,39962902,39962902,262874431,302837332,257470239,000000004ce31a01,00000604,000000005af86368,000000005af86367,0
3967,3967,0,12494012,269964252,13775966,277769141,000000004ce31a01,257470240,39962902,39962902,262874431,302837333,257470240,000000004ce31a02,00000604,000000005af86369,000000005af86368,0
3968,3968,0,12494012,269964252,13775966,277769141,000000004ce31a02,257470240,39962902,39962902,262874431,302837333,257470240,000000004ce31a02,00000604,000000005af86369,000000005af86369,0
3969,3969,0,12494012,269964252,13775966,277769141,000000004ce31a02,257470240,39962902,39962902,262874431,302837333,257470240,000000004ce31a03,000005fc,000000005af8636a,000000005af86369,0
3970,3970,0,12494012,269964252,13775966,277769141,000000004ce31a03,257470240,39962902,39962902,262874431,302837333,257470240,000000004ce31a03,00000600,000000005af8636b,000000005af8636a,0
3971,3971,0,12494012,269964252,13775966,277769142,000000004ce31a03,257470241,39962902,39962902,262874432,302837333,257470240,000000004ce31a04,00000604,000000005af8636c,000000005af8636b,0
3972,3972,0,12494012,269964253,13775966,277769142,000000004ce31a04,257470241,39962902,39962902,262874432,302837334,257470241,000000004ce31a05,00000604,000000005af8636d,000000005af8636c,0
3973,3973,0,12494012,269964253,13775966,277769142,000000004ce31a05,257470241,39962902,39962902,262874432,302837334,257470241,000000004ce31a05,00000604,000000005af8636d,000000005af8636d,0
3974,3974,0,12494012,269964253,13775966,277769142,000000004ce31a05,257470241,39962902,39962902,262874432,302837334,257470241,000000004ce31a06,000005fc,000000005af8636e,000000005af8636d,0
3975,3975,0,12494012,269964253,13775966,277769142,000000004ce31a06,257470241,39962902,39962902,262874432,302837334,257470241,000000004ce31a06,00000600,000000005af8636f,000000005af8636e,0
3976,3976,0,12494012,269964253,13775966,277769143,000000004ce31a06,257470242,39962902,39962902,262874433,302837334,257470241,000000004ce31a07,00000604,000000005af86370,000000005af8636f,0
3977,3977,0,12494012,269964254,13775966,277769143,000000004ce31a07,257470242,39962902,39962902,262874433,302837335,257470242,000000004ce31a08,00000604,000000005af86371,000000005af86370,0
3978,3978,0,12494012,269964254,13775966,277769143,000000004ce31a08,257470242,39962902,39962902,262874433,302837335,257470242,000000004ce31a08,00000604,000000005af86371,000000005af86371,0
3979,3979,0,12494012,269964254,13775966,277769143,000000004ce31a08,257470242,39962902,39962902,262874433,302837335,257470242,000000004ce31a09,000005fc,000000005af86372,000000005af86371,0
3980,3980,0,12494012,269964254,13775966,277769143,000000004ce31a09,257470242,39962902,39962902,262874433,302837335,257470242,000000004ce31a09,00000600,000000005af86373,000000005af86372,0
3981,3981,0,12494012,269964254,13775966,277769144,000000004ce31a09,257470243,39962902,39962902,262874434,302837335,257470242,000000004ce31a0a,00000604,000000005af86374,000000005af86373,0
3982,3982,0,12494012,269964255,13775966,277769144,000000004ce31a0a,257470243,39962902,39962902,262874434,302837336,257470243,000000004ce31a0b,00000604,000000005af86375,000000005af86374,0
3983,3983,0,12494012,269964255,13775966,277769144,000000004ce31a0b,257470243,39962902,39962902,262874434,302837336,257470243,000000004ce31a0b,00000604,000000005af86375,000000005af86375,0
3984,3984,0,12494012,269964255,13775966,277769144,000000004ce31a0b,257470243,39962902,39962902,262874434,302837336,257470243,000000004ce31a0c,000005fc,000000005af86376,000000005af86375,0
3985,3985,0,12494012,269964255,13775966,277769144,000000004ce31a0c,257470243,39962902,39962902,262874434,302837336,257470243,000000004ce31a0c,00000600,000000005af86377,000000005af86376,0
3986,3986,0,12494012,269964255,13775966,277769145,000000004ce31a0c,257470244,39962902,39962902,262874435,302837336,257470243,000000004ce31a0d,00000604,000000005af86378,000000005af86377,0
3987,3987,0,12494012,269964256,13775966,277769145,000000004ce31a0d,257470244,39962902,39962902,262874435,302837337,257470244,000000004ce31a0e,00000604,000000005af86379,000000005af86378,0
3988,3988,0,12494012,269964256,13775966,277769145,000000004ce31a0e,257470244,39962902,39962902,262874435,302837337,257470244,000000004ce31a0e,00000604,000000005af86379,000000005af86379,0
3989,3989,0,12494012,269964256,13775966,277769145,000000004ce31a0e,257470244,39962902,39962902,262874435,302837337,257470244,000000004ce31a0f,000005fc,000000005af8637a,000000005af86379,0
3990,3990,0,12494012,269964256,13775966,277769145,000000004ce31a0f,257470244,39962902,39962902,262874435,302837337,257470244,000000004ce31a0f,00000600,000000005af8637b,000000005af8637a,0
3991,3991,0,12494012,269964256,13775966,277769146,000000004ce31a0f,257470245,39962902,39962902,262874436,302837337,257470244,000000004ce31a10,00000604,000000005af8637c,000000005af8637b,0
3992,3992,0,12494012,269964257,13775966,277769146,000000004ce31a10,257470245,39962902,39962902,262874436,302837338,257470245,000000004ce31a11,00000604,000000005af8637d,000000005af8637c,0
3993,3993,0,12494012,269964257,13775966,277769146,000000004ce31a11,257470245,39962902,39962902,262874436,302837338,257470245,000000004ce31a11,00000604,000000005af8637d,000000005af8637d,0
3994,3994,0,12494012,269964257,13775966,277769146,000000004ce31a11,257470245,39962902,39962902,262874436,302837338,257470245,000000004ce31a12,000005fc,000000005af8637e,000000005af8637d,0
3995,3995,0,12494012,269964257,13775966,277769146,000000004ce31a12,257470245,39962902,39962902,262874436,302837338,257470245,000000004ce31a12,00000600,000000005af8637f,000000005af8637e,0
3996,3996,0,12494012,269964257,13775966,277769147,000000004ce31a12,257470246,39962902,39962902,262874437,302837338,257470245,000000004ce31a13,00000604,000000005af86380,000000005af8637f,0
3997,3997,0,12494012,269964258,13775966,277769147,000000004ce31a13,257470246,39962902,39962902,262874437,302837339,257470246,000000004ce31a14,00000604,000000005af86381,000000005af86380,0
3998,3998,0,12494012,269964258,13775966,277769147,000000004ce31a14,257470246,39962902,39962902,262874437,302837339,257470246,000000004ce31a14,00000604,000000005af86381,000000005af86381,0
3999,3999,0,12494012,269964258,13775966,277769147,000000004ce31a14,257470246,39962902,39962902,262874437,302837339,257470246,000000004ce31a15,000005fc,000000005af86382,000000005af86381,0
4000,4000,0,12494012,269964258,13775966,277769147,000000004ce31a15,257470246,39962902,39962902,262874437,302837339,257470246,000000004ce31a15,00000600,000000005af86383,000000005af86382,0
4001,4001,0,12494012,269964258,13775966,277769148,000000004ce31a15,257470247,39962902,39962902,262874438,302837339,257470246,000000004ce31a16,00000604,000000005af86384,000000005af86383,0
4002,4002,0,12494012,269964259,13775966,277769148,000000004ce31a16,257470247,39962902,39962902,262874438,302837340,257470247,000000004ce31a17,00000604,000000005af86385,000000005af86384,0
4003,4003,0,12494012,269964259,13775966,277769148,000000004ce31a17,257470247,39962902,39962902,262874438,302837340,257470247,000000004ce31a17,00000604,000000005af86385,000000005af86385,0
4004,4004,0,12494012,269964259,13775966,277769148,000000004ce31a17,257470247,39962902,39962902,262874438,302837340,257470247,000000004ce31a18,000005fc,000000005af86386,000000005af86385,0
4005,4005,0,12494012,269964259,13775966,277769148,000000004ce31a18,257470247,39962902,39962902,262874438,302837340,257470247,000000004ce31a18,00000600,000000005af86387,000000005af86386,0
4006,4006,0,12494012,269964259,13775966,277769149,000000004ce31a18,257470248,39962902,39962902,262874439,302837340,257470247,000000004ce31a19,00000604,000000005af86388,000000005af86387,0
4007,4007,0,12494012,269964260,13775966,277769149,000000004ce31a19,257470248,39962902,39962902,262874439,302837341,257470248,000000004ce31a1a,00000604,000000005af86389,000000005af86388,0
4008,4008,0,12494012,269964260,13775966,277769149,000000004ce31a1a,257470248,39962902,39962902,262874439,302837341,257470248,000000004ce31a1a,00000604,000000005af86389,000000005af86389,0
4009,4009,0,12494012,269964260,13775966,277769149,000000004ce31a1a,257470248,39962902,39962902,262874439,302837341,257470248,000000004ce31a1b,000005fc,000000005af8638a,000000005af86389,0
4010,4010,0,12494012,269964260,13775966,277769149,000000004ce31a1b,257470248,39962902,39962902,262874439,302837341,257470248,000000004ce31a1b,00000600,000000005af8638b,000000005af8638a,0
4011,4011,0,12494012,269964260,13775966,277769150,000000004ce31a1b,257470249,39962902,39962902,262874440,302837341,257470248,000000004ce31a1c,00000604,000000005af8638c,000000005af8638b,0
4012,4012,0,12494012,269964261,13775966,277769150,000000004ce31a1c,257470249,39962902,39962902,262874440,302837342,257470249,000000004ce31a1d,00000604,000000005af8638d,000000005af8638c,0
4013,4013,0,12494012,269964261,13775966,277769150,000000004ce31a1d,257470249,39962902,39962902,262874440,302837342,257470249,000000004ce31a1d,00000604,000000005af8638d,000000005af8638d,0
4014,4014,0,12494012,269964261,13775966,277769150,000000004ce31a1d,257470249,39962902,39962902,262874440,302837342,257470249,000000004ce31a1e,000005fc,000000005af8638e,000000005af8638d,0
4015,4015,0,12494012,269964261,13775966,277769150,000000004ce31a1e,257470249,39962902,39962902,262874440,302837342,257470249,000000004ce31a1e,00000600,000000005af8638f,000000005af8638e,0
4016,4016,0,12494012,269964261,13775966,277769151,000000004ce31a1e,257470250,39962902,39962902,262874441,302837342,257470249,000000004ce31a1f,00000604,000000005af86390,000000005af8638f,0
4017,4017,0,12494012,269964262,13775966,277769151,000000004ce31a1f,257470250,39962902,39962902,262874441,302837343,257470250,000000004ce31a20,00000604,000000005af86391,000000005af86390,0
4018,4018,0,12494012,269964262,13775966,277769151,000000004ce31a20,257470250,39962902,39962902,262874441,302837343,257470250,000000004ce31a20,00000604,000000005af86391,000000005af86391,0
4019,4019,0,12494012,269964262,13775966,277769151,000000004ce31a20,257470250,39962902,39962902,262874441,302837343,257470250,000000004ce31a21,000005fc,000000005af86392,000000005af86391,0
4020,4020,0,12494012,269964262,13775966,277769151,000000004ce31a21,257470250,39962902,39962902,262874441,302837343,257470250,000000004ce31a21,00000600,000000005af86393,000000005af86392,0
4021,4021,0,12494012,269964262,13775966,277769152,000000004ce31a21,257470251,39962902,39962902,262874442,302837343,257470250,000000004ce31a22,00000604,000000005af86394,000000005af86393,0
4022,4022,0,12494012,269964263,13775966,277769152,000000004ce31a22,257470251,39962902,39962902,262874442,302837344,257470251,000000004ce31a23,00000604,000000005af86395,000000005af86394,0
4023,4023,0,12494012,269964263,13775966,277769152,000000004ce31a23,257470251,39962902,39962902,262874442,302837344,257470251,000000004ce31a23,00000604,000000005af86395,000000005af86395,0
4024,4024,0,12494012,269964263,13775966,277769152,000000004ce31a23,257470251,39962902,39962902,262874442,302837344,257470251,000000004ce31a24,000005fc,000000005af86396,000000005af86395,0
4025,4025,0,12494012,269964263,13775966,277769152,000000004ce31a24,257470251,39962902,39962902,262874442,302837344,257470251,000000004ce31a24,00000600,000000005af86397,000000005af86396,0
4026,4026,0,12494012,269964263,13775966,277769153,000000004ce31a24,257470252,39962902,39962902,262874443,302837344,257470251,000000004ce31a25,00000604,000000005af86398,000000005af86397,0
4027,4027,0,12494012,269964264,13775966,277769153,000000004ce31a25,257470252,39962902,39962902,262874443,302837345,257470252,000000004ce31a26,00000604,000000005af86399,000000005af86398,0
4028,4028,0,12494012,269964264,13775966,277769153,000000004ce31a26,257470252,39962902,39962902,262874443,302837345,257470252,000000004ce31a26,00000604,000000005af86399,000000005af86399,0
4029,4029,0,12494012,269964264,13775966,277769153,000000004ce31a26,257470252,39962902,39962902,262874443,302837345,257470252,000000004ce31a27,000005fc,000000005af8639a,000000005af86399,0
4030,4030,0,12494012,269964264,13775966,277769153,000000004ce31a27,257470252,39962902,39962902,262874443,302837345,257470252,000000004ce31a27,00000600,000000005af8639b,000000005af8639a,0
4031,4031,0,12494012,269964264,13775966,277769154,000000004ce31a27,257470253,39962902,39962902,262874444,302837345,257470252,000000004ce31a28,00000604,000000005af8639c,000000005af8639b,0
4032,4032,0,12494012,269964265,13775966,277769154,000000004ce31a28,257470253,39962902,39962902,262874444,302837346,257470253,000000004ce31a29,00000604,000000005af8639d,000000005af8639c,0
4033,4033,0,12494012,269964265,13775966,277769154,000000004ce31a29,257470253,39962902,39962902,262874444,302837346,257470253,000000004ce31a29,00000604,000000005af8639d,000000005af8639d,0
4034,4034,0,12494012,269964265,13775966,277769154,000000004ce31a29,257470253,39962902,39962902,262874444,302837346,257470253,000000004ce31a2a,000005fc,000000005af8639e,000000005af8639d,0
4035,4035,0,12494012,269964265,13775966,277769154,000000004ce31a2a,257470253,39962902,39962902,262874444,302837346,257470253,000000004ce31a2a,00000600,000000005af8639f,000000005af8639e,0
4036,4036,0,12494012,269964265,13775966,277769155,000000004ce31a2a,257470254,39962902,39962902,262874445,302837346,257470253,000000004ce31a2b,00000604,000000005af863a0,000000005af8639f,0
4037,4037,0,12494012,269964266,13775966,277769155,000000004ce31a2b,257470254,39962902,39962902,262874445,302837347,257470254,000000004ce31a2c,00000604,000000005af863a1,000000005af863a0,0
4038,4038,0,12494012,269964266,13775966,277769155,000000004ce31a2c,257470254,39962902,39962902,262874445,302837347,257470254,000000004ce31a2c,00000604,000000005af863a1,000000005af863a1,0
4039,4039,0,12494012,269964266,13775966,277769155,000000004ce31a2c,257470254,39962902,39962902,262874445,302837347,257470254,000000004ce31a2d,000005fc,000000005af863a2,000000005af863a1,0
4040,4040,0,12494012,269964266,13775966,277769155,000000004ce31a2d,257470254,39962902,39962902,262874445,302837347,257470254,000000004ce31a2d,00000600,000000005af863a3,000000005af863a2,0
4041,4041,0,12494012,269964266,13775966,277769156,000000004ce31a2d,257470255,39962902,39962902,262874446,302837347,257470254,000000004ce31a2e,00000604,000000005af863a4,000000005af863a3,0
4042,4042,0,12494012,269964267,13775966,277769156,000000004ce31a2e,257470255,39962902,39962902,262874446,302837348,257470255,000000004ce31a2f,00000604,000000005af863a5,000000005af863a4,0
4043,4043,0,12494012,269964267,13775966,277769156,000000004ce31a2f,257470255,39962902,39962902,262874446,302837348,257470255,000000004ce31a2f,00000604,000000005af863a5,000000005af863a5,0
4044,4044,0,12494012,269964267,13775966,277769156,000000004ce31a2f,257470255,39962902,39962902,262874446,302837348,257470255,000000004ce31a30,000005fc,000000005af863a6,000000005af863a5,0
4045,4045,0,12494012,269964267,13775966,277769156,000000004ce31a30,257470255,39962902,39962902,262874446,302837348,257470255,000000004ce31a30,00000600,000000005af863a7,000000005af863a6,0
4046,4046,0,12494012,269964267,13775966,277769157,000000004ce31a30,257470256,39962902,39962902,262874447,302837348,257470255,000000004ce31a31,00000604,000000005af863a8,000000005af863a7,0
4047,4047,0,12494012,269964268,13775966,277769157,000000004ce31a31,257470256,39962902,39962902,262874447,302837349,257470256,000000004ce31a32,00000604,000000005af863a9,000000005af863a8,0
4048,4048,0,12494012,269964268,13775966,277769157,000000004ce31a32,257470256,39962902,39962902,262874447,302837349,257470256,000000004ce31a32,00000604,000000005af863a9,000000005af863a9,0
4049,4049,0,12494012,269964268,13775966,277769157,000000004ce31a32,257470256,39962902,39962902,262874447,302837349,257470256,000000004ce31a33,000005fc,000000005af863aa,000000005af863a9,0
4050,4050,0,12494012,269964268,13775966,277769157,000000004ce31a33,257470256,39962902,39962902,262874447,302837349,257470256,000000004ce31a33,00000600,000000005af863ab,000000005af863aa,0
4051,4051,0,12494012,269964268,13775966,277769158,000000004ce31a33,257470257,39962902,39962902,262874448,302837349,257470256,000000004ce31a34,00000604,000000005af863ac,000000005af863ab,0
4052,4052,0,12494012,269964269,13775966,277769158,000000004ce31a34,257470257,39962902,39962902,262874448,302837350,257470257,000000004ce31a35,00000604,000000005af863ad,000000005af863ac,0
4053,4053,0,12494012,269964269,13775966,277769158,000000004ce31a35,257470257,39962902,39962902,262874448,302837350,257470257,000000004ce31a35,00000604,000000005af863ad,000000005af863ad,0
4054,4054,0,12494012,269964269,13775966,277769158,000000004ce31a35,257470257,39962902,39962902,262874448,302837350,257470257,000000004ce31a36,000005fc,000000005af863ae,000000005af863ad,0
4055,4055,0,12494012,269964269,13775966,277769158,000000004ce31a36,257470257,39962902,39962902,262874448,302837350,257470257,000000004ce31a36,00000600,000000005af863af,000000005af863ae,0
4056,4056,0,12494012,269964269,13775966,277769159,000000004ce31a36,257470258,39962902,39962902,262874449,302837350,257470257,000000004ce31a37,00000604,000000005af863b0,000000005af863af,0
4057,4057,0,12494012,269964270,13775966,277769159,000000004ce31a37,257470258,39962902,39962902,262874449,302837351,257470258,000000004ce31a38,00000604,000000005af863b1,000000005af863b0,0
4058,4058,0,12494012,269964270,13775966,277769159,000000004ce31a38,257470258,39962902,39962902,262874449,302837351,257470258,000000004ce31a38,00000604,000000005af863b1,000000005af863b1,0
4059,4059,0,12494012,269964270,13775966,277769159,000000004ce31a38,257470258,39962902,39962902,262874449,302837351,257470258,000000004ce31a39,000005fc,000000005af863b2,000000005af863b1,0
4060,4060,0,12494012,269964270,13775966,277769159,000000004ce31a39,257470258,39962902,39962902,262874449,302837351,257470258,000000004ce31a39,00000600,000000005af863b3,000000005af863b2,0
4061,4061,0,12494012,269964270,13775966,277769160,000000004ce31a39,257470259,39962902,39962902,262874450,302837351,257470258,000000004ce31a3a,00000604,000000005af863b4,000000005af863b3,0
4062,4062,0,12494012,269964271,13775966,277769160,000000004ce31a3a,257470259,39962902,39962902,262874450,302837352,257470259,000000004ce31a3b,00000604,000000005af863b5,000000005af863b4,0
4063,4063,0,12494012,269964271,13775966,277769160,000000004ce31a3b,257470259,39962902,39962902,262874450,302837352,257470259,000000004ce31a3b,00000604,000000005af863b5,000000005af863b5,0
4064,4064,0,12494012,269964271,13775966,277769160,000000004ce31a3b,257470259,39962902,39962902,262874450,302837352,257470259,000000004ce31a3c,000005fc,000000005af863b6,000000005af863b5,0
4065,4065,0,12494012,269964271,13775966,277769160,000000004ce31a3c,257470259,39962902,39962902,262874450,302837352,257470259,000000004ce31a3c,00000600,000000005af863b7,000000005af863b6,0
4066,4066,0,12494012,269964271,13775966,277769161,000000004ce31a3c,257470260,39962902,39962902,262874451,302837352,257470259,000000004ce31a3d,00000604,000000005af863b8,000000005af863b7,0
4067,4067,0,12494012,269964272,13775966,277769161,000000004ce31a3d,257470260,39962902,39962902,262874451,302837353,257470260,000000004ce31a3e,00000604,000000005af863b9,000000005af863b8,0
4068,4068,0,12494012,269964272,13775966,277769161,000000004ce31a3e,257470260,39962902,39962902,262874451,302837353,257470260,000000004ce31a3e,00000604,000000005af863b9,000000005af863b9,0
4069,4069,0,12494012,269964272,13775966,277769161,000000004ce31a3e,257470260,39962902,39962902,262874451,302837353,257470260,000000004ce31a3f,000005fc,000000005af863ba,000000005af863b9,0
4070,4070,0,12494012,269964272,13775966,277769161,000000004ce31a3f,257470260,39962902,39962902,262874451,302837353,257470260,000000004ce31a3f,00000600,000000005af863bb,000000005af863ba,0
4071,4071,0,12494012,269964272,13775966,277769162,000000004ce31a3f,257470261,39962902,39962902,262874452,302837353,257470260,000000004ce31a40,00000604,000000005af863bc,000000005af863bb,0
4072,4072,0,12494012,269964273,13775966,277769162,000000004ce31a40,257470261,39962902,39962902,262874452,302837354,257470261,000000004ce31a41,00000604,000000005af863bd,000000005af863bc,0
4073,4073,0,12494012,269964273,13775966,277769162,000000004ce31a41,257470261,39962902,39962902,262874452,302837354,257470261,000000004ce31a41,00000604,000000005af863bd,000000005af863bd,0
4074,4074,0,12494012,269964273,13775966,277769162,000000004ce31a41,257470261,39962902,39962902,262874452,302837354,257470261,000000004ce31a42,000005fc,000000005af863be,000000005af863bd,0
4075,4075,0,12494012,269964273,13775966,277769162,000000004ce31a42,257470261,39962902,39962902,262874452,302837354,257470261,000000004ce31a42,00000600,000000005af863bf,000000005af863be,0
4076,4076,0,12494012,269964273,13775966,277769163,000000004ce31a42,257470262,39962902,39962902,262874453,302837354,257470261,000000004ce31a43,00000604,000000005af863c0,000000005af863bf,0
4077,4077,0,12494012,269964274,13775966,277769163,000000004ce31a43,257470262,39962902,39962902,262874453,302837355,257470262,000000004ce31a44,00000604,000000005af863c1,000000005af863c0,0
4078,4078,0,12494012,269964274,13775966,277769163,000000004ce31a44,257470262,39962902,39962902,262874453,302837355,257470262,000000004ce31a44,00000604,000000005af863c1,000000005af863c1,0
4079,4079,0,12494012,269964274,13775966,277769163,000000004ce31a44,257470262,39962902,39962902,262874453,302837355,257470262,000000004ce31a45,000005fc,000000005af863c2,000000005af863c1,0
4080,4080,0,12494012,269964274,13775966,277769163,000000004ce31a45,257470262,39962902,39962902,262874453,302837355,257470262,000000004ce31a45,00000600,000000005af863c3,000000005af863c2,0
4081,4081,0,12494012,269964274,13775966,277769164,000000004ce31a45,257470263,39962902,39962902,262874454,302837355,257470262,000000004ce31a46,00000604,000000005af863c4,000000005af863c3,0
4082,4082,0,12494012,269964275,13775966,277769164,000000004ce31a46,257470263,39962902,39962902,262874454,302837356,257470263,000000004ce31a47,00000604,000000005af863c5,000000005af863c4,0
4083,4083,0,12494012,269964275,13775966,277769164,000000004ce31a47,257470263,39962902,39962902,262874454,302837356,257470263,000000004ce31a47,00000604,000000005af863c5,000000005af863c5,0
4084,4084,0,12494012,269964275,13775966,277769164,000000004ce31a47,257470263,39962902,39962902,262874454,302837356,257470263,000000004ce31a48,000005fc,000000005af863c6,000000005af863c5,0
4085,4085,0,12494012,269964275,13775966,277769164,000000004ce31a48,257470263,39962902,39962902,262874454,302837356,257470263,000000004ce31a48,00000600,000000005af863c7,000000005af863c6,0
4086,4086,0,12494012,269964275,13775966,277769165,000000004ce31a48,257470264,39962902,39962902,262874455,302837356,257470263,000000004ce31a49,00000604,000000005af863c8,000000005af863c7,0
4087,4087,0,12494012,269964276,13775966,277769165,000000004ce31a49,257470264,39962902,39962902,262874455,302837357,257470264,000000004ce31a4a,00000604,000000005af863c9,000000005af863c8,0
4088,4088,0,12494012,269964276,13775966,277769165,000000004ce31a4a,257470264,39962902,39962902,262874455,302837357,257470264,000000004ce31a4a,00000604,000000005af863c9,000000005af863c9,0
4089,4089,0,12494012,269964276,13775966,277769165,000000004ce31a4a,257470264,39962902,39962902,262874455,302837357,257470264,000000004ce31a4b,000005fc,000000005af863ca,000000005af863c9,0
4090,4090,0,12494012,269964276,13775966,277769165,000000004ce31a4b,257470264,39962902,39962902,262874455,302837357,257470264,000000004ce31a4b,00000600,000000005af863cb,000000005af863ca,0
4091,4091,0,12494012,269964276,13775966,277769166,000000004ce31a4b,257470265,39962902,39962902,262874456,302837357,257470264,000000004ce31a4c,00000604,000000005af863cc,000000005af863cb,0
4092,4092,0,12494012,269964277,13775966,277769166,000000004ce31a4c,257470265,39962902,39962902,262874456,302837358,257470265,000000004ce31a4d,00000604,000000005af863cd,000000005af863cc,0
4093,4093,0,12494012,269964277,13775966,277769166,000000004ce31a4d,257470265,39962902,39962902,262874456,302837358,257470265,000000004ce31a4d,00000604,000000005af863cd,000000005af863cd,0
4094,4094,0,12494012,269964277,13775966,277769166,000000004ce31a4d,257470265,39962902,39962902,262874456,302837358,257470265,000000004ce31a4e,000005fc,000000005af863ce,000000005af863cd,0
4095,4095,0,12494012,269964277,13775966,277769166,000000004ce31a4e,257470265,39962902,39962902,262874456,302837358,257470265,000000004ce31a4e,00000600,000000005af863cf,000000005af863ce,0
