$date
        2025-Oct-22 03:20:50
$end
$version
        Vivado v2024.1 (64-bit)
$end
$timescale
        1ps
$end
$scope module dut $end
$var reg 64 " Aquila_SoC/RISCV_CORE0/BPU_Profiler/incorrect_predictions_debug [63:0] $end
$var reg 64 b Aquila_SoC/RISCV_CORE0/BPU_Profiler/prediction_accuracy_denominator_debug [63:0] $end
$var reg 64 D" Aquila_SoC/RISCV_CORE0/BPU_Profiler/mispred_penalty_debug [63:0] $end
$var reg 64 &# Aquila_SoC/RISCV_CORE0/BPU_Profiler/total_branches_debug [63:0] $end
$var reg 64 f# Aquila_SoC/RISCV_CORE0/BPU_Profiler/cpi_denominator_debug [63:0] $end
$var reg 64 H$ Aquila_SoC/RISCV_CORE0/BPU_Profiler/correct_predictions_debug [63:0] $end
$var reg 64 *% Aquila_SoC/RISCV_CORE0/BPU_Profiler/bht_hits_debug [63:0] $end
$var reg 64 j% Aquila_SoC/RISCV_CORE0/BPU_Profiler/bht_hit_rate_numerator_debug [63:0] $end
$var reg 64 L& Aquila_SoC/RISCV_CORE0/BPU_Profiler/bht_misses_debug [63:0] $end
$var reg 64 .' Aquila_SoC/RISCV_CORE0/BPU_Profiler/bht_hit_rate_denominator_debug [63:0] $end
$var reg 64 n' Aquila_SoC/RISCV_CORE0/BPU_Profiler/prediction_accuracy_numerator_debug [63:0] $end
$var reg 64 P( Aquila_SoC/RISCV_CORE0/BPU_Profiler/instruction_completed_debug [63:0] $end
$var reg 32 2) Aquila_SoC/RISCV_CORE0/BPU_Profiler/fetch_pc_debug [31:0] $end
$var reg 64 R) Aquila_SoC/RISCV_CORE0/BPU_Profiler/execution_cycles_debug [63:0] $end
$var reg 64 4* Aquila_SoC/RISCV_CORE0/BPU_Profiler/cpi_numerator_debug [63:0] $end
$var reg 1 t* Aquila_SoC/RISCV_CORE0/BPU_Profiler/penalty_counting_debug $end
$var reg 1 u* _TRIGGER $end
$var reg 1 v* _WINDOW $end
$var reg 1 w* _GAP $end
$upscope $end
$enddefinitions $end
#0
$dumpvars
b101111101010010010111010 "
b10000000101110101000011011011 b
b110100100011010001011100 D"
b10000100011100110100010101011 &#
b1001100111000110001000011000011 f#
b1111010110001010110000100001 H$
b10011000011100100100010100 *%
b10011000011100100100010100 j%
b1111101010110010001001000000 L&
b10010000011001110101101010100 .'
b1111010110001010110000100001 n'
b1001100111000110001000011000011 P(
b100110100011100 2)
b1011010111110000101011100010011 R)
b1011010111110000101011100010010 4*
0t*
0u*
1v*
0w*
$end
#1
b10000100011100110100010101100 &#
b1111010110001010110000100010 H$
b1111101010110010001001000001 L&
b1001100111000110001000011000100 P(
b100110100100000 2)
b1011010111110000101011100010100 R)
b1011010111110000101011100010011 4*
#2
b10000000101110101000011011100 b
b1001100111000110001000011000100 f#
b10010000011001110101101010101 .'
b1111010110001010110000100010 n'
b1001100111000110001000011000101 P(
b1011010111110000101011100010101 R)
b1011010111110000101011100010100 4*
#3
b1001100111000110001000011000101 f#
b1011010111110000101011100010101 4*
#4
b1001100111000110001000011000110 P(
b100110100011000 2)
b1011010111110000101011100010110 R)
#5
b1001100111000110001000011000110 f#
b100110100011100 2)
b1011010111110000101011100010111 R)
b1011010111110000101011100010110 4*
#6
b10000100011100110100010101101 &#
b1111010110001010110000100011 H$
b1111101010110010001001000010 L&
b1001100111000110001000011000111 P(
b100110100100000 2)
b1011010111110000101011100011000 R)
b1011010111110000101011100010111 4*
#7
b10000000101110101000011011101 b
b1001100111000110001000011000111 f#
b10010000011001110101101010110 .'
b1111010110001010110000100011 n'
b1001100111000110001000011001000 P(
b1011010111110000101011100011001 R)
b1011010111110000101011100011000 4*
#8
b1001100111000110001000011001000 f#
b1011010111110000101011100011001 4*
#9
b1001100111000110001000011001001 P(
b100110100011000 2)
b1011010111110000101011100011010 R)
#10
b1001100111000110001000011001001 f#
b100110100011100 2)
b1011010111110000101011100011011 R)
b1011010111110000101011100011010 4*
#11
b10000100011100110100010101110 &#
b1111010110001010110000100100 H$
b1111101010110010001001000011 L&
b1001100111000110001000011001010 P(
b100110100100000 2)
b1011010111110000101011100011100 R)
b1011010111110000101011100011011 4*
#12
b10000000101110101000011011110 b
b1001100111000110001000011001010 f#
b10010000011001110101101010111 .'
b1111010110001010110000100100 n'
b1001100111000110001000011001011 P(
b1011010111110000101011100011101 R)
b1011010111110000101011100011100 4*
#13
b1001100111000110001000011001011 f#
b1011010111110000101011100011101 4*
#14
b1001100111000110001000011001100 P(
b100110100011000 2)
b1011010111110000101011100011110 R)
#15
b1001100111000110001000011001100 f#
b100110100011100 2)
b1011010111110000101011100011111 R)
b1011010111110000101011100011110 4*
#16
b10000100011100110100010101111 &#
b1111010110001010110000100101 H$
b1111101010110010001001000100 L&
b1001100111000110001000011001101 P(
b100110100100000 2)
b1011010111110000101011100100000 R)
b1011010111110000101011100011111 4*
#17
b10000000101110101000011011111 b
b1001100111000110001000011001101 f#
b10010000011001110101101011000 .'
b1111010110001010110000100101 n'
b1001100111000110001000011001110 P(
b1011010111110000101011100100001 R)
b1011010111110000101011100100000 4*
#18
b1001100111000110001000011001110 f#
b1011010111110000101011100100001 4*
#19
b1001100111000110001000011001111 P(
b100110100011000 2)
b1011010111110000101011100100010 R)
#20
b1001100111000110001000011001111 f#
b100110100011100 2)
b1011010111110000101011100100011 R)
b1011010111110000101011100100010 4*
#21
b10000100011100110100010110000 &#
b1111010110001010110000100110 H$
b1111101010110010001001000101 L&
b1001100111000110001000011010000 P(
b100110100100000 2)
b1011010111110000101011100100100 R)
b1011010111110000101011100100011 4*
#22
b10000000101110101000011100000 b
b1001100111000110001000011010000 f#
b10010000011001110101101011001 .'
b1111010110001010110000100110 n'
b1001100111000110001000011010001 P(
b1011010111110000101011100100101 R)
b1011010111110000101011100100100 4*
#23
b1001100111000110001000011010001 f#
b1011010111110000101011100100101 4*
#24
b1001100111000110001000011010010 P(
b100110100011000 2)
b1011010111110000101011100100110 R)
#25
b1001100111000110001000011010010 f#
b100110100011100 2)
b1011010111110000101011100100111 R)
b1011010111110000101011100100110 4*
#26
b10000100011100110100010110001 &#
b1111010110001010110000100111 H$
b1111101010110010001001000110 L&
b1001100111000110001000011010011 P(
b100110100100000 2)
b1011010111110000101011100101000 R)
b1011010111110000101011100100111 4*
#27
b10000000101110101000011100001 b
b1001100111000110001000011010011 f#
b10010000011001110101101011010 .'
b1111010110001010110000100111 n'
b1001100111000110001000011010100 P(
b1011010111110000101011100101001 R)
b1011010111110000101011100101000 4*
#28
b1001100111000110001000011010100 f#
b1011010111110000101011100101001 4*
#29
b1001100111000110001000011010101 P(
b100110100011000 2)
b1011010111110000101011100101010 R)
#30
b1001100111000110001000011010101 f#
b100110100011100 2)
b1011010111110000101011100101011 R)
b1011010111110000101011100101010 4*
#31
b10000100011100110100010110010 &#
b1111010110001010110000101000 H$
b1111101010110010001001000111 L&
b1001100111000110001000011010110 P(
b100110100100000 2)
b1011010111110000101011100101100 R)
b1011010111110000101011100101011 4*
#32
b10000000101110101000011100010 b
b1001100111000110001000011010110 f#
b10010000011001110101101011011 .'
b1111010110001010110000101000 n'
b1001100111000110001000011010111 P(
b1011010111110000101011100101101 R)
b1011010111110000101011100101100 4*
#33
b1001100111000110001000011010111 f#
b1011010111110000101011100101101 4*
#34
b1001100111000110001000011011000 P(
b100110100011000 2)
b1011010111110000101011100101110 R)
#35
b1001100111000110001000011011000 f#
b100110100011100 2)
b1011010111110000101011100101111 R)
b1011010111110000101011100101110 4*
#36
b10000100011100110100010110011 &#
b1111010110001010110000101001 H$
b1111101010110010001001001000 L&
b1001100111000110001000011011001 P(
b100110100100000 2)
b1011010111110000101011100110000 R)
b1011010111110000101011100101111 4*
#37
b10000000101110101000011100011 b
b1001100111000110001000011011001 f#
b10010000011001110101101011100 .'
b1111010110001010110000101001 n'
b1001100111000110001000011011010 P(
b1011010111110000101011100110001 R)
b1011010111110000101011100110000 4*
#38
b1001100111000110001000011011010 f#
b1011010111110000101011100110001 4*
#39
b1001100111000110001000011011011 P(
b100110100011000 2)
b1011010111110000101011100110010 R)
#40
b1001100111000110001000011011011 f#
b100110100011100 2)
b1011010111110000101011100110011 R)
b1011010111110000101011100110010 4*
#41
b10000100011100110100010110100 &#
b1111010110001010110000101010 H$
b1111101010110010001001001001 L&
b1001100111000110001000011011100 P(
b100110100100000 2)
b1011010111110000101011100110100 R)
b1011010111110000101011100110011 4*
#42
b10000000101110101000011100100 b
b1001100111000110001000011011100 f#
b10010000011001110101101011101 .'
b1111010110001010110000101010 n'
b1001100111000110001000011011101 P(
b1011010111110000101011100110101 R)
b1011010111110000101011100110100 4*
#43
b1001100111000110001000011011101 f#
b1011010111110000101011100110101 4*
#44
b1001100111000110001000011011110 P(
b100110100011000 2)
b1011010111110000101011100110110 R)
#45
b1001100111000110001000011011110 f#
b100110100011100 2)
b1011010111110000101011100110111 R)
b1011010111110000101011100110110 4*
#46
b10000100011100110100010110101 &#
b1111010110001010110000101011 H$
b1111101010110010001001001010 L&
b1001100111000110001000011011111 P(
b100110100100000 2)
b1011010111110000101011100111000 R)
b1011010111110000101011100110111 4*
#47
b10000000101110101000011100101 b
b1001100111000110001000011011111 f#
b10010000011001110101101011110 .'
b1111010110001010110000101011 n'
b1001100111000110001000011100000 P(
b1011010111110000101011100111001 R)
b1011010111110000101011100111000 4*
#48
b1001100111000110001000011100000 f#
b1011010111110000101011100111001 4*
#49
b1001100111000110001000011100001 P(
b100110100011000 2)
b1011010111110000101011100111010 R)
#50
b1001100111000110001000011100001 f#
b100110100011100 2)
b1011010111110000101011100111011 R)
b1011010111110000101011100111010 4*
#51
b10000100011100110100010110110 &#
b1111010110001010110000101100 H$
b1111101010110010001001001011 L&
b1001100111000110001000011100010 P(
b100110100100000 2)
b1011010111110000101011100111100 R)
b1011010111110000101011100111011 4*
#52
b10000000101110101000011100110 b
b1001100111000110001000011100010 f#
b10010000011001110101101011111 .'
b1111010110001010110000101100 n'
b1001100111000110001000011100011 P(
b1011010111110000101011100111101 R)
b1011010111110000101011100111100 4*
#53
b1001100111000110001000011100011 f#
b1011010111110000101011100111101 4*
#54
b1001100111000110001000011100100 P(
b100110100011000 2)
b1011010111110000101011100111110 R)
#55
b1001100111000110001000011100100 f#
b100110100011100 2)
b1011010111110000101011100111111 R)
b1011010111110000101011100111110 4*
#56
b10000100011100110100010110111 &#
b1111010110001010110000101101 H$
b1111101010110010001001001100 L&
b1001100111000110001000011100101 P(
b100110100100000 2)
b1011010111110000101011101000000 R)
b1011010111110000101011100111111 4*
#57
b10000000101110101000011100111 b
b1001100111000110001000011100101 f#
b10010000011001110101101100000 .'
b1111010110001010110000101101 n'
b1001100111000110001000011100110 P(
b1011010111110000101011101000001 R)
b1011010111110000101011101000000 4*
#58
b1001100111000110001000011100110 f#
b1011010111110000101011101000001 4*
#59
b1001100111000110001000011100111 P(
b100110100011000 2)
b1011010111110000101011101000010 R)
#60
b1001100111000110001000011100111 f#
b100110100011100 2)
b1011010111110000101011101000011 R)
b1011010111110000101011101000010 4*
#61
b10000100011100110100010111000 &#
b1111010110001010110000101110 H$
b1111101010110010001001001101 L&
b1001100111000110001000011101000 P(
b100110100100000 2)
b1011010111110000101011101000100 R)
b1011010111110000101011101000011 4*
#62
b10000000101110101000011101000 b
b1001100111000110001000011101000 f#
b10010000011001110101101100001 .'
b1111010110001010110000101110 n'
b1001100111000110001000011101001 P(
b1011010111110000101011101000101 R)
b1011010111110000101011101000100 4*
#63
b1001100111000110001000011101001 f#
b1011010111110000101011101000101 4*
#64
b1001100111000110001000011101010 P(
b100110100011000 2)
b1011010111110000101011101000110 R)
#65
b1001100111000110001000011101010 f#
b100110100011100 2)
b1011010111110000101011101000111 R)
b1011010111110000101011101000110 4*
#66
b10000100011100110100010111001 &#
b1111010110001010110000101111 H$
b1111101010110010001001001110 L&
b1001100111000110001000011101011 P(
b100110100100000 2)
b1011010111110000101011101001000 R)
b1011010111110000101011101000111 4*
#67
b10000000101110101000011101001 b
b1001100111000110001000011101011 f#
b10010000011001110101101100010 .'
b1111010110001010110000101111 n'
b1001100111000110001000011101100 P(
b1011010111110000101011101001001 R)
b1011010111110000101011101001000 4*
#68
b1001100111000110001000011101100 f#
b1011010111110000101011101001001 4*
#69
b1001100111000110001000011101101 P(
b100110100011000 2)
b1011010111110000101011101001010 R)
#70
b1001100111000110001000011101101 f#
b100110100011100 2)
b1011010111110000101011101001011 R)
b1011010111110000101011101001010 4*
#71
b10000100011100110100010111010 &#
b1111010110001010110000110000 H$
b1111101010110010001001001111 L&
b1001100111000110001000011101110 P(
b100110100100000 2)
b1011010111110000101011101001100 R)
b1011010111110000101011101001011 4*
#72
b10000000101110101000011101010 b
b1001100111000110001000011101110 f#
b10010000011001110101101100011 .'
b1111010110001010110000110000 n'
b1001100111000110001000011101111 P(
b1011010111110000101011101001101 R)
b1011010111110000101011101001100 4*
#73
b1001100111000110001000011101111 f#
b1011010111110000101011101001101 4*
#74
b1001100111000110001000011110000 P(
b100110100011000 2)
b1011010111110000101011101001110 R)
#75
b1001100111000110001000011110000 f#
b100110100011100 2)
b1011010111110000101011101001111 R)
b1011010111110000101011101001110 4*
#76
b10000100011100110100010111011 &#
b1111010110001010110000110001 H$
b1111101010110010001001010000 L&
b1001100111000110001000011110001 P(
b100110100100000 2)
b1011010111110000101011101010000 R)
b1011010111110000101011101001111 4*
#77
b10000000101110101000011101011 b
b1001100111000110001000011110001 f#
b10010000011001110101101100100 .'
b1111010110001010110000110001 n'
b1001100111000110001000011110010 P(
b1011010111110000101011101010001 R)
b1011010111110000101011101010000 4*
#78
b1001100111000110001000011110010 f#
b1011010111110000101011101010001 4*
#79
b1001100111000110001000011110011 P(
b100110100011000 2)
b1011010111110000101011101010010 R)
#80
b1001100111000110001000011110011 f#
b100110100011100 2)
b1011010111110000101011101010011 R)
b1011010111110000101011101010010 4*
#81
b10000100011100110100010111100 &#
b1111010110001010110000110010 H$
b1111101010110010001001010001 L&
b1001100111000110001000011110100 P(
b100110100100000 2)
b1011010111110000101011101010100 R)
b1011010111110000101011101010011 4*
#82
b10000000101110101000011101100 b
b1001100111000110001000011110100 f#
b10010000011001110101101100101 .'
b1111010110001010110000110010 n'
b1001100111000110001000011110101 P(
b1011010111110000101011101010101 R)
b1011010111110000101011101010100 4*
#83
b1001100111000110001000011110101 f#
b1011010111110000101011101010101 4*
#84
b1001100111000110001000011110110 P(
b100110100011000 2)
b1011010111110000101011101010110 R)
#85
b1001100111000110001000011110110 f#
b100110100011100 2)
b1011010111110000101011101010111 R)
b1011010111110000101011101010110 4*
#86
b10000100011100110100010111101 &#
b1111010110001010110000110011 H$
b1111101010110010001001010010 L&
b1001100111000110001000011110111 P(
b100110100100000 2)
b1011010111110000101011101011000 R)
b1011010111110000101011101010111 4*
#87
b10000000101110101000011101101 b
b1001100111000110001000011110111 f#
b10010000011001110101101100110 .'
b1111010110001010110000110011 n'
b1001100111000110001000011111000 P(
b1011010111110000101011101011001 R)
b1011010111110000101011101011000 4*
#88
b1001100111000110001000011111000 f#
b1011010111110000101011101011001 4*
#89
b1001100111000110001000011111001 P(
b100110100011000 2)
b1011010111110000101011101011010 R)
#90
b1001100111000110001000011111001 f#
b100110100011100 2)
b1011010111110000101011101011011 R)
b1011010111110000101011101011010 4*
#91
b10000100011100110100010111110 &#
b1111010110001010110000110100 H$
b1111101010110010001001010011 L&
b1001100111000110001000011111010 P(
b100110100100000 2)
b1011010111110000101011101011100 R)
b1011010111110000101011101011011 4*
#92
b10000000101110101000011101110 b
b1001100111000110001000011111010 f#
b10010000011001110101101100111 .'
b1111010110001010110000110100 n'
b1001100111000110001000011111011 P(
b1011010111110000101011101011101 R)
b1011010111110000101011101011100 4*
#93
b1001100111000110001000011111011 f#
b1011010111110000101011101011101 4*
#94
b1001100111000110001000011111100 P(
b100110100011000 2)
b1011010111110000101011101011110 R)
#95
b1001100111000110001000011111100 f#
b100110100011100 2)
b1011010111110000101011101011111 R)
b1011010111110000101011101011110 4*
#96
b10000100011100110100010111111 &#
b1111010110001010110000110101 H$
b1111101010110010001001010100 L&
b1001100111000110001000011111101 P(
b100110100100000 2)
b1011010111110000101011101100000 R)
b1011010111110000101011101011111 4*
#97
b10000000101110101000011101111 b
b1001100111000110001000011111101 f#
b10010000011001110101101101000 .'
b1111010110001010110000110101 n'
b1001100111000110001000011111110 P(
b1011010111110000101011101100001 R)
b1011010111110000101011101100000 4*
#98
b1001100111000110001000011111110 f#
b1011010111110000101011101100001 4*
#99
b1001100111000110001000011111111 P(
b100110100011000 2)
b1011010111110000101011101100010 R)
#100
b1001100111000110001000011111111 f#
b100110100011100 2)
b1011010111110000101011101100011 R)
b1011010111110000101011101100010 4*
#101
b10000100011100110100011000000 &#
b1111010110001010110000110110 H$
b1111101010110010001001010101 L&
b1001100111000110001000100000000 P(
b100110100100000 2)
b1011010111110000101011101100100 R)
b1011010111110000101011101100011 4*
#102
b10000000101110101000011110000 b
b1001100111000110001000100000000 f#
b10010000011001110101101101001 .'
b1111010110001010110000110110 n'
b1001100111000110001000100000001 P(
b1011010111110000101011101100101 R)
b1011010111110000101011101100100 4*
#103
b1001100111000110001000100000001 f#
b1011010111110000101011101100101 4*
#104
b1001100111000110001000100000010 P(
b100110100011000 2)
b1011010111110000101011101100110 R)
#105
b1001100111000110001000100000010 f#
b100110100011100 2)
b1011010111110000101011101100111 R)
b1011010111110000101011101100110 4*
#106
b10000100011100110100011000001 &#
b1111010110001010110000110111 H$
b1111101010110010001001010110 L&
b1001100111000110001000100000011 P(
b100110100100000 2)
b1011010111110000101011101101000 R)
b1011010111110000101011101100111 4*
#107
b10000000101110101000011110001 b
b1001100111000110001000100000011 f#
b10010000011001110101101101010 .'
b1111010110001010110000110111 n'
b1001100111000110001000100000100 P(
b1011010111110000101011101101001 R)
b1011010111110000101011101101000 4*
#108
b1001100111000110001000100000100 f#
b1011010111110000101011101101001 4*
#109
b1001100111000110001000100000101 P(
b100110100011000 2)
b1011010111110000101011101101010 R)
#110
b1001100111000110001000100000101 f#
b100110100011100 2)
b1011010111110000101011101101011 R)
b1011010111110000101011101101010 4*
#111
b10000100011100110100011000010 &#
b1111010110001010110000111000 H$
b1111101010110010001001010111 L&
b1001100111000110001000100000110 P(
b100110100100000 2)
b1011010111110000101011101101100 R)
b1011010111110000101011101101011 4*
#112
b10000000101110101000011110010 b
b1001100111000110001000100000110 f#
b10010000011001110101101101011 .'
b1111010110001010110000111000 n'
b1001100111000110001000100000111 P(
b1011010111110000101011101101101 R)
b1011010111110000101011101101100 4*
#113
b1001100111000110001000100000111 f#
b1011010111110000101011101101101 4*
#114
b1001100111000110001000100001000 P(
b100110100011000 2)
b1011010111110000101011101101110 R)
#115
b1001100111000110001000100001000 f#
b100110100011100 2)
b1011010111110000101011101101111 R)
b1011010111110000101011101101110 4*
#116
b10000100011100110100011000011 &#
b1111010110001010110000111001 H$
b1111101010110010001001011000 L&
b1001100111000110001000100001001 P(
b100110100100000 2)
b1011010111110000101011101110000 R)
b1011010111110000101011101101111 4*
#117
b10000000101110101000011110011 b
b1001100111000110001000100001001 f#
b10010000011001110101101101100 .'
b1111010110001010110000111001 n'
b1001100111000110001000100001010 P(
b1011010111110000101011101110001 R)
b1011010111110000101011101110000 4*
#118
b1001100111000110001000100001010 f#
b1011010111110000101011101110001 4*
#119
b1001100111000110001000100001011 P(
b100110100011000 2)
b1011010111110000101011101110010 R)
#120
b1001100111000110001000100001011 f#
b100110100011100 2)
b1011010111110000101011101110011 R)
b1011010111110000101011101110010 4*
#121
b10000100011100110100011000100 &#
b1111010110001010110000111010 H$
b1111101010110010001001011001 L&
b1001100111000110001000100001100 P(
b100110100100000 2)
b1011010111110000101011101110100 R)
b1011010111110000101011101110011 4*
#122
b10000000101110101000011110100 b
b1001100111000110001000100001100 f#
b10010000011001110101101101101 .'
b1111010110001010110000111010 n'
b1001100111000110001000100001101 P(
b1011010111110000101011101110101 R)
b1011010111110000101011101110100 4*
#123
b1001100111000110001000100001101 f#
b1011010111110000101011101110101 4*
#124
b1001100111000110001000100001110 P(
b100110100011000 2)
b1011010111110000101011101110110 R)
#125
b1001100111000110001000100001110 f#
b100110100011100 2)
b1011010111110000101011101110111 R)
b1011010111110000101011101110110 4*
#126
b10000100011100110100011000101 &#
b1111010110001010110000111011 H$
b1111101010110010001001011010 L&
b1001100111000110001000100001111 P(
b100110100100000 2)
b1011010111110000101011101111000 R)
b1011010111110000101011101110111 4*
#127
b10000000101110101000011110101 b
b1001100111000110001000100001111 f#
b10010000011001110101101101110 .'
b1111010110001010110000111011 n'
b1001100111000110001000100010000 P(
b1011010111110000101011101111001 R)
b1011010111110000101011101111000 4*
#128
b1001100111000110001000100010000 f#
b1011010111110000101011101111001 4*
#129
b1001100111000110001000100010001 P(
b100110100011000 2)
b1011010111110000101011101111010 R)
#130
b1001100111000110001000100010001 f#
b100110100011100 2)
b1011010111110000101011101111011 R)
b1011010111110000101011101111010 4*
#131
b10000100011100110100011000110 &#
b1111010110001010110000111100 H$
b1111101010110010001001011011 L&
b1001100111000110001000100010010 P(
b100110100100000 2)
b1011010111110000101011101111100 R)
b1011010111110000101011101111011 4*
#132
b10000000101110101000011110110 b
b1001100111000110001000100010010 f#
b10010000011001110101101101111 .'
b1111010110001010110000111100 n'
b1001100111000110001000100010011 P(
b1011010111110000101011101111101 R)
b1011010111110000101011101111100 4*
#133
b1001100111000110001000100010011 f#
b1011010111110000101011101111101 4*
#134
b1001100111000110001000100010100 P(
b100110100011000 2)
b1011010111110000101011101111110 R)
#135
b1001100111000110001000100010100 f#
b100110100011100 2)
b1011010111110000101011101111111 R)
b1011010111110000101011101111110 4*
#136
b10000100011100110100011000111 &#
b1111010110001010110000111101 H$
b1111101010110010001001011100 L&
b1001100111000110001000100010101 P(
b100110100100000 2)
b1011010111110000101011110000000 R)
b1011010111110000101011101111111 4*
#137
b10000000101110101000011110111 b
b1001100111000110001000100010101 f#
b10010000011001110101101110000 .'
b1111010110001010110000111101 n'
b1001100111000110001000100010110 P(
b1011010111110000101011110000001 R)
b1011010111110000101011110000000 4*
#138
b1001100111000110001000100010110 f#
b1011010111110000101011110000001 4*
#139
b1001100111000110001000100010111 P(
b100110100011000 2)
b1011010111110000101011110000010 R)
#140
b1001100111000110001000100010111 f#
b100110100011100 2)
b1011010111110000101011110000011 R)
b1011010111110000101011110000010 4*
#141
b10000100011100110100011001000 &#
b1111010110001010110000111110 H$
b1111101010110010001001011101 L&
b1001100111000110001000100011000 P(
b100110100100000 2)
b1011010111110000101011110000100 R)
b1011010111110000101011110000011 4*
#142
b10000000101110101000011111000 b
b1001100111000110001000100011000 f#
b10010000011001110101101110001 .'
b1111010110001010110000111110 n'
b1001100111000110001000100011001 P(
b1011010111110000101011110000101 R)
b1011010111110000101011110000100 4*
#143
b1001100111000110001000100011001 f#
b1011010111110000101011110000101 4*
#144
b1001100111000110001000100011010 P(
b100110100011000 2)
b1011010111110000101011110000110 R)
#145
b1001100111000110001000100011010 f#
b100110100011100 2)
b1011010111110000101011110000111 R)
b1011010111110000101011110000110 4*
#146
b10000100011100110100011001001 &#
b1111010110001010110000111111 H$
b1111101010110010001001011110 L&
b1001100111000110001000100011011 P(
b100110100100000 2)
b1011010111110000101011110001000 R)
b1011010111110000101011110000111 4*
#147
b10000000101110101000011111001 b
b1001100111000110001000100011011 f#
b10010000011001110101101110010 .'
b1111010110001010110000111111 n'
b1001100111000110001000100011100 P(
b1011010111110000101011110001001 R)
b1011010111110000101011110001000 4*
#148
b1001100111000110001000100011100 f#
b1011010111110000101011110001001 4*
#149
b1001100111000110001000100011101 P(
b100110100011000 2)
b1011010111110000101011110001010 R)
#150
b1001100111000110001000100011101 f#
b100110100011100 2)
b1011010111110000101011110001011 R)
b1011010111110000101011110001010 4*
#151
b10000100011100110100011001010 &#
b1111010110001010110001000000 H$
b1111101010110010001001011111 L&
b1001100111000110001000100011110 P(
b100110100100000 2)
b1011010111110000101011110001100 R)
b1011010111110000101011110001011 4*
#152
b10000000101110101000011111010 b
b1001100111000110001000100011110 f#
b10010000011001110101101110011 .'
b1111010110001010110001000000 n'
b1001100111000110001000100011111 P(
b1011010111110000101011110001101 R)
b1011010111110000101011110001100 4*
#153
b1001100111000110001000100011111 f#
b1011010111110000101011110001101 4*
#154
b1001100111000110001000100100000 P(
b100110100011000 2)
b1011010111110000101011110001110 R)
#155
b1001100111000110001000100100000 f#
b100110100011100 2)
b1011010111110000101011110001111 R)
b1011010111110000101011110001110 4*
#156
b10000100011100110100011001011 &#
b1111010110001010110001000001 H$
b1111101010110010001001100000 L&
b1001100111000110001000100100001 P(
b100110100100000 2)
b1011010111110000101011110010000 R)
b1011010111110000101011110001111 4*
#157
b10000000101110101000011111011 b
b1001100111000110001000100100001 f#
b10010000011001110101101110100 .'
b1111010110001010110001000001 n'
b1001100111000110001000100100010 P(
b1011010111110000101011110010001 R)
b1011010111110000101011110010000 4*
#158
b1001100111000110001000100100010 f#
b1011010111110000101011110010001 4*
#159
b1001100111000110001000100100011 P(
b100110100011000 2)
b1011010111110000101011110010010 R)
#160
b1001100111000110001000100100011 f#
b100110100011100 2)
b1011010111110000101011110010011 R)
b1011010111110000101011110010010 4*
#161
b10000100011100110100011001100 &#
b1111010110001010110001000010 H$
b1111101010110010001001100001 L&
b1001100111000110001000100100100 P(
b100110100100000 2)
b1011010111110000101011110010100 R)
b1011010111110000101011110010011 4*
#162
b10000000101110101000011111100 b
b1001100111000110001000100100100 f#
b10010000011001110101101110101 .'
b1111010110001010110001000010 n'
b1001100111000110001000100100101 P(
b1011010111110000101011110010101 R)
b1011010111110000101011110010100 4*
#163
b1001100111000110001000100100101 f#
b1011010111110000101011110010101 4*
#164
b1001100111000110001000100100110 P(
b100110100011000 2)
b1011010111110000101011110010110 R)
#165
b1001100111000110001000100100110 f#
b100110100011100 2)
b1011010111110000101011110010111 R)
b1011010111110000101011110010110 4*
#166
b10000100011100110100011001101 &#
b1111010110001010110001000011 H$
b1111101010110010001001100010 L&
b1001100111000110001000100100111 P(
b100110100100000 2)
b1011010111110000101011110011000 R)
b1011010111110000101011110010111 4*
#167
b10000000101110101000011111101 b
b1001100111000110001000100100111 f#
b10010000011001110101101110110 .'
b1111010110001010110001000011 n'
b1001100111000110001000100101000 P(
b1011010111110000101011110011001 R)
b1011010111110000101011110011000 4*
#168
b1001100111000110001000100101000 f#
b1011010111110000101011110011001 4*
#169
b1001100111000110001000100101001 P(
b100110100011000 2)
b1011010111110000101011110011010 R)
#170
b1001100111000110001000100101001 f#
b100110100011100 2)
b1011010111110000101011110011011 R)
b1011010111110000101011110011010 4*
#171
b10000100011100110100011001110 &#
b1111010110001010110001000100 H$
b1111101010110010001001100011 L&
b1001100111000110001000100101010 P(
b100110100100000 2)
b1011010111110000101011110011100 R)
b1011010111110000101011110011011 4*
#172
b10000000101110101000011111110 b
b1001100111000110001000100101010 f#
b10010000011001110101101110111 .'
b1111010110001010110001000100 n'
b1001100111000110001000100101011 P(
b1011010111110000101011110011101 R)
b1011010111110000101011110011100 4*
#173
b1001100111000110001000100101011 f#
b1011010111110000101011110011101 4*
#174
b1001100111000110001000100101100 P(
b100110100011000 2)
b1011010111110000101011110011110 R)
#175
b1001100111000110001000100101100 f#
b100110100011100 2)
b1011010111110000101011110011111 R)
b1011010111110000101011110011110 4*
#176
b10000100011100110100011001111 &#
b1111010110001010110001000101 H$
b1111101010110010001001100100 L&
b1001100111000110001000100101101 P(
b100110100100000 2)
b1011010111110000101011110100000 R)
b1011010111110000101011110011111 4*
#177
b10000000101110101000011111111 b
b1001100111000110001000100101101 f#
b10010000011001110101101111000 .'
b1111010110001010110001000101 n'
b1001100111000110001000100101110 P(
b1011010111110000101011110100001 R)
b1011010111110000101011110100000 4*
#178
b1001100111000110001000100101110 f#
b1011010111110000101011110100001 4*
#179
b1001100111000110001000100101111 P(
b100110100011000 2)
b1011010111110000101011110100010 R)
#180
b1001100111000110001000100101111 f#
b100110100011100 2)
b1011010111110000101011110100011 R)
b1011010111110000101011110100010 4*
#181
b10000100011100110100011010000 &#
b1111010110001010110001000110 H$
b1111101010110010001001100101 L&
b1001100111000110001000100110000 P(
b100110100100000 2)
b1011010111110000101011110100100 R)
b1011010111110000101011110100011 4*
#182
b10000000101110101000100000000 b
b1001100111000110001000100110000 f#
b10010000011001110101101111001 .'
b1111010110001010110001000110 n'
b1001100111000110001000100110001 P(
b1011010111110000101011110100101 R)
b1011010111110000101011110100100 4*
#183
b1001100111000110001000100110001 f#
b1011010111110000101011110100101 4*
#184
b1001100111000110001000100110010 P(
b100110100011000 2)
b1011010111110000101011110100110 R)
#185
b1001100111000110001000100110010 f#
b100110100011100 2)
b1011010111110000101011110100111 R)
b1011010111110000101011110100110 4*
#186
b10000100011100110100011010001 &#
b1111010110001010110001000111 H$
b1111101010110010001001100110 L&
b1001100111000110001000100110011 P(
b100110100100000 2)
b1011010111110000101011110101000 R)
b1011010111110000101011110100111 4*
#187
b10000000101110101000100000001 b
b1001100111000110001000100110011 f#
b10010000011001110101101111010 .'
b1111010110001010110001000111 n'
b1001100111000110001000100110100 P(
b1011010111110000101011110101001 R)
b1011010111110000101011110101000 4*
#188
b1001100111000110001000100110100 f#
b1011010111110000101011110101001 4*
#189
b1001100111000110001000100110101 P(
b100110100011000 2)
b1011010111110000101011110101010 R)
#190
b1001100111000110001000100110101 f#
b100110100011100 2)
b1011010111110000101011110101011 R)
b1011010111110000101011110101010 4*
#191
b10000100011100110100011010010 &#
b1111010110001010110001001000 H$
b1111101010110010001001100111 L&
b1001100111000110001000100110110 P(
b100110100100000 2)
b1011010111110000101011110101100 R)
b1011010111110000101011110101011 4*
#192
b10000000101110101000100000010 b
b1001100111000110001000100110110 f#
b10010000011001110101101111011 .'
b1111010110001010110001001000 n'
b1001100111000110001000100110111 P(
b1011010111110000101011110101101 R)
b1011010111110000101011110101100 4*
#193
b1001100111000110001000100110111 f#
b1011010111110000101011110101101 4*
#194
b1001100111000110001000100111000 P(
b100110100011000 2)
b1011010111110000101011110101110 R)
#195
b1001100111000110001000100111000 f#
b100110100011100 2)
b1011010111110000101011110101111 R)
b1011010111110000101011110101110 4*
#196
b10000100011100110100011010011 &#
b1111010110001010110001001001 H$
b1111101010110010001001101000 L&
b1001100111000110001000100111001 P(
b100110100100000 2)
b1011010111110000101011110110000 R)
b1011010111110000101011110101111 4*
#197
b10000000101110101000100000011 b
b1001100111000110001000100111001 f#
b10010000011001110101101111100 .'
b1111010110001010110001001001 n'
b1001100111000110001000100111010 P(
b1011010111110000101011110110001 R)
b1011010111110000101011110110000 4*
#198
b1001100111000110001000100111010 f#
b1011010111110000101011110110001 4*
#199
b1001100111000110001000100111011 P(
b100110100011000 2)
b1011010111110000101011110110010 R)
#200
b1001100111000110001000100111011 f#
b100110100011100 2)
b1011010111110000101011110110011 R)
b1011010111110000101011110110010 4*
#201
b10000100011100110100011010100 &#
b1111010110001010110001001010 H$
b1111101010110010001001101001 L&
b1001100111000110001000100111100 P(
b100110100100000 2)
b1011010111110000101011110110100 R)
b1011010111110000101011110110011 4*
#202
b10000000101110101000100000100 b
b1001100111000110001000100111100 f#
b10010000011001110101101111101 .'
b1111010110001010110001001010 n'
b1001100111000110001000100111101 P(
b1011010111110000101011110110101 R)
b1011010111110000101011110110100 4*
#203
b1001100111000110001000100111101 f#
b1011010111110000101011110110101 4*
#204
b1001100111000110001000100111110 P(
b100110100011000 2)
b1011010111110000101011110110110 R)
#205
b1001100111000110001000100111110 f#
b100110100011100 2)
b1011010111110000101011110110111 R)
b1011010111110000101011110110110 4*
#206
b10000100011100110100011010101 &#
b1111010110001010110001001011 H$
b1111101010110010001001101010 L&
b1001100111000110001000100111111 P(
b100110100100000 2)
b1011010111110000101011110111000 R)
b1011010111110000101011110110111 4*
#207
b10000000101110101000100000101 b
b1001100111000110001000100111111 f#
b10010000011001110101101111110 .'
b1111010110001010110001001011 n'
b1001100111000110001000101000000 P(
b1011010111110000101011110111001 R)
b1011010111110000101011110111000 4*
#208
b1001100111000110001000101000000 f#
b1011010111110000101011110111001 4*
#209
b1001100111000110001000101000001 P(
b100110100011000 2)
b1011010111110000101011110111010 R)
#210
b1001100111000110001000101000001 f#
b100110100011100 2)
b1011010111110000101011110111011 R)
b1011010111110000101011110111010 4*
#211
b10000100011100110100011010110 &#
b1111010110001010110001001100 H$
b1111101010110010001001101011 L&
b1001100111000110001000101000010 P(
b100110100100000 2)
b1011010111110000101011110111100 R)
b1011010111110000101011110111011 4*
#212
b10000000101110101000100000110 b
b1001100111000110001000101000010 f#
b10010000011001110101101111111 .'
b1111010110001010110001001100 n'
b1001100111000110001000101000011 P(
b1011010111110000101011110111101 R)
b1011010111110000101011110111100 4*
#213
b1001100111000110001000101000011 f#
b1011010111110000101011110111101 4*
#214
b1001100111000110001000101000100 P(
b100110100011000 2)
b1011010111110000101011110111110 R)
#215
b1001100111000110001000101000100 f#
b100110100011100 2)
b1011010111110000101011110111111 R)
b1011010111110000101011110111110 4*
#216
b10000100011100110100011010111 &#
b1111010110001010110001001101 H$
b1111101010110010001001101100 L&
b1001100111000110001000101000101 P(
b100110100100000 2)
b1011010111110000101011111000000 R)
b1011010111110000101011110111111 4*
#217
b10000000101110101000100000111 b
b1001100111000110001000101000101 f#
b10010000011001110101110000000 .'
b1111010110001010110001001101 n'
b1001100111000110001000101000110 P(
b1011010111110000101011111000001 R)
b1011010111110000101011111000000 4*
#218
b1001100111000110001000101000110 f#
b1011010111110000101011111000001 4*
#219
b1001100111000110001000101000111 P(
b100110100011000 2)
b1011010111110000101011111000010 R)
#220
b1001100111000110001000101000111 f#
b100110100011100 2)
b1011010111110000101011111000011 R)
b1011010111110000101011111000010 4*
#221
b10000100011100110100011011000 &#
b1111010110001010110001001110 H$
b1111101010110010001001101101 L&
b1001100111000110001000101001000 P(
b100110100100000 2)
b1011010111110000101011111000100 R)
b1011010111110000101011111000011 4*
#222
b10000000101110101000100001000 b
b1001100111000110001000101001000 f#
b10010000011001110101110000001 .'
b1111010110001010110001001110 n'
b1001100111000110001000101001001 P(
b1011010111110000101011111000101 R)
b1011010111110000101011111000100 4*
#223
b1001100111000110001000101001001 f#
b1011010111110000101011111000101 4*
#224
b1001100111000110001000101001010 P(
b100110100011000 2)
b1011010111110000101011111000110 R)
#225
b1001100111000110001000101001010 f#
b100110100011100 2)
b1011010111110000101011111000111 R)
b1011010111110000101011111000110 4*
#226
b10000100011100110100011011001 &#
b1111010110001010110001001111 H$
b1111101010110010001001101110 L&
b1001100111000110001000101001011 P(
b100110100100000 2)
b1011010111110000101011111001000 R)
b1011010111110000101011111000111 4*
#227
b10000000101110101000100001001 b
b1001100111000110001000101001011 f#
b10010000011001110101110000010 .'
b1111010110001010110001001111 n'
b1001100111000110001000101001100 P(
b1011010111110000101011111001001 R)
b1011010111110000101011111001000 4*
#228
b1001100111000110001000101001100 f#
b1011010111110000101011111001001 4*
#229
b1001100111000110001000101001101 P(
b100110100011000 2)
b1011010111110000101011111001010 R)
#230
b1001100111000110001000101001101 f#
b100110100011100 2)
b1011010111110000101011111001011 R)
b1011010111110000101011111001010 4*
#231
b10000100011100110100011011010 &#
b1111010110001010110001010000 H$
b1111101010110010001001101111 L&
b1001100111000110001000101001110 P(
b100110100100000 2)
b1011010111110000101011111001100 R)
b1011010111110000101011111001011 4*
#232
b10000000101110101000100001010 b
b1001100111000110001000101001110 f#
b10010000011001110101110000011 .'
b1111010110001010110001010000 n'
b1001100111000110001000101001111 P(
b1011010111110000101011111001101 R)
b1011010111110000101011111001100 4*
#233
b1001100111000110001000101001111 f#
b1011010111110000101011111001101 4*
#234
b1001100111000110001000101010000 P(
b100110100011000 2)
b1011010111110000101011111001110 R)
#235
b1001100111000110001000101010000 f#
b100110100011100 2)
b1011010111110000101011111001111 R)
b1011010111110000101011111001110 4*
#236
b10000100011100110100011011011 &#
b1111010110001010110001010001 H$
b1111101010110010001001110000 L&
b1001100111000110001000101010001 P(
b100110100100000 2)
b1011010111110000101011111010000 R)
b1011010111110000101011111001111 4*
#237
b10000000101110101000100001011 b
b1001100111000110001000101010001 f#
b10010000011001110101110000100 .'
b1111010110001010110001010001 n'
b1001100111000110001000101010010 P(
b1011010111110000101011111010001 R)
b1011010111110000101011111010000 4*
#238
b1001100111000110001000101010010 f#
b1011010111110000101011111010001 4*
#239
b1001100111000110001000101010011 P(
b100110100011000 2)
b1011010111110000101011111010010 R)
#240
b1001100111000110001000101010011 f#
b100110100011100 2)
b1011010111110000101011111010011 R)
b1011010111110000101011111010010 4*
#241
b10000100011100110100011011100 &#
b1111010110001010110001010010 H$
b1111101010110010001001110001 L&
b1001100111000110001000101010100 P(
b100110100100000 2)
b1011010111110000101011111010100 R)
b1011010111110000101011111010011 4*
#242
b10000000101110101000100001100 b
b1001100111000110001000101010100 f#
b10010000011001110101110000101 .'
b1111010110001010110001010010 n'
b1001100111000110001000101010101 P(
b1011010111110000101011111010101 R)
b1011010111110000101011111010100 4*
#243
b1001100111000110001000101010101 f#
b1011010111110000101011111010101 4*
#244
b1001100111000110001000101010110 P(
b100110100011000 2)
b1011010111110000101011111010110 R)
#245
b1001100111000110001000101010110 f#
b100110100011100 2)
b1011010111110000101011111010111 R)
b1011010111110000101011111010110 4*
#246
b10000100011100110100011011101 &#
b1111010110001010110001010011 H$
b1111101010110010001001110010 L&
b1001100111000110001000101010111 P(
b100110100100000 2)
b1011010111110000101011111011000 R)
b1011010111110000101011111010111 4*
#247
b10000000101110101000100001101 b
b1001100111000110001000101010111 f#
b10010000011001110101110000110 .'
b1111010110001010110001010011 n'
b1001100111000110001000101011000 P(
b1011010111110000101011111011001 R)
b1011010111110000101011111011000 4*
#248
b1001100111000110001000101011000 f#
b1011010111110000101011111011001 4*
#249
b1001100111000110001000101011001 P(
b100110100011000 2)
b1011010111110000101011111011010 R)
#250
b1001100111000110001000101011001 f#
b100110100011100 2)
b1011010111110000101011111011011 R)
b1011010111110000101011111011010 4*
#251
b10000100011100110100011011110 &#
b1111010110001010110001010100 H$
b1111101010110010001001110011 L&
b1001100111000110001000101011010 P(
b100110100100000 2)
b1011010111110000101011111011100 R)
b1011010111110000101011111011011 4*
#252
b10000000101110101000100001110 b
b1001100111000110001000101011010 f#
b10010000011001110101110000111 .'
b1111010110001010110001010100 n'
b1001100111000110001000101011011 P(
b1011010111110000101011111011101 R)
b1011010111110000101011111011100 4*
#253
b1001100111000110001000101011011 f#
b1011010111110000101011111011101 4*
#254
b1001100111000110001000101011100 P(
b100110100011000 2)
b1011010111110000101011111011110 R)
#255
b1001100111000110001000101011100 f#
b100110100011100 2)
b1011010111110000101011111011111 R)
b1011010111110000101011111011110 4*
#256
b10000100011100110100011011111 &#
b1111010110001010110001010101 H$
b1111101010110010001001110100 L&
b1001100111000110001000101011101 P(
b100110100100000 2)
b1011010111110000101011111100000 R)
b1011010111110000101011111011111 4*
#257
b10000000101110101000100001111 b
b1001100111000110001000101011101 f#
b10010000011001110101110001000 .'
b1111010110001010110001010101 n'
b1001100111000110001000101011110 P(
b1011010111110000101011111100001 R)
b1011010111110000101011111100000 4*
#258
b1001100111000110001000101011110 f#
b1011010111110000101011111100001 4*
#259
b1001100111000110001000101011111 P(
b100110100011000 2)
b1011010111110000101011111100010 R)
#260
b1001100111000110001000101011111 f#
b100110100011100 2)
b1011010111110000101011111100011 R)
b1011010111110000101011111100010 4*
#261
b10000100011100110100011100000 &#
b1111010110001010110001010110 H$
b1111101010110010001001110101 L&
b1001100111000110001000101100000 P(
b100110100100000 2)
b1011010111110000101011111100100 R)
b1011010111110000101011111100011 4*
#262
b10000000101110101000100010000 b
b1001100111000110001000101100000 f#
b10010000011001110101110001001 .'
b1111010110001010110001010110 n'
b1001100111000110001000101100001 P(
b1011010111110000101011111100101 R)
b1011010111110000101011111100100 4*
#263
b1001100111000110001000101100001 f#
b1011010111110000101011111100101 4*
#264
b1001100111000110001000101100010 P(
b100110100011000 2)
b1011010111110000101011111100110 R)
#265
b1001100111000110001000101100010 f#
b100110100011100 2)
b1011010111110000101011111100111 R)
b1011010111110000101011111100110 4*
#266
b10000100011100110100011100001 &#
b1111010110001010110001010111 H$
b1111101010110010001001110110 L&
b1001100111000110001000101100011 P(
b100110100100000 2)
b1011010111110000101011111101000 R)
b1011010111110000101011111100111 4*
#267
b10000000101110101000100010001 b
b1001100111000110001000101100011 f#
b10010000011001110101110001010 .'
b1111010110001010110001010111 n'
b1001100111000110001000101100100 P(
b1011010111110000101011111101001 R)
b1011010111110000101011111101000 4*
#268
b1001100111000110001000101100100 f#
b1011010111110000101011111101001 4*
#269
b1001100111000110001000101100101 P(
b100110100011000 2)
b1011010111110000101011111101010 R)
#270
b1001100111000110001000101100101 f#
b100110100011100 2)
b1011010111110000101011111101011 R)
b1011010111110000101011111101010 4*
#271
b10000100011100110100011100010 &#
b1111010110001010110001011000 H$
b1111101010110010001001110111 L&
b1001100111000110001000101100110 P(
b100110100100000 2)
b1011010111110000101011111101100 R)
b1011010111110000101011111101011 4*
#272
b10000000101110101000100010010 b
b1001100111000110001000101100110 f#
b10010000011001110101110001011 .'
b1111010110001010110001011000 n'
b1001100111000110001000101100111 P(
b1011010111110000101011111101101 R)
b1011010111110000101011111101100 4*
#273
b1001100111000110001000101100111 f#
b1011010111110000101011111101101 4*
#274
b1001100111000110001000101101000 P(
b100110100011000 2)
b1011010111110000101011111101110 R)
#275
b1001100111000110001000101101000 f#
b100110100011100 2)
b1011010111110000101011111101111 R)
b1011010111110000101011111101110 4*
#276
b10000100011100110100011100011 &#
b1111010110001010110001011001 H$
b1111101010110010001001111000 L&
b1001100111000110001000101101001 P(
b100110100100000 2)
b1011010111110000101011111110000 R)
b1011010111110000101011111101111 4*
#277
b10000000101110101000100010011 b
b1001100111000110001000101101001 f#
b10010000011001110101110001100 .'
b1111010110001010110001011001 n'
b1001100111000110001000101101010 P(
b1011010111110000101011111110001 R)
b1011010111110000101011111110000 4*
#278
b1001100111000110001000101101010 f#
b1011010111110000101011111110001 4*
#279
b1001100111000110001000101101011 P(
b100110100011000 2)
b1011010111110000101011111110010 R)
#280
b1001100111000110001000101101011 f#
b100110100011100 2)
b1011010111110000101011111110011 R)
b1011010111110000101011111110010 4*
#281
b10000100011100110100011100100 &#
b1111010110001010110001011010 H$
b1111101010110010001001111001 L&
b1001100111000110001000101101100 P(
b100110100100000 2)
b1011010111110000101011111110100 R)
b1011010111110000101011111110011 4*
#282
b10000000101110101000100010100 b
b1001100111000110001000101101100 f#
b10010000011001110101110001101 .'
b1111010110001010110001011010 n'
b1001100111000110001000101101101 P(
b1011010111110000101011111110101 R)
b1011010111110000101011111110100 4*
#283
b1001100111000110001000101101101 f#
b1011010111110000101011111110101 4*
#284
b1001100111000110001000101101110 P(
b100110100011000 2)
b1011010111110000101011111110110 R)
#285
b1001100111000110001000101101110 f#
b100110100011100 2)
b1011010111110000101011111110111 R)
b1011010111110000101011111110110 4*
#286
b10000100011100110100011100101 &#
b1111010110001010110001011011 H$
b1111101010110010001001111010 L&
b1001100111000110001000101101111 P(
b100110100100000 2)
b1011010111110000101011111111000 R)
b1011010111110000101011111110111 4*
#287
b10000000101110101000100010101 b
b1001100111000110001000101101111 f#
b10010000011001110101110001110 .'
b1111010110001010110001011011 n'
b1001100111000110001000101110000 P(
b1011010111110000101011111111001 R)
b1011010111110000101011111111000 4*
#288
b1001100111000110001000101110000 f#
b1011010111110000101011111111001 4*
#289
b1001100111000110001000101110001 P(
b100110100011000 2)
b1011010111110000101011111111010 R)
#290
b1001100111000110001000101110001 f#
b100110100011100 2)
b1011010111110000101011111111011 R)
b1011010111110000101011111111010 4*
#291
b10000100011100110100011100110 &#
b1111010110001010110001011100 H$
b1111101010110010001001111011 L&
b1001100111000110001000101110010 P(
b100110100100000 2)
b1011010111110000101011111111100 R)
b1011010111110000101011111111011 4*
#292
b10000000101110101000100010110 b
b1001100111000110001000101110010 f#
b10010000011001110101110001111 .'
b1111010110001010110001011100 n'
b1001100111000110001000101110011 P(
b1011010111110000101011111111101 R)
b1011010111110000101011111111100 4*
#293
b1001100111000110001000101110011 f#
b1011010111110000101011111111101 4*
#294
b1001100111000110001000101110100 P(
b100110100011000 2)
b1011010111110000101011111111110 R)
#295
b1001100111000110001000101110100 f#
b100110100011100 2)
b1011010111110000101011111111111 R)
b1011010111110000101011111111110 4*
#296
b10000100011100110100011100111 &#
b1111010110001010110001011101 H$
b1111101010110010001001111100 L&
b1001100111000110001000101110101 P(
b100110100100000 2)
b1011010111110000101100000000000 R)
b1011010111110000101011111111111 4*
#297
b10000000101110101000100010111 b
b1001100111000110001000101110101 f#
b10010000011001110101110010000 .'
b1111010110001010110001011101 n'
b1001100111000110001000101110110 P(
b1011010111110000101100000000001 R)
b1011010111110000101100000000000 4*
#298
b1001100111000110001000101110110 f#
b1011010111110000101100000000001 4*
#299
b1001100111000110001000101110111 P(
b100110100011000 2)
b1011010111110000101100000000010 R)
#300
b1001100111000110001000101110111 f#
b100110100011100 2)
b1011010111110000101100000000011 R)
b1011010111110000101100000000010 4*
#301
b10000100011100110100011101000 &#
b1111010110001010110001011110 H$
b1111101010110010001001111101 L&
b1001100111000110001000101111000 P(
b100110100100000 2)
b1011010111110000101100000000100 R)
b1011010111110000101100000000011 4*
#302
b10000000101110101000100011000 b
b1001100111000110001000101111000 f#
b10010000011001110101110010001 .'
b1111010110001010110001011110 n'
b1001100111000110001000101111001 P(
b1011010111110000101100000000101 R)
b1011010111110000101100000000100 4*
#303
b1001100111000110001000101111001 f#
b1011010111110000101100000000101 4*
#304
b1001100111000110001000101111010 P(
b100110100011000 2)
b1011010111110000101100000000110 R)
#305
b1001100111000110001000101111010 f#
b100110100011100 2)
b1011010111110000101100000000111 R)
b1011010111110000101100000000110 4*
#306
b10000100011100110100011101001 &#
b1111010110001010110001011111 H$
b1111101010110010001001111110 L&
b1001100111000110001000101111011 P(
b100110100100000 2)
b1011010111110000101100000001000 R)
b1011010111110000101100000000111 4*
#307
b10000000101110101000100011001 b
b1001100111000110001000101111011 f#
b10010000011001110101110010010 .'
b1111010110001010110001011111 n'
b1001100111000110001000101111100 P(
b1011010111110000101100000001001 R)
b1011010111110000101100000001000 4*
#308
b1001100111000110001000101111100 f#
b1011010111110000101100000001001 4*
#309
b1001100111000110001000101111101 P(
b100110100011000 2)
b1011010111110000101100000001010 R)
#310
b1001100111000110001000101111101 f#
b100110100011100 2)
b1011010111110000101100000001011 R)
b1011010111110000101100000001010 4*
#311
b10000100011100110100011101010 &#
b1111010110001010110001100000 H$
b1111101010110010001001111111 L&
b1001100111000110001000101111110 P(
b100110100100000 2)
b1011010111110000101100000001100 R)
b1011010111110000101100000001011 4*
#312
b10000000101110101000100011010 b
b1001100111000110001000101111110 f#
b10010000011001110101110010011 .'
b1111010110001010110001100000 n'
b1001100111000110001000101111111 P(
b1011010111110000101100000001101 R)
b1011010111110000101100000001100 4*
#313
b1001100111000110001000101111111 f#
b1011010111110000101100000001101 4*
#314
b1001100111000110001000110000000 P(
b100110100011000 2)
b1011010111110000101100000001110 R)
#315
b1001100111000110001000110000000 f#
b100110100011100 2)
b1011010111110000101100000001111 R)
b1011010111110000101100000001110 4*
#316
b10000100011100110100011101011 &#
b1111010110001010110001100001 H$
b1111101010110010001010000000 L&
b1001100111000110001000110000001 P(
b100110100100000 2)
b1011010111110000101100000010000 R)
b1011010111110000101100000001111 4*
#317
b10000000101110101000100011011 b
b1001100111000110001000110000001 f#
b10010000011001110101110010100 .'
b1111010110001010110001100001 n'
b1001100111000110001000110000010 P(
b1011010111110000101100000010001 R)
b1011010111110000101100000010000 4*
#318
b1001100111000110001000110000010 f#
b1011010111110000101100000010001 4*
#319
b1001100111000110001000110000011 P(
b100110100011000 2)
b1011010111110000101100000010010 R)
#320
b1001100111000110001000110000011 f#
b100110100011100 2)
b1011010111110000101100000010011 R)
b1011010111110000101100000010010 4*
#321
b10000100011100110100011101100 &#
b1111010110001010110001100010 H$
b1111101010110010001010000001 L&
b1001100111000110001000110000100 P(
b100110100100000 2)
b1011010111110000101100000010100 R)
b1011010111110000101100000010011 4*
#322
b10000000101110101000100011100 b
b1001100111000110001000110000100 f#
b10010000011001110101110010101 .'
b1111010110001010110001100010 n'
b1001100111000110001000110000101 P(
b1011010111110000101100000010101 R)
b1011010111110000101100000010100 4*
#323
b1001100111000110001000110000101 f#
b1011010111110000101100000010101 4*
#324
b1001100111000110001000110000110 P(
b100110100011000 2)
b1011010111110000101100000010110 R)
#325
b1001100111000110001000110000110 f#
b100110100011100 2)
b1011010111110000101100000010111 R)
b1011010111110000101100000010110 4*
#326
b10000100011100110100011101101 &#
b1111010110001010110001100011 H$
b1111101010110010001010000010 L&
b1001100111000110001000110000111 P(
b100110100100000 2)
b1011010111110000101100000011000 R)
b1011010111110000101100000010111 4*
#327
b10000000101110101000100011101 b
b1001100111000110001000110000111 f#
b10010000011001110101110010110 .'
b1111010110001010110001100011 n'
b1001100111000110001000110001000 P(
b1011010111110000101100000011001 R)
b1011010111110000101100000011000 4*
#328
b1001100111000110001000110001000 f#
b1011010111110000101100000011001 4*
#329
b1001100111000110001000110001001 P(
b100110100011000 2)
b1011010111110000101100000011010 R)
#330
b1001100111000110001000110001001 f#
b100110100011100 2)
b1011010111110000101100000011011 R)
b1011010111110000101100000011010 4*
#331
b10000100011100110100011101110 &#
b1111010110001010110001100100 H$
b1111101010110010001010000011 L&
b1001100111000110001000110001010 P(
b100110100100000 2)
b1011010111110000101100000011100 R)
b1011010111110000101100000011011 4*
#332
b10000000101110101000100011110 b
b1001100111000110001000110001010 f#
b10010000011001110101110010111 .'
b1111010110001010110001100100 n'
b1001100111000110001000110001011 P(
b1011010111110000101100000011101 R)
b1011010111110000101100000011100 4*
#333
b1001100111000110001000110001011 f#
b1011010111110000101100000011101 4*
#334
b1001100111000110001000110001100 P(
b100110100011000 2)
b1011010111110000101100000011110 R)
#335
b1001100111000110001000110001100 f#
b100110100011100 2)
b1011010111110000101100000011111 R)
b1011010111110000101100000011110 4*
#336
b10000100011100110100011101111 &#
b1111010110001010110001100101 H$
b1111101010110010001010000100 L&
b1001100111000110001000110001101 P(
b100110100100000 2)
b1011010111110000101100000100000 R)
b1011010111110000101100000011111 4*
#337
b10000000101110101000100011111 b
b1001100111000110001000110001101 f#
b10010000011001110101110011000 .'
b1111010110001010110001100101 n'
b1001100111000110001000110001110 P(
b1011010111110000101100000100001 R)
b1011010111110000101100000100000 4*
#338
b1001100111000110001000110001110 f#
b1011010111110000101100000100001 4*
#339
b1001100111000110001000110001111 P(
b100110100011000 2)
b1011010111110000101100000100010 R)
#340
b1001100111000110001000110001111 f#
b100110100011100 2)
b1011010111110000101100000100011 R)
b1011010111110000101100000100010 4*
#341
b10000100011100110100011110000 &#
b1111010110001010110001100110 H$
b1111101010110010001010000101 L&
b1001100111000110001000110010000 P(
b100110100100000 2)
b1011010111110000101100000100100 R)
b1011010111110000101100000100011 4*
#342
b10000000101110101000100100000 b
b1001100111000110001000110010000 f#
b10010000011001110101110011001 .'
b1111010110001010110001100110 n'
b1001100111000110001000110010001 P(
b1011010111110000101100000100101 R)
b1011010111110000101100000100100 4*
#343
b1001100111000110001000110010001 f#
b1011010111110000101100000100101 4*
#344
b1001100111000110001000110010010 P(
b100110100011000 2)
b1011010111110000101100000100110 R)
#345
b1001100111000110001000110010010 f#
b100110100011100 2)
b1011010111110000101100000100111 R)
b1011010111110000101100000100110 4*
#346
b10000100011100110100011110001 &#
b1111010110001010110001100111 H$
b1111101010110010001010000110 L&
b1001100111000110001000110010011 P(
b100110100100000 2)
b1011010111110000101100000101000 R)
b1011010111110000101100000100111 4*
#347
b10000000101110101000100100001 b
b1001100111000110001000110010011 f#
b10010000011001110101110011010 .'
b1111010110001010110001100111 n'
b1001100111000110001000110010100 P(
b1011010111110000101100000101001 R)
b1011010111110000101100000101000 4*
#348
b1001100111000110001000110010100 f#
b1011010111110000101100000101001 4*
#349
b1001100111000110001000110010101 P(
b100110100011000 2)
b1011010111110000101100000101010 R)
#350
b1001100111000110001000110010101 f#
b100110100011100 2)
b1011010111110000101100000101011 R)
b1011010111110000101100000101010 4*
#351
b10000100011100110100011110010 &#
b1111010110001010110001101000 H$
b1111101010110010001010000111 L&
b1001100111000110001000110010110 P(
b100110100100000 2)
b1011010111110000101100000101100 R)
b1011010111110000101100000101011 4*
#352
b10000000101110101000100100010 b
b1001100111000110001000110010110 f#
b10010000011001110101110011011 .'
b1111010110001010110001101000 n'
b1001100111000110001000110010111 P(
b1011010111110000101100000101101 R)
b1011010111110000101100000101100 4*
#353
b1001100111000110001000110010111 f#
b1011010111110000101100000101101 4*
#354
b1001100111000110001000110011000 P(
b100110100011000 2)
b1011010111110000101100000101110 R)
#355
b1001100111000110001000110011000 f#
b100110100011100 2)
b1011010111110000101100000101111 R)
b1011010111110000101100000101110 4*
#356
b10000100011100110100011110011 &#
b1111010110001010110001101001 H$
b1111101010110010001010001000 L&
b1001100111000110001000110011001 P(
b100110100100000 2)
b1011010111110000101100000110000 R)
b1011010111110000101100000101111 4*
#357
b10000000101110101000100100011 b
b1001100111000110001000110011001 f#
b10010000011001110101110011100 .'
b1111010110001010110001101001 n'
b1001100111000110001000110011010 P(
b1011010111110000101100000110001 R)
b1011010111110000101100000110000 4*
#358
b1001100111000110001000110011010 f#
b1011010111110000101100000110001 4*
#359
b1001100111000110001000110011011 P(
b100110100011000 2)
b1011010111110000101100000110010 R)
#360
b1001100111000110001000110011011 f#
b100110100011100 2)
b1011010111110000101100000110011 R)
b1011010111110000101100000110010 4*
#361
b10000100011100110100011110100 &#
b1111010110001010110001101010 H$
b1111101010110010001010001001 L&
b1001100111000110001000110011100 P(
b100110100100000 2)
b1011010111110000101100000110100 R)
b1011010111110000101100000110011 4*
#362
b10000000101110101000100100100 b
b1001100111000110001000110011100 f#
b10010000011001110101110011101 .'
b1111010110001010110001101010 n'
b1001100111000110001000110011101 P(
b1011010111110000101100000110101 R)
b1011010111110000101100000110100 4*
#363
b1001100111000110001000110011101 f#
b1011010111110000101100000110101 4*
#364
b1001100111000110001000110011110 P(
b100110100011000 2)
b1011010111110000101100000110110 R)
#365
b1001100111000110001000110011110 f#
b100110100011100 2)
b1011010111110000101100000110111 R)
b1011010111110000101100000110110 4*
#366
b10000100011100110100011110101 &#
b1111010110001010110001101011 H$
b1111101010110010001010001010 L&
b1001100111000110001000110011111 P(
b100110100100000 2)
b1011010111110000101100000111000 R)
b1011010111110000101100000110111 4*
#367
b10000000101110101000100100101 b
b1001100111000110001000110011111 f#
b10010000011001110101110011110 .'
b1111010110001010110001101011 n'
b1001100111000110001000110100000 P(
b1011010111110000101100000111001 R)
b1011010111110000101100000111000 4*
#368
b1001100111000110001000110100000 f#
b1011010111110000101100000111001 4*
#369
b1001100111000110001000110100001 P(
b100110100011000 2)
b1011010111110000101100000111010 R)
#370
b1001100111000110001000110100001 f#
b100110100011100 2)
b1011010111110000101100000111011 R)
b1011010111110000101100000111010 4*
#371
b10000100011100110100011110110 &#
b1111010110001010110001101100 H$
b1111101010110010001010001011 L&
b1001100111000110001000110100010 P(
b100110100100000 2)
b1011010111110000101100000111100 R)
b1011010111110000101100000111011 4*
#372
b10000000101110101000100100110 b
b1001100111000110001000110100010 f#
b10010000011001110101110011111 .'
b1111010110001010110001101100 n'
b1001100111000110001000110100011 P(
b1011010111110000101100000111101 R)
b1011010111110000101100000111100 4*
#373
b1001100111000110001000110100011 f#
b1011010111110000101100000111101 4*
#374
b1001100111000110001000110100100 P(
b100110100011000 2)
b1011010111110000101100000111110 R)
#375
b1001100111000110001000110100100 f#
b100110100011100 2)
b1011010111110000101100000111111 R)
b1011010111110000101100000111110 4*
#376
b10000100011100110100011110111 &#
b1111010110001010110001101101 H$
b1111101010110010001010001100 L&
b1001100111000110001000110100101 P(
b100110100100000 2)
b1011010111110000101100001000000 R)
b1011010111110000101100000111111 4*
#377
b10000000101110101000100100111 b
b1001100111000110001000110100101 f#
b10010000011001110101110100000 .'
b1111010110001010110001101101 n'
b1001100111000110001000110100110 P(
b1011010111110000101100001000001 R)
b1011010111110000101100001000000 4*
#378
b1001100111000110001000110100110 f#
b1011010111110000101100001000001 4*
#379
b1001100111000110001000110100111 P(
b100110100011000 2)
b1011010111110000101100001000010 R)
#380
b1001100111000110001000110100111 f#
b100110100011100 2)
b1011010111110000101100001000011 R)
b1011010111110000101100001000010 4*
#381
b10000100011100110100011111000 &#
b1111010110001010110001101110 H$
b1111101010110010001010001101 L&
b1001100111000110001000110101000 P(
b100110100100000 2)
b1011010111110000101100001000100 R)
b1011010111110000101100001000011 4*
#382
b10000000101110101000100101000 b
b1001100111000110001000110101000 f#
b10010000011001110101110100001 .'
b1111010110001010110001101110 n'
b1001100111000110001000110101001 P(
b1011010111110000101100001000101 R)
b1011010111110000101100001000100 4*
#383
b1001100111000110001000110101001 f#
b1011010111110000101100001000101 4*
#384
b1001100111000110001000110101010 P(
b100110100011000 2)
b1011010111110000101100001000110 R)
#385
b1001100111000110001000110101010 f#
b100110100011100 2)
b1011010111110000101100001000111 R)
b1011010111110000101100001000110 4*
#386
b10000100011100110100011111001 &#
b1111010110001010110001101111 H$
b1111101010110010001010001110 L&
b1001100111000110001000110101011 P(
b100110100100000 2)
b1011010111110000101100001001000 R)
b1011010111110000101100001000111 4*
#387
b10000000101110101000100101001 b
b1001100111000110001000110101011 f#
b10010000011001110101110100010 .'
b1111010110001010110001101111 n'
b1001100111000110001000110101100 P(
b1011010111110000101100001001001 R)
b1011010111110000101100001001000 4*
#388
b1001100111000110001000110101100 f#
b1011010111110000101100001001001 4*
#389
b1001100111000110001000110101101 P(
b100110100011000 2)
b1011010111110000101100001001010 R)
#390
b1001100111000110001000110101101 f#
b100110100011100 2)
b1011010111110000101100001001011 R)
b1011010111110000101100001001010 4*
#391
b10000100011100110100011111010 &#
b1111010110001010110001110000 H$
b1111101010110010001010001111 L&
b1001100111000110001000110101110 P(
b100110100100000 2)
b1011010111110000101100001001100 R)
b1011010111110000101100001001011 4*
#392
b10000000101110101000100101010 b
b1001100111000110001000110101110 f#
b10010000011001110101110100011 .'
b1111010110001010110001110000 n'
b1001100111000110001000110101111 P(
b1011010111110000101100001001101 R)
b1011010111110000101100001001100 4*
#393
b1001100111000110001000110101111 f#
b1011010111110000101100001001101 4*
#394
b1001100111000110001000110110000 P(
b100110100011000 2)
b1011010111110000101100001001110 R)
#395
b1001100111000110001000110110000 f#
b100110100011100 2)
b1011010111110000101100001001111 R)
b1011010111110000101100001001110 4*
#396
b10000100011100110100011111011 &#
b1111010110001010110001110001 H$
b1111101010110010001010010000 L&
b1001100111000110001000110110001 P(
b100110100100000 2)
b1011010111110000101100001010000 R)
b1011010111110000101100001001111 4*
#397
b10000000101110101000100101011 b
b1001100111000110001000110110001 f#
b10010000011001110101110100100 .'
b1111010110001010110001110001 n'
b1001100111000110001000110110010 P(
b1011010111110000101100001010001 R)
b1011010111110000101100001010000 4*
#398
b1001100111000110001000110110010 f#
b1011010111110000101100001010001 4*
#399
b1001100111000110001000110110011 P(
b100110100011000 2)
b1011010111110000101100001010010 R)
#400
b1001100111000110001000110110011 f#
b100110100011100 2)
b1011010111110000101100001010011 R)
b1011010111110000101100001010010 4*
#401
b10000100011100110100011111100 &#
b1111010110001010110001110010 H$
b1111101010110010001010010001 L&
b1001100111000110001000110110100 P(
b100110100100000 2)
b1011010111110000101100001010100 R)
b1011010111110000101100001010011 4*
#402
b10000000101110101000100101100 b
b1001100111000110001000110110100 f#
b10010000011001110101110100101 .'
b1111010110001010110001110010 n'
b1001100111000110001000110110101 P(
b1011010111110000101100001010101 R)
b1011010111110000101100001010100 4*
#403
b1001100111000110001000110110101 f#
b1011010111110000101100001010101 4*
#404
b1001100111000110001000110110110 P(
b100110100011000 2)
b1011010111110000101100001010110 R)
#405
b1001100111000110001000110110110 f#
b100110100011100 2)
b1011010111110000101100001010111 R)
b1011010111110000101100001010110 4*
#406
b10000100011100110100011111101 &#
b1111010110001010110001110011 H$
b1111101010110010001010010010 L&
b1001100111000110001000110110111 P(
b100110100100000 2)
b1011010111110000101100001011000 R)
b1011010111110000101100001010111 4*
#407
b10000000101110101000100101101 b
b1001100111000110001000110110111 f#
b10010000011001110101110100110 .'
b1111010110001010110001110011 n'
b1001100111000110001000110111000 P(
b1011010111110000101100001011001 R)
b1011010111110000101100001011000 4*
#408
b1001100111000110001000110111000 f#
b1011010111110000101100001011001 4*
#409
b1001100111000110001000110111001 P(
b100110100011000 2)
b1011010111110000101100001011010 R)
#410
b1001100111000110001000110111001 f#
b100110100011100 2)
b1011010111110000101100001011011 R)
b1011010111110000101100001011010 4*
#411
b10000100011100110100011111110 &#
b1111010110001010110001110100 H$
b1111101010110010001010010011 L&
b1001100111000110001000110111010 P(
b100110100100000 2)
b1011010111110000101100001011100 R)
b1011010111110000101100001011011 4*
#412
b10000000101110101000100101110 b
b1001100111000110001000110111010 f#
b10010000011001110101110100111 .'
b1111010110001010110001110100 n'
b1001100111000110001000110111011 P(
b1011010111110000101100001011101 R)
b1011010111110000101100001011100 4*
#413
b1001100111000110001000110111011 f#
b1011010111110000101100001011101 4*
#414
b1001100111000110001000110111100 P(
b100110100011000 2)
b1011010111110000101100001011110 R)
#415
b1001100111000110001000110111100 f#
b100110100011100 2)
b1011010111110000101100001011111 R)
b1011010111110000101100001011110 4*
#416
b10000100011100110100011111111 &#
b1111010110001010110001110101 H$
b1111101010110010001010010100 L&
b1001100111000110001000110111101 P(
b100110100100000 2)
b1011010111110000101100001100000 R)
b1011010111110000101100001011111 4*
#417
b10000000101110101000100101111 b
b1001100111000110001000110111101 f#
b10010000011001110101110101000 .'
b1111010110001010110001110101 n'
b1001100111000110001000110111110 P(
b1011010111110000101100001100001 R)
b1011010111110000101100001100000 4*
#418
b1001100111000110001000110111110 f#
b1011010111110000101100001100001 4*
#419
b1001100111000110001000110111111 P(
b100110100011000 2)
b1011010111110000101100001100010 R)
#420
b1001100111000110001000110111111 f#
b100110100011100 2)
b1011010111110000101100001100011 R)
b1011010111110000101100001100010 4*
#421
b10000100011100110100100000000 &#
b1111010110001010110001110110 H$
b1111101010110010001010010101 L&
b1001100111000110001000111000000 P(
b100110100100000 2)
b1011010111110000101100001100100 R)
b1011010111110000101100001100011 4*
#422
b10000000101110101000100110000 b
b1001100111000110001000111000000 f#
b10010000011001110101110101001 .'
b1111010110001010110001110110 n'
b1001100111000110001000111000001 P(
b1011010111110000101100001100101 R)
b1011010111110000101100001100100 4*
#423
b1001100111000110001000111000001 f#
b1011010111110000101100001100101 4*
#424
b1001100111000110001000111000010 P(
b100110100011000 2)
b1011010111110000101100001100110 R)
#425
b1001100111000110001000111000010 f#
b100110100011100 2)
b1011010111110000101100001100111 R)
b1011010111110000101100001100110 4*
#426
b10000100011100110100100000001 &#
b1111010110001010110001110111 H$
b1111101010110010001010010110 L&
b1001100111000110001000111000011 P(
b100110100100000 2)
b1011010111110000101100001101000 R)
b1011010111110000101100001100111 4*
#427
b10000000101110101000100110001 b
b1001100111000110001000111000011 f#
b10010000011001110101110101010 .'
b1111010110001010110001110111 n'
b1001100111000110001000111000100 P(
b1011010111110000101100001101001 R)
b1011010111110000101100001101000 4*
#428
b1001100111000110001000111000100 f#
b1011010111110000101100001101001 4*
#429
b1001100111000110001000111000101 P(
b100110100011000 2)
b1011010111110000101100001101010 R)
#430
b1001100111000110001000111000101 f#
b100110100011100 2)
b1011010111110000101100001101011 R)
b1011010111110000101100001101010 4*
#431
b10000100011100110100100000010 &#
b1111010110001010110001111000 H$
b1111101010110010001010010111 L&
b1001100111000110001000111000110 P(
b100110100100000 2)
b1011010111110000101100001101100 R)
b1011010111110000101100001101011 4*
#432
b10000000101110101000100110010 b
b1001100111000110001000111000110 f#
b10010000011001110101110101011 .'
b1111010110001010110001111000 n'
b1001100111000110001000111000111 P(
b1011010111110000101100001101101 R)
b1011010111110000101100001101100 4*
#433
b1001100111000110001000111000111 f#
b1011010111110000101100001101101 4*
#434
b1001100111000110001000111001000 P(
b100110100011000 2)
b1011010111110000101100001101110 R)
#435
b1001100111000110001000111001000 f#
b100110100011100 2)
b1011010111110000101100001101111 R)
b1011010111110000101100001101110 4*
#436
b10000100011100110100100000011 &#
b1111010110001010110001111001 H$
b1111101010110010001010011000 L&
b1001100111000110001000111001001 P(
b100110100100000 2)
b1011010111110000101100001110000 R)
b1011010111110000101100001101111 4*
#437
b10000000101110101000100110011 b
b1001100111000110001000111001001 f#
b10010000011001110101110101100 .'
b1111010110001010110001111001 n'
b1001100111000110001000111001010 P(
b1011010111110000101100001110001 R)
b1011010111110000101100001110000 4*
#438
b1001100111000110001000111001010 f#
b1011010111110000101100001110001 4*
#439
b1001100111000110001000111001011 P(
b100110100011000 2)
b1011010111110000101100001110010 R)
#440
b1001100111000110001000111001011 f#
b100110100011100 2)
b1011010111110000101100001110011 R)
b1011010111110000101100001110010 4*
#441
b10000100011100110100100000100 &#
b1111010110001010110001111010 H$
b1111101010110010001010011001 L&
b1001100111000110001000111001100 P(
b100110100100000 2)
b1011010111110000101100001110100 R)
b1011010111110000101100001110011 4*
#442
b10000000101110101000100110100 b
b1001100111000110001000111001100 f#
b10010000011001110101110101101 .'
b1111010110001010110001111010 n'
b1001100111000110001000111001101 P(
b1011010111110000101100001110101 R)
b1011010111110000101100001110100 4*
#443
b1001100111000110001000111001101 f#
b1011010111110000101100001110101 4*
#444
b1001100111000110001000111001110 P(
b100110100011000 2)
b1011010111110000101100001110110 R)
#445
b1001100111000110001000111001110 f#
b100110100011100 2)
b1011010111110000101100001110111 R)
b1011010111110000101100001110110 4*
#446
b10000100011100110100100000101 &#
b1111010110001010110001111011 H$
b1111101010110010001010011010 L&
b1001100111000110001000111001111 P(
b100110100100000 2)
b1011010111110000101100001111000 R)
b1011010111110000101100001110111 4*
#447
b10000000101110101000100110101 b
b1001100111000110001000111001111 f#
b10010000011001110101110101110 .'
b1111010110001010110001111011 n'
b1001100111000110001000111010000 P(
b1011010111110000101100001111001 R)
b1011010111110000101100001111000 4*
#448
b1001100111000110001000111010000 f#
b1011010111110000101100001111001 4*
#449
b1001100111000110001000111010001 P(
b100110100011000 2)
b1011010111110000101100001111010 R)
#450
b1001100111000110001000111010001 f#
b100110100011100 2)
b1011010111110000101100001111011 R)
b1011010111110000101100001111010 4*
#451
b10000100011100110100100000110 &#
b1111010110001010110001111100 H$
b1111101010110010001010011011 L&
b1001100111000110001000111010010 P(
b100110100100000 2)
b1011010111110000101100001111100 R)
b1011010111110000101100001111011 4*
#452
b10000000101110101000100110110 b
b1001100111000110001000111010010 f#
b10010000011001110101110101111 .'
b1111010110001010110001111100 n'
b1001100111000110001000111010011 P(
b1011010111110000101100001111101 R)
b1011010111110000101100001111100 4*
#453
b1001100111000110001000111010011 f#
b1011010111110000101100001111101 4*
#454
b1001100111000110001000111010100 P(
b100110100011000 2)
b1011010111110000101100001111110 R)
#455
b1001100111000110001000111010100 f#
b100110100011100 2)
b1011010111110000101100001111111 R)
b1011010111110000101100001111110 4*
#456
b10000100011100110100100000111 &#
b1111010110001010110001111101 H$
b1111101010110010001010011100 L&
b1001100111000110001000111010101 P(
b100110100100000 2)
b1011010111110000101100010000000 R)
b1011010111110000101100001111111 4*
#457
b10000000101110101000100110111 b
b1001100111000110001000111010101 f#
b10010000011001110101110110000 .'
b1111010110001010110001111101 n'
b1001100111000110001000111010110 P(
b1011010111110000101100010000001 R)
b1011010111110000101100010000000 4*
#458
b1001100111000110001000111010110 f#
b1011010111110000101100010000001 4*
#459
b1001100111000110001000111010111 P(
b100110100011000 2)
b1011010111110000101100010000010 R)
#460
b1001100111000110001000111010111 f#
b100110100011100 2)
b1011010111110000101100010000011 R)
b1011010111110000101100010000010 4*
#461
b10000100011100110100100001000 &#
b1111010110001010110001111110 H$
b1111101010110010001010011101 L&
b1001100111000110001000111011000 P(
b100110100100000 2)
b1011010111110000101100010000100 R)
b1011010111110000101100010000011 4*
#462
b10000000101110101000100111000 b
b1001100111000110001000111011000 f#
b10010000011001110101110110001 .'
b1111010110001010110001111110 n'
b1001100111000110001000111011001 P(
b1011010111110000101100010000101 R)
b1011010111110000101100010000100 4*
#463
b1001100111000110001000111011001 f#
b1011010111110000101100010000101 4*
#464
b1001100111000110001000111011010 P(
b100110100011000 2)
b1011010111110000101100010000110 R)
#465
b1001100111000110001000111011010 f#
b100110100011100 2)
b1011010111110000101100010000111 R)
b1011010111110000101100010000110 4*
#466
b10000100011100110100100001001 &#
b1111010110001010110001111111 H$
b1111101010110010001010011110 L&
b1001100111000110001000111011011 P(
b100110100100000 2)
b1011010111110000101100010001000 R)
b1011010111110000101100010000111 4*
#467
b10000000101110101000100111001 b
b1001100111000110001000111011011 f#
b10010000011001110101110110010 .'
b1111010110001010110001111111 n'
b1001100111000110001000111011100 P(
b1011010111110000101100010001001 R)
b1011010111110000101100010001000 4*
#468
b1001100111000110001000111011100 f#
b1011010111110000101100010001001 4*
#469
b1001100111000110001000111011101 P(
b100110100011000 2)
b1011010111110000101100010001010 R)
#470
b1001100111000110001000111011101 f#
b100110100011100 2)
b1011010111110000101100010001011 R)
b1011010111110000101100010001010 4*
#471
b10000100011100110100100001010 &#
b1111010110001010110010000000 H$
b1111101010110010001010011111 L&
b1001100111000110001000111011110 P(
b100110100100000 2)
b1011010111110000101100010001100 R)
b1011010111110000101100010001011 4*
#472
b10000000101110101000100111010 b
b1001100111000110001000111011110 f#
b10010000011001110101110110011 .'
b1111010110001010110010000000 n'
b1001100111000110001000111011111 P(
b1011010111110000101100010001101 R)
b1011010111110000101100010001100 4*
#473
b1001100111000110001000111011111 f#
b1011010111110000101100010001101 4*
#474
b1001100111000110001000111100000 P(
b100110100011000 2)
b1011010111110000101100010001110 R)
#475
b1001100111000110001000111100000 f#
b100110100011100 2)
b1011010111110000101100010001111 R)
b1011010111110000101100010001110 4*
#476
b10000100011100110100100001011 &#
b1111010110001010110010000001 H$
b1111101010110010001010100000 L&
b1001100111000110001000111100001 P(
b100110100100000 2)
b1011010111110000101100010010000 R)
b1011010111110000101100010001111 4*
#477
b10000000101110101000100111011 b
b1001100111000110001000111100001 f#
b10010000011001110101110110100 .'
b1111010110001010110010000001 n'
b1001100111000110001000111100010 P(
b1011010111110000101100010010001 R)
b1011010111110000101100010010000 4*
#478
b1001100111000110001000111100010 f#
b1011010111110000101100010010001 4*
#479
b1001100111000110001000111100011 P(
b100110100011000 2)
b1011010111110000101100010010010 R)
#480
b1001100111000110001000111100011 f#
b100110100011100 2)
b1011010111110000101100010010011 R)
b1011010111110000101100010010010 4*
#481
b10000100011100110100100001100 &#
b1111010110001010110010000010 H$
b1111101010110010001010100001 L&
b1001100111000110001000111100100 P(
b100110100100000 2)
b1011010111110000101100010010100 R)
b1011010111110000101100010010011 4*
#482
b10000000101110101000100111100 b
b1001100111000110001000111100100 f#
b10010000011001110101110110101 .'
b1111010110001010110010000010 n'
b1001100111000110001000111100101 P(
b1011010111110000101100010010101 R)
b1011010111110000101100010010100 4*
#483
b1001100111000110001000111100101 f#
b1011010111110000101100010010101 4*
#484
b1001100111000110001000111100110 P(
b100110100011000 2)
b1011010111110000101100010010110 R)
#485
b1001100111000110001000111100110 f#
b100110100011100 2)
b1011010111110000101100010010111 R)
b1011010111110000101100010010110 4*
#486
b10000100011100110100100001101 &#
b1111010110001010110010000011 H$
b1111101010110010001010100010 L&
b1001100111000110001000111100111 P(
b100110100100000 2)
b1011010111110000101100010011000 R)
b1011010111110000101100010010111 4*
#487
b10000000101110101000100111101 b
b1001100111000110001000111100111 f#
b10010000011001110101110110110 .'
b1111010110001010110010000011 n'
b1001100111000110001000111101000 P(
b1011010111110000101100010011001 R)
b1011010111110000101100010011000 4*
#488
b1001100111000110001000111101000 f#
b1011010111110000101100010011001 4*
#489
b1001100111000110001000111101001 P(
b100110100011000 2)
b1011010111110000101100010011010 R)
#490
b1001100111000110001000111101001 f#
b100110100011100 2)
b1011010111110000101100010011011 R)
b1011010111110000101100010011010 4*
#491
b10000100011100110100100001110 &#
b1111010110001010110010000100 H$
b1111101010110010001010100011 L&
b1001100111000110001000111101010 P(
b100110100100000 2)
b1011010111110000101100010011100 R)
b1011010111110000101100010011011 4*
#492
b10000000101110101000100111110 b
b1001100111000110001000111101010 f#
b10010000011001110101110110111 .'
b1111010110001010110010000100 n'
b1001100111000110001000111101011 P(
b1011010111110000101100010011101 R)
b1011010111110000101100010011100 4*
#493
b1001100111000110001000111101011 f#
b1011010111110000101100010011101 4*
#494
b1001100111000110001000111101100 P(
b100110100011000 2)
b1011010111110000101100010011110 R)
#495
b1001100111000110001000111101100 f#
b100110100011100 2)
b1011010111110000101100010011111 R)
b1011010111110000101100010011110 4*
#496
b10000100011100110100100001111 &#
b1111010110001010110010000101 H$
b1111101010110010001010100100 L&
b1001100111000110001000111101101 P(
b100110100100000 2)
b1011010111110000101100010100000 R)
b1011010111110000101100010011111 4*
#497
b10000000101110101000100111111 b
b1001100111000110001000111101101 f#
b10010000011001110101110111000 .'
b1111010110001010110010000101 n'
b1001100111000110001000111101110 P(
b1011010111110000101100010100001 R)
b1011010111110000101100010100000 4*
#498
b1001100111000110001000111101110 f#
b1011010111110000101100010100001 4*
#499
b1001100111000110001000111101111 P(
b100110100011000 2)
b1011010111110000101100010100010 R)
#500
b1001100111000110001000111101111 f#
b100110100011100 2)
b1011010111110000101100010100011 R)
b1011010111110000101100010100010 4*
#501
b10000100011100110100100010000 &#
b1111010110001010110010000110 H$
b1111101010110010001010100101 L&
b1001100111000110001000111110000 P(
b100110100100000 2)
b1011010111110000101100010100100 R)
b1011010111110000101100010100011 4*
#502
b10000000101110101000101000000 b
b1001100111000110001000111110000 f#
b10010000011001110101110111001 .'
b1111010110001010110010000110 n'
b1001100111000110001000111110001 P(
b1011010111110000101100010100101 R)
b1011010111110000101100010100100 4*
#503
b1001100111000110001000111110001 f#
b1011010111110000101100010100101 4*
#504
b1001100111000110001000111110010 P(
b100110100011000 2)
b1011010111110000101100010100110 R)
#505
b1001100111000110001000111110010 f#
b100110100011100 2)
b1011010111110000101100010100111 R)
b1011010111110000101100010100110 4*
#506
b10000100011100110100100010001 &#
b1111010110001010110010000111 H$
b1111101010110010001010100110 L&
b1001100111000110001000111110011 P(
b100110100100000 2)
b1011010111110000101100010101000 R)
b1011010111110000101100010100111 4*
#507
b10000000101110101000101000001 b
b1001100111000110001000111110011 f#
b10010000011001110101110111010 .'
b1111010110001010110010000111 n'
b1001100111000110001000111110100 P(
b1011010111110000101100010101001 R)
b1011010111110000101100010101000 4*
#508
b1001100111000110001000111110100 f#
b1011010111110000101100010101001 4*
#509
b1001100111000110001000111110101 P(
b100110100011000 2)
b1011010111110000101100010101010 R)
#510
b1001100111000110001000111110101 f#
b100110100011100 2)
b1011010111110000101100010101011 R)
b1011010111110000101100010101010 4*
#511
b10000100011100110100100010010 &#
b1111010110001010110010001000 H$
b1111101010110010001010100111 L&
b1001100111000110001000111110110 P(
b100110100100000 2)
b1011010111110000101100010101100 R)
b1011010111110000101100010101011 4*
#512
b10000000101110101000101000010 b
b1001100111000110001000111110110 f#
b10010000011001110101110111011 .'
b1111010110001010110010001000 n'
b1001100111000110001000111110111 P(
b1011010111110000101100010101101 R)
b1011010111110000101100010101100 4*
#513
b1001100111000110001000111110111 f#
b1011010111110000101100010101101 4*
#514
b1001100111000110001000111111000 P(
b100110100011000 2)
b1011010111110000101100010101110 R)
#515
b1001100111000110001000111111000 f#
b100110100011100 2)
b1011010111110000101100010101111 R)
b1011010111110000101100010101110 4*
#516
b10000100011100110100100010011 &#
b1111010110001010110010001001 H$
b1111101010110010001010101000 L&
b1001100111000110001000111111001 P(
b100110100100000 2)
b1011010111110000101100010110000 R)
b1011010111110000101100010101111 4*
#517
b10000000101110101000101000011 b
b1001100111000110001000111111001 f#
b10010000011001110101110111100 .'
b1111010110001010110010001001 n'
b1001100111000110001000111111010 P(
b1011010111110000101100010110001 R)
b1011010111110000101100010110000 4*
#518
b1001100111000110001000111111010 f#
b1011010111110000101100010110001 4*
#519
b1001100111000110001000111111011 P(
b100110100011000 2)
b1011010111110000101100010110010 R)
#520
b1001100111000110001000111111011 f#
b100110100011100 2)
b1011010111110000101100010110011 R)
b1011010111110000101100010110010 4*
#521
b10000100011100110100100010100 &#
b1111010110001010110010001010 H$
b1111101010110010001010101001 L&
b1001100111000110001000111111100 P(
b100110100100000 2)
b1011010111110000101100010110100 R)
b1011010111110000101100010110011 4*
#522
b10000000101110101000101000100 b
b1001100111000110001000111111100 f#
b10010000011001110101110111101 .'
b1111010110001010110010001010 n'
b1001100111000110001000111111101 P(
b1011010111110000101100010110101 R)
b1011010111110000101100010110100 4*
#523
b1001100111000110001000111111101 f#
b1011010111110000101100010110101 4*
#524
b1001100111000110001000111111110 P(
b100110100011000 2)
b1011010111110000101100010110110 R)
#525
b1001100111000110001000111111110 f#
b100110100011100 2)
b1011010111110000101100010110111 R)
b1011010111110000101100010110110 4*
#526
b10000100011100110100100010101 &#
b1111010110001010110010001011 H$
b1111101010110010001010101010 L&
b1001100111000110001000111111111 P(
b100110100100000 2)
b1011010111110000101100010111000 R)
b1011010111110000101100010110111 4*
#527
b10000000101110101000101000101 b
b1001100111000110001000111111111 f#
b10010000011001110101110111110 .'
b1111010110001010110010001011 n'
b1001100111000110001001000000000 P(
b1011010111110000101100010111001 R)
b1011010111110000101100010111000 4*
#528
b1001100111000110001001000000000 f#
b1011010111110000101100010111001 4*
#529
b1001100111000110001001000000001 P(
b100110100011000 2)
b1011010111110000101100010111010 R)
#530
b1001100111000110001001000000001 f#
b100110100011100 2)
b1011010111110000101100010111011 R)
b1011010111110000101100010111010 4*
#531
b10000100011100110100100010110 &#
b1111010110001010110010001100 H$
b1111101010110010001010101011 L&
b1001100111000110001001000000010 P(
b100110100100000 2)
b1011010111110000101100010111100 R)
b1011010111110000101100010111011 4*
#532
b10000000101110101000101000110 b
b1001100111000110001001000000010 f#
b10010000011001110101110111111 .'
b1111010110001010110010001100 n'
b1001100111000110001001000000011 P(
b1011010111110000101100010111101 R)
b1011010111110000101100010111100 4*
#533
b1001100111000110001001000000011 f#
b1011010111110000101100010111101 4*
#534
b1001100111000110001001000000100 P(
b100110100011000 2)
b1011010111110000101100010111110 R)
#535
b1001100111000110001001000000100 f#
b100110100011100 2)
b1011010111110000101100010111111 R)
b1011010111110000101100010111110 4*
#536
b10000100011100110100100010111 &#
b1111010110001010110010001101 H$
b1111101010110010001010101100 L&
b1001100111000110001001000000101 P(
b100110100100000 2)
b1011010111110000101100011000000 R)
b1011010111110000101100010111111 4*
#537
b10000000101110101000101000111 b
b1001100111000110001001000000101 f#
b10010000011001110101111000000 .'
b1111010110001010110010001101 n'
b1001100111000110001001000000110 P(
b1011010111110000101100011000001 R)
b1011010111110000101100011000000 4*
#538
b1001100111000110001001000000110 f#
b1011010111110000101100011000001 4*
#539
b1001100111000110001001000000111 P(
b100110100011000 2)
b1011010111110000101100011000010 R)
#540
b1001100111000110001001000000111 f#
b100110100011100 2)
b1011010111110000101100011000011 R)
b1011010111110000101100011000010 4*
#541
b10000100011100110100100011000 &#
b1111010110001010110010001110 H$
b1111101010110010001010101101 L&
b1001100111000110001001000001000 P(
b100110100100000 2)
b1011010111110000101100011000100 R)
b1011010111110000101100011000011 4*
#542
b10000000101110101000101001000 b
b1001100111000110001001000001000 f#
b10010000011001110101111000001 .'
b1111010110001010110010001110 n'
b1001100111000110001001000001001 P(
b1011010111110000101100011000101 R)
b1011010111110000101100011000100 4*
#543
b1001100111000110001001000001001 f#
b1011010111110000101100011000101 4*
#544
b1001100111000110001001000001010 P(
b100110100011000 2)
b1011010111110000101100011000110 R)
#545
b1001100111000110001001000001010 f#
b100110100011100 2)
b1011010111110000101100011000111 R)
b1011010111110000101100011000110 4*
#546
b10000100011100110100100011001 &#
b1111010110001010110010001111 H$
b1111101010110010001010101110 L&
b1001100111000110001001000001011 P(
b100110100100000 2)
b1011010111110000101100011001000 R)
b1011010111110000101100011000111 4*
#547
b10000000101110101000101001001 b
b1001100111000110001001000001011 f#
b10010000011001110101111000010 .'
b1111010110001010110010001111 n'
b1001100111000110001001000001100 P(
b1011010111110000101100011001001 R)
b1011010111110000101100011001000 4*
#548
b1001100111000110001001000001100 f#
b1011010111110000101100011001001 4*
#549
b1001100111000110001001000001101 P(
b100110100011000 2)
b1011010111110000101100011001010 R)
#550
b1001100111000110001001000001101 f#
b100110100011100 2)
b1011010111110000101100011001011 R)
b1011010111110000101100011001010 4*
#551
b10000100011100110100100011010 &#
b1111010110001010110010010000 H$
b1111101010110010001010101111 L&
b1001100111000110001001000001110 P(
b100110100100000 2)
b1011010111110000101100011001100 R)
b1011010111110000101100011001011 4*
#552
b10000000101110101000101001010 b
b1001100111000110001001000001110 f#
b10010000011001110101111000011 .'
b1111010110001010110010010000 n'
b1001100111000110001001000001111 P(
b1011010111110000101100011001101 R)
b1011010111110000101100011001100 4*
#553
b1001100111000110001001000001111 f#
b1011010111110000101100011001101 4*
#554
b1001100111000110001001000010000 P(
b100110100011000 2)
b1011010111110000101100011001110 R)
#555
b1001100111000110001001000010000 f#
b100110100011100 2)
b1011010111110000101100011001111 R)
b1011010111110000101100011001110 4*
#556
b10000100011100110100100011011 &#
b1111010110001010110010010001 H$
b1111101010110010001010110000 L&
b1001100111000110001001000010001 P(
b100110100100000 2)
b1011010111110000101100011010000 R)
b1011010111110000101100011001111 4*
#557
b10000000101110101000101001011 b
b1001100111000110001001000010001 f#
b10010000011001110101111000100 .'
b1111010110001010110010010001 n'
b1001100111000110001001000010010 P(
b1011010111110000101100011010001 R)
b1011010111110000101100011010000 4*
#558
b1001100111000110001001000010010 f#
b1011010111110000101100011010001 4*
#559
b1001100111000110001001000010011 P(
b100110100011000 2)
b1011010111110000101100011010010 R)
#560
b1001100111000110001001000010011 f#
b100110100011100 2)
b1011010111110000101100011010011 R)
b1011010111110000101100011010010 4*
#561
b10000100011100110100100011100 &#
b1111010110001010110010010010 H$
b1111101010110010001010110001 L&
b1001100111000110001001000010100 P(
b100110100100000 2)
b1011010111110000101100011010100 R)
b1011010111110000101100011010011 4*
#562
b10000000101110101000101001100 b
b1001100111000110001001000010100 f#
b10010000011001110101111000101 .'
b1111010110001010110010010010 n'
b1001100111000110001001000010101 P(
b1011010111110000101100011010101 R)
b1011010111110000101100011010100 4*
#563
b1001100111000110001001000010101 f#
b1011010111110000101100011010101 4*
#564
b1001100111000110001001000010110 P(
b100110100011000 2)
b1011010111110000101100011010110 R)
#565
b1001100111000110001001000010110 f#
b100110100011100 2)
b1011010111110000101100011010111 R)
b1011010111110000101100011010110 4*
#566
b10000100011100110100100011101 &#
b1111010110001010110010010011 H$
b1111101010110010001010110010 L&
b1001100111000110001001000010111 P(
b100110100100000 2)
b1011010111110000101100011011000 R)
b1011010111110000101100011010111 4*
#567
b10000000101110101000101001101 b
b1001100111000110001001000010111 f#
b10010000011001110101111000110 .'
b1111010110001010110010010011 n'
b1001100111000110001001000011000 P(
b1011010111110000101100011011001 R)
b1011010111110000101100011011000 4*
#568
b1001100111000110001001000011000 f#
b1011010111110000101100011011001 4*
#569
b1001100111000110001001000011001 P(
b100110100011000 2)
b1011010111110000101100011011010 R)
#570
b1001100111000110001001000011001 f#
b100110100011100 2)
b1011010111110000101100011011011 R)
b1011010111110000101100011011010 4*
#571
b10000100011100110100100011110 &#
b1111010110001010110010010100 H$
b1111101010110010001010110011 L&
b1001100111000110001001000011010 P(
b100110100100000 2)
b1011010111110000101100011011100 R)
b1011010111110000101100011011011 4*
#572
b10000000101110101000101001110 b
b1001100111000110001001000011010 f#
b10010000011001110101111000111 .'
b1111010110001010110010010100 n'
b1001100111000110001001000011011 P(
b1011010111110000101100011011101 R)
b1011010111110000101100011011100 4*
#573
b1001100111000110001001000011011 f#
b1011010111110000101100011011101 4*
#574
b1001100111000110001001000011100 P(
b100110100011000 2)
b1011010111110000101100011011110 R)
#575
b1001100111000110001001000011100 f#
b100110100011100 2)
b1011010111110000101100011011111 R)
b1011010111110000101100011011110 4*
#576
b10000100011100110100100011111 &#
b1111010110001010110010010101 H$
b1111101010110010001010110100 L&
b1001100111000110001001000011101 P(
b100110100100000 2)
b1011010111110000101100011100000 R)
b1011010111110000101100011011111 4*
#577
b10000000101110101000101001111 b
b1001100111000110001001000011101 f#
b10010000011001110101111001000 .'
b1111010110001010110010010101 n'
b1001100111000110001001000011110 P(
b1011010111110000101100011100001 R)
b1011010111110000101100011100000 4*
#578
b1001100111000110001001000011110 f#
b1011010111110000101100011100001 4*
#579
b1001100111000110001001000011111 P(
b100110100011000 2)
b1011010111110000101100011100010 R)
#580
b1001100111000110001001000011111 f#
b100110100011100 2)
b1011010111110000101100011100011 R)
b1011010111110000101100011100010 4*
#581
b10000100011100110100100100000 &#
b1111010110001010110010010110 H$
b1111101010110010001010110101 L&
b1001100111000110001001000100000 P(
b100110100100000 2)
b1011010111110000101100011100100 R)
b1011010111110000101100011100011 4*
#582
b10000000101110101000101010000 b
b1001100111000110001001000100000 f#
b10010000011001110101111001001 .'
b1111010110001010110010010110 n'
b1001100111000110001001000100001 P(
b1011010111110000101100011100101 R)
b1011010111110000101100011100100 4*
#583
b1001100111000110001001000100001 f#
b1011010111110000101100011100101 4*
#584
b1001100111000110001001000100010 P(
b100110100011000 2)
b1011010111110000101100011100110 R)
#585
b1001100111000110001001000100010 f#
b100110100011100 2)
b1011010111110000101100011100111 R)
b1011010111110000101100011100110 4*
#586
b10000100011100110100100100001 &#
b1111010110001010110010010111 H$
b1111101010110010001010110110 L&
b1001100111000110001001000100011 P(
b100110100100000 2)
b1011010111110000101100011101000 R)
b1011010111110000101100011100111 4*
#587
b10000000101110101000101010001 b
b1001100111000110001001000100011 f#
b10010000011001110101111001010 .'
b1111010110001010110010010111 n'
b1001100111000110001001000100100 P(
b1011010111110000101100011101001 R)
b1011010111110000101100011101000 4*
#588
b1001100111000110001001000100100 f#
b1011010111110000101100011101001 4*
#589
b1001100111000110001001000100101 P(
b100110100011000 2)
b1011010111110000101100011101010 R)
#590
b1001100111000110001001000100101 f#
b100110100011100 2)
b1011010111110000101100011101011 R)
b1011010111110000101100011101010 4*
#591
b10000100011100110100100100010 &#
b1111010110001010110010011000 H$
b1111101010110010001010110111 L&
b1001100111000110001001000100110 P(
b100110100100000 2)
b1011010111110000101100011101100 R)
b1011010111110000101100011101011 4*
#592
b10000000101110101000101010010 b
b1001100111000110001001000100110 f#
b10010000011001110101111001011 .'
b1111010110001010110010011000 n'
b1001100111000110001001000100111 P(
b1011010111110000101100011101101 R)
b1011010111110000101100011101100 4*
#593
b1001100111000110001001000100111 f#
b1011010111110000101100011101101 4*
#594
b1001100111000110001001000101000 P(
b100110100011000 2)
b1011010111110000101100011101110 R)
#595
b1001100111000110001001000101000 f#
b100110100011100 2)
b1011010111110000101100011101111 R)
b1011010111110000101100011101110 4*
#596
b10000100011100110100100100011 &#
b1111010110001010110010011001 H$
b1111101010110010001010111000 L&
b1001100111000110001001000101001 P(
b100110100100000 2)
b1011010111110000101100011110000 R)
b1011010111110000101100011101111 4*
#597
b10000000101110101000101010011 b
b1001100111000110001001000101001 f#
b10010000011001110101111001100 .'
b1111010110001010110010011001 n'
b1001100111000110001001000101010 P(
b1011010111110000101100011110001 R)
b1011010111110000101100011110000 4*
#598
b1001100111000110001001000101010 f#
b1011010111110000101100011110001 4*
#599
b1001100111000110001001000101011 P(
b100110100011000 2)
b1011010111110000101100011110010 R)
#600
b1001100111000110001001000101011 f#
b100110100011100 2)
b1011010111110000101100011110011 R)
b1011010111110000101100011110010 4*
#601
b10000100011100110100100100100 &#
b1111010110001010110010011010 H$
b1111101010110010001010111001 L&
b1001100111000110001001000101100 P(
b100110100100000 2)
b1011010111110000101100011110100 R)
b1011010111110000101100011110011 4*
#602
b10000000101110101000101010100 b
b1001100111000110001001000101100 f#
b10010000011001110101111001101 .'
b1111010110001010110010011010 n'
b1001100111000110001001000101101 P(
b1011010111110000101100011110101 R)
b1011010111110000101100011110100 4*
#603
b1001100111000110001001000101101 f#
b1011010111110000101100011110101 4*
#604
b1001100111000110001001000101110 P(
b100110100011000 2)
b1011010111110000101100011110110 R)
#605
b1001100111000110001001000101110 f#
b100110100011100 2)
b1011010111110000101100011110111 R)
b1011010111110000101100011110110 4*
#606
b10000100011100110100100100101 &#
b1111010110001010110010011011 H$
b1111101010110010001010111010 L&
b1001100111000110001001000101111 P(
b100110100100000 2)
b1011010111110000101100011111000 R)
b1011010111110000101100011110111 4*
#607
b10000000101110101000101010101 b
b1001100111000110001001000101111 f#
b10010000011001110101111001110 .'
b1111010110001010110010011011 n'
b1001100111000110001001000110000 P(
b1011010111110000101100011111001 R)
b1011010111110000101100011111000 4*
#608
b1001100111000110001001000110000 f#
b1011010111110000101100011111001 4*
#609
b1001100111000110001001000110001 P(
b100110100011000 2)
b1011010111110000101100011111010 R)
#610
b1001100111000110001001000110001 f#
b100110100011100 2)
b1011010111110000101100011111011 R)
b1011010111110000101100011111010 4*
#611
b10000100011100110100100100110 &#
b1111010110001010110010011100 H$
b1111101010110010001010111011 L&
b1001100111000110001001000110010 P(
b100110100100000 2)
b1011010111110000101100011111100 R)
b1011010111110000101100011111011 4*
#612
b10000000101110101000101010110 b
b1001100111000110001001000110010 f#
b10010000011001110101111001111 .'
b1111010110001010110010011100 n'
b1001100111000110001001000110011 P(
b1011010111110000101100011111101 R)
b1011010111110000101100011111100 4*
#613
b1001100111000110001001000110011 f#
b1011010111110000101100011111101 4*
#614
b1001100111000110001001000110100 P(
b100110100011000 2)
b1011010111110000101100011111110 R)
#615
b1001100111000110001001000110100 f#
b100110100011100 2)
b1011010111110000101100011111111 R)
b1011010111110000101100011111110 4*
#616
b10000100011100110100100100111 &#
b1111010110001010110010011101 H$
b1111101010110010001010111100 L&
b1001100111000110001001000110101 P(
b100110100100000 2)
b1011010111110000101100100000000 R)
b1011010111110000101100011111111 4*
#617
b10000000101110101000101010111 b
b1001100111000110001001000110101 f#
b10010000011001110101111010000 .'
b1111010110001010110010011101 n'
b1001100111000110001001000110110 P(
b1011010111110000101100100000001 R)
b1011010111110000101100100000000 4*
#618
b1001100111000110001001000110110 f#
b1011010111110000101100100000001 4*
#619
b1001100111000110001001000110111 P(
b100110100011000 2)
b1011010111110000101100100000010 R)
#620
b1001100111000110001001000110111 f#
b100110100011100 2)
b1011010111110000101100100000011 R)
b1011010111110000101100100000010 4*
#621
b10000100011100110100100101000 &#
b1111010110001010110010011110 H$
b1111101010110010001010111101 L&
b1001100111000110001001000111000 P(
b100110100100000 2)
b1011010111110000101100100000100 R)
b1011010111110000101100100000011 4*
#622
b10000000101110101000101011000 b
b1001100111000110001001000111000 f#
b10010000011001110101111010001 .'
b1111010110001010110010011110 n'
b1001100111000110001001000111001 P(
b1011010111110000101100100000101 R)
b1011010111110000101100100000100 4*
#623
b1001100111000110001001000111001 f#
b1011010111110000101100100000101 4*
#624
b1001100111000110001001000111010 P(
b100110100011000 2)
b1011010111110000101100100000110 R)
#625
b1001100111000110001001000111010 f#
b100110100011100 2)
b1011010111110000101100100000111 R)
b1011010111110000101100100000110 4*
#626
b10000100011100110100100101001 &#
b1111010110001010110010011111 H$
b1111101010110010001010111110 L&
b1001100111000110001001000111011 P(
b100110100100000 2)
b1011010111110000101100100001000 R)
b1011010111110000101100100000111 4*
#627
b10000000101110101000101011001 b
b1001100111000110001001000111011 f#
b10010000011001110101111010010 .'
b1111010110001010110010011111 n'
b1001100111000110001001000111100 P(
b1011010111110000101100100001001 R)
b1011010111110000101100100001000 4*
#628
b1001100111000110001001000111100 f#
b1011010111110000101100100001001 4*
#629
b1001100111000110001001000111101 P(
b100110100011000 2)
b1011010111110000101100100001010 R)
#630
b1001100111000110001001000111101 f#
b100110100011100 2)
b1011010111110000101100100001011 R)
b1011010111110000101100100001010 4*
#631
b10000100011100110100100101010 &#
b1111010110001010110010100000 H$
b1111101010110010001010111111 L&
b1001100111000110001001000111110 P(
b100110100100000 2)
b1011010111110000101100100001100 R)
b1011010111110000101100100001011 4*
#632
b10000000101110101000101011010 b
b1001100111000110001001000111110 f#
b10010000011001110101111010011 .'
b1111010110001010110010100000 n'
b1001100111000110001001000111111 P(
b1011010111110000101100100001101 R)
b1011010111110000101100100001100 4*
#633
b1001100111000110001001000111111 f#
b1011010111110000101100100001101 4*
#634
b1001100111000110001001001000000 P(
b100110100011000 2)
b1011010111110000101100100001110 R)
#635
b1001100111000110001001001000000 f#
b100110100011100 2)
b1011010111110000101100100001111 R)
b1011010111110000101100100001110 4*
#636
b10000100011100110100100101011 &#
b1111010110001010110010100001 H$
b1111101010110010001011000000 L&
b1001100111000110001001001000001 P(
b100110100100000 2)
b1011010111110000101100100010000 R)
b1011010111110000101100100001111 4*
#637
b10000000101110101000101011011 b
b1001100111000110001001001000001 f#
b10010000011001110101111010100 .'
b1111010110001010110010100001 n'
b1001100111000110001001001000010 P(
b1011010111110000101100100010001 R)
b1011010111110000101100100010000 4*
#638
b1001100111000110001001001000010 f#
b1011010111110000101100100010001 4*
#639
b1001100111000110001001001000011 P(
b100110100011000 2)
b1011010111110000101100100010010 R)
#640
b1001100111000110001001001000011 f#
b100110100011100 2)
b1011010111110000101100100010011 R)
b1011010111110000101100100010010 4*
#641
b10000100011100110100100101100 &#
b1111010110001010110010100010 H$
b1111101010110010001011000001 L&
b1001100111000110001001001000100 P(
b100110100100000 2)
b1011010111110000101100100010100 R)
b1011010111110000101100100010011 4*
#642
b10000000101110101000101011100 b
b1001100111000110001001001000100 f#
b10010000011001110101111010101 .'
b1111010110001010110010100010 n'
b1001100111000110001001001000101 P(
b1011010111110000101100100010101 R)
b1011010111110000101100100010100 4*
#643
b1001100111000110001001001000101 f#
b1011010111110000101100100010101 4*
#644
b1001100111000110001001001000110 P(
b100110100011000 2)
b1011010111110000101100100010110 R)
#645
b1001100111000110001001001000110 f#
b100110100011100 2)
b1011010111110000101100100010111 R)
b1011010111110000101100100010110 4*
#646
b10000100011100110100100101101 &#
b1111010110001010110010100011 H$
b1111101010110010001011000010 L&
b1001100111000110001001001000111 P(
b100110100100000 2)
b1011010111110000101100100011000 R)
b1011010111110000101100100010111 4*
#647
b10000000101110101000101011101 b
b1001100111000110001001001000111 f#
b10010000011001110101111010110 .'
b1111010110001010110010100011 n'
b1001100111000110001001001001000 P(
b1011010111110000101100100011001 R)
b1011010111110000101100100011000 4*
#648
b1001100111000110001001001001000 f#
b1011010111110000101100100011001 4*
#649
b1001100111000110001001001001001 P(
b100110100011000 2)
b1011010111110000101100100011010 R)
#650
b1001100111000110001001001001001 f#
b100110100011100 2)
b1011010111110000101100100011011 R)
b1011010111110000101100100011010 4*
#651
b10000100011100110100100101110 &#
b1111010110001010110010100100 H$
b1111101010110010001011000011 L&
b1001100111000110001001001001010 P(
b100110100100000 2)
b1011010111110000101100100011100 R)
b1011010111110000101100100011011 4*
#652
b10000000101110101000101011110 b
b1001100111000110001001001001010 f#
b10010000011001110101111010111 .'
b1111010110001010110010100100 n'
b1001100111000110001001001001011 P(
b1011010111110000101100100011101 R)
b1011010111110000101100100011100 4*
#653
b1001100111000110001001001001011 f#
b1011010111110000101100100011101 4*
#654
b1001100111000110001001001001100 P(
b100110100011000 2)
b1011010111110000101100100011110 R)
#655
b1001100111000110001001001001100 f#
b100110100011100 2)
b1011010111110000101100100011111 R)
b1011010111110000101100100011110 4*
#656
b10000100011100110100100101111 &#
b1111010110001010110010100101 H$
b1111101010110010001011000100 L&
b1001100111000110001001001001101 P(
b100110100100000 2)
b1011010111110000101100100100000 R)
b1011010111110000101100100011111 4*
#657
b10000000101110101000101011111 b
b1001100111000110001001001001101 f#
b10010000011001110101111011000 .'
b1111010110001010110010100101 n'
b1001100111000110001001001001110 P(
b1011010111110000101100100100001 R)
b1011010111110000101100100100000 4*
#658
b1001100111000110001001001001110 f#
b1011010111110000101100100100001 4*
#659
b1001100111000110001001001001111 P(
b100110100011000 2)
b1011010111110000101100100100010 R)
#660
b1001100111000110001001001001111 f#
b100110100011100 2)
b1011010111110000101100100100011 R)
b1011010111110000101100100100010 4*
#661
b10000100011100110100100110000 &#
b1111010110001010110010100110 H$
b1111101010110010001011000101 L&
b1001100111000110001001001010000 P(
b100110100100000 2)
b1011010111110000101100100100100 R)
b1011010111110000101100100100011 4*
#662
b10000000101110101000101100000 b
b1001100111000110001001001010000 f#
b10010000011001110101111011001 .'
b1111010110001010110010100110 n'
b1001100111000110001001001010001 P(
b1011010111110000101100100100101 R)
b1011010111110000101100100100100 4*
#663
b1001100111000110001001001010001 f#
b1011010111110000101100100100101 4*
#664
b1001100111000110001001001010010 P(
b100110100011000 2)
b1011010111110000101100100100110 R)
#665
b1001100111000110001001001010010 f#
b100110100011100 2)
b1011010111110000101100100100111 R)
b1011010111110000101100100100110 4*
#666
b10000100011100110100100110001 &#
b1111010110001010110010100111 H$
b1111101010110010001011000110 L&
b1001100111000110001001001010011 P(
b100110100100000 2)
b1011010111110000101100100101000 R)
b1011010111110000101100100100111 4*
#667
b10000000101110101000101100001 b
b1001100111000110001001001010011 f#
b10010000011001110101111011010 .'
b1111010110001010110010100111 n'
b1001100111000110001001001010100 P(
b1011010111110000101100100101001 R)
b1011010111110000101100100101000 4*
#668
b1001100111000110001001001010100 f#
b1011010111110000101100100101001 4*
#669
b1001100111000110001001001010101 P(
b100110100011000 2)
b1011010111110000101100100101010 R)
#670
b1001100111000110001001001010101 f#
b100110100011100 2)
b1011010111110000101100100101011 R)
b1011010111110000101100100101010 4*
#671
b10000100011100110100100110010 &#
b1111010110001010110010101000 H$
b1111101010110010001011000111 L&
b1001100111000110001001001010110 P(
b100110100100000 2)
b1011010111110000101100100101100 R)
b1011010111110000101100100101011 4*
#672
b10000000101110101000101100010 b
b1001100111000110001001001010110 f#
b10010000011001110101111011011 .'
b1111010110001010110010101000 n'
b1001100111000110001001001010111 P(
b1011010111110000101100100101101 R)
b1011010111110000101100100101100 4*
#673
b1001100111000110001001001010111 f#
b1011010111110000101100100101101 4*
#674
b1001100111000110001001001011000 P(
b100110100011000 2)
b1011010111110000101100100101110 R)
#675
b1001100111000110001001001011000 f#
b100110100011100 2)
b1011010111110000101100100101111 R)
b1011010111110000101100100101110 4*
#676
b10000100011100110100100110011 &#
b1111010110001010110010101001 H$
b1111101010110010001011001000 L&
b1001100111000110001001001011001 P(
b100110100100000 2)
b1011010111110000101100100110000 R)
b1011010111110000101100100101111 4*
#677
b10000000101110101000101100011 b
b1001100111000110001001001011001 f#
b10010000011001110101111011100 .'
b1111010110001010110010101001 n'
b1001100111000110001001001011010 P(
b1011010111110000101100100110001 R)
b1011010111110000101100100110000 4*
#678
b1001100111000110001001001011010 f#
b1011010111110000101100100110001 4*
#679
b1001100111000110001001001011011 P(
b100110100011000 2)
b1011010111110000101100100110010 R)
#680
b1001100111000110001001001011011 f#
b100110100011100 2)
b1011010111110000101100100110011 R)
b1011010111110000101100100110010 4*
#681
b10000100011100110100100110100 &#
b1111010110001010110010101010 H$
b1111101010110010001011001001 L&
b1001100111000110001001001011100 P(
b100110100100000 2)
b1011010111110000101100100110100 R)
b1011010111110000101100100110011 4*
#682
b10000000101110101000101100100 b
b1001100111000110001001001011100 f#
b10010000011001110101111011101 .'
b1111010110001010110010101010 n'
b1001100111000110001001001011101 P(
b1011010111110000101100100110101 R)
b1011010111110000101100100110100 4*
#683
b1001100111000110001001001011101 f#
b1011010111110000101100100110101 4*
#684
b1001100111000110001001001011110 P(
b100110100011000 2)
b1011010111110000101100100110110 R)
#685
b1001100111000110001001001011110 f#
b100110100011100 2)
b1011010111110000101100100110111 R)
b1011010111110000101100100110110 4*
#686
b10000100011100110100100110101 &#
b1111010110001010110010101011 H$
b1111101010110010001011001010 L&
b1001100111000110001001001011111 P(
b100110100100000 2)
b1011010111110000101100100111000 R)
b1011010111110000101100100110111 4*
#687
b10000000101110101000101100101 b
b1001100111000110001001001011111 f#
b10010000011001110101111011110 .'
b1111010110001010110010101011 n'
b1001100111000110001001001100000 P(
b1011010111110000101100100111001 R)
b1011010111110000101100100111000 4*
#688
b1001100111000110001001001100000 f#
b1011010111110000101100100111001 4*
#689
b1001100111000110001001001100001 P(
b100110100011000 2)
b1011010111110000101100100111010 R)
#690
b1001100111000110001001001100001 f#
b100110100011100 2)
b1011010111110000101100100111011 R)
b1011010111110000101100100111010 4*
#691
b10000100011100110100100110110 &#
b1111010110001010110010101100 H$
b1111101010110010001011001011 L&
b1001100111000110001001001100010 P(
b100110100100000 2)
b1011010111110000101100100111100 R)
b1011010111110000101100100111011 4*
#692
b10000000101110101000101100110 b
b1001100111000110001001001100010 f#
b10010000011001110101111011111 .'
b1111010110001010110010101100 n'
b1001100111000110001001001100011 P(
b1011010111110000101100100111101 R)
b1011010111110000101100100111100 4*
#693
b1001100111000110001001001100011 f#
b1011010111110000101100100111101 4*
#694
b1001100111000110001001001100100 P(
b100110100011000 2)
b1011010111110000101100100111110 R)
#695
b1001100111000110001001001100100 f#
b100110100011100 2)
b1011010111110000101100100111111 R)
b1011010111110000101100100111110 4*
#696
b10000100011100110100100110111 &#
b1111010110001010110010101101 H$
b1111101010110010001011001100 L&
b1001100111000110001001001100101 P(
b100110100100000 2)
b1011010111110000101100101000000 R)
b1011010111110000101100100111111 4*
#697
b10000000101110101000101100111 b
b1001100111000110001001001100101 f#
b10010000011001110101111100000 .'
b1111010110001010110010101101 n'
b1001100111000110001001001100110 P(
b1011010111110000101100101000001 R)
b1011010111110000101100101000000 4*
#698
b1001100111000110001001001100110 f#
b1011010111110000101100101000001 4*
#699
b1001100111000110001001001100111 P(
b100110100011000 2)
b1011010111110000101100101000010 R)
#700
b1001100111000110001001001100111 f#
b100110100011100 2)
b1011010111110000101100101000011 R)
b1011010111110000101100101000010 4*
#701
b10000100011100110100100111000 &#
b1111010110001010110010101110 H$
b1111101010110010001011001101 L&
b1001100111000110001001001101000 P(
b100110100100000 2)
b1011010111110000101100101000100 R)
b1011010111110000101100101000011 4*
#702
b10000000101110101000101101000 b
b1001100111000110001001001101000 f#
b10010000011001110101111100001 .'
b1111010110001010110010101110 n'
b1001100111000110001001001101001 P(
b1011010111110000101100101000101 R)
b1011010111110000101100101000100 4*
#703
b1001100111000110001001001101001 f#
b1011010111110000101100101000101 4*
#704
b1001100111000110001001001101010 P(
b100110100011000 2)
b1011010111110000101100101000110 R)
#705
b1001100111000110001001001101010 f#
b100110100011100 2)
b1011010111110000101100101000111 R)
b1011010111110000101100101000110 4*
#706
b10000100011100110100100111001 &#
b1111010110001010110010101111 H$
b1111101010110010001011001110 L&
b1001100111000110001001001101011 P(
b100110100100000 2)
b1011010111110000101100101001000 R)
b1011010111110000101100101000111 4*
#707
b10000000101110101000101101001 b
b1001100111000110001001001101011 f#
b10010000011001110101111100010 .'
b1111010110001010110010101111 n'
b1001100111000110001001001101100 P(
b1011010111110000101100101001001 R)
b1011010111110000101100101001000 4*
#708
b1001100111000110001001001101100 f#
b1011010111110000101100101001001 4*
#709
b1001100111000110001001001101101 P(
b100110100011000 2)
b1011010111110000101100101001010 R)
#710
b1001100111000110001001001101101 f#
b100110100011100 2)
b1011010111110000101100101001011 R)
b1011010111110000101100101001010 4*
#711
b10000100011100110100100111010 &#
b1111010110001010110010110000 H$
b1111101010110010001011001111 L&
b1001100111000110001001001101110 P(
b100110100100000 2)
b1011010111110000101100101001100 R)
b1011010111110000101100101001011 4*
#712
b10000000101110101000101101010 b
b1001100111000110001001001101110 f#
b10010000011001110101111100011 .'
b1111010110001010110010110000 n'
b1001100111000110001001001101111 P(
b1011010111110000101100101001101 R)
b1011010111110000101100101001100 4*
#713
b1001100111000110001001001101111 f#
b1011010111110000101100101001101 4*
#714
b1001100111000110001001001110000 P(
b100110100011000 2)
b1011010111110000101100101001110 R)
#715
b1001100111000110001001001110000 f#
b100110100011100 2)
b1011010111110000101100101001111 R)
b1011010111110000101100101001110 4*
#716
b10000100011100110100100111011 &#
b1111010110001010110010110001 H$
b1111101010110010001011010000 L&
b1001100111000110001001001110001 P(
b100110100100000 2)
b1011010111110000101100101010000 R)
b1011010111110000101100101001111 4*
#717
b10000000101110101000101101011 b
b1001100111000110001001001110001 f#
b10010000011001110101111100100 .'
b1111010110001010110010110001 n'
b1001100111000110001001001110010 P(
b1011010111110000101100101010001 R)
b1011010111110000101100101010000 4*
#718
b1001100111000110001001001110010 f#
b1011010111110000101100101010001 4*
#719
b1001100111000110001001001110011 P(
b100110100011000 2)
b1011010111110000101100101010010 R)
#720
b1001100111000110001001001110011 f#
b100110100011100 2)
b1011010111110000101100101010011 R)
b1011010111110000101100101010010 4*
#721
b10000100011100110100100111100 &#
b1111010110001010110010110010 H$
b1111101010110010001011010001 L&
b1001100111000110001001001110100 P(
b100110100100000 2)
b1011010111110000101100101010100 R)
b1011010111110000101100101010011 4*
#722
b10000000101110101000101101100 b
b1001100111000110001001001110100 f#
b10010000011001110101111100101 .'
b1111010110001010110010110010 n'
b1001100111000110001001001110101 P(
b1011010111110000101100101010101 R)
b1011010111110000101100101010100 4*
#723
b1001100111000110001001001110101 f#
b1011010111110000101100101010101 4*
#724
b1001100111000110001001001110110 P(
b100110100011000 2)
b1011010111110000101100101010110 R)
#725
b1001100111000110001001001110110 f#
b100110100011100 2)
b1011010111110000101100101010111 R)
b1011010111110000101100101010110 4*
#726
b10000100011100110100100111101 &#
b1111010110001010110010110011 H$
b1111101010110010001011010010 L&
b1001100111000110001001001110111 P(
b100110100100000 2)
b1011010111110000101100101011000 R)
b1011010111110000101100101010111 4*
#727
b10000000101110101000101101101 b
b1001100111000110001001001110111 f#
b10010000011001110101111100110 .'
b1111010110001010110010110011 n'
b1001100111000110001001001111000 P(
b1011010111110000101100101011001 R)
b1011010111110000101100101011000 4*
#728
b1001100111000110001001001111000 f#
b1011010111110000101100101011001 4*
#729
b1001100111000110001001001111001 P(
b100110100011000 2)
b1011010111110000101100101011010 R)
#730
b1001100111000110001001001111001 f#
b100110100011100 2)
b1011010111110000101100101011011 R)
b1011010111110000101100101011010 4*
#731
b10000100011100110100100111110 &#
b1111010110001010110010110100 H$
b1111101010110010001011010011 L&
b1001100111000110001001001111010 P(
b100110100100000 2)
b1011010111110000101100101011100 R)
b1011010111110000101100101011011 4*
#732
b10000000101110101000101101110 b
b1001100111000110001001001111010 f#
b10010000011001110101111100111 .'
b1111010110001010110010110100 n'
b1001100111000110001001001111011 P(
b1011010111110000101100101011101 R)
b1011010111110000101100101011100 4*
#733
b1001100111000110001001001111011 f#
b1011010111110000101100101011101 4*
#734
b1001100111000110001001001111100 P(
b100110100011000 2)
b1011010111110000101100101011110 R)
#735
b1001100111000110001001001111100 f#
b100110100011100 2)
b1011010111110000101100101011111 R)
b1011010111110000101100101011110 4*
#736
b10000100011100110100100111111 &#
b1111010110001010110010110101 H$
b1111101010110010001011010100 L&
b1001100111000110001001001111101 P(
b100110100100000 2)
b1011010111110000101100101100000 R)
b1011010111110000101100101011111 4*
#737
b10000000101110101000101101111 b
b1001100111000110001001001111101 f#
b10010000011001110101111101000 .'
b1111010110001010110010110101 n'
b1001100111000110001001001111110 P(
b1011010111110000101100101100001 R)
b1011010111110000101100101100000 4*
#738
b1001100111000110001001001111110 f#
b1011010111110000101100101100001 4*
#739
b1001100111000110001001001111111 P(
b100110100011000 2)
b1011010111110000101100101100010 R)
#740
b1001100111000110001001001111111 f#
b100110100011100 2)
b1011010111110000101100101100011 R)
b1011010111110000101100101100010 4*
#741
b10000100011100110100101000000 &#
b1111010110001010110010110110 H$
b1111101010110010001011010101 L&
b1001100111000110001001010000000 P(
b100110100100000 2)
b1011010111110000101100101100100 R)
b1011010111110000101100101100011 4*
#742
b10000000101110101000101110000 b
b1001100111000110001001010000000 f#
b10010000011001110101111101001 .'
b1111010110001010110010110110 n'
b1001100111000110001001010000001 P(
b1011010111110000101100101100101 R)
b1011010111110000101100101100100 4*
#743
b1001100111000110001001010000001 f#
b1011010111110000101100101100101 4*
#744
b1001100111000110001001010000010 P(
b100110100011000 2)
b1011010111110000101100101100110 R)
#745
b1001100111000110001001010000010 f#
b100110100011100 2)
b1011010111110000101100101100111 R)
b1011010111110000101100101100110 4*
#746
b10000100011100110100101000001 &#
b1111010110001010110010110111 H$
b1111101010110010001011010110 L&
b1001100111000110001001010000011 P(
b100110100100000 2)
b1011010111110000101100101101000 R)
b1011010111110000101100101100111 4*
#747
b10000000101110101000101110001 b
b1001100111000110001001010000011 f#
b10010000011001110101111101010 .'
b1111010110001010110010110111 n'
b1001100111000110001001010000100 P(
b1011010111110000101100101101001 R)
b1011010111110000101100101101000 4*
#748
b1001100111000110001001010000100 f#
b1011010111110000101100101101001 4*
#749
b1001100111000110001001010000101 P(
b100110100011000 2)
b1011010111110000101100101101010 R)
#750
b1001100111000110001001010000101 f#
b100110100011100 2)
b1011010111110000101100101101011 R)
b1011010111110000101100101101010 4*
#751
b10000100011100110100101000010 &#
b1111010110001010110010111000 H$
b1111101010110010001011010111 L&
b1001100111000110001001010000110 P(
b100110100100000 2)
b1011010111110000101100101101100 R)
b1011010111110000101100101101011 4*
#752
b10000000101110101000101110010 b
b1001100111000110001001010000110 f#
b10010000011001110101111101011 .'
b1111010110001010110010111000 n'
b1001100111000110001001010000111 P(
b1011010111110000101100101101101 R)
b1011010111110000101100101101100 4*
#753
b1001100111000110001001010000111 f#
b1011010111110000101100101101101 4*
#754
b1001100111000110001001010001000 P(
b100110100011000 2)
b1011010111110000101100101101110 R)
#755
b1001100111000110001001010001000 f#
b100110100011100 2)
b1011010111110000101100101101111 R)
b1011010111110000101100101101110 4*
#756
b10000100011100110100101000011 &#
b1111010110001010110010111001 H$
b1111101010110010001011011000 L&
b1001100111000110001001010001001 P(
b100110100100000 2)
b1011010111110000101100101110000 R)
b1011010111110000101100101101111 4*
#757
b10000000101110101000101110011 b
b1001100111000110001001010001001 f#
b10010000011001110101111101100 .'
b1111010110001010110010111001 n'
b1001100111000110001001010001010 P(
b1011010111110000101100101110001 R)
b1011010111110000101100101110000 4*
#758
b1001100111000110001001010001010 f#
b1011010111110000101100101110001 4*
#759
b1001100111000110001001010001011 P(
b100110100011000 2)
b1011010111110000101100101110010 R)
#760
b1001100111000110001001010001011 f#
b100110100011100 2)
b1011010111110000101100101110011 R)
b1011010111110000101100101110010 4*
#761
b10000100011100110100101000100 &#
b1111010110001010110010111010 H$
b1111101010110010001011011001 L&
b1001100111000110001001010001100 P(
b100110100100000 2)
b1011010111110000101100101110100 R)
b1011010111110000101100101110011 4*
#762
b10000000101110101000101110100 b
b1001100111000110001001010001100 f#
b10010000011001110101111101101 .'
b1111010110001010110010111010 n'
b1001100111000110001001010001101 P(
b1011010111110000101100101110101 R)
b1011010111110000101100101110100 4*
#763
b1001100111000110001001010001101 f#
b1011010111110000101100101110101 4*
#764
b1001100111000110001001010001110 P(
b100110100011000 2)
b1011010111110000101100101110110 R)
#765
b1001100111000110001001010001110 f#
b100110100011100 2)
b1011010111110000101100101110111 R)
b1011010111110000101100101110110 4*
#766
b10000100011100110100101000101 &#
b1111010110001010110010111011 H$
b1111101010110010001011011010 L&
b1001100111000110001001010001111 P(
b100110100100000 2)
b1011010111110000101100101111000 R)
b1011010111110000101100101110111 4*
#767
b10000000101110101000101110101 b
b1001100111000110001001010001111 f#
b10010000011001110101111101110 .'
b1111010110001010110010111011 n'
b1001100111000110001001010010000 P(
b1011010111110000101100101111001 R)
b1011010111110000101100101111000 4*
#768
b1001100111000110001001010010000 f#
b1011010111110000101100101111001 4*
#769
b1001100111000110001001010010001 P(
b100110100011000 2)
b1011010111110000101100101111010 R)
#770
b1001100111000110001001010010001 f#
b100110100011100 2)
b1011010111110000101100101111011 R)
b1011010111110000101100101111010 4*
#771
b10000100011100110100101000110 &#
b1111010110001010110010111100 H$
b1111101010110010001011011011 L&
b1001100111000110001001010010010 P(
b100110100100000 2)
b1011010111110000101100101111100 R)
b1011010111110000101100101111011 4*
#772
b10000000101110101000101110110 b
b1001100111000110001001010010010 f#
b10010000011001110101111101111 .'
b1111010110001010110010111100 n'
b1001100111000110001001010010011 P(
b1011010111110000101100101111101 R)
b1011010111110000101100101111100 4*
#773
b1001100111000110001001010010011 f#
b1011010111110000101100101111101 4*
#774
b1001100111000110001001010010100 P(
b100110100011000 2)
b1011010111110000101100101111110 R)
#775
b1001100111000110001001010010100 f#
b100110100011100 2)
b1011010111110000101100101111111 R)
b1011010111110000101100101111110 4*
#776
b10000100011100110100101000111 &#
b1111010110001010110010111101 H$
b1111101010110010001011011100 L&
b1001100111000110001001010010101 P(
b100110100100000 2)
b1011010111110000101100110000000 R)
b1011010111110000101100101111111 4*
#777
b10000000101110101000101110111 b
b1001100111000110001001010010101 f#
b10010000011001110101111110000 .'
b1111010110001010110010111101 n'
b1001100111000110001001010010110 P(
b1011010111110000101100110000001 R)
b1011010111110000101100110000000 4*
#778
b1001100111000110001001010010110 f#
b1011010111110000101100110000001 4*
#779
b1001100111000110001001010010111 P(
b100110100011000 2)
b1011010111110000101100110000010 R)
#780
b1001100111000110001001010010111 f#
b100110100011100 2)
b1011010111110000101100110000011 R)
b1011010111110000101100110000010 4*
#781
b10000100011100110100101001000 &#
b1111010110001010110010111110 H$
b1111101010110010001011011101 L&
b1001100111000110001001010011000 P(
b100110100100000 2)
b1011010111110000101100110000100 R)
b1011010111110000101100110000011 4*
#782
b10000000101110101000101111000 b
b1001100111000110001001010011000 f#
b10010000011001110101111110001 .'
b1111010110001010110010111110 n'
b1001100111000110001001010011001 P(
b1011010111110000101100110000101 R)
b1011010111110000101100110000100 4*
#783
b1001100111000110001001010011001 f#
b1011010111110000101100110000101 4*
#784
b1001100111000110001001010011010 P(
b100110100011000 2)
b1011010111110000101100110000110 R)
#785
b1001100111000110001001010011010 f#
b100110100011100 2)
b1011010111110000101100110000111 R)
b1011010111110000101100110000110 4*
#786
b10000100011100110100101001001 &#
b1111010110001010110010111111 H$
b1111101010110010001011011110 L&
b1001100111000110001001010011011 P(
b100110100100000 2)
b1011010111110000101100110001000 R)
b1011010111110000101100110000111 4*
#787
b10000000101110101000101111001 b
b1001100111000110001001010011011 f#
b10010000011001110101111110010 .'
b1111010110001010110010111111 n'
b1001100111000110001001010011100 P(
b1011010111110000101100110001001 R)
b1011010111110000101100110001000 4*
#788
b1001100111000110001001010011100 f#
b1011010111110000101100110001001 4*
#789
b1001100111000110001001010011101 P(
b100110100011000 2)
b1011010111110000101100110001010 R)
#790
b1001100111000110001001010011101 f#
b100110100011100 2)
b1011010111110000101100110001011 R)
b1011010111110000101100110001010 4*
#791
b10000100011100110100101001010 &#
b1111010110001010110011000000 H$
b1111101010110010001011011111 L&
b1001100111000110001001010011110 P(
b100110100100000 2)
b1011010111110000101100110001100 R)
b1011010111110000101100110001011 4*
#792
b10000000101110101000101111010 b
b1001100111000110001001010011110 f#
b10010000011001110101111110011 .'
b1111010110001010110011000000 n'
b1001100111000110001001010011111 P(
b1011010111110000101100110001101 R)
b1011010111110000101100110001100 4*
#793
b1001100111000110001001010011111 f#
b1011010111110000101100110001101 4*
#794
b1001100111000110001001010100000 P(
b100110100011000 2)
b1011010111110000101100110001110 R)
#795
b1001100111000110001001010100000 f#
b100110100011100 2)
b1011010111110000101100110001111 R)
b1011010111110000101100110001110 4*
#796
b10000100011100110100101001011 &#
b1111010110001010110011000001 H$
b1111101010110010001011100000 L&
b1001100111000110001001010100001 P(
b100110100100000 2)
b1011010111110000101100110010000 R)
b1011010111110000101100110001111 4*
#797
b10000000101110101000101111011 b
b1001100111000110001001010100001 f#
b10010000011001110101111110100 .'
b1111010110001010110011000001 n'
b1001100111000110001001010100010 P(
b1011010111110000101100110010001 R)
b1011010111110000101100110010000 4*
#798
b1001100111000110001001010100010 f#
b1011010111110000101100110010001 4*
#799
b1001100111000110001001010100011 P(
b100110100011000 2)
b1011010111110000101100110010010 R)
#800
b1001100111000110001001010100011 f#
b100110100011100 2)
b1011010111110000101100110010011 R)
b1011010111110000101100110010010 4*
#801
b10000100011100110100101001100 &#
b1111010110001010110011000010 H$
b1111101010110010001011100001 L&
b1001100111000110001001010100100 P(
b100110100100000 2)
b1011010111110000101100110010100 R)
b1011010111110000101100110010011 4*
#802
b10000000101110101000101111100 b
b1001100111000110001001010100100 f#
b10010000011001110101111110101 .'
b1111010110001010110011000010 n'
b1001100111000110001001010100101 P(
b1011010111110000101100110010101 R)
b1011010111110000101100110010100 4*
#803
b1001100111000110001001010100101 f#
b1011010111110000101100110010101 4*
#804
b1001100111000110001001010100110 P(
b100110100011000 2)
b1011010111110000101100110010110 R)
#805
b1001100111000110001001010100110 f#
b100110100011100 2)
b1011010111110000101100110010111 R)
b1011010111110000101100110010110 4*
#806
b10000100011100110100101001101 &#
b1111010110001010110011000011 H$
b1111101010110010001011100010 L&
b1001100111000110001001010100111 P(
b100110100100000 2)
b1011010111110000101100110011000 R)
b1011010111110000101100110010111 4*
#807
b10000000101110101000101111101 b
b1001100111000110001001010100111 f#
b10010000011001110101111110110 .'
b1111010110001010110011000011 n'
b1001100111000110001001010101000 P(
b1011010111110000101100110011001 R)
b1011010111110000101100110011000 4*
#808
b1001100111000110001001010101000 f#
b1011010111110000101100110011001 4*
#809
b1001100111000110001001010101001 P(
b100110100011000 2)
b1011010111110000101100110011010 R)
#810
b1001100111000110001001010101001 f#
b100110100011100 2)
b1011010111110000101100110011011 R)
b1011010111110000101100110011010 4*
#811
b10000100011100110100101001110 &#
b1111010110001010110011000100 H$
b1111101010110010001011100011 L&
b1001100111000110001001010101010 P(
b100110100100000 2)
b1011010111110000101100110011100 R)
b1011010111110000101100110011011 4*
#812
b10000000101110101000101111110 b
b1001100111000110001001010101010 f#
b10010000011001110101111110111 .'
b1111010110001010110011000100 n'
b1001100111000110001001010101011 P(
b1011010111110000101100110011101 R)
b1011010111110000101100110011100 4*
#813
b1001100111000110001001010101011 f#
b1011010111110000101100110011101 4*
#814
b1001100111000110001001010101100 P(
b100110100011000 2)
b1011010111110000101100110011110 R)
#815
b1001100111000110001001010101100 f#
b100110100011100 2)
b1011010111110000101100110011111 R)
b1011010111110000101100110011110 4*
#816
b10000100011100110100101001111 &#
b1111010110001010110011000101 H$
b1111101010110010001011100100 L&
b1001100111000110001001010101101 P(
b100110100100000 2)
b1011010111110000101100110100000 R)
b1011010111110000101100110011111 4*
#817
b10000000101110101000101111111 b
b1001100111000110001001010101101 f#
b10010000011001110101111111000 .'
b1111010110001010110011000101 n'
b1001100111000110001001010101110 P(
b1011010111110000101100110100001 R)
b1011010111110000101100110100000 4*
#818
b1001100111000110001001010101110 f#
b1011010111110000101100110100001 4*
#819
b1001100111000110001001010101111 P(
b100110100011000 2)
b1011010111110000101100110100010 R)
#820
b1001100111000110001001010101111 f#
b100110100011100 2)
b1011010111110000101100110100011 R)
b1011010111110000101100110100010 4*
#821
b10000100011100110100101010000 &#
b1111010110001010110011000110 H$
b1111101010110010001011100101 L&
b1001100111000110001001010110000 P(
b100110100100000 2)
b1011010111110000101100110100100 R)
b1011010111110000101100110100011 4*
#822
b10000000101110101000110000000 b
b1001100111000110001001010110000 f#
b10010000011001110101111111001 .'
b1111010110001010110011000110 n'
b1001100111000110001001010110001 P(
b1011010111110000101100110100101 R)
b1011010111110000101100110100100 4*
#823
b1001100111000110001001010110001 f#
b1011010111110000101100110100101 4*
#824
b1001100111000110001001010110010 P(
b100110100011000 2)
b1011010111110000101100110100110 R)
#825
b1001100111000110001001010110010 f#
b100110100011100 2)
b1011010111110000101100110100111 R)
b1011010111110000101100110100110 4*
#826
b10000100011100110100101010001 &#
b1111010110001010110011000111 H$
b1111101010110010001011100110 L&
b1001100111000110001001010110011 P(
b100110100100000 2)
b1011010111110000101100110101000 R)
b1011010111110000101100110100111 4*
#827
b10000000101110101000110000001 b
b1001100111000110001001010110011 f#
b10010000011001110101111111010 .'
b1111010110001010110011000111 n'
b1001100111000110001001010110100 P(
b1011010111110000101100110101001 R)
b1011010111110000101100110101000 4*
#828
b1001100111000110001001010110100 f#
b1011010111110000101100110101001 4*
#829
b1001100111000110001001010110101 P(
b100110100011000 2)
b1011010111110000101100110101010 R)
#830
b1001100111000110001001010110101 f#
b100110100011100 2)
b1011010111110000101100110101011 R)
b1011010111110000101100110101010 4*
#831
b10000100011100110100101010010 &#
b1111010110001010110011001000 H$
b1111101010110010001011100111 L&
b1001100111000110001001010110110 P(
b100110100100000 2)
b1011010111110000101100110101100 R)
b1011010111110000101100110101011 4*
#832
b10000000101110101000110000010 b
b1001100111000110001001010110110 f#
b10010000011001110101111111011 .'
b1111010110001010110011001000 n'
b1001100111000110001001010110111 P(
b1011010111110000101100110101101 R)
b1011010111110000101100110101100 4*
#833
b1001100111000110001001010110111 f#
b1011010111110000101100110101101 4*
#834
b1001100111000110001001010111000 P(
b100110100011000 2)
b1011010111110000101100110101110 R)
#835
b1001100111000110001001010111000 f#
b100110100011100 2)
b1011010111110000101100110101111 R)
b1011010111110000101100110101110 4*
#836
b10000100011100110100101010011 &#
b1111010110001010110011001001 H$
b1111101010110010001011101000 L&
b1001100111000110001001010111001 P(
b100110100100000 2)
b1011010111110000101100110110000 R)
b1011010111110000101100110101111 4*
#837
b10000000101110101000110000011 b
b1001100111000110001001010111001 f#
b10010000011001110101111111100 .'
b1111010110001010110011001001 n'
b1001100111000110001001010111010 P(
b1011010111110000101100110110001 R)
b1011010111110000101100110110000 4*
#838
b1001100111000110001001010111010 f#
b1011010111110000101100110110001 4*
#839
b1001100111000110001001010111011 P(
b100110100011000 2)
b1011010111110000101100110110010 R)
#840
b1001100111000110001001010111011 f#
b100110100011100 2)
b1011010111110000101100110110011 R)
b1011010111110000101100110110010 4*
#841
b10000100011100110100101010100 &#
b1111010110001010110011001010 H$
b1111101010110010001011101001 L&
b1001100111000110001001010111100 P(
b100110100100000 2)
b1011010111110000101100110110100 R)
b1011010111110000101100110110011 4*
#842
b10000000101110101000110000100 b
b1001100111000110001001010111100 f#
b10010000011001110101111111101 .'
b1111010110001010110011001010 n'
b1001100111000110001001010111101 P(
b1011010111110000101100110110101 R)
b1011010111110000101100110110100 4*
#843
b1001100111000110001001010111101 f#
b1011010111110000101100110110101 4*
#844
b1001100111000110001001010111110 P(
b100110100011000 2)
b1011010111110000101100110110110 R)
#845
b1001100111000110001001010111110 f#
b100110100011100 2)
b1011010111110000101100110110111 R)
b1011010111110000101100110110110 4*
#846
b10000100011100110100101010101 &#
b1111010110001010110011001011 H$
b1111101010110010001011101010 L&
b1001100111000110001001010111111 P(
b100110100100000 2)
b1011010111110000101100110111000 R)
b1011010111110000101100110110111 4*
#847
b10000000101110101000110000101 b
b1001100111000110001001010111111 f#
b10010000011001110101111111110 .'
b1111010110001010110011001011 n'
b1001100111000110001001011000000 P(
b1011010111110000101100110111001 R)
b1011010111110000101100110111000 4*
#848
b1001100111000110001001011000000 f#
b1011010111110000101100110111001 4*
#849
b1001100111000110001001011000001 P(
b100110100011000 2)
b1011010111110000101100110111010 R)
#850
b1001100111000110001001011000001 f#
b100110100011100 2)
b1011010111110000101100110111011 R)
b1011010111110000101100110111010 4*
#851
b10000100011100110100101010110 &#
b1111010110001010110011001100 H$
b1111101010110010001011101011 L&
b1001100111000110001001011000010 P(
b100110100100000 2)
b1011010111110000101100110111100 R)
b1011010111110000101100110111011 4*
#852
b10000000101110101000110000110 b
b1001100111000110001001011000010 f#
b10010000011001110101111111111 .'
b1111010110001010110011001100 n'
b1001100111000110001001011000011 P(
b1011010111110000101100110111101 R)
b1011010111110000101100110111100 4*
#853
b1001100111000110001001011000011 f#
b1011010111110000101100110111101 4*
#854
b1001100111000110001001011000100 P(
b100110100011000 2)
b1011010111110000101100110111110 R)
#855
b1001100111000110001001011000100 f#
b100110100011100 2)
b1011010111110000101100110111111 R)
b1011010111110000101100110111110 4*
#856
b10000100011100110100101010111 &#
b1111010110001010110011001101 H$
b1111101010110010001011101100 L&
b1001100111000110001001011000101 P(
b100110100100000 2)
b1011010111110000101100111000000 R)
b1011010111110000101100110111111 4*
#857
b10000000101110101000110000111 b
b1001100111000110001001011000101 f#
b10010000011001110110000000000 .'
b1111010110001010110011001101 n'
b1001100111000110001001011000110 P(
b1011010111110000101100111000001 R)
b1011010111110000101100111000000 4*
#858
b1001100111000110001001011000110 f#
b1011010111110000101100111000001 4*
#859
b1001100111000110001001011000111 P(
b100110100011000 2)
b1011010111110000101100111000010 R)
#860
b1001100111000110001001011000111 f#
b100110100011100 2)
b1011010111110000101100111000011 R)
b1011010111110000101100111000010 4*
#861
b10000100011100110100101011000 &#
b1111010110001010110011001110 H$
b1111101010110010001011101101 L&
b1001100111000110001001011001000 P(
b100110100100000 2)
b1011010111110000101100111000100 R)
b1011010111110000101100111000011 4*
#862
b10000000101110101000110001000 b
b1001100111000110001001011001000 f#
b10010000011001110110000000001 .'
b1111010110001010110011001110 n'
b1001100111000110001001011001001 P(
b1011010111110000101100111000101 R)
b1011010111110000101100111000100 4*
#863
b1001100111000110001001011001001 f#
b1011010111110000101100111000101 4*
#864
b1001100111000110001001011001010 P(
b100110100011000 2)
b1011010111110000101100111000110 R)
#865
b1001100111000110001001011001010 f#
b100110100011100 2)
b1011010111110000101100111000111 R)
b1011010111110000101100111000110 4*
#866
b10000100011100110100101011001 &#
b1111010110001010110011001111 H$
b1111101010110010001011101110 L&
b1001100111000110001001011001011 P(
b100110100100000 2)
b1011010111110000101100111001000 R)
b1011010111110000101100111000111 4*
#867
b10000000101110101000110001001 b
b1001100111000110001001011001011 f#
b10010000011001110110000000010 .'
b1111010110001010110011001111 n'
b1001100111000110001001011001100 P(
b1011010111110000101100111001001 R)
b1011010111110000101100111001000 4*
#868
b1001100111000110001001011001100 f#
b1011010111110000101100111001001 4*
#869
b1001100111000110001001011001101 P(
b100110100011000 2)
b1011010111110000101100111001010 R)
#870
b1001100111000110001001011001101 f#
b100110100011100 2)
b1011010111110000101100111001011 R)
b1011010111110000101100111001010 4*
#871
b10000100011100110100101011010 &#
b1111010110001010110011010000 H$
b1111101010110010001011101111 L&
b1001100111000110001001011001110 P(
b100110100100000 2)
b1011010111110000101100111001100 R)
b1011010111110000101100111001011 4*
#872
b10000000101110101000110001010 b
b1001100111000110001001011001110 f#
b10010000011001110110000000011 .'
b1111010110001010110011010000 n'
b1001100111000110001001011001111 P(
b1011010111110000101100111001101 R)
b1011010111110000101100111001100 4*
#873
b1001100111000110001001011001111 f#
b1011010111110000101100111001101 4*
#874
b1001100111000110001001011010000 P(
b100110100011000 2)
b1011010111110000101100111001110 R)
#875
b1001100111000110001001011010000 f#
b100110100011100 2)
b1011010111110000101100111001111 R)
b1011010111110000101100111001110 4*
#876
b10000100011100110100101011011 &#
b1111010110001010110011010001 H$
b1111101010110010001011110000 L&
b1001100111000110001001011010001 P(
b100110100100000 2)
b1011010111110000101100111010000 R)
b1011010111110000101100111001111 4*
#877
b10000000101110101000110001011 b
b1001100111000110001001011010001 f#
b10010000011001110110000000100 .'
b1111010110001010110011010001 n'
b1001100111000110001001011010010 P(
b1011010111110000101100111010001 R)
b1011010111110000101100111010000 4*
#878
b1001100111000110001001011010010 f#
b1011010111110000101100111010001 4*
#879
b1001100111000110001001011010011 P(
b100110100011000 2)
b1011010111110000101100111010010 R)
#880
b1001100111000110001001011010011 f#
b100110100011100 2)
b1011010111110000101100111010011 R)
b1011010111110000101100111010010 4*
#881
b10000100011100110100101011100 &#
b1111010110001010110011010010 H$
b1111101010110010001011110001 L&
b1001100111000110001001011010100 P(
b100110100100000 2)
b1011010111110000101100111010100 R)
b1011010111110000101100111010011 4*
#882
b10000000101110101000110001100 b
b1001100111000110001001011010100 f#
b10010000011001110110000000101 .'
b1111010110001010110011010010 n'
b1001100111000110001001011010101 P(
b1011010111110000101100111010101 R)
b1011010111110000101100111010100 4*
#883
b1001100111000110001001011010101 f#
b1011010111110000101100111010101 4*
#884
b1001100111000110001001011010110 P(
b100110100011000 2)
b1011010111110000101100111010110 R)
#885
b1001100111000110001001011010110 f#
b100110100011100 2)
b1011010111110000101100111010111 R)
b1011010111110000101100111010110 4*
#886
b10000100011100110100101011101 &#
b1111010110001010110011010011 H$
b1111101010110010001011110010 L&
b1001100111000110001001011010111 P(
b100110100100000 2)
b1011010111110000101100111011000 R)
b1011010111110000101100111010111 4*
#887
b10000000101110101000110001101 b
b1001100111000110001001011010111 f#
b10010000011001110110000000110 .'
b1111010110001010110011010011 n'
b1001100111000110001001011011000 P(
b1011010111110000101100111011001 R)
b1011010111110000101100111011000 4*
#888
b1001100111000110001001011011000 f#
b1011010111110000101100111011001 4*
#889
b1001100111000110001001011011001 P(
b100110100011000 2)
b1011010111110000101100111011010 R)
#890
b1001100111000110001001011011001 f#
b100110100011100 2)
b1011010111110000101100111011011 R)
b1011010111110000101100111011010 4*
#891
b10000100011100110100101011110 &#
b1111010110001010110011010100 H$
b1111101010110010001011110011 L&
b1001100111000110001001011011010 P(
b100110100100000 2)
b1011010111110000101100111011100 R)
b1011010111110000101100111011011 4*
#892
b10000000101110101000110001110 b
b1001100111000110001001011011010 f#
b10010000011001110110000000111 .'
b1111010110001010110011010100 n'
b1001100111000110001001011011011 P(
b1011010111110000101100111011101 R)
b1011010111110000101100111011100 4*
#893
b1001100111000110001001011011011 f#
b1011010111110000101100111011101 4*
#894
b1001100111000110001001011011100 P(
b100110100011000 2)
b1011010111110000101100111011110 R)
#895
b1001100111000110001001011011100 f#
b100110100011100 2)
b1011010111110000101100111011111 R)
b1011010111110000101100111011110 4*
#896
b10000100011100110100101011111 &#
b1111010110001010110011010101 H$
b1111101010110010001011110100 L&
b1001100111000110001001011011101 P(
b100110100100000 2)
b1011010111110000101100111100000 R)
b1011010111110000101100111011111 4*
#897
b10000000101110101000110001111 b
b1001100111000110001001011011101 f#
b10010000011001110110000001000 .'
b1111010110001010110011010101 n'
b1001100111000110001001011011110 P(
b1011010111110000101100111100001 R)
b1011010111110000101100111100000 4*
#898
b1001100111000110001001011011110 f#
b1011010111110000101100111100001 4*
#899
b1001100111000110001001011011111 P(
b100110100011000 2)
b1011010111110000101100111100010 R)
#900
b1001100111000110001001011011111 f#
b100110100011100 2)
b1011010111110000101100111100011 R)
b1011010111110000101100111100010 4*
#901
b10000100011100110100101100000 &#
b1111010110001010110011010110 H$
b1111101010110010001011110101 L&
b1001100111000110001001011100000 P(
b100110100100000 2)
b1011010111110000101100111100100 R)
b1011010111110000101100111100011 4*
#902
b10000000101110101000110010000 b
b1001100111000110001001011100000 f#
b10010000011001110110000001001 .'
b1111010110001010110011010110 n'
b1001100111000110001001011100001 P(
b1011010111110000101100111100101 R)
b1011010111110000101100111100100 4*
#903
b1001100111000110001001011100001 f#
b1011010111110000101100111100101 4*
#904
b1001100111000110001001011100010 P(
b100110100011000 2)
b1011010111110000101100111100110 R)
#905
b1001100111000110001001011100010 f#
b100110100011100 2)
b1011010111110000101100111100111 R)
b1011010111110000101100111100110 4*
#906
b10000100011100110100101100001 &#
b1111010110001010110011010111 H$
b1111101010110010001011110110 L&
b1001100111000110001001011100011 P(
b100110100100000 2)
b1011010111110000101100111101000 R)
b1011010111110000101100111100111 4*
#907
b10000000101110101000110010001 b
b1001100111000110001001011100011 f#
b10010000011001110110000001010 .'
b1111010110001010110011010111 n'
b1001100111000110001001011100100 P(
b1011010111110000101100111101001 R)
b1011010111110000101100111101000 4*
#908
b1001100111000110001001011100100 f#
b1011010111110000101100111101001 4*
#909
b1001100111000110001001011100101 P(
b100110100011000 2)
b1011010111110000101100111101010 R)
#910
b1001100111000110001001011100101 f#
b100110100011100 2)
b1011010111110000101100111101011 R)
b1011010111110000101100111101010 4*
#911
b10000100011100110100101100010 &#
b1111010110001010110011011000 H$
b1111101010110010001011110111 L&
b1001100111000110001001011100110 P(
b100110100100000 2)
b1011010111110000101100111101100 R)
b1011010111110000101100111101011 4*
#912
b10000000101110101000110010010 b
b1001100111000110001001011100110 f#
b10010000011001110110000001011 .'
b1111010110001010110011011000 n'
b1001100111000110001001011100111 P(
b1011010111110000101100111101101 R)
b1011010111110000101100111101100 4*
#913
b1001100111000110001001011100111 f#
b1011010111110000101100111101101 4*
#914
b1001100111000110001001011101000 P(
b100110100011000 2)
b1011010111110000101100111101110 R)
#915
b1001100111000110001001011101000 f#
b100110100011100 2)
b1011010111110000101100111101111 R)
b1011010111110000101100111101110 4*
#916
b10000100011100110100101100011 &#
b1111010110001010110011011001 H$
b1111101010110010001011111000 L&
b1001100111000110001001011101001 P(
b100110100100000 2)
b1011010111110000101100111110000 R)
b1011010111110000101100111101111 4*
#917
b10000000101110101000110010011 b
b1001100111000110001001011101001 f#
b10010000011001110110000001100 .'
b1111010110001010110011011001 n'
b1001100111000110001001011101010 P(
b1011010111110000101100111110001 R)
b1011010111110000101100111110000 4*
#918
b1001100111000110001001011101010 f#
b1011010111110000101100111110001 4*
#919
b1001100111000110001001011101011 P(
b100110100011000 2)
b1011010111110000101100111110010 R)
#920
b1001100111000110001001011101011 f#
b100110100011100 2)
b1011010111110000101100111110011 R)
b1011010111110000101100111110010 4*
#921
b10000100011100110100101100100 &#
b1111010110001010110011011010 H$
b1111101010110010001011111001 L&
b1001100111000110001001011101100 P(
b100110100100000 2)
b1011010111110000101100111110100 R)
b1011010111110000101100111110011 4*
#922
b10000000101110101000110010100 b
b1001100111000110001001011101100 f#
b10010000011001110110000001101 .'
b1111010110001010110011011010 n'
b1001100111000110001001011101101 P(
b1011010111110000101100111110101 R)
b1011010111110000101100111110100 4*
#923
b1001100111000110001001011101101 f#
b1011010111110000101100111110101 4*
#924
b1001100111000110001001011101110 P(
b100110100011000 2)
b1011010111110000101100111110110 R)
#925
b1001100111000110001001011101110 f#
b100110100011100 2)
b1011010111110000101100111110111 R)
b1011010111110000101100111110110 4*
#926
b10000100011100110100101100101 &#
b1111010110001010110011011011 H$
b1111101010110010001011111010 L&
b1001100111000110001001011101111 P(
b100110100100000 2)
b1011010111110000101100111111000 R)
b1011010111110000101100111110111 4*
#927
b10000000101110101000110010101 b
b1001100111000110001001011101111 f#
b10010000011001110110000001110 .'
b1111010110001010110011011011 n'
b1001100111000110001001011110000 P(
b1011010111110000101100111111001 R)
b1011010111110000101100111111000 4*
#928
b1001100111000110001001011110000 f#
b1011010111110000101100111111001 4*
#929
b1001100111000110001001011110001 P(
b100110100011000 2)
b1011010111110000101100111111010 R)
#930
b1001100111000110001001011110001 f#
b100110100011100 2)
b1011010111110000101100111111011 R)
b1011010111110000101100111111010 4*
#931
b10000100011100110100101100110 &#
b1111010110001010110011011100 H$
b1111101010110010001011111011 L&
b1001100111000110001001011110010 P(
b100110100100000 2)
b1011010111110000101100111111100 R)
b1011010111110000101100111111011 4*
#932
b10000000101110101000110010110 b
b1001100111000110001001011110010 f#
b10010000011001110110000001111 .'
b1111010110001010110011011100 n'
b1001100111000110001001011110011 P(
b1011010111110000101100111111101 R)
b1011010111110000101100111111100 4*
#933
b1001100111000110001001011110011 f#
b1011010111110000101100111111101 4*
#934
b1001100111000110001001011110100 P(
b100110100011000 2)
b1011010111110000101100111111110 R)
#935
b1001100111000110001001011110100 f#
b100110100011100 2)
b1011010111110000101100111111111 R)
b1011010111110000101100111111110 4*
#936
b10000100011100110100101100111 &#
b1111010110001010110011011101 H$
b1111101010110010001011111100 L&
b1001100111000110001001011110101 P(
b100110100100000 2)
b1011010111110000101101000000000 R)
b1011010111110000101100111111111 4*
#937
b10000000101110101000110010111 b
b1001100111000110001001011110101 f#
b10010000011001110110000010000 .'
b1111010110001010110011011101 n'
b1001100111000110001001011110110 P(
b1011010111110000101101000000001 R)
b1011010111110000101101000000000 4*
#938
b1001100111000110001001011110110 f#
b1011010111110000101101000000001 4*
#939
b1001100111000110001001011110111 P(
b100110100011000 2)
b1011010111110000101101000000010 R)
#940
b1001100111000110001001011110111 f#
b100110100011100 2)
b1011010111110000101101000000011 R)
b1011010111110000101101000000010 4*
#941
b10000100011100110100101101000 &#
b1111010110001010110011011110 H$
b1111101010110010001011111101 L&
b1001100111000110001001011111000 P(
b100110100100000 2)
b1011010111110000101101000000100 R)
b1011010111110000101101000000011 4*
#942
b10000000101110101000110011000 b
b1001100111000110001001011111000 f#
b10010000011001110110000010001 .'
b1111010110001010110011011110 n'
b1001100111000110001001011111001 P(
b1011010111110000101101000000101 R)
b1011010111110000101101000000100 4*
#943
b1001100111000110001001011111001 f#
b1011010111110000101101000000101 4*
#944
b1001100111000110001001011111010 P(
b100110100011000 2)
b1011010111110000101101000000110 R)
#945
b1001100111000110001001011111010 f#
b100110100011100 2)
b1011010111110000101101000000111 R)
b1011010111110000101101000000110 4*
#946
b10000100011100110100101101001 &#
b1111010110001010110011011111 H$
b1111101010110010001011111110 L&
b1001100111000110001001011111011 P(
b100110100100000 2)
b1011010111110000101101000001000 R)
b1011010111110000101101000000111 4*
#947
b10000000101110101000110011001 b
b1001100111000110001001011111011 f#
b10010000011001110110000010010 .'
b1111010110001010110011011111 n'
b1001100111000110001001011111100 P(
b1011010111110000101101000001001 R)
b1011010111110000101101000001000 4*
#948
b1001100111000110001001011111100 f#
b1011010111110000101101000001001 4*
#949
b1001100111000110001001011111101 P(
b100110100011000 2)
b1011010111110000101101000001010 R)
#950
b1001100111000110001001011111101 f#
b100110100011100 2)
b1011010111110000101101000001011 R)
b1011010111110000101101000001010 4*
#951
b10000100011100110100101101010 &#
b1111010110001010110011100000 H$
b1111101010110010001011111111 L&
b1001100111000110001001011111110 P(
b100110100100000 2)
b1011010111110000101101000001100 R)
b1011010111110000101101000001011 4*
#952
b10000000101110101000110011010 b
b1001100111000110001001011111110 f#
b10010000011001110110000010011 .'
b1111010110001010110011100000 n'
b1001100111000110001001011111111 P(
b1011010111110000101101000001101 R)
b1011010111110000101101000001100 4*
#953
b1001100111000110001001011111111 f#
b1011010111110000101101000001101 4*
#954
b1001100111000110001001100000000 P(
b100110100011000 2)
b1011010111110000101101000001110 R)
#955
b1001100111000110001001100000000 f#
b100110100011100 2)
b1011010111110000101101000001111 R)
b1011010111110000101101000001110 4*
#956
b10000100011100110100101101011 &#
b1111010110001010110011100001 H$
b1111101010110010001100000000 L&
b1001100111000110001001100000001 P(
b100110100100000 2)
b1011010111110000101101000010000 R)
b1011010111110000101101000001111 4*
#957
b10000000101110101000110011011 b
b1001100111000110001001100000001 f#
b10010000011001110110000010100 .'
b1111010110001010110011100001 n'
b1001100111000110001001100000010 P(
b1011010111110000101101000010001 R)
b1011010111110000101101000010000 4*
#958
b1001100111000110001001100000010 f#
b1011010111110000101101000010001 4*
#959
b1001100111000110001001100000011 P(
b100110100011000 2)
b1011010111110000101101000010010 R)
#960
b1001100111000110001001100000011 f#
b100110100011100 2)
b1011010111110000101101000010011 R)
b1011010111110000101101000010010 4*
#961
b10000100011100110100101101100 &#
b1111010110001010110011100010 H$
b1111101010110010001100000001 L&
b1001100111000110001001100000100 P(
b100110100100000 2)
b1011010111110000101101000010100 R)
b1011010111110000101101000010011 4*
#962
b10000000101110101000110011100 b
b1001100111000110001001100000100 f#
b10010000011001110110000010101 .'
b1111010110001010110011100010 n'
b1001100111000110001001100000101 P(
b1011010111110000101101000010101 R)
b1011010111110000101101000010100 4*
#963
b1001100111000110001001100000101 f#
b1011010111110000101101000010101 4*
#964
b1001100111000110001001100000110 P(
b100110100011000 2)
b1011010111110000101101000010110 R)
#965
b1001100111000110001001100000110 f#
b100110100011100 2)
b1011010111110000101101000010111 R)
b1011010111110000101101000010110 4*
#966
b10000100011100110100101101101 &#
b1111010110001010110011100011 H$
b1111101010110010001100000010 L&
b1001100111000110001001100000111 P(
b100110100100000 2)
b1011010111110000101101000011000 R)
b1011010111110000101101000010111 4*
#967
b10000000101110101000110011101 b
b1001100111000110001001100000111 f#
b10010000011001110110000010110 .'
b1111010110001010110011100011 n'
b1001100111000110001001100001000 P(
b1011010111110000101101000011001 R)
b1011010111110000101101000011000 4*
#968
b1001100111000110001001100001000 f#
b1011010111110000101101000011001 4*
#969
b1001100111000110001001100001001 P(
b100110100011000 2)
b1011010111110000101101000011010 R)
#970
b1001100111000110001001100001001 f#
b100110100011100 2)
b1011010111110000101101000011011 R)
b1011010111110000101101000011010 4*
#971
b10000100011100110100101101110 &#
b1111010110001010110011100100 H$
b1111101010110010001100000011 L&
b1001100111000110001001100001010 P(
b100110100100000 2)
b1011010111110000101101000011100 R)
b1011010111110000101101000011011 4*
#972
b10000000101110101000110011110 b
b1001100111000110001001100001010 f#
b10010000011001110110000010111 .'
b1111010110001010110011100100 n'
b1001100111000110001001100001011 P(
b1011010111110000101101000011101 R)
b1011010111110000101101000011100 4*
#973
b1001100111000110001001100001011 f#
b1011010111110000101101000011101 4*
#974
b1001100111000110001001100001100 P(
b100110100011000 2)
b1011010111110000101101000011110 R)
#975
b1001100111000110001001100001100 f#
b100110100011100 2)
b1011010111110000101101000011111 R)
b1011010111110000101101000011110 4*
#976
b10000100011100110100101101111 &#
b1111010110001010110011100101 H$
b1111101010110010001100000100 L&
b1001100111000110001001100001101 P(
b100110100100000 2)
b1011010111110000101101000100000 R)
b1011010111110000101101000011111 4*
#977
b10000000101110101000110011111 b
b1001100111000110001001100001101 f#
b10010000011001110110000011000 .'
b1111010110001010110011100101 n'
b1001100111000110001001100001110 P(
b1011010111110000101101000100001 R)
b1011010111110000101101000100000 4*
#978
b1001100111000110001001100001110 f#
b1011010111110000101101000100001 4*
#979
b1001100111000110001001100001111 P(
b100110100011000 2)
b1011010111110000101101000100010 R)
#980
b1001100111000110001001100001111 f#
b100110100011100 2)
b1011010111110000101101000100011 R)
b1011010111110000101101000100010 4*
#981
b10000100011100110100101110000 &#
b1111010110001010110011100110 H$
b1111101010110010001100000101 L&
b1001100111000110001001100010000 P(
b100110100100000 2)
b1011010111110000101101000100100 R)
b1011010111110000101101000100011 4*
#982
b10000000101110101000110100000 b
b1001100111000110001001100010000 f#
b10010000011001110110000011001 .'
b1111010110001010110011100110 n'
b1001100111000110001001100010001 P(
b1011010111110000101101000100101 R)
b1011010111110000101101000100100 4*
#983
b1001100111000110001001100010001 f#
b1011010111110000101101000100101 4*
#984
b1001100111000110001001100010010 P(
b100110100011000 2)
b1011010111110000101101000100110 R)
#985
b1001100111000110001001100010010 f#
b100110100011100 2)
b1011010111110000101101000100111 R)
b1011010111110000101101000100110 4*
#986
b10000100011100110100101110001 &#
b1111010110001010110011100111 H$
b1111101010110010001100000110 L&
b1001100111000110001001100010011 P(
b100110100100000 2)
b1011010111110000101101000101000 R)
b1011010111110000101101000100111 4*
#987
b10000000101110101000110100001 b
b1001100111000110001001100010011 f#
b10010000011001110110000011010 .'
b1111010110001010110011100111 n'
b1001100111000110001001100010100 P(
b1011010111110000101101000101001 R)
b1011010111110000101101000101000 4*
#988
b1001100111000110001001100010100 f#
b1011010111110000101101000101001 4*
#989
b1001100111000110001001100010101 P(
b100110100011000 2)
b1011010111110000101101000101010 R)
#990
b1001100111000110001001100010101 f#
b100110100011100 2)
b1011010111110000101101000101011 R)
b1011010111110000101101000101010 4*
#991
b10000100011100110100101110010 &#
b1111010110001010110011101000 H$
b1111101010110010001100000111 L&
b1001100111000110001001100010110 P(
b100110100100000 2)
b1011010111110000101101000101100 R)
b1011010111110000101101000101011 4*
#992
b10000000101110101000110100010 b
b1001100111000110001001100010110 f#
b10010000011001110110000011011 .'
b1111010110001010110011101000 n'
b1001100111000110001001100010111 P(
b1011010111110000101101000101101 R)
b1011010111110000101101000101100 4*
#993
b1001100111000110001001100010111 f#
b1011010111110000101101000101101 4*
#994
b1001100111000110001001100011000 P(
b100110100011000 2)
b1011010111110000101101000101110 R)
#995
b1001100111000110001001100011000 f#
b100110100011100 2)
b1011010111110000101101000101111 R)
b1011010111110000101101000101110 4*
#996
b10000100011100110100101110011 &#
b1111010110001010110011101001 H$
b1111101010110010001100001000 L&
b1001100111000110001001100011001 P(
b100110100100000 2)
b1011010111110000101101000110000 R)
b1011010111110000101101000101111 4*
#997
b10000000101110101000110100011 b
b1001100111000110001001100011001 f#
b10010000011001110110000011100 .'
b1111010110001010110011101001 n'
b1001100111000110001001100011010 P(
b1011010111110000101101000110001 R)
b1011010111110000101101000110000 4*
#998
b1001100111000110001001100011010 f#
b1011010111110000101101000110001 4*
#999
b1001100111000110001001100011011 P(
b100110100011000 2)
b1011010111110000101101000110010 R)
#1000
b1001100111000110001001100011011 f#
b100110100011100 2)
b1011010111110000101101000110011 R)
b1011010111110000101101000110010 4*
#1001
b10000100011100110100101110100 &#
b1111010110001010110011101010 H$
b1111101010110010001100001001 L&
b1001100111000110001001100011100 P(
b100110100100000 2)
b1011010111110000101101000110100 R)
b1011010111110000101101000110011 4*
#1002
b10000000101110101000110100100 b
b1001100111000110001001100011100 f#
b10010000011001110110000011101 .'
b1111010110001010110011101010 n'
b1001100111000110001001100011101 P(
b1011010111110000101101000110101 R)
b1011010111110000101101000110100 4*
#1003
b1001100111000110001001100011101 f#
b1011010111110000101101000110101 4*
#1004
b1001100111000110001001100011110 P(
b100110100011000 2)
b1011010111110000101101000110110 R)
#1005
b1001100111000110001001100011110 f#
b100110100011100 2)
b1011010111110000101101000110111 R)
b1011010111110000101101000110110 4*
#1006
b10000100011100110100101110101 &#
b1111010110001010110011101011 H$
b1111101010110010001100001010 L&
b1001100111000110001001100011111 P(
b100110100100000 2)
b1011010111110000101101000111000 R)
b1011010111110000101101000110111 4*
#1007
b10000000101110101000110100101 b
b1001100111000110001001100011111 f#
b10010000011001110110000011110 .'
b1111010110001010110011101011 n'
b1001100111000110001001100100000 P(
b1011010111110000101101000111001 R)
b1011010111110000101101000111000 4*
#1008
b1001100111000110001001100100000 f#
b1011010111110000101101000111001 4*
#1009
b1001100111000110001001100100001 P(
b100110100011000 2)
b1011010111110000101101000111010 R)
#1010
b1001100111000110001001100100001 f#
b100110100011100 2)
b1011010111110000101101000111011 R)
b1011010111110000101101000111010 4*
#1011
b10000100011100110100101110110 &#
b1111010110001010110011101100 H$
b1111101010110010001100001011 L&
b1001100111000110001001100100010 P(
b100110100100000 2)
b1011010111110000101101000111100 R)
b1011010111110000101101000111011 4*
#1012
b10000000101110101000110100110 b
b1001100111000110001001100100010 f#
b10010000011001110110000011111 .'
b1111010110001010110011101100 n'
b1001100111000110001001100100011 P(
b1011010111110000101101000111101 R)
b1011010111110000101101000111100 4*
#1013
b1001100111000110001001100100011 f#
b1011010111110000101101000111101 4*
#1014
b1001100111000110001001100100100 P(
b100110100011000 2)
b1011010111110000101101000111110 R)
#1015
b1001100111000110001001100100100 f#
b100110100011100 2)
b1011010111110000101101000111111 R)
b1011010111110000101101000111110 4*
#1016
b10000100011100110100101110111 &#
b1111010110001010110011101101 H$
b1111101010110010001100001100 L&
b1001100111000110001001100100101 P(
b100110100100000 2)
b1011010111110000101101001000000 R)
b1011010111110000101101000111111 4*
#1017
b10000000101110101000110100111 b
b1001100111000110001001100100101 f#
b10010000011001110110000100000 .'
b1111010110001010110011101101 n'
b1001100111000110001001100100110 P(
b1011010111110000101101001000001 R)
b1011010111110000101101001000000 4*
#1018
b1001100111000110001001100100110 f#
b1011010111110000101101001000001 4*
#1019
b1001100111000110001001100100111 P(
b100110100011000 2)
b1011010111110000101101001000010 R)
#1020
b1001100111000110001001100100111 f#
b100110100011100 2)
b1011010111110000101101001000011 R)
b1011010111110000101101001000010 4*
#1021
b10000100011100110100101111000 &#
b1111010110001010110011101110 H$
b1111101010110010001100001101 L&
b1001100111000110001001100101000 P(
b100110100100000 2)
b1011010111110000101101001000100 R)
b1011010111110000101101001000011 4*
#1022
b10000000101110101000110101000 b
b1001100111000110001001100101000 f#
b10010000011001110110000100001 .'
b1111010110001010110011101110 n'
b1001100111000110001001100101001 P(
b1011010111110000101101001000101 R)
b1011010111110000101101001000100 4*
#1023
b1001100111000110001001100101001 f#
b1011010111110000101101001000101 4*
#1024
b1001100111000110001001100101010 P(
b100110100011000 2)
b1011010111110000101101001000110 R)
#1025
b1001100111000110001001100101010 f#
b100110100011100 2)
b1011010111110000101101001000111 R)
b1011010111110000101101001000110 4*
#1026
b10000100011100110100101111001 &#
b1111010110001010110011101111 H$
b1111101010110010001100001110 L&
b1001100111000110001001100101011 P(
b100110100100000 2)
b1011010111110000101101001001000 R)
b1011010111110000101101001000111 4*
#1027
b10000000101110101000110101001 b
b1001100111000110001001100101011 f#
b10010000011001110110000100010 .'
b1111010110001010110011101111 n'
b1001100111000110001001100101100 P(
b1011010111110000101101001001001 R)
b1011010111110000101101001001000 4*
#1028
b1001100111000110001001100101100 f#
b1011010111110000101101001001001 4*
#1029
b1001100111000110001001100101101 P(
b100110100011000 2)
b1011010111110000101101001001010 R)
#1030
b1001100111000110001001100101101 f#
b100110100011100 2)
b1011010111110000101101001001011 R)
b1011010111110000101101001001010 4*
#1031
b10000100011100110100101111010 &#
b1111010110001010110011110000 H$
b1111101010110010001100001111 L&
b1001100111000110001001100101110 P(
b100110100100000 2)
b1011010111110000101101001001100 R)
b1011010111110000101101001001011 4*
#1032
b10000000101110101000110101010 b
b1001100111000110001001100101110 f#
b10010000011001110110000100011 .'
b1111010110001010110011110000 n'
b1001100111000110001001100101111 P(
b1011010111110000101101001001101 R)
b1011010111110000101101001001100 4*
#1033
b1001100111000110001001100101111 f#
b1011010111110000101101001001101 4*
#1034
b1001100111000110001001100110000 P(
b100110100011000 2)
b1011010111110000101101001001110 R)
#1035
b1001100111000110001001100110000 f#
b100110100011100 2)
b1011010111110000101101001001111 R)
b1011010111110000101101001001110 4*
#1036
b10000100011100110100101111011 &#
b1111010110001010110011110001 H$
b1111101010110010001100010000 L&
b1001100111000110001001100110001 P(
b100110100100000 2)
b1011010111110000101101001010000 R)
b1011010111110000101101001001111 4*
#1037
b10000000101110101000110101011 b
b1001100111000110001001100110001 f#
b10010000011001110110000100100 .'
b1111010110001010110011110001 n'
b1001100111000110001001100110010 P(
b1011010111110000101101001010001 R)
b1011010111110000101101001010000 4*
#1038
b1001100111000110001001100110010 f#
b1011010111110000101101001010001 4*
#1039
b1001100111000110001001100110011 P(
b100110100011000 2)
b1011010111110000101101001010010 R)
#1040
b1001100111000110001001100110011 f#
b100110100011100 2)
b1011010111110000101101001010011 R)
b1011010111110000101101001010010 4*
#1041
b10000100011100110100101111100 &#
b1111010110001010110011110010 H$
b1111101010110010001100010001 L&
b1001100111000110001001100110100 P(
b100110100100000 2)
b1011010111110000101101001010100 R)
b1011010111110000101101001010011 4*
#1042
b10000000101110101000110101100 b
b1001100111000110001001100110100 f#
b10010000011001110110000100101 .'
b1111010110001010110011110010 n'
b1001100111000110001001100110101 P(
b1011010111110000101101001010101 R)
b1011010111110000101101001010100 4*
#1043
b1001100111000110001001100110101 f#
b1011010111110000101101001010101 4*
#1044
b1001100111000110001001100110110 P(
b100110100011000 2)
b1011010111110000101101001010110 R)
#1045
b1001100111000110001001100110110 f#
b100110100011100 2)
b1011010111110000101101001010111 R)
b1011010111110000101101001010110 4*
#1046
b10000100011100110100101111101 &#
b1111010110001010110011110011 H$
b1111101010110010001100010010 L&
b1001100111000110001001100110111 P(
b100110100100000 2)
b1011010111110000101101001011000 R)
b1011010111110000101101001010111 4*
#1047
b10000000101110101000110101101 b
b1001100111000110001001100110111 f#
b10010000011001110110000100110 .'
b1111010110001010110011110011 n'
b1001100111000110001001100111000 P(
b1011010111110000101101001011001 R)
b1011010111110000101101001011000 4*
#1048
b1001100111000110001001100111000 f#
b1011010111110000101101001011001 4*
#1049
b1001100111000110001001100111001 P(
b100110100011000 2)
b1011010111110000101101001011010 R)
#1050
b1001100111000110001001100111001 f#
b100110100011100 2)
b1011010111110000101101001011011 R)
b1011010111110000101101001011010 4*
#1051
b10000100011100110100101111110 &#
b1111010110001010110011110100 H$
b1111101010110010001100010011 L&
b1001100111000110001001100111010 P(
b100110100100000 2)
b1011010111110000101101001011100 R)
b1011010111110000101101001011011 4*
#1052
b10000000101110101000110101110 b
b1001100111000110001001100111010 f#
b10010000011001110110000100111 .'
b1111010110001010110011110100 n'
b1001100111000110001001100111011 P(
b1011010111110000101101001011101 R)
b1011010111110000101101001011100 4*
#1053
b1001100111000110001001100111011 f#
b1011010111110000101101001011101 4*
#1054
b1001100111000110001001100111100 P(
b100110100011000 2)
b1011010111110000101101001011110 R)
#1055
b1001100111000110001001100111100 f#
b100110100011100 2)
b1011010111110000101101001011111 R)
b1011010111110000101101001011110 4*
#1056
b10000100011100110100101111111 &#
b1111010110001010110011110101 H$
b1111101010110010001100010100 L&
b1001100111000110001001100111101 P(
b100110100100000 2)
b1011010111110000101101001100000 R)
b1011010111110000101101001011111 4*
#1057
b10000000101110101000110101111 b
b1001100111000110001001100111101 f#
b10010000011001110110000101000 .'
b1111010110001010110011110101 n'
b1001100111000110001001100111110 P(
b1011010111110000101101001100001 R)
b1011010111110000101101001100000 4*
#1058
b1001100111000110001001100111110 f#
b1011010111110000101101001100001 4*
#1059
b1001100111000110001001100111111 P(
b100110100011000 2)
b1011010111110000101101001100010 R)
#1060
b1001100111000110001001100111111 f#
b100110100011100 2)
b1011010111110000101101001100011 R)
b1011010111110000101101001100010 4*
#1061
b10000100011100110100110000000 &#
b1111010110001010110011110110 H$
b1111101010110010001100010101 L&
b1001100111000110001001101000000 P(
b100110100100000 2)
b1011010111110000101101001100100 R)
b1011010111110000101101001100011 4*
#1062
b10000000101110101000110110000 b
b1001100111000110001001101000000 f#
b10010000011001110110000101001 .'
b1111010110001010110011110110 n'
b1001100111000110001001101000001 P(
b1011010111110000101101001100101 R)
b1011010111110000101101001100100 4*
#1063
b1001100111000110001001101000001 f#
b1011010111110000101101001100101 4*
#1064
b1001100111000110001001101000010 P(
b100110100011000 2)
b1011010111110000101101001100110 R)
#1065
b1001100111000110001001101000010 f#
b100110100011100 2)
b1011010111110000101101001100111 R)
b1011010111110000101101001100110 4*
#1066
b10000100011100110100110000001 &#
b1111010110001010110011110111 H$
b1111101010110010001100010110 L&
b1001100111000110001001101000011 P(
b100110100100000 2)
b1011010111110000101101001101000 R)
b1011010111110000101101001100111 4*
#1067
b10000000101110101000110110001 b
b1001100111000110001001101000011 f#
b10010000011001110110000101010 .'
b1111010110001010110011110111 n'
b1001100111000110001001101000100 P(
b1011010111110000101101001101001 R)
b1011010111110000101101001101000 4*
#1068
b1001100111000110001001101000100 f#
b1011010111110000101101001101001 4*
#1069
b1001100111000110001001101000101 P(
b100110100011000 2)
b1011010111110000101101001101010 R)
#1070
b1001100111000110001001101000101 f#
b100110100011100 2)
b1011010111110000101101001101011 R)
b1011010111110000101101001101010 4*
#1071
b10000100011100110100110000010 &#
b1111010110001010110011111000 H$
b1111101010110010001100010111 L&
b1001100111000110001001101000110 P(
b100110100100000 2)
b1011010111110000101101001101100 R)
b1011010111110000101101001101011 4*
#1072
b10000000101110101000110110010 b
b1001100111000110001001101000110 f#
b10010000011001110110000101011 .'
b1111010110001010110011111000 n'
b1001100111000110001001101000111 P(
b1011010111110000101101001101101 R)
b1011010111110000101101001101100 4*
#1073
b1001100111000110001001101000111 f#
b1011010111110000101101001101101 4*
#1074
b1001100111000110001001101001000 P(
b100110100011000 2)
b1011010111110000101101001101110 R)
#1075
b1001100111000110001001101001000 f#
b100110100011100 2)
b1011010111110000101101001101111 R)
b1011010111110000101101001101110 4*
#1076
b10000100011100110100110000011 &#
b1111010110001010110011111001 H$
b1111101010110010001100011000 L&
b1001100111000110001001101001001 P(
b100110100100000 2)
b1011010111110000101101001110000 R)
b1011010111110000101101001101111 4*
#1077
b10000000101110101000110110011 b
b1001100111000110001001101001001 f#
b10010000011001110110000101100 .'
b1111010110001010110011111001 n'
b1001100111000110001001101001010 P(
b1011010111110000101101001110001 R)
b1011010111110000101101001110000 4*
#1078
b1001100111000110001001101001010 f#
b1011010111110000101101001110001 4*
#1079
b1001100111000110001001101001011 P(
b100110100011000 2)
b1011010111110000101101001110010 R)
#1080
b1001100111000110001001101001011 f#
b100110100011100 2)
b1011010111110000101101001110011 R)
b1011010111110000101101001110010 4*
#1081
b10000100011100110100110000100 &#
b1111010110001010110011111010 H$
b1111101010110010001100011001 L&
b1001100111000110001001101001100 P(
b100110100100000 2)
b1011010111110000101101001110100 R)
b1011010111110000101101001110011 4*
#1082
b10000000101110101000110110100 b
b1001100111000110001001101001100 f#
b10010000011001110110000101101 .'
b1111010110001010110011111010 n'
b1001100111000110001001101001101 P(
b1011010111110000101101001110101 R)
b1011010111110000101101001110100 4*
#1083
b1001100111000110001001101001101 f#
b1011010111110000101101001110101 4*
#1084
b1001100111000110001001101001110 P(
b100110100011000 2)
b1011010111110000101101001110110 R)
#1085
b1001100111000110001001101001110 f#
b100110100011100 2)
b1011010111110000101101001110111 R)
b1011010111110000101101001110110 4*
#1086
b10000100011100110100110000101 &#
b1111010110001010110011111011 H$
b1111101010110010001100011010 L&
b1001100111000110001001101001111 P(
b100110100100000 2)
b1011010111110000101101001111000 R)
b1011010111110000101101001110111 4*
#1087
b10000000101110101000110110101 b
b1001100111000110001001101001111 f#
b10010000011001110110000101110 .'
b1111010110001010110011111011 n'
b1001100111000110001001101010000 P(
b1011010111110000101101001111001 R)
b1011010111110000101101001111000 4*
#1088
b1001100111000110001001101010000 f#
b1011010111110000101101001111001 4*
#1089
b1001100111000110001001101010001 P(
b100110100011000 2)
b1011010111110000101101001111010 R)
#1090
b1001100111000110001001101010001 f#
b100110100011100 2)
b1011010111110000101101001111011 R)
b1011010111110000101101001111010 4*
#1091
b10000100011100110100110000110 &#
b1111010110001010110011111100 H$
b1111101010110010001100011011 L&
b1001100111000110001001101010010 P(
b100110100100000 2)
b1011010111110000101101001111100 R)
b1011010111110000101101001111011 4*
#1092
b10000000101110101000110110110 b
b1001100111000110001001101010010 f#
b10010000011001110110000101111 .'
b1111010110001010110011111100 n'
b1001100111000110001001101010011 P(
b1011010111110000101101001111101 R)
b1011010111110000101101001111100 4*
#1093
b1001100111000110001001101010011 f#
b1011010111110000101101001111101 4*
#1094
b1001100111000110001001101010100 P(
b100110100011000 2)
b1011010111110000101101001111110 R)
#1095
b1001100111000110001001101010100 f#
b100110100011100 2)
b1011010111110000101101001111111 R)
b1011010111110000101101001111110 4*
#1096
b10000100011100110100110000111 &#
b1111010110001010110011111101 H$
b1111101010110010001100011100 L&
b1001100111000110001001101010101 P(
b100110100100000 2)
b1011010111110000101101010000000 R)
b1011010111110000101101001111111 4*
#1097
b10000000101110101000110110111 b
b1001100111000110001001101010101 f#
b10010000011001110110000110000 .'
b1111010110001010110011111101 n'
b1001100111000110001001101010110 P(
b1011010111110000101101010000001 R)
b1011010111110000101101010000000 4*
#1098
b1001100111000110001001101010110 f#
b1011010111110000101101010000001 4*
#1099
b1001100111000110001001101010111 P(
b100110100011000 2)
b1011010111110000101101010000010 R)
#1100
b1001100111000110001001101010111 f#
b100110100011100 2)
b1011010111110000101101010000011 R)
b1011010111110000101101010000010 4*
#1101
b10000100011100110100110001000 &#
b1111010110001010110011111110 H$
b1111101010110010001100011101 L&
b1001100111000110001001101011000 P(
b100110100100000 2)
b1011010111110000101101010000100 R)
b1011010111110000101101010000011 4*
#1102
b10000000101110101000110111000 b
b1001100111000110001001101011000 f#
b10010000011001110110000110001 .'
b1111010110001010110011111110 n'
b1001100111000110001001101011001 P(
b1011010111110000101101010000101 R)
b1011010111110000101101010000100 4*
#1103
b1001100111000110001001101011001 f#
b1011010111110000101101010000101 4*
#1104
b1001100111000110001001101011010 P(
b100110100011000 2)
b1011010111110000101101010000110 R)
#1105
b1001100111000110001001101011010 f#
b100110100011100 2)
b1011010111110000101101010000111 R)
b1011010111110000101101010000110 4*
#1106
b10000100011100110100110001001 &#
b1111010110001010110011111111 H$
b1111101010110010001100011110 L&
b1001100111000110001001101011011 P(
b100110100100000 2)
b1011010111110000101101010001000 R)
b1011010111110000101101010000111 4*
#1107
b10000000101110101000110111001 b
b1001100111000110001001101011011 f#
b10010000011001110110000110010 .'
b1111010110001010110011111111 n'
b1001100111000110001001101011100 P(
b1011010111110000101101010001001 R)
b1011010111110000101101010001000 4*
#1108
b1001100111000110001001101011100 f#
b1011010111110000101101010001001 4*
#1109
b1001100111000110001001101011101 P(
b100110100011000 2)
b1011010111110000101101010001010 R)
#1110
b1001100111000110001001101011101 f#
b100110100011100 2)
b1011010111110000101101010001011 R)
b1011010111110000101101010001010 4*
#1111
b10000100011100110100110001010 &#
b1111010110001010110100000000 H$
b1111101010110010001100011111 L&
b1001100111000110001001101011110 P(
b100110100100000 2)
b1011010111110000101101010001100 R)
b1011010111110000101101010001011 4*
#1112
b10000000101110101000110111010 b
b1001100111000110001001101011110 f#
b10010000011001110110000110011 .'
b1111010110001010110100000000 n'
b1001100111000110001001101011111 P(
b1011010111110000101101010001101 R)
b1011010111110000101101010001100 4*
#1113
b1001100111000110001001101011111 f#
b1011010111110000101101010001101 4*
#1114
b1001100111000110001001101100000 P(
b100110100011000 2)
b1011010111110000101101010001110 R)
#1115
b1001100111000110001001101100000 f#
b100110100011100 2)
b1011010111110000101101010001111 R)
b1011010111110000101101010001110 4*
#1116
b10000100011100110100110001011 &#
b1111010110001010110100000001 H$
b1111101010110010001100100000 L&
b1001100111000110001001101100001 P(
b100110100100000 2)
b1011010111110000101101010010000 R)
b1011010111110000101101010001111 4*
#1117
b10000000101110101000110111011 b
b1001100111000110001001101100001 f#
b10010000011001110110000110100 .'
b1111010110001010110100000001 n'
b1001100111000110001001101100010 P(
b1011010111110000101101010010001 R)
b1011010111110000101101010010000 4*
#1118
b1001100111000110001001101100010 f#
b1011010111110000101101010010001 4*
#1119
b1001100111000110001001101100011 P(
b100110100011000 2)
b1011010111110000101101010010010 R)
#1120
b1001100111000110001001101100011 f#
b100110100011100 2)
b1011010111110000101101010010011 R)
b1011010111110000101101010010010 4*
#1121
b10000100011100110100110001100 &#
b1111010110001010110100000010 H$
b1111101010110010001100100001 L&
b1001100111000110001001101100100 P(
b100110100100000 2)
b1011010111110000101101010010100 R)
b1011010111110000101101010010011 4*
#1122
b10000000101110101000110111100 b
b1001100111000110001001101100100 f#
b10010000011001110110000110101 .'
b1111010110001010110100000010 n'
b1001100111000110001001101100101 P(
b1011010111110000101101010010101 R)
b1011010111110000101101010010100 4*
#1123
b1001100111000110001001101100101 f#
b1011010111110000101101010010101 4*
#1124
b1001100111000110001001101100110 P(
b100110100011000 2)
b1011010111110000101101010010110 R)
#1125
b1001100111000110001001101100110 f#
b100110100011100 2)
b1011010111110000101101010010111 R)
b1011010111110000101101010010110 4*
#1126
b10000100011100110100110001101 &#
b1111010110001010110100000011 H$
b1111101010110010001100100010 L&
b1001100111000110001001101100111 P(
b100110100100000 2)
b1011010111110000101101010011000 R)
b1011010111110000101101010010111 4*
#1127
b10000000101110101000110111101 b
b1001100111000110001001101100111 f#
b10010000011001110110000110110 .'
b1111010110001010110100000011 n'
b1001100111000110001001101101000 P(
b1011010111110000101101010011001 R)
b1011010111110000101101010011000 4*
#1128
b1001100111000110001001101101000 f#
b1011010111110000101101010011001 4*
#1129
b1001100111000110001001101101001 P(
b100110100011000 2)
b1011010111110000101101010011010 R)
#1130
b1001100111000110001001101101001 f#
b100110100011100 2)
b1011010111110000101101010011011 R)
b1011010111110000101101010011010 4*
#1131
b10000100011100110100110001110 &#
b1111010110001010110100000100 H$
b1111101010110010001100100011 L&
b1001100111000110001001101101010 P(
b100110100100000 2)
b1011010111110000101101010011100 R)
b1011010111110000101101010011011 4*
#1132
b10000000101110101000110111110 b
b1001100111000110001001101101010 f#
b10010000011001110110000110111 .'
b1111010110001010110100000100 n'
b1001100111000110001001101101011 P(
b1011010111110000101101010011101 R)
b1011010111110000101101010011100 4*
#1133
b1001100111000110001001101101011 f#
b1011010111110000101101010011101 4*
#1134
b1001100111000110001001101101100 P(
b100110100011000 2)
b1011010111110000101101010011110 R)
#1135
b1001100111000110001001101101100 f#
b100110100011100 2)
b1011010111110000101101010011111 R)
b1011010111110000101101010011110 4*
#1136
b10000100011100110100110001111 &#
b1111010110001010110100000101 H$
b1111101010110010001100100100 L&
b1001100111000110001001101101101 P(
b100110100100000 2)
b1011010111110000101101010100000 R)
b1011010111110000101101010011111 4*
#1137
b10000000101110101000110111111 b
b1001100111000110001001101101101 f#
b10010000011001110110000111000 .'
b1111010110001010110100000101 n'
b1001100111000110001001101101110 P(
b1011010111110000101101010100001 R)
b1011010111110000101101010100000 4*
#1138
b1001100111000110001001101101110 f#
b1011010111110000101101010100001 4*
#1139
b1001100111000110001001101101111 P(
b100110100011000 2)
b1011010111110000101101010100010 R)
#1140
b1001100111000110001001101101111 f#
b100110100011100 2)
b1011010111110000101101010100011 R)
b1011010111110000101101010100010 4*
#1141
b10000100011100110100110010000 &#
b1111010110001010110100000110 H$
b1111101010110010001100100101 L&
b1001100111000110001001101110000 P(
b100110100100000 2)
b1011010111110000101101010100100 R)
b1011010111110000101101010100011 4*
#1142
b10000000101110101000111000000 b
b1001100111000110001001101110000 f#
b10010000011001110110000111001 .'
b1111010110001010110100000110 n'
b1001100111000110001001101110001 P(
b1011010111110000101101010100101 R)
b1011010111110000101101010100100 4*
#1143
b1001100111000110001001101110001 f#
b1011010111110000101101010100101 4*
#1144
b1001100111000110001001101110010 P(
b100110100011000 2)
b1011010111110000101101010100110 R)
#1145
b1001100111000110001001101110010 f#
b100110100011100 2)
b1011010111110000101101010100111 R)
b1011010111110000101101010100110 4*
#1146
b10000100011100110100110010001 &#
b1111010110001010110100000111 H$
b1111101010110010001100100110 L&
b1001100111000110001001101110011 P(
b100110100100000 2)
b1011010111110000101101010101000 R)
b1011010111110000101101010100111 4*
#1147
b10000000101110101000111000001 b
b1001100111000110001001101110011 f#
b10010000011001110110000111010 .'
b1111010110001010110100000111 n'
b1001100111000110001001101110100 P(
b1011010111110000101101010101001 R)
b1011010111110000101101010101000 4*
#1148
b1001100111000110001001101110100 f#
b1011010111110000101101010101001 4*
#1149
b1001100111000110001001101110101 P(
b100110100011000 2)
b1011010111110000101101010101010 R)
#1150
b1001100111000110001001101110101 f#
b100110100011100 2)
b1011010111110000101101010101011 R)
b1011010111110000101101010101010 4*
#1151
b10000100011100110100110010010 &#
b1111010110001010110100001000 H$
b1111101010110010001100100111 L&
b1001100111000110001001101110110 P(
b100110100100000 2)
b1011010111110000101101010101100 R)
b1011010111110000101101010101011 4*
#1152
b10000000101110101000111000010 b
b1001100111000110001001101110110 f#
b10010000011001110110000111011 .'
b1111010110001010110100001000 n'
b1001100111000110001001101110111 P(
b1011010111110000101101010101101 R)
b1011010111110000101101010101100 4*
#1153
b1001100111000110001001101110111 f#
b1011010111110000101101010101101 4*
#1154
b1001100111000110001001101111000 P(
b100110100011000 2)
b1011010111110000101101010101110 R)
#1155
b1001100111000110001001101111000 f#
b100110100011100 2)
b1011010111110000101101010101111 R)
b1011010111110000101101010101110 4*
#1156
b10000100011100110100110010011 &#
b1111010110001010110100001001 H$
b1111101010110010001100101000 L&
b1001100111000110001001101111001 P(
b100110100100000 2)
b1011010111110000101101010110000 R)
b1011010111110000101101010101111 4*
#1157
b10000000101110101000111000011 b
b1001100111000110001001101111001 f#
b10010000011001110110000111100 .'
b1111010110001010110100001001 n'
b1001100111000110001001101111010 P(
b1011010111110000101101010110001 R)
b1011010111110000101101010110000 4*
#1158
b1001100111000110001001101111010 f#
b1011010111110000101101010110001 4*
#1159
b1001100111000110001001101111011 P(
b100110100011000 2)
b1011010111110000101101010110010 R)
#1160
b1001100111000110001001101111011 f#
b100110100011100 2)
b1011010111110000101101010110011 R)
b1011010111110000101101010110010 4*
#1161
b10000100011100110100110010100 &#
b1111010110001010110100001010 H$
b1111101010110010001100101001 L&
b1001100111000110001001101111100 P(
b100110100100000 2)
b1011010111110000101101010110100 R)
b1011010111110000101101010110011 4*
#1162
b10000000101110101000111000100 b
b1001100111000110001001101111100 f#
b10010000011001110110000111101 .'
b1111010110001010110100001010 n'
b1001100111000110001001101111101 P(
b1011010111110000101101010110101 R)
b1011010111110000101101010110100 4*
#1163
b1001100111000110001001101111101 f#
b1011010111110000101101010110101 4*
#1164
b1001100111000110001001101111110 P(
b100110100011000 2)
b1011010111110000101101010110110 R)
#1165
b1001100111000110001001101111110 f#
b100110100011100 2)
b1011010111110000101101010110111 R)
b1011010111110000101101010110110 4*
#1166
b10000100011100110100110010101 &#
b1111010110001010110100001011 H$
b1111101010110010001100101010 L&
b1001100111000110001001101111111 P(
b100110100100000 2)
b1011010111110000101101010111000 R)
b1011010111110000101101010110111 4*
#1167
b10000000101110101000111000101 b
b1001100111000110001001101111111 f#
b10010000011001110110000111110 .'
b1111010110001010110100001011 n'
b1001100111000110001001110000000 P(
b1011010111110000101101010111001 R)
b1011010111110000101101010111000 4*
#1168
b1001100111000110001001110000000 f#
b1011010111110000101101010111001 4*
#1169
b1001100111000110001001110000001 P(
b100110100011000 2)
b1011010111110000101101010111010 R)
#1170
b1001100111000110001001110000001 f#
b100110100011100 2)
b1011010111110000101101010111011 R)
b1011010111110000101101010111010 4*
#1171
b10000100011100110100110010110 &#
b1111010110001010110100001100 H$
b1111101010110010001100101011 L&
b1001100111000110001001110000010 P(
b100110100100000 2)
b1011010111110000101101010111100 R)
b1011010111110000101101010111011 4*
#1172
b10000000101110101000111000110 b
b1001100111000110001001110000010 f#
b10010000011001110110000111111 .'
b1111010110001010110100001100 n'
b1001100111000110001001110000011 P(
b1011010111110000101101010111101 R)
b1011010111110000101101010111100 4*
#1173
b1001100111000110001001110000011 f#
b1011010111110000101101010111101 4*
#1174
b1001100111000110001001110000100 P(
b100110100011000 2)
b1011010111110000101101010111110 R)
#1175
b1001100111000110001001110000100 f#
b100110100011100 2)
b1011010111110000101101010111111 R)
b1011010111110000101101010111110 4*
#1176
b10000100011100110100110010111 &#
b1111010110001010110100001101 H$
b1111101010110010001100101100 L&
b1001100111000110001001110000101 P(
b100110100100000 2)
b1011010111110000101101011000000 R)
b1011010111110000101101010111111 4*
#1177
b10000000101110101000111000111 b
b1001100111000110001001110000101 f#
b10010000011001110110001000000 .'
b1111010110001010110100001101 n'
b1001100111000110001001110000110 P(
b1011010111110000101101011000001 R)
b1011010111110000101101011000000 4*
#1178
b1001100111000110001001110000110 f#
b1011010111110000101101011000001 4*
#1179
b1001100111000110001001110000111 P(
b100110100011000 2)
b1011010111110000101101011000010 R)
#1180
b1001100111000110001001110000111 f#
b100110100011100 2)
b1011010111110000101101011000011 R)
b1011010111110000101101011000010 4*
#1181
b10000100011100110100110011000 &#
b1111010110001010110100001110 H$
b1111101010110010001100101101 L&
b1001100111000110001001110001000 P(
b100110100100000 2)
b1011010111110000101101011000100 R)
b1011010111110000101101011000011 4*
#1182
b10000000101110101000111001000 b
b1001100111000110001001110001000 f#
b10010000011001110110001000001 .'
b1111010110001010110100001110 n'
b1001100111000110001001110001001 P(
b1011010111110000101101011000101 R)
b1011010111110000101101011000100 4*
#1183
b1001100111000110001001110001001 f#
b1011010111110000101101011000101 4*
#1184
b1001100111000110001001110001010 P(
b100110100011000 2)
b1011010111110000101101011000110 R)
#1185
b1001100111000110001001110001010 f#
b100110100011100 2)
b1011010111110000101101011000111 R)
b1011010111110000101101011000110 4*
#1186
b10000100011100110100110011001 &#
b1111010110001010110100001111 H$
b1111101010110010001100101110 L&
b1001100111000110001001110001011 P(
b100110100100000 2)
b1011010111110000101101011001000 R)
b1011010111110000101101011000111 4*
#1187
b10000000101110101000111001001 b
b1001100111000110001001110001011 f#
b10010000011001110110001000010 .'
b1111010110001010110100001111 n'
b1001100111000110001001110001100 P(
b1011010111110000101101011001001 R)
b1011010111110000101101011001000 4*
#1188
b1001100111000110001001110001100 f#
b1011010111110000101101011001001 4*
#1189
b1001100111000110001001110001101 P(
b100110100011000 2)
b1011010111110000101101011001010 R)
#1190
b1001100111000110001001110001101 f#
b100110100011100 2)
b1011010111110000101101011001011 R)
b1011010111110000101101011001010 4*
#1191
b10000100011100110100110011010 &#
b1111010110001010110100010000 H$
b1111101010110010001100101111 L&
b1001100111000110001001110001110 P(
b100110100100000 2)
b1011010111110000101101011001100 R)
b1011010111110000101101011001011 4*
#1192
b10000000101110101000111001010 b
b1001100111000110001001110001110 f#
b10010000011001110110001000011 .'
b1111010110001010110100010000 n'
b1001100111000110001001110001111 P(
b1011010111110000101101011001101 R)
b1011010111110000101101011001100 4*
#1193
b1001100111000110001001110001111 f#
b1011010111110000101101011001101 4*
#1194
b1001100111000110001001110010000 P(
b100110100011000 2)
b1011010111110000101101011001110 R)
#1195
b1001100111000110001001110010000 f#
b100110100011100 2)
b1011010111110000101101011001111 R)
b1011010111110000101101011001110 4*
#1196
b10000100011100110100110011011 &#
b1111010110001010110100010001 H$
b1111101010110010001100110000 L&
b1001100111000110001001110010001 P(
b100110100100000 2)
b1011010111110000101101011010000 R)
b1011010111110000101101011001111 4*
#1197
b10000000101110101000111001011 b
b1001100111000110001001110010001 f#
b10010000011001110110001000100 .'
b1111010110001010110100010001 n'
b1001100111000110001001110010010 P(
b1011010111110000101101011010001 R)
b1011010111110000101101011010000 4*
#1198
b1001100111000110001001110010010 f#
b1011010111110000101101011010001 4*
#1199
b1001100111000110001001110010011 P(
b100110100011000 2)
b1011010111110000101101011010010 R)
#1200
b1001100111000110001001110010011 f#
b100110100011100 2)
b1011010111110000101101011010011 R)
b1011010111110000101101011010010 4*
#1201
b10000100011100110100110011100 &#
b1111010110001010110100010010 H$
b1111101010110010001100110001 L&
b1001100111000110001001110010100 P(
b100110100100000 2)
b1011010111110000101101011010100 R)
b1011010111110000101101011010011 4*
#1202
b10000000101110101000111001100 b
b1001100111000110001001110010100 f#
b10010000011001110110001000101 .'
b1111010110001010110100010010 n'
b1001100111000110001001110010101 P(
b1011010111110000101101011010101 R)
b1011010111110000101101011010100 4*
#1203
b1001100111000110001001110010101 f#
b1011010111110000101101011010101 4*
#1204
b1001100111000110001001110010110 P(
b100110100011000 2)
b1011010111110000101101011010110 R)
#1205
b1001100111000110001001110010110 f#
b100110100011100 2)
b1011010111110000101101011010111 R)
b1011010111110000101101011010110 4*
#1206
b10000100011100110100110011101 &#
b1111010110001010110100010011 H$
b1111101010110010001100110010 L&
b1001100111000110001001110010111 P(
b100110100100000 2)
b1011010111110000101101011011000 R)
b1011010111110000101101011010111 4*
#1207
b10000000101110101000111001101 b
b1001100111000110001001110010111 f#
b10010000011001110110001000110 .'
b1111010110001010110100010011 n'
b1001100111000110001001110011000 P(
b1011010111110000101101011011001 R)
b1011010111110000101101011011000 4*
#1208
b1001100111000110001001110011000 f#
b1011010111110000101101011011001 4*
#1209
b1001100111000110001001110011001 P(
b100110100011000 2)
b1011010111110000101101011011010 R)
#1210
b1001100111000110001001110011001 f#
b100110100011100 2)
b1011010111110000101101011011011 R)
b1011010111110000101101011011010 4*
#1211
b10000100011100110100110011110 &#
b1111010110001010110100010100 H$
b1111101010110010001100110011 L&
b1001100111000110001001110011010 P(
b100110100100000 2)
b1011010111110000101101011011100 R)
b1011010111110000101101011011011 4*
#1212
b10000000101110101000111001110 b
b1001100111000110001001110011010 f#
b10010000011001110110001000111 .'
b1111010110001010110100010100 n'
b1001100111000110001001110011011 P(
b1011010111110000101101011011101 R)
b1011010111110000101101011011100 4*
#1213
b1001100111000110001001110011011 f#
b1011010111110000101101011011101 4*
#1214
b1001100111000110001001110011100 P(
b100110100011000 2)
b1011010111110000101101011011110 R)
#1215
b1001100111000110001001110011100 f#
b100110100011100 2)
b1011010111110000101101011011111 R)
b1011010111110000101101011011110 4*
#1216
b10000100011100110100110011111 &#
b1111010110001010110100010101 H$
b1111101010110010001100110100 L&
b1001100111000110001001110011101 P(
b100110100100000 2)
b1011010111110000101101011100000 R)
b1011010111110000101101011011111 4*
#1217
b10000000101110101000111001111 b
b1001100111000110001001110011101 f#
b10010000011001110110001001000 .'
b1111010110001010110100010101 n'
b1001100111000110001001110011110 P(
b1011010111110000101101011100001 R)
b1011010111110000101101011100000 4*
#1218
b1001100111000110001001110011110 f#
b1011010111110000101101011100001 4*
#1219
b1001100111000110001001110011111 P(
b100110100011000 2)
b1011010111110000101101011100010 R)
#1220
b1001100111000110001001110011111 f#
b100110100011100 2)
b1011010111110000101101011100011 R)
b1011010111110000101101011100010 4*
#1221
b10000100011100110100110100000 &#
b1111010110001010110100010110 H$
b1111101010110010001100110101 L&
b1001100111000110001001110100000 P(
b100110100100000 2)
b1011010111110000101101011100100 R)
b1011010111110000101101011100011 4*
#1222
b10000000101110101000111010000 b
b1001100111000110001001110100000 f#
b10010000011001110110001001001 .'
b1111010110001010110100010110 n'
b1001100111000110001001110100001 P(
b1011010111110000101101011100101 R)
b1011010111110000101101011100100 4*
#1223
b1001100111000110001001110100001 f#
b1011010111110000101101011100101 4*
#1224
b1001100111000110001001110100010 P(
b100110100011000 2)
b1011010111110000101101011100110 R)
#1225
b1001100111000110001001110100010 f#
b100110100011100 2)
b1011010111110000101101011100111 R)
b1011010111110000101101011100110 4*
#1226
b10000100011100110100110100001 &#
b1111010110001010110100010111 H$
b1111101010110010001100110110 L&
b1001100111000110001001110100011 P(
b100110100100000 2)
b1011010111110000101101011101000 R)
b1011010111110000101101011100111 4*
#1227
b10000000101110101000111010001 b
b1001100111000110001001110100011 f#
b10010000011001110110001001010 .'
b1111010110001010110100010111 n'
b1001100111000110001001110100100 P(
b1011010111110000101101011101001 R)
b1011010111110000101101011101000 4*
#1228
b1001100111000110001001110100100 f#
b1011010111110000101101011101001 4*
#1229
b1001100111000110001001110100101 P(
b100110100011000 2)
b1011010111110000101101011101010 R)
#1230
b1001100111000110001001110100101 f#
b100110100011100 2)
b1011010111110000101101011101011 R)
b1011010111110000101101011101010 4*
#1231
b10000100011100110100110100010 &#
b1111010110001010110100011000 H$
b1111101010110010001100110111 L&
b1001100111000110001001110100110 P(
b100110100100000 2)
b1011010111110000101101011101100 R)
b1011010111110000101101011101011 4*
#1232
b10000000101110101000111010010 b
b1001100111000110001001110100110 f#
b10010000011001110110001001011 .'
b1111010110001010110100011000 n'
b1001100111000110001001110100111 P(
b1011010111110000101101011101101 R)
b1011010111110000101101011101100 4*
#1233
b1001100111000110001001110100111 f#
b1011010111110000101101011101101 4*
#1234
b1001100111000110001001110101000 P(
b100110100011000 2)
b1011010111110000101101011101110 R)
#1235
b1001100111000110001001110101000 f#
b100110100011100 2)
b1011010111110000101101011101111 R)
b1011010111110000101101011101110 4*
#1236
b10000100011100110100110100011 &#
b1111010110001010110100011001 H$
b1111101010110010001100111000 L&
b1001100111000110001001110101001 P(
b100110100100000 2)
b1011010111110000101101011110000 R)
b1011010111110000101101011101111 4*
#1237
b10000000101110101000111010011 b
b1001100111000110001001110101001 f#
b10010000011001110110001001100 .'
b1111010110001010110100011001 n'
b1001100111000110001001110101010 P(
b1011010111110000101101011110001 R)
b1011010111110000101101011110000 4*
#1238
b1001100111000110001001110101010 f#
b1011010111110000101101011110001 4*
#1239
b1001100111000110001001110101011 P(
b100110100011000 2)
b1011010111110000101101011110010 R)
#1240
b1001100111000110001001110101011 f#
b100110100011100 2)
b1011010111110000101101011110011 R)
b1011010111110000101101011110010 4*
#1241
b10000100011100110100110100100 &#
b1111010110001010110100011010 H$
b1111101010110010001100111001 L&
b1001100111000110001001110101100 P(
b100110100100000 2)
b1011010111110000101101011110100 R)
b1011010111110000101101011110011 4*
#1242
b10000000101110101000111010100 b
b1001100111000110001001110101100 f#
b10010000011001110110001001101 .'
b1111010110001010110100011010 n'
b1001100111000110001001110101101 P(
b1011010111110000101101011110101 R)
b1011010111110000101101011110100 4*
#1243
b1001100111000110001001110101101 f#
b1011010111110000101101011110101 4*
#1244
b1001100111000110001001110101110 P(
b100110100011000 2)
b1011010111110000101101011110110 R)
#1245
b1001100111000110001001110101110 f#
b100110100011100 2)
b1011010111110000101101011110111 R)
b1011010111110000101101011110110 4*
#1246
b10000100011100110100110100101 &#
b1111010110001010110100011011 H$
b1111101010110010001100111010 L&
b1001100111000110001001110101111 P(
b100110100100000 2)
b1011010111110000101101011111000 R)
b1011010111110000101101011110111 4*
#1247
b10000000101110101000111010101 b
b1001100111000110001001110101111 f#
b10010000011001110110001001110 .'
b1111010110001010110100011011 n'
b1001100111000110001001110110000 P(
b1011010111110000101101011111001 R)
b1011010111110000101101011111000 4*
#1248
b1001100111000110001001110110000 f#
b1011010111110000101101011111001 4*
#1249
b1001100111000110001001110110001 P(
b100110100011000 2)
b1011010111110000101101011111010 R)
#1250
b1001100111000110001001110110001 f#
b100110100011100 2)
b1011010111110000101101011111011 R)
b1011010111110000101101011111010 4*
#1251
b10000100011100110100110100110 &#
b1111010110001010110100011100 H$
b1111101010110010001100111011 L&
b1001100111000110001001110110010 P(
b100110100100000 2)
b1011010111110000101101011111100 R)
b1011010111110000101101011111011 4*
#1252
b10000000101110101000111010110 b
b1001100111000110001001110110010 f#
b10010000011001110110001001111 .'
b1111010110001010110100011100 n'
b1001100111000110001001110110011 P(
b1011010111110000101101011111101 R)
b1011010111110000101101011111100 4*
#1253
b1001100111000110001001110110011 f#
b1011010111110000101101011111101 4*
#1254
b1001100111000110001001110110100 P(
b100110100011000 2)
b1011010111110000101101011111110 R)
#1255
b1001100111000110001001110110100 f#
b100110100011100 2)
b1011010111110000101101011111111 R)
b1011010111110000101101011111110 4*
#1256
b10000100011100110100110100111 &#
b1111010110001010110100011101 H$
b1111101010110010001100111100 L&
b1001100111000110001001110110101 P(
b100110100100000 2)
b1011010111110000101101100000000 R)
b1011010111110000101101011111111 4*
#1257
b10000000101110101000111010111 b
b1001100111000110001001110110101 f#
b10010000011001110110001010000 .'
b1111010110001010110100011101 n'
b1001100111000110001001110110110 P(
b1011010111110000101101100000001 R)
b1011010111110000101101100000000 4*
#1258
b1001100111000110001001110110110 f#
b1011010111110000101101100000001 4*
#1259
b1001100111000110001001110110111 P(
b100110100011000 2)
b1011010111110000101101100000010 R)
#1260
b1001100111000110001001110110111 f#
b100110100011100 2)
b1011010111110000101101100000011 R)
b1011010111110000101101100000010 4*
#1261
b10000100011100110100110101000 &#
b1111010110001010110100011110 H$
b1111101010110010001100111101 L&
b1001100111000110001001110111000 P(
b100110100100000 2)
b1011010111110000101101100000100 R)
b1011010111110000101101100000011 4*
#1262
b10000000101110101000111011000 b
b1001100111000110001001110111000 f#
b10010000011001110110001010001 .'
b1111010110001010110100011110 n'
b1001100111000110001001110111001 P(
b1011010111110000101101100000101 R)
b1011010111110000101101100000100 4*
#1263
b1001100111000110001001110111001 f#
b1011010111110000101101100000101 4*
#1264
b1001100111000110001001110111010 P(
b100110100011000 2)
b1011010111110000101101100000110 R)
#1265
b1001100111000110001001110111010 f#
b100110100011100 2)
b1011010111110000101101100000111 R)
b1011010111110000101101100000110 4*
#1266
b10000100011100110100110101001 &#
b1111010110001010110100011111 H$
b1111101010110010001100111110 L&
b1001100111000110001001110111011 P(
b100110100100000 2)
b1011010111110000101101100001000 R)
b1011010111110000101101100000111 4*
#1267
b10000000101110101000111011001 b
b1001100111000110001001110111011 f#
b10010000011001110110001010010 .'
b1111010110001010110100011111 n'
b1001100111000110001001110111100 P(
b1011010111110000101101100001001 R)
b1011010111110000101101100001000 4*
#1268
b1001100111000110001001110111100 f#
b1011010111110000101101100001001 4*
#1269
b1001100111000110001001110111101 P(
b100110100011000 2)
b1011010111110000101101100001010 R)
#1270
b1001100111000110001001110111101 f#
b100110100011100 2)
b1011010111110000101101100001011 R)
b1011010111110000101101100001010 4*
#1271
b10000100011100110100110101010 &#
b1111010110001010110100100000 H$
b1111101010110010001100111111 L&
b1001100111000110001001110111110 P(
b100110100100000 2)
b1011010111110000101101100001100 R)
b1011010111110000101101100001011 4*
#1272
b10000000101110101000111011010 b
b1001100111000110001001110111110 f#
b10010000011001110110001010011 .'
b1111010110001010110100100000 n'
b1001100111000110001001110111111 P(
b1011010111110000101101100001101 R)
b1011010111110000101101100001100 4*
#1273
b1001100111000110001001110111111 f#
b1011010111110000101101100001101 4*
#1274
b1001100111000110001001111000000 P(
b100110100011000 2)
b1011010111110000101101100001110 R)
#1275
b1001100111000110001001111000000 f#
b100110100011100 2)
b1011010111110000101101100001111 R)
b1011010111110000101101100001110 4*
#1276
b10000100011100110100110101011 &#
b1111010110001010110100100001 H$
b1111101010110010001101000000 L&
b1001100111000110001001111000001 P(
b100110100100000 2)
b1011010111110000101101100010000 R)
b1011010111110000101101100001111 4*
#1277
b10000000101110101000111011011 b
b1001100111000110001001111000001 f#
b10010000011001110110001010100 .'
b1111010110001010110100100001 n'
b1001100111000110001001111000010 P(
b1011010111110000101101100010001 R)
b1011010111110000101101100010000 4*
#1278
b1001100111000110001001111000010 f#
b1011010111110000101101100010001 4*
#1279
b1001100111000110001001111000011 P(
b100110100011000 2)
b1011010111110000101101100010010 R)
#1280
b1001100111000110001001111000011 f#
b100110100011100 2)
b1011010111110000101101100010011 R)
b1011010111110000101101100010010 4*
#1281
b10000100011100110100110101100 &#
b1111010110001010110100100010 H$
b1111101010110010001101000001 L&
b1001100111000110001001111000100 P(
b100110100100000 2)
b1011010111110000101101100010100 R)
b1011010111110000101101100010011 4*
#1282
b10000000101110101000111011100 b
b1001100111000110001001111000100 f#
b10010000011001110110001010101 .'
b1111010110001010110100100010 n'
b1001100111000110001001111000101 P(
b1011010111110000101101100010101 R)
b1011010111110000101101100010100 4*
#1283
b1001100111000110001001111000101 f#
b1011010111110000101101100010101 4*
#1284
b1001100111000110001001111000110 P(
b100110100011000 2)
b1011010111110000101101100010110 R)
#1285
b1001100111000110001001111000110 f#
b100110100011100 2)
b1011010111110000101101100010111 R)
b1011010111110000101101100010110 4*
#1286
b10000100011100110100110101101 &#
b1111010110001010110100100011 H$
b1111101010110010001101000010 L&
b1001100111000110001001111000111 P(
b100110100100000 2)
b1011010111110000101101100011000 R)
b1011010111110000101101100010111 4*
#1287
b10000000101110101000111011101 b
b1001100111000110001001111000111 f#
b10010000011001110110001010110 .'
b1111010110001010110100100011 n'
b1001100111000110001001111001000 P(
b1011010111110000101101100011001 R)
b1011010111110000101101100011000 4*
#1288
b1001100111000110001001111001000 f#
b1011010111110000101101100011001 4*
#1289
b1001100111000110001001111001001 P(
b100110100011000 2)
b1011010111110000101101100011010 R)
#1290
b1001100111000110001001111001001 f#
b100110100011100 2)
b1011010111110000101101100011011 R)
b1011010111110000101101100011010 4*
#1291
b10000100011100110100110101110 &#
b1111010110001010110100100100 H$
b1111101010110010001101000011 L&
b1001100111000110001001111001010 P(
b100110100100000 2)
b1011010111110000101101100011100 R)
b1011010111110000101101100011011 4*
#1292
b10000000101110101000111011110 b
b1001100111000110001001111001010 f#
b10010000011001110110001010111 .'
b1111010110001010110100100100 n'
b1001100111000110001001111001011 P(
b1011010111110000101101100011101 R)
b1011010111110000101101100011100 4*
#1293
b1001100111000110001001111001011 f#
b1011010111110000101101100011101 4*
#1294
b1001100111000110001001111001100 P(
b100110100011000 2)
b1011010111110000101101100011110 R)
#1295
b1001100111000110001001111001100 f#
b100110100011100 2)
b1011010111110000101101100011111 R)
b1011010111110000101101100011110 4*
#1296
b10000100011100110100110101111 &#
b1111010110001010110100100101 H$
b1111101010110010001101000100 L&
b1001100111000110001001111001101 P(
b100110100100000 2)
b1011010111110000101101100100000 R)
b1011010111110000101101100011111 4*
#1297
b10000000101110101000111011111 b
b1001100111000110001001111001101 f#
b10010000011001110110001011000 .'
b1111010110001010110100100101 n'
b1001100111000110001001111001110 P(
b1011010111110000101101100100001 R)
b1011010111110000101101100100000 4*
#1298
b1001100111000110001001111001110 f#
b1011010111110000101101100100001 4*
#1299
b1001100111000110001001111001111 P(
b100110100011000 2)
b1011010111110000101101100100010 R)
#1300
b1001100111000110001001111001111 f#
b100110100011100 2)
b1011010111110000101101100100011 R)
b1011010111110000101101100100010 4*
#1301
b10000100011100110100110110000 &#
b1111010110001010110100100110 H$
b1111101010110010001101000101 L&
b1001100111000110001001111010000 P(
b100110100100000 2)
b1011010111110000101101100100100 R)
b1011010111110000101101100100011 4*
#1302
b10000000101110101000111100000 b
b1001100111000110001001111010000 f#
b10010000011001110110001011001 .'
b1111010110001010110100100110 n'
b1001100111000110001001111010001 P(
b1011010111110000101101100100101 R)
b1011010111110000101101100100100 4*
#1303
b1001100111000110001001111010001 f#
b1011010111110000101101100100101 4*
#1304
b1001100111000110001001111010010 P(
b100110100011000 2)
b1011010111110000101101100100110 R)
#1305
b1001100111000110001001111010010 f#
b100110100011100 2)
b1011010111110000101101100100111 R)
b1011010111110000101101100100110 4*
#1306
b10000100011100110100110110001 &#
b1111010110001010110100100111 H$
b1111101010110010001101000110 L&
b1001100111000110001001111010011 P(
b100110100100000 2)
b1011010111110000101101100101000 R)
b1011010111110000101101100100111 4*
#1307
b10000000101110101000111100001 b
b1001100111000110001001111010011 f#
b10010000011001110110001011010 .'
b1111010110001010110100100111 n'
b1001100111000110001001111010100 P(
b1011010111110000101101100101001 R)
b1011010111110000101101100101000 4*
#1308
b1001100111000110001001111010100 f#
b1011010111110000101101100101001 4*
#1309
b1001100111000110001001111010101 P(
b100110100011000 2)
b1011010111110000101101100101010 R)
#1310
b1001100111000110001001111010101 f#
b100110100011100 2)
b1011010111110000101101100101011 R)
b1011010111110000101101100101010 4*
#1311
b10000100011100110100110110010 &#
b1111010110001010110100101000 H$
b1111101010110010001101000111 L&
b1001100111000110001001111010110 P(
b100110100100000 2)
b1011010111110000101101100101100 R)
b1011010111110000101101100101011 4*
#1312
b10000000101110101000111100010 b
b1001100111000110001001111010110 f#
b10010000011001110110001011011 .'
b1111010110001010110100101000 n'
b1001100111000110001001111010111 P(
b1011010111110000101101100101101 R)
b1011010111110000101101100101100 4*
#1313
b1001100111000110001001111010111 f#
b1011010111110000101101100101101 4*
#1314
b1001100111000110001001111011000 P(
b100110100011000 2)
b1011010111110000101101100101110 R)
#1315
b1001100111000110001001111011000 f#
b100110100011100 2)
b1011010111110000101101100101111 R)
b1011010111110000101101100101110 4*
#1316
b10000100011100110100110110011 &#
b1111010110001010110100101001 H$
b1111101010110010001101001000 L&
b1001100111000110001001111011001 P(
b100110100100000 2)
b1011010111110000101101100110000 R)
b1011010111110000101101100101111 4*
#1317
b10000000101110101000111100011 b
b1001100111000110001001111011001 f#
b10010000011001110110001011100 .'
b1111010110001010110100101001 n'
b1001100111000110001001111011010 P(
b1011010111110000101101100110001 R)
b1011010111110000101101100110000 4*
#1318
b1001100111000110001001111011010 f#
b1011010111110000101101100110001 4*
#1319
b1001100111000110001001111011011 P(
b100110100011000 2)
b1011010111110000101101100110010 R)
#1320
b1001100111000110001001111011011 f#
b100110100011100 2)
b1011010111110000101101100110011 R)
b1011010111110000101101100110010 4*
#1321
b10000100011100110100110110100 &#
b1111010110001010110100101010 H$
b1111101010110010001101001001 L&
b1001100111000110001001111011100 P(
b100110100100000 2)
b1011010111110000101101100110100 R)
b1011010111110000101101100110011 4*
#1322
b10000000101110101000111100100 b
b1001100111000110001001111011100 f#
b10010000011001110110001011101 .'
b1111010110001010110100101010 n'
b1001100111000110001001111011101 P(
b1011010111110000101101100110101 R)
b1011010111110000101101100110100 4*
#1323
b1001100111000110001001111011101 f#
b1011010111110000101101100110101 4*
#1324
b1001100111000110001001111011110 P(
b100110100011000 2)
b1011010111110000101101100110110 R)
#1325
b1001100111000110001001111011110 f#
b100110100011100 2)
b1011010111110000101101100110111 R)
b1011010111110000101101100110110 4*
#1326
b10000100011100110100110110101 &#
b1111010110001010110100101011 H$
b1111101010110010001101001010 L&
b1001100111000110001001111011111 P(
b100110100100000 2)
b1011010111110000101101100111000 R)
b1011010111110000101101100110111 4*
#1327
b10000000101110101000111100101 b
b1001100111000110001001111011111 f#
b10010000011001110110001011110 .'
b1111010110001010110100101011 n'
b1001100111000110001001111100000 P(
b1011010111110000101101100111001 R)
b1011010111110000101101100111000 4*
#1328
b1001100111000110001001111100000 f#
b1011010111110000101101100111001 4*
#1329
b1001100111000110001001111100001 P(
b100110100011000 2)
b1011010111110000101101100111010 R)
#1330
b1001100111000110001001111100001 f#
b100110100011100 2)
b1011010111110000101101100111011 R)
b1011010111110000101101100111010 4*
#1331
b10000100011100110100110110110 &#
b1111010110001010110100101100 H$
b1111101010110010001101001011 L&
b1001100111000110001001111100010 P(
b100110100100000 2)
b1011010111110000101101100111100 R)
b1011010111110000101101100111011 4*
#1332
b10000000101110101000111100110 b
b1001100111000110001001111100010 f#
b10010000011001110110001011111 .'
b1111010110001010110100101100 n'
b1001100111000110001001111100011 P(
b1011010111110000101101100111101 R)
b1011010111110000101101100111100 4*
#1333
b1001100111000110001001111100011 f#
b1011010111110000101101100111101 4*
#1334
b1001100111000110001001111100100 P(
b100110100011000 2)
b1011010111110000101101100111110 R)
#1335
b1001100111000110001001111100100 f#
b100110100011100 2)
b1011010111110000101101100111111 R)
b1011010111110000101101100111110 4*
#1336
b10000100011100110100110110111 &#
b1111010110001010110100101101 H$
b1111101010110010001101001100 L&
b1001100111000110001001111100101 P(
b100110100100000 2)
b1011010111110000101101101000000 R)
b1011010111110000101101100111111 4*
#1337
b10000000101110101000111100111 b
b1001100111000110001001111100101 f#
b10010000011001110110001100000 .'
b1111010110001010110100101101 n'
b1001100111000110001001111100110 P(
b1011010111110000101101101000001 R)
b1011010111110000101101101000000 4*
#1338
b1001100111000110001001111100110 f#
b1011010111110000101101101000001 4*
#1339
b1001100111000110001001111100111 P(
b100110100011000 2)
b1011010111110000101101101000010 R)
#1340
b1001100111000110001001111100111 f#
b100110100011100 2)
b1011010111110000101101101000011 R)
b1011010111110000101101101000010 4*
#1341
b10000100011100110100110111000 &#
b1111010110001010110100101110 H$
b1111101010110010001101001101 L&
b1001100111000110001001111101000 P(
b100110100100000 2)
b1011010111110000101101101000100 R)
b1011010111110000101101101000011 4*
#1342
b10000000101110101000111101000 b
b1001100111000110001001111101000 f#
b10010000011001110110001100001 .'
b1111010110001010110100101110 n'
b1001100111000110001001111101001 P(
b1011010111110000101101101000101 R)
b1011010111110000101101101000100 4*
#1343
b1001100111000110001001111101001 f#
b1011010111110000101101101000101 4*
#1344
b1001100111000110001001111101010 P(
b100110100011000 2)
b1011010111110000101101101000110 R)
#1345
b1001100111000110001001111101010 f#
b100110100011100 2)
b1011010111110000101101101000111 R)
b1011010111110000101101101000110 4*
#1346
b10000100011100110100110111001 &#
b1111010110001010110100101111 H$
b1111101010110010001101001110 L&
b1001100111000110001001111101011 P(
b100110100100000 2)
b1011010111110000101101101001000 R)
b1011010111110000101101101000111 4*
#1347
b10000000101110101000111101001 b
b1001100111000110001001111101011 f#
b10010000011001110110001100010 .'
b1111010110001010110100101111 n'
b1001100111000110001001111101100 P(
b1011010111110000101101101001001 R)
b1011010111110000101101101001000 4*
#1348
b1001100111000110001001111101100 f#
b1011010111110000101101101001001 4*
#1349
b1001100111000110001001111101101 P(
b100110100011000 2)
b1011010111110000101101101001010 R)
#1350
b1001100111000110001001111101101 f#
b100110100011100 2)
b1011010111110000101101101001011 R)
b1011010111110000101101101001010 4*
#1351
b10000100011100110100110111010 &#
b1111010110001010110100110000 H$
b1111101010110010001101001111 L&
b1001100111000110001001111101110 P(
b100110100100000 2)
b1011010111110000101101101001100 R)
b1011010111110000101101101001011 4*
#1352
b10000000101110101000111101010 b
b1001100111000110001001111101110 f#
b10010000011001110110001100011 .'
b1111010110001010110100110000 n'
b1001100111000110001001111101111 P(
b1011010111110000101101101001101 R)
b1011010111110000101101101001100 4*
#1353
b1001100111000110001001111101111 f#
b1011010111110000101101101001101 4*
#1354
b1001100111000110001001111110000 P(
b100110100011000 2)
b1011010111110000101101101001110 R)
#1355
b1001100111000110001001111110000 f#
b100110100011100 2)
b1011010111110000101101101001111 R)
b1011010111110000101101101001110 4*
#1356
b10000100011100110100110111011 &#
b1111010110001010110100110001 H$
b1111101010110010001101010000 L&
b1001100111000110001001111110001 P(
b100110100100000 2)
b1011010111110000101101101010000 R)
b1011010111110000101101101001111 4*
#1357
b10000000101110101000111101011 b
b1001100111000110001001111110001 f#
b10010000011001110110001100100 .'
b1111010110001010110100110001 n'
b1001100111000110001001111110010 P(
b1011010111110000101101101010001 R)
b1011010111110000101101101010000 4*
#1358
b1001100111000110001001111110010 f#
b1011010111110000101101101010001 4*
#1359
b1001100111000110001001111110011 P(
b100110100011000 2)
b1011010111110000101101101010010 R)
#1360
b1001100111000110001001111110011 f#
b100110100011100 2)
b1011010111110000101101101010011 R)
b1011010111110000101101101010010 4*
#1361
b10000100011100110100110111100 &#
b1111010110001010110100110010 H$
b1111101010110010001101010001 L&
b1001100111000110001001111110100 P(
b100110100100000 2)
b1011010111110000101101101010100 R)
b1011010111110000101101101010011 4*
#1362
b10000000101110101000111101100 b
b1001100111000110001001111110100 f#
b10010000011001110110001100101 .'
b1111010110001010110100110010 n'
b1001100111000110001001111110101 P(
b1011010111110000101101101010101 R)
b1011010111110000101101101010100 4*
#1363
b1001100111000110001001111110101 f#
b1011010111110000101101101010101 4*
#1364
b1001100111000110001001111110110 P(
b100110100011000 2)
b1011010111110000101101101010110 R)
#1365
b1001100111000110001001111110110 f#
b100110100011100 2)
b1011010111110000101101101010111 R)
b1011010111110000101101101010110 4*
#1366
b10000100011100110100110111101 &#
b1111010110001010110100110011 H$
b1111101010110010001101010010 L&
b1001100111000110001001111110111 P(
b100110100100000 2)
b1011010111110000101101101011000 R)
b1011010111110000101101101010111 4*
#1367
b10000000101110101000111101101 b
b1001100111000110001001111110111 f#
b10010000011001110110001100110 .'
b1111010110001010110100110011 n'
b1001100111000110001001111111000 P(
b1011010111110000101101101011001 R)
b1011010111110000101101101011000 4*
#1368
b1001100111000110001001111111000 f#
b1011010111110000101101101011001 4*
#1369
b1001100111000110001001111111001 P(
b100110100011000 2)
b1011010111110000101101101011010 R)
#1370
b1001100111000110001001111111001 f#
b100110100011100 2)
b1011010111110000101101101011011 R)
b1011010111110000101101101011010 4*
#1371
b10000100011100110100110111110 &#
b1111010110001010110100110100 H$
b1111101010110010001101010011 L&
b1001100111000110001001111111010 P(
b100110100100000 2)
b1011010111110000101101101011100 R)
b1011010111110000101101101011011 4*
#1372
b10000000101110101000111101110 b
b1001100111000110001001111111010 f#
b10010000011001110110001100111 .'
b1111010110001010110100110100 n'
b1001100111000110001001111111011 P(
b1011010111110000101101101011101 R)
b1011010111110000101101101011100 4*
#1373
b1001100111000110001001111111011 f#
b1011010111110000101101101011101 4*
#1374
b1001100111000110001001111111100 P(
b100110100011000 2)
b1011010111110000101101101011110 R)
#1375
b1001100111000110001001111111100 f#
b100110100011100 2)
b1011010111110000101101101011111 R)
b1011010111110000101101101011110 4*
#1376
b10000100011100110100110111111 &#
b1111010110001010110100110101 H$
b1111101010110010001101010100 L&
b1001100111000110001001111111101 P(
b100110100100000 2)
b1011010111110000101101101100000 R)
b1011010111110000101101101011111 4*
#1377
b10000000101110101000111101111 b
b1001100111000110001001111111101 f#
b10010000011001110110001101000 .'
b1111010110001010110100110101 n'
b1001100111000110001001111111110 P(
b1011010111110000101101101100001 R)
b1011010111110000101101101100000 4*
#1378
b1001100111000110001001111111110 f#
b1011010111110000101101101100001 4*
#1379
b1001100111000110001001111111111 P(
b100110100011000 2)
b1011010111110000101101101100010 R)
#1380
b1001100111000110001001111111111 f#
b100110100011100 2)
b1011010111110000101101101100011 R)
b1011010111110000101101101100010 4*
#1381
b10000100011100110100111000000 &#
b1111010110001010110100110110 H$
b1111101010110010001101010101 L&
b1001100111000110001010000000000 P(
b100110100100000 2)
b1011010111110000101101101100100 R)
b1011010111110000101101101100011 4*
#1382
b10000000101110101000111110000 b
b1001100111000110001010000000000 f#
b10010000011001110110001101001 .'
b1111010110001010110100110110 n'
b1001100111000110001010000000001 P(
b1011010111110000101101101100101 R)
b1011010111110000101101101100100 4*
#1383
b1001100111000110001010000000001 f#
b1011010111110000101101101100101 4*
#1384
b1001100111000110001010000000010 P(
b100110100011000 2)
b1011010111110000101101101100110 R)
#1385
b1001100111000110001010000000010 f#
b100110100011100 2)
b1011010111110000101101101100111 R)
b1011010111110000101101101100110 4*
#1386
b10000100011100110100111000001 &#
b1111010110001010110100110111 H$
b1111101010110010001101010110 L&
b1001100111000110001010000000011 P(
b100110100100000 2)
b1011010111110000101101101101000 R)
b1011010111110000101101101100111 4*
#1387
b10000000101110101000111110001 b
b1001100111000110001010000000011 f#
b10010000011001110110001101010 .'
b1111010110001010110100110111 n'
b1001100111000110001010000000100 P(
b1011010111110000101101101101001 R)
b1011010111110000101101101101000 4*
#1388
b1001100111000110001010000000100 f#
b1011010111110000101101101101001 4*
#1389
b1001100111000110001010000000101 P(
b100110100011000 2)
b1011010111110000101101101101010 R)
#1390
b1001100111000110001010000000101 f#
b100110100011100 2)
b1011010111110000101101101101011 R)
b1011010111110000101101101101010 4*
#1391
b10000100011100110100111000010 &#
b1111010110001010110100111000 H$
b1111101010110010001101010111 L&
b1001100111000110001010000000110 P(
b100110100100000 2)
b1011010111110000101101101101100 R)
b1011010111110000101101101101011 4*
#1392
b10000000101110101000111110010 b
b1001100111000110001010000000110 f#
b10010000011001110110001101011 .'
b1111010110001010110100111000 n'
b1001100111000110001010000000111 P(
b1011010111110000101101101101101 R)
b1011010111110000101101101101100 4*
#1393
b1001100111000110001010000000111 f#
b1011010111110000101101101101101 4*
#1394
b1001100111000110001010000001000 P(
b100110100011000 2)
b1011010111110000101101101101110 R)
#1395
b1001100111000110001010000001000 f#
b100110100011100 2)
b1011010111110000101101101101111 R)
b1011010111110000101101101101110 4*
#1396
b10000100011100110100111000011 &#
b1111010110001010110100111001 H$
b1111101010110010001101011000 L&
b1001100111000110001010000001001 P(
b100110100100000 2)
b1011010111110000101101101110000 R)
b1011010111110000101101101101111 4*
#1397
b10000000101110101000111110011 b
b1001100111000110001010000001001 f#
b10010000011001110110001101100 .'
b1111010110001010110100111001 n'
b1001100111000110001010000001010 P(
b1011010111110000101101101110001 R)
b1011010111110000101101101110000 4*
#1398
b1001100111000110001010000001010 f#
b1011010111110000101101101110001 4*
#1399
b1001100111000110001010000001011 P(
b100110100011000 2)
b1011010111110000101101101110010 R)
#1400
b1001100111000110001010000001011 f#
b100110100011100 2)
b1011010111110000101101101110011 R)
b1011010111110000101101101110010 4*
#1401
b10000100011100110100111000100 &#
b1111010110001010110100111010 H$
b1111101010110010001101011001 L&
b1001100111000110001010000001100 P(
b100110100100000 2)
b1011010111110000101101101110100 R)
b1011010111110000101101101110011 4*
#1402
b10000000101110101000111110100 b
b1001100111000110001010000001100 f#
b10010000011001110110001101101 .'
b1111010110001010110100111010 n'
b1001100111000110001010000001101 P(
b1011010111110000101101101110101 R)
b1011010111110000101101101110100 4*
#1403
b1001100111000110001010000001101 f#
b1011010111110000101101101110101 4*
#1404
b1001100111000110001010000001110 P(
b100110100011000 2)
b1011010111110000101101101110110 R)
#1405
b1001100111000110001010000001110 f#
b100110100011100 2)
b1011010111110000101101101110111 R)
b1011010111110000101101101110110 4*
#1406
b10000100011100110100111000101 &#
b1111010110001010110100111011 H$
b1111101010110010001101011010 L&
b1001100111000110001010000001111 P(
b100110100100000 2)
b1011010111110000101101101111000 R)
b1011010111110000101101101110111 4*
#1407
b10000000101110101000111110101 b
b1001100111000110001010000001111 f#
b10010000011001110110001101110 .'
b1111010110001010110100111011 n'
b1001100111000110001010000010000 P(
b1011010111110000101101101111001 R)
b1011010111110000101101101111000 4*
#1408
b1001100111000110001010000010000 f#
b1011010111110000101101101111001 4*
#1409
b1001100111000110001010000010001 P(
b100110100011000 2)
b1011010111110000101101101111010 R)
#1410
b1001100111000110001010000010001 f#
b100110100011100 2)
b1011010111110000101101101111011 R)
b1011010111110000101101101111010 4*
#1411
b10000100011100110100111000110 &#
b1111010110001010110100111100 H$
b1111101010110010001101011011 L&
b1001100111000110001010000010010 P(
b100110100100000 2)
b1011010111110000101101101111100 R)
b1011010111110000101101101111011 4*
#1412
b10000000101110101000111110110 b
b1001100111000110001010000010010 f#
b10010000011001110110001101111 .'
b1111010110001010110100111100 n'
b1001100111000110001010000010011 P(
b1011010111110000101101101111101 R)
b1011010111110000101101101111100 4*
#1413
b1001100111000110001010000010011 f#
b1011010111110000101101101111101 4*
#1414
b1001100111000110001010000010100 P(
b100110100011000 2)
b1011010111110000101101101111110 R)
#1415
b1001100111000110001010000010100 f#
b100110100011100 2)
b1011010111110000101101101111111 R)
b1011010111110000101101101111110 4*
#1416
b10000100011100110100111000111 &#
b1111010110001010110100111101 H$
b1111101010110010001101011100 L&
b1001100111000110001010000010101 P(
b100110100100000 2)
b1011010111110000101101110000000 R)
b1011010111110000101101101111111 4*
#1417
b10000000101110101000111110111 b
b1001100111000110001010000010101 f#
b10010000011001110110001110000 .'
b1111010110001010110100111101 n'
b1001100111000110001010000010110 P(
b1011010111110000101101110000001 R)
b1011010111110000101101110000000 4*
#1418
b1001100111000110001010000010110 f#
b1011010111110000101101110000001 4*
#1419
b1001100111000110001010000010111 P(
b100110100011000 2)
b1011010111110000101101110000010 R)
#1420
b1001100111000110001010000010111 f#
b100110100011100 2)
b1011010111110000101101110000011 R)
b1011010111110000101101110000010 4*
#1421
b10000100011100110100111001000 &#
b1111010110001010110100111110 H$
b1111101010110010001101011101 L&
b1001100111000110001010000011000 P(
b100110100100000 2)
b1011010111110000101101110000100 R)
b1011010111110000101101110000011 4*
#1422
b10000000101110101000111111000 b
b1001100111000110001010000011000 f#
b10010000011001110110001110001 .'
b1111010110001010110100111110 n'
b1001100111000110001010000011001 P(
b1011010111110000101101110000101 R)
b1011010111110000101101110000100 4*
#1423
b1001100111000110001010000011001 f#
b1011010111110000101101110000101 4*
#1424
b1001100111000110001010000011010 P(
b100110100011000 2)
b1011010111110000101101110000110 R)
#1425
b1001100111000110001010000011010 f#
b100110100011100 2)
b1011010111110000101101110000111 R)
b1011010111110000101101110000110 4*
#1426
b10000100011100110100111001001 &#
b1111010110001010110100111111 H$
b1111101010110010001101011110 L&
b1001100111000110001010000011011 P(
b100110100100000 2)
b1011010111110000101101110001000 R)
b1011010111110000101101110000111 4*
#1427
b10000000101110101000111111001 b
b1001100111000110001010000011011 f#
b10010000011001110110001110010 .'
b1111010110001010110100111111 n'
b1001100111000110001010000011100 P(
b1011010111110000101101110001001 R)
b1011010111110000101101110001000 4*
#1428
b1001100111000110001010000011100 f#
b1011010111110000101101110001001 4*
#1429
b1001100111000110001010000011101 P(
b100110100011000 2)
b1011010111110000101101110001010 R)
#1430
b1001100111000110001010000011101 f#
b100110100011100 2)
b1011010111110000101101110001011 R)
b1011010111110000101101110001010 4*
#1431
b10000100011100110100111001010 &#
b1111010110001010110101000000 H$
b1111101010110010001101011111 L&
b1001100111000110001010000011110 P(
b100110100100000 2)
b1011010111110000101101110001100 R)
b1011010111110000101101110001011 4*
#1432
b10000000101110101000111111010 b
b1001100111000110001010000011110 f#
b10010000011001110110001110011 .'
b1111010110001010110101000000 n'
b1001100111000110001010000011111 P(
b1011010111110000101101110001101 R)
b1011010111110000101101110001100 4*
#1433
b1001100111000110001010000011111 f#
b1011010111110000101101110001101 4*
#1434
b1001100111000110001010000100000 P(
b100110100011000 2)
b1011010111110000101101110001110 R)
#1435
b1001100111000110001010000100000 f#
b100110100011100 2)
b1011010111110000101101110001111 R)
b1011010111110000101101110001110 4*
#1436
b10000100011100110100111001011 &#
b1111010110001010110101000001 H$
b1111101010110010001101100000 L&
b1001100111000110001010000100001 P(
b100110100100000 2)
b1011010111110000101101110010000 R)
b1011010111110000101101110001111 4*
#1437
b10000000101110101000111111011 b
b1001100111000110001010000100001 f#
b10010000011001110110001110100 .'
b1111010110001010110101000001 n'
b1001100111000110001010000100010 P(
b1011010111110000101101110010001 R)
b1011010111110000101101110010000 4*
#1438
b1001100111000110001010000100010 f#
b1011010111110000101101110010001 4*
#1439
b1001100111000110001010000100011 P(
b100110100011000 2)
b1011010111110000101101110010010 R)
#1440
b1001100111000110001010000100011 f#
b100110100011100 2)
b1011010111110000101101110010011 R)
b1011010111110000101101110010010 4*
#1441
b10000100011100110100111001100 &#
b1111010110001010110101000010 H$
b1111101010110010001101100001 L&
b1001100111000110001010000100100 P(
b100110100100000 2)
b1011010111110000101101110010100 R)
b1011010111110000101101110010011 4*
#1442
b10000000101110101000111111100 b
b1001100111000110001010000100100 f#
b10010000011001110110001110101 .'
b1111010110001010110101000010 n'
b1001100111000110001010000100101 P(
b1011010111110000101101110010101 R)
b1011010111110000101101110010100 4*
#1443
b1001100111000110001010000100101 f#
b1011010111110000101101110010101 4*
#1444
b1001100111000110001010000100110 P(
b100110100011000 2)
b1011010111110000101101110010110 R)
#1445
b1001100111000110001010000100110 f#
b100110100011100 2)
b1011010111110000101101110010111 R)
b1011010111110000101101110010110 4*
#1446
b10000100011100110100111001101 &#
b1111010110001010110101000011 H$
b1111101010110010001101100010 L&
b1001100111000110001010000100111 P(
b100110100100000 2)
b1011010111110000101101110011000 R)
b1011010111110000101101110010111 4*
#1447
b10000000101110101000111111101 b
b1001100111000110001010000100111 f#
b10010000011001110110001110110 .'
b1111010110001010110101000011 n'
b1001100111000110001010000101000 P(
b1011010111110000101101110011001 R)
b1011010111110000101101110011000 4*
#1448
b1001100111000110001010000101000 f#
b1011010111110000101101110011001 4*
#1449
b1001100111000110001010000101001 P(
b100110100011000 2)
b1011010111110000101101110011010 R)
#1450
b1001100111000110001010000101001 f#
b100110100011100 2)
b1011010111110000101101110011011 R)
b1011010111110000101101110011010 4*
#1451
b10000100011100110100111001110 &#
b1111010110001010110101000100 H$
b1111101010110010001101100011 L&
b1001100111000110001010000101010 P(
b100110100100000 2)
b1011010111110000101101110011100 R)
b1011010111110000101101110011011 4*
#1452
b10000000101110101000111111110 b
b1001100111000110001010000101010 f#
b10010000011001110110001110111 .'
b1111010110001010110101000100 n'
b1001100111000110001010000101011 P(
b1011010111110000101101110011101 R)
b1011010111110000101101110011100 4*
#1453
b1001100111000110001010000101011 f#
b1011010111110000101101110011101 4*
#1454
b1001100111000110001010000101100 P(
b100110100011000 2)
b1011010111110000101101110011110 R)
#1455
b1001100111000110001010000101100 f#
b100110100011100 2)
b1011010111110000101101110011111 R)
b1011010111110000101101110011110 4*
#1456
b10000100011100110100111001111 &#
b1111010110001010110101000101 H$
b1111101010110010001101100100 L&
b1001100111000110001010000101101 P(
b100110100100000 2)
b1011010111110000101101110100000 R)
b1011010111110000101101110011111 4*
#1457
b10000000101110101000111111111 b
b1001100111000110001010000101101 f#
b10010000011001110110001111000 .'
b1111010110001010110101000101 n'
b1001100111000110001010000101110 P(
b1011010111110000101101110100001 R)
b1011010111110000101101110100000 4*
#1458
b1001100111000110001010000101110 f#
b1011010111110000101101110100001 4*
#1459
b1001100111000110001010000101111 P(
b100110100011000 2)
b1011010111110000101101110100010 R)
#1460
b1001100111000110001010000101111 f#
b100110100011100 2)
b1011010111110000101101110100011 R)
b1011010111110000101101110100010 4*
#1461
b10000100011100110100111010000 &#
b1111010110001010110101000110 H$
b1111101010110010001101100101 L&
b1001100111000110001010000110000 P(
b100110100100000 2)
b1011010111110000101101110100100 R)
b1011010111110000101101110100011 4*
#1462
b10000000101110101001000000000 b
b1001100111000110001010000110000 f#
b10010000011001110110001111001 .'
b1111010110001010110101000110 n'
b1001100111000110001010000110001 P(
b1011010111110000101101110100101 R)
b1011010111110000101101110100100 4*
#1463
b1001100111000110001010000110001 f#
b1011010111110000101101110100101 4*
#1464
b1001100111000110001010000110010 P(
b100110100011000 2)
b1011010111110000101101110100110 R)
#1465
b1001100111000110001010000110010 f#
b100110100011100 2)
b1011010111110000101101110100111 R)
b1011010111110000101101110100110 4*
#1466
b10000100011100110100111010001 &#
b1111010110001010110101000111 H$
b1111101010110010001101100110 L&
b1001100111000110001010000110011 P(
b100110100100000 2)
b1011010111110000101101110101000 R)
b1011010111110000101101110100111 4*
#1467
b10000000101110101001000000001 b
b1001100111000110001010000110011 f#
b10010000011001110110001111010 .'
b1111010110001010110101000111 n'
b1001100111000110001010000110100 P(
b1011010111110000101101110101001 R)
b1011010111110000101101110101000 4*
#1468
b1001100111000110001010000110100 f#
b1011010111110000101101110101001 4*
#1469
b1001100111000110001010000110101 P(
b100110100011000 2)
b1011010111110000101101110101010 R)
#1470
b1001100111000110001010000110101 f#
b100110100011100 2)
b1011010111110000101101110101011 R)
b1011010111110000101101110101010 4*
#1471
b10000100011100110100111010010 &#
b1111010110001010110101001000 H$
b1111101010110010001101100111 L&
b1001100111000110001010000110110 P(
b100110100100000 2)
b1011010111110000101101110101100 R)
b1011010111110000101101110101011 4*
#1472
b10000000101110101001000000010 b
b1001100111000110001010000110110 f#
b10010000011001110110001111011 .'
b1111010110001010110101001000 n'
b1001100111000110001010000110111 P(
b1011010111110000101101110101101 R)
b1011010111110000101101110101100 4*
#1473
b1001100111000110001010000110111 f#
b1011010111110000101101110101101 4*
#1474
b1001100111000110001010000111000 P(
b100110100011000 2)
b1011010111110000101101110101110 R)
#1475
b1001100111000110001010000111000 f#
b100110100011100 2)
b1011010111110000101101110101111 R)
b1011010111110000101101110101110 4*
#1476
b10000100011100110100111010011 &#
b1111010110001010110101001001 H$
b1111101010110010001101101000 L&
b1001100111000110001010000111001 P(
b100110100100000 2)
b1011010111110000101101110110000 R)
b1011010111110000101101110101111 4*
#1477
b10000000101110101001000000011 b
b1001100111000110001010000111001 f#
b10010000011001110110001111100 .'
b1111010110001010110101001001 n'
b1001100111000110001010000111010 P(
b1011010111110000101101110110001 R)
b1011010111110000101101110110000 4*
#1478
b1001100111000110001010000111010 f#
b1011010111110000101101110110001 4*
#1479
b1001100111000110001010000111011 P(
b100110100011000 2)
b1011010111110000101101110110010 R)
#1480
b1001100111000110001010000111011 f#
b100110100011100 2)
b1011010111110000101101110110011 R)
b1011010111110000101101110110010 4*
#1481
b10000100011100110100111010100 &#
b1111010110001010110101001010 H$
b1111101010110010001101101001 L&
b1001100111000110001010000111100 P(
b100110100100000 2)
b1011010111110000101101110110100 R)
b1011010111110000101101110110011 4*
#1482
b10000000101110101001000000100 b
b1001100111000110001010000111100 f#
b10010000011001110110001111101 .'
b1111010110001010110101001010 n'
b1001100111000110001010000111101 P(
b1011010111110000101101110110101 R)
b1011010111110000101101110110100 4*
#1483
b1001100111000110001010000111101 f#
b1011010111110000101101110110101 4*
#1484
b1001100111000110001010000111110 P(
b100110100011000 2)
b1011010111110000101101110110110 R)
#1485
b1001100111000110001010000111110 f#
b100110100011100 2)
b1011010111110000101101110110111 R)
b1011010111110000101101110110110 4*
#1486
b10000100011100110100111010101 &#
b1111010110001010110101001011 H$
b1111101010110010001101101010 L&
b1001100111000110001010000111111 P(
b100110100100000 2)
b1011010111110000101101110111000 R)
b1011010111110000101101110110111 4*
#1487
b10000000101110101001000000101 b
b1001100111000110001010000111111 f#
b10010000011001110110001111110 .'
b1111010110001010110101001011 n'
b1001100111000110001010001000000 P(
b1011010111110000101101110111001 R)
b1011010111110000101101110111000 4*
#1488
b1001100111000110001010001000000 f#
b1011010111110000101101110111001 4*
#1489
b1001100111000110001010001000001 P(
b100110100011000 2)
b1011010111110000101101110111010 R)
#1490
b1001100111000110001010001000001 f#
b100110100011100 2)
b1011010111110000101101110111011 R)
b1011010111110000101101110111010 4*
#1491
b10000100011100110100111010110 &#
b1111010110001010110101001100 H$
b1111101010110010001101101011 L&
b1001100111000110001010001000010 P(
b100110100100000 2)
b1011010111110000101101110111100 R)
b1011010111110000101101110111011 4*
#1492
b10000000101110101001000000110 b
b1001100111000110001010001000010 f#
b10010000011001110110001111111 .'
b1111010110001010110101001100 n'
b1001100111000110001010001000011 P(
b1011010111110000101101110111101 R)
b1011010111110000101101110111100 4*
#1493
b1001100111000110001010001000011 f#
b1011010111110000101101110111101 4*
#1494
b1001100111000110001010001000100 P(
b100110100011000 2)
b1011010111110000101101110111110 R)
#1495
b1001100111000110001010001000100 f#
b100110100011100 2)
b1011010111110000101101110111111 R)
b1011010111110000101101110111110 4*
#1496
b10000100011100110100111010111 &#
b1111010110001010110101001101 H$
b1111101010110010001101101100 L&
b1001100111000110001010001000101 P(
b100110100100000 2)
b1011010111110000101101111000000 R)
b1011010111110000101101110111111 4*
#1497
b10000000101110101001000000111 b
b1001100111000110001010001000101 f#
b10010000011001110110010000000 .'
b1111010110001010110101001101 n'
b1001100111000110001010001000110 P(
b1011010111110000101101111000001 R)
b1011010111110000101101111000000 4*
#1498
b1001100111000110001010001000110 f#
b1011010111110000101101111000001 4*
#1499
b1001100111000110001010001000111 P(
b100110100011000 2)
b1011010111110000101101111000010 R)
#1500
b1001100111000110001010001000111 f#
b100110100011100 2)
b1011010111110000101101111000011 R)
b1011010111110000101101111000010 4*
#1501
b10000100011100110100111011000 &#
b1111010110001010110101001110 H$
b1111101010110010001101101101 L&
b1001100111000110001010001001000 P(
b100110100100000 2)
b1011010111110000101101111000100 R)
b1011010111110000101101111000011 4*
#1502
b10000000101110101001000001000 b
b1001100111000110001010001001000 f#
b10010000011001110110010000001 .'
b1111010110001010110101001110 n'
b1001100111000110001010001001001 P(
b1011010111110000101101111000101 R)
b1011010111110000101101111000100 4*
#1503
b1001100111000110001010001001001 f#
b1011010111110000101101111000101 4*
#1504
b1001100111000110001010001001010 P(
b100110100011000 2)
b1011010111110000101101111000110 R)
#1505
b1001100111000110001010001001010 f#
b100110100011100 2)
b1011010111110000101101111000111 R)
b1011010111110000101101111000110 4*
#1506
b10000100011100110100111011001 &#
b1111010110001010110101001111 H$
b1111101010110010001101101110 L&
b1001100111000110001010001001011 P(
b100110100100000 2)
b1011010111110000101101111001000 R)
b1011010111110000101101111000111 4*
#1507
b10000000101110101001000001001 b
b1001100111000110001010001001011 f#
b10010000011001110110010000010 .'
b1111010110001010110101001111 n'
b1001100111000110001010001001100 P(
b1011010111110000101101111001001 R)
b1011010111110000101101111001000 4*
#1508
b1001100111000110001010001001100 f#
b1011010111110000101101111001001 4*
#1509
b1001100111000110001010001001101 P(
b100110100011000 2)
b1011010111110000101101111001010 R)
#1510
b1001100111000110001010001001101 f#
b100110100011100 2)
b1011010111110000101101111001011 R)
b1011010111110000101101111001010 4*
#1511
b10000100011100110100111011010 &#
b1111010110001010110101010000 H$
b1111101010110010001101101111 L&
b1001100111000110001010001001110 P(
b100110100100000 2)
b1011010111110000101101111001100 R)
b1011010111110000101101111001011 4*
#1512
b10000000101110101001000001010 b
b1001100111000110001010001001110 f#
b10010000011001110110010000011 .'
b1111010110001010110101010000 n'
b1001100111000110001010001001111 P(
b1011010111110000101101111001101 R)
b1011010111110000101101111001100 4*
#1513
b1001100111000110001010001001111 f#
b1011010111110000101101111001101 4*
#1514
b1001100111000110001010001010000 P(
b100110100011000 2)
b1011010111110000101101111001110 R)
#1515
b1001100111000110001010001010000 f#
b100110100011100 2)
b1011010111110000101101111001111 R)
b1011010111110000101101111001110 4*
#1516
b10000100011100110100111011011 &#
b1111010110001010110101010001 H$
b1111101010110010001101110000 L&
b1001100111000110001010001010001 P(
b100110100100000 2)
b1011010111110000101101111010000 R)
b1011010111110000101101111001111 4*
#1517
b10000000101110101001000001011 b
b1001100111000110001010001010001 f#
b10010000011001110110010000100 .'
b1111010110001010110101010001 n'
b1001100111000110001010001010010 P(
b1011010111110000101101111010001 R)
b1011010111110000101101111010000 4*
#1518
b1001100111000110001010001010010 f#
b1011010111110000101101111010001 4*
#1519
b1001100111000110001010001010011 P(
b100110100011000 2)
b1011010111110000101101111010010 R)
#1520
b1001100111000110001010001010011 f#
b100110100011100 2)
b1011010111110000101101111010011 R)
b1011010111110000101101111010010 4*
#1521
b10000100011100110100111011100 &#
b1111010110001010110101010010 H$
b1111101010110010001101110001 L&
b1001100111000110001010001010100 P(
b100110100100000 2)
b1011010111110000101101111010100 R)
b1011010111110000101101111010011 4*
#1522
b10000000101110101001000001100 b
b1001100111000110001010001010100 f#
b10010000011001110110010000101 .'
b1111010110001010110101010010 n'
b1001100111000110001010001010101 P(
b1011010111110000101101111010101 R)
b1011010111110000101101111010100 4*
#1523
b1001100111000110001010001010101 f#
b1011010111110000101101111010101 4*
#1524
b1001100111000110001010001010110 P(
b100110100011000 2)
b1011010111110000101101111010110 R)
#1525
b1001100111000110001010001010110 f#
b100110100011100 2)
b1011010111110000101101111010111 R)
b1011010111110000101101111010110 4*
#1526
b10000100011100110100111011101 &#
b1111010110001010110101010011 H$
b1111101010110010001101110010 L&
b1001100111000110001010001010111 P(
b100110100100000 2)
b1011010111110000101101111011000 R)
b1011010111110000101101111010111 4*
#1527
b10000000101110101001000001101 b
b1001100111000110001010001010111 f#
b10010000011001110110010000110 .'
b1111010110001010110101010011 n'
b1001100111000110001010001011000 P(
b1011010111110000101101111011001 R)
b1011010111110000101101111011000 4*
#1528
b1001100111000110001010001011000 f#
b1011010111110000101101111011001 4*
#1529
b1001100111000110001010001011001 P(
b100110100011000 2)
b1011010111110000101101111011010 R)
#1530
b1001100111000110001010001011001 f#
b100110100011100 2)
b1011010111110000101101111011011 R)
b1011010111110000101101111011010 4*
#1531
b10000100011100110100111011110 &#
b1111010110001010110101010100 H$
b1111101010110010001101110011 L&
b1001100111000110001010001011010 P(
b100110100100000 2)
b1011010111110000101101111011100 R)
b1011010111110000101101111011011 4*
#1532
b10000000101110101001000001110 b
b1001100111000110001010001011010 f#
b10010000011001110110010000111 .'
b1111010110001010110101010100 n'
b1001100111000110001010001011011 P(
b1011010111110000101101111011101 R)
b1011010111110000101101111011100 4*
#1533
b1001100111000110001010001011011 f#
b1011010111110000101101111011101 4*
#1534
b1001100111000110001010001011100 P(
b100110100011000 2)
b1011010111110000101101111011110 R)
#1535
b1001100111000110001010001011100 f#
b100110100011100 2)
b1011010111110000101101111011111 R)
b1011010111110000101101111011110 4*
#1536
b10000100011100110100111011111 &#
b1111010110001010110101010101 H$
b1111101010110010001101110100 L&
b1001100111000110001010001011101 P(
b100110100100000 2)
b1011010111110000101101111100000 R)
b1011010111110000101101111011111 4*
#1537
b10000000101110101001000001111 b
b1001100111000110001010001011101 f#
b10010000011001110110010001000 .'
b1111010110001010110101010101 n'
b1001100111000110001010001011110 P(
b1011010111110000101101111100001 R)
b1011010111110000101101111100000 4*
#1538
b1001100111000110001010001011110 f#
b1011010111110000101101111100001 4*
#1539
b1001100111000110001010001011111 P(
b100110100011000 2)
b1011010111110000101101111100010 R)
#1540
b1001100111000110001010001011111 f#
b100110100011100 2)
b1011010111110000101101111100011 R)
b1011010111110000101101111100010 4*
#1541
b10000100011100110100111100000 &#
b1111010110001010110101010110 H$
b1111101010110010001101110101 L&
b1001100111000110001010001100000 P(
b100110100100000 2)
b1011010111110000101101111100100 R)
b1011010111110000101101111100011 4*
#1542
b10000000101110101001000010000 b
b1001100111000110001010001100000 f#
b10010000011001110110010001001 .'
b1111010110001010110101010110 n'
b1001100111000110001010001100001 P(
b1011010111110000101101111100101 R)
b1011010111110000101101111100100 4*
#1543
b1001100111000110001010001100001 f#
b1011010111110000101101111100101 4*
#1544
b1001100111000110001010001100010 P(
b100110100011000 2)
b1011010111110000101101111100110 R)
#1545
b1001100111000110001010001100010 f#
b100110100011100 2)
b1011010111110000101101111100111 R)
b1011010111110000101101111100110 4*
#1546
b10000100011100110100111100001 &#
b1111010110001010110101010111 H$
b1111101010110010001101110110 L&
b1001100111000110001010001100011 P(
b100110100100000 2)
b1011010111110000101101111101000 R)
b1011010111110000101101111100111 4*
#1547
b10000000101110101001000010001 b
b1001100111000110001010001100011 f#
b10010000011001110110010001010 .'
b1111010110001010110101010111 n'
b1001100111000110001010001100100 P(
b1011010111110000101101111101001 R)
b1011010111110000101101111101000 4*
#1548
b1001100111000110001010001100100 f#
b1011010111110000101101111101001 4*
#1549
b1001100111000110001010001100101 P(
b100110100011000 2)
b1011010111110000101101111101010 R)
#1550
b1001100111000110001010001100101 f#
b100110100011100 2)
b1011010111110000101101111101011 R)
b1011010111110000101101111101010 4*
#1551
b10000100011100110100111100010 &#
b1111010110001010110101011000 H$
b1111101010110010001101110111 L&
b1001100111000110001010001100110 P(
b100110100100000 2)
b1011010111110000101101111101100 R)
b1011010111110000101101111101011 4*
#1552
b10000000101110101001000010010 b
b1001100111000110001010001100110 f#
b10010000011001110110010001011 .'
b1111010110001010110101011000 n'
b1001100111000110001010001100111 P(
b1011010111110000101101111101101 R)
b1011010111110000101101111101100 4*
#1553
b1001100111000110001010001100111 f#
b1011010111110000101101111101101 4*
#1554
b1001100111000110001010001101000 P(
b100110100011000 2)
b1011010111110000101101111101110 R)
#1555
b1001100111000110001010001101000 f#
b100110100011100 2)
b1011010111110000101101111101111 R)
b1011010111110000101101111101110 4*
#1556
b10000100011100110100111100011 &#
b1111010110001010110101011001 H$
b1111101010110010001101111000 L&
b1001100111000110001010001101001 P(
b100110100100000 2)
b1011010111110000101101111110000 R)
b1011010111110000101101111101111 4*
#1557
b10000000101110101001000010011 b
b1001100111000110001010001101001 f#
b10010000011001110110010001100 .'
b1111010110001010110101011001 n'
b1001100111000110001010001101010 P(
b1011010111110000101101111110001 R)
b1011010111110000101101111110000 4*
#1558
b1001100111000110001010001101010 f#
b1011010111110000101101111110001 4*
#1559
b1001100111000110001010001101011 P(
b100110100011000 2)
b1011010111110000101101111110010 R)
#1560
b1001100111000110001010001101011 f#
b100110100011100 2)
b1011010111110000101101111110011 R)
b1011010111110000101101111110010 4*
#1561
b10000100011100110100111100100 &#
b1111010110001010110101011010 H$
b1111101010110010001101111001 L&
b1001100111000110001010001101100 P(
b100110100100000 2)
b1011010111110000101101111110100 R)
b1011010111110000101101111110011 4*
#1562
b10000000101110101001000010100 b
b1001100111000110001010001101100 f#
b10010000011001110110010001101 .'
b1111010110001010110101011010 n'
b1001100111000110001010001101101 P(
b1011010111110000101101111110101 R)
b1011010111110000101101111110100 4*
#1563
b1001100111000110001010001101101 f#
b1011010111110000101101111110101 4*
#1564
b1001100111000110001010001101110 P(
b100110100011000 2)
b1011010111110000101101111110110 R)
#1565
b1001100111000110001010001101110 f#
b100110100011100 2)
b1011010111110000101101111110111 R)
b1011010111110000101101111110110 4*
#1566
b10000100011100110100111100101 &#
b1111010110001010110101011011 H$
b1111101010110010001101111010 L&
b1001100111000110001010001101111 P(
b100110100100000 2)
b1011010111110000101101111111000 R)
b1011010111110000101101111110111 4*
#1567
b10000000101110101001000010101 b
b1001100111000110001010001101111 f#
b10010000011001110110010001110 .'
b1111010110001010110101011011 n'
b1001100111000110001010001110000 P(
b1011010111110000101101111111001 R)
b1011010111110000101101111111000 4*
#1568
b1001100111000110001010001110000 f#
b1011010111110000101101111111001 4*
#1569
b1001100111000110001010001110001 P(
b100110100011000 2)
b1011010111110000101101111111010 R)
#1570
b1001100111000110001010001110001 f#
b100110100011100 2)
b1011010111110000101101111111011 R)
b1011010111110000101101111111010 4*
#1571
b10000100011100110100111100110 &#
b1111010110001010110101011100 H$
b1111101010110010001101111011 L&
b1001100111000110001010001110010 P(
b100110100100000 2)
b1011010111110000101101111111100 R)
b1011010111110000101101111111011 4*
#1572
b10000000101110101001000010110 b
b1001100111000110001010001110010 f#
b10010000011001110110010001111 .'
b1111010110001010110101011100 n'
b1001100111000110001010001110011 P(
b1011010111110000101101111111101 R)
b1011010111110000101101111111100 4*
#1573
b1001100111000110001010001110011 f#
b1011010111110000101101111111101 4*
#1574
b1001100111000110001010001110100 P(
b100110100011000 2)
b1011010111110000101101111111110 R)
#1575
b1001100111000110001010001110100 f#
b100110100011100 2)
b1011010111110000101101111111111 R)
b1011010111110000101101111111110 4*
#1576
b10000100011100110100111100111 &#
b1111010110001010110101011101 H$
b1111101010110010001101111100 L&
b1001100111000110001010001110101 P(
b100110100100000 2)
b1011010111110000101110000000000 R)
b1011010111110000101101111111111 4*
#1577
b10000000101110101001000010111 b
b1001100111000110001010001110101 f#
b10010000011001110110010010000 .'
b1111010110001010110101011101 n'
b1001100111000110001010001110110 P(
b1011010111110000101110000000001 R)
b1011010111110000101110000000000 4*
#1578
b1001100111000110001010001110110 f#
b1011010111110000101110000000001 4*
#1579
b1001100111000110001010001110111 P(
b100110100011000 2)
b1011010111110000101110000000010 R)
#1580
b1001100111000110001010001110111 f#
b100110100011100 2)
b1011010111110000101110000000011 R)
b1011010111110000101110000000010 4*
#1581
b10000100011100110100111101000 &#
b1111010110001010110101011110 H$
b1111101010110010001101111101 L&
b1001100111000110001010001111000 P(
b100110100100000 2)
b1011010111110000101110000000100 R)
b1011010111110000101110000000011 4*
#1582
b10000000101110101001000011000 b
b1001100111000110001010001111000 f#
b10010000011001110110010010001 .'
b1111010110001010110101011110 n'
b1001100111000110001010001111001 P(
b1011010111110000101110000000101 R)
b1011010111110000101110000000100 4*
#1583
b1001100111000110001010001111001 f#
b1011010111110000101110000000101 4*
#1584
b1001100111000110001010001111010 P(
b100110100011000 2)
b1011010111110000101110000000110 R)
#1585
b1001100111000110001010001111010 f#
b100110100011100 2)
b1011010111110000101110000000111 R)
b1011010111110000101110000000110 4*
#1586
b10000100011100110100111101001 &#
b1111010110001010110101011111 H$
b1111101010110010001101111110 L&
b1001100111000110001010001111011 P(
b100110100100000 2)
b1011010111110000101110000001000 R)
b1011010111110000101110000000111 4*
#1587
b10000000101110101001000011001 b
b1001100111000110001010001111011 f#
b10010000011001110110010010010 .'
b1111010110001010110101011111 n'
b1001100111000110001010001111100 P(
b1011010111110000101110000001001 R)
b1011010111110000101110000001000 4*
#1588
b1001100111000110001010001111100 f#
b1011010111110000101110000001001 4*
#1589
b1001100111000110001010001111101 P(
b100110100011000 2)
b1011010111110000101110000001010 R)
#1590
b1001100111000110001010001111101 f#
b100110100011100 2)
b1011010111110000101110000001011 R)
b1011010111110000101110000001010 4*
#1591
b10000100011100110100111101010 &#
b1111010110001010110101100000 H$
b1111101010110010001101111111 L&
b1001100111000110001010001111110 P(
b100110100100000 2)
b1011010111110000101110000001100 R)
b1011010111110000101110000001011 4*
#1592
b10000000101110101001000011010 b
b1001100111000110001010001111110 f#
b10010000011001110110010010011 .'
b1111010110001010110101100000 n'
b1001100111000110001010001111111 P(
b1011010111110000101110000001101 R)
b1011010111110000101110000001100 4*
#1593
b1001100111000110001010001111111 f#
b1011010111110000101110000001101 4*
#1594
b1001100111000110001010010000000 P(
b100110100011000 2)
b1011010111110000101110000001110 R)
#1595
b1001100111000110001010010000000 f#
b100110100011100 2)
b1011010111110000101110000001111 R)
b1011010111110000101110000001110 4*
#1596
b10000100011100110100111101011 &#
b1111010110001010110101100001 H$
b1111101010110010001110000000 L&
b1001100111000110001010010000001 P(
b100110100100000 2)
b1011010111110000101110000010000 R)
b1011010111110000101110000001111 4*
#1597
b10000000101110101001000011011 b
b1001100111000110001010010000001 f#
b10010000011001110110010010100 .'
b1111010110001010110101100001 n'
b1001100111000110001010010000010 P(
b1011010111110000101110000010001 R)
b1011010111110000101110000010000 4*
#1598
b1001100111000110001010010000010 f#
b1011010111110000101110000010001 4*
#1599
b1001100111000110001010010000011 P(
b100110100011000 2)
b1011010111110000101110000010010 R)
#1600
b1001100111000110001010010000011 f#
b100110100011100 2)
b1011010111110000101110000010011 R)
b1011010111110000101110000010010 4*
#1601
b10000100011100110100111101100 &#
b1111010110001010110101100010 H$
b1111101010110010001110000001 L&
b1001100111000110001010010000100 P(
b100110100100000 2)
b1011010111110000101110000010100 R)
b1011010111110000101110000010011 4*
#1602
b10000000101110101001000011100 b
b1001100111000110001010010000100 f#
b10010000011001110110010010101 .'
b1111010110001010110101100010 n'
b1001100111000110001010010000101 P(
b1011010111110000101110000010101 R)
b1011010111110000101110000010100 4*
#1603
b1001100111000110001010010000101 f#
b1011010111110000101110000010101 4*
#1604
b1001100111000110001010010000110 P(
b100110100011000 2)
b1011010111110000101110000010110 R)
#1605
b1001100111000110001010010000110 f#
b100110100011100 2)
b1011010111110000101110000010111 R)
b1011010111110000101110000010110 4*
#1606
b10000100011100110100111101101 &#
b1111010110001010110101100011 H$
b1111101010110010001110000010 L&
b1001100111000110001010010000111 P(
b100110100100000 2)
b1011010111110000101110000011000 R)
b1011010111110000101110000010111 4*
#1607
b10000000101110101001000011101 b
b1001100111000110001010010000111 f#
b10010000011001110110010010110 .'
b1111010110001010110101100011 n'
b1001100111000110001010010001000 P(
b1011010111110000101110000011001 R)
b1011010111110000101110000011000 4*
#1608
b1001100111000110001010010001000 f#
b1011010111110000101110000011001 4*
#1609
b1001100111000110001010010001001 P(
b100110100011000 2)
b1011010111110000101110000011010 R)
#1610
b1001100111000110001010010001001 f#
b100110100011100 2)
b1011010111110000101110000011011 R)
b1011010111110000101110000011010 4*
#1611
b10000100011100110100111101110 &#
b1111010110001010110101100100 H$
b1111101010110010001110000011 L&
b1001100111000110001010010001010 P(
b100110100100000 2)
b1011010111110000101110000011100 R)
b1011010111110000101110000011011 4*
#1612
b10000000101110101001000011110 b
b1001100111000110001010010001010 f#
b10010000011001110110010010111 .'
b1111010110001010110101100100 n'
b1001100111000110001010010001011 P(
b1011010111110000101110000011101 R)
b1011010111110000101110000011100 4*
#1613
b1001100111000110001010010001011 f#
b1011010111110000101110000011101 4*
#1614
b1001100111000110001010010001100 P(
b100110100011000 2)
b1011010111110000101110000011110 R)
#1615
b1001100111000110001010010001100 f#
b100110100011100 2)
b1011010111110000101110000011111 R)
b1011010111110000101110000011110 4*
#1616
b10000100011100110100111101111 &#
b1111010110001010110101100101 H$
b1111101010110010001110000100 L&
b1001100111000110001010010001101 P(
b100110100100000 2)
b1011010111110000101110000100000 R)
b1011010111110000101110000011111 4*
#1617
b10000000101110101001000011111 b
b1001100111000110001010010001101 f#
b10010000011001110110010011000 .'
b1111010110001010110101100101 n'
b1001100111000110001010010001110 P(
b1011010111110000101110000100001 R)
b1011010111110000101110000100000 4*
#1618
b1001100111000110001010010001110 f#
b1011010111110000101110000100001 4*
#1619
b1001100111000110001010010001111 P(
b100110100011000 2)
b1011010111110000101110000100010 R)
#1620
b1001100111000110001010010001111 f#
b100110100011100 2)
b1011010111110000101110000100011 R)
b1011010111110000101110000100010 4*
#1621
b10000100011100110100111110000 &#
b1111010110001010110101100110 H$
b1111101010110010001110000101 L&
b1001100111000110001010010010000 P(
b100110100100000 2)
b1011010111110000101110000100100 R)
b1011010111110000101110000100011 4*
#1622
b10000000101110101001000100000 b
b1001100111000110001010010010000 f#
b10010000011001110110010011001 .'
b1111010110001010110101100110 n'
b1001100111000110001010010010001 P(
b1011010111110000101110000100101 R)
b1011010111110000101110000100100 4*
#1623
b1001100111000110001010010010001 f#
b1011010111110000101110000100101 4*
#1624
b1001100111000110001010010010010 P(
b100110100011000 2)
b1011010111110000101110000100110 R)
#1625
b1001100111000110001010010010010 f#
b100110100011100 2)
b1011010111110000101110000100111 R)
b1011010111110000101110000100110 4*
#1626
b10000100011100110100111110001 &#
b1111010110001010110101100111 H$
b1111101010110010001110000110 L&
b1001100111000110001010010010011 P(
b100110100100000 2)
b1011010111110000101110000101000 R)
b1011010111110000101110000100111 4*
#1627
b10000000101110101001000100001 b
b1001100111000110001010010010011 f#
b10010000011001110110010011010 .'
b1111010110001010110101100111 n'
b1001100111000110001010010010100 P(
b1011010111110000101110000101001 R)
b1011010111110000101110000101000 4*
#1628
b1001100111000110001010010010100 f#
b1011010111110000101110000101001 4*
#1629
b1001100111000110001010010010101 P(
b100110100011000 2)
b1011010111110000101110000101010 R)
#1630
b1001100111000110001010010010101 f#
b100110100011100 2)
b1011010111110000101110000101011 R)
b1011010111110000101110000101010 4*
#1631
b10000100011100110100111110010 &#
b1111010110001010110101101000 H$
b1111101010110010001110000111 L&
b1001100111000110001010010010110 P(
b100110100100000 2)
b1011010111110000101110000101100 R)
b1011010111110000101110000101011 4*
#1632
b10000000101110101001000100010 b
b1001100111000110001010010010110 f#
b10010000011001110110010011011 .'
b1111010110001010110101101000 n'
b1001100111000110001010010010111 P(
b1011010111110000101110000101101 R)
b1011010111110000101110000101100 4*
#1633
b1001100111000110001010010010111 f#
b1011010111110000101110000101101 4*
#1634
b1001100111000110001010010011000 P(
b100110100011000 2)
b1011010111110000101110000101110 R)
#1635
b1001100111000110001010010011000 f#
b100110100011100 2)
b1011010111110000101110000101111 R)
b1011010111110000101110000101110 4*
#1636
b10000100011100110100111110011 &#
b1111010110001010110101101001 H$
b1111101010110010001110001000 L&
b1001100111000110001010010011001 P(
b100110100100000 2)
b1011010111110000101110000110000 R)
b1011010111110000101110000101111 4*
#1637
b10000000101110101001000100011 b
b1001100111000110001010010011001 f#
b10010000011001110110010011100 .'
b1111010110001010110101101001 n'
b1001100111000110001010010011010 P(
b1011010111110000101110000110001 R)
b1011010111110000101110000110000 4*
#1638
b1001100111000110001010010011010 f#
b1011010111110000101110000110001 4*
#1639
b1001100111000110001010010011011 P(
b100110100011000 2)
b1011010111110000101110000110010 R)
#1640
b1001100111000110001010010011011 f#
b100110100011100 2)
b1011010111110000101110000110011 R)
b1011010111110000101110000110010 4*
#1641
b10000100011100110100111110100 &#
b1111010110001010110101101010 H$
b1111101010110010001110001001 L&
b1001100111000110001010010011100 P(
b100110100100000 2)
b1011010111110000101110000110100 R)
b1011010111110000101110000110011 4*
#1642
b10000000101110101001000100100 b
b1001100111000110001010010011100 f#
b10010000011001110110010011101 .'
b1111010110001010110101101010 n'
b1001100111000110001010010011101 P(
b1011010111110000101110000110101 R)
b1011010111110000101110000110100 4*
#1643
b1001100111000110001010010011101 f#
b1011010111110000101110000110101 4*
#1644
b1001100111000110001010010011110 P(
b100110100011000 2)
b1011010111110000101110000110110 R)
#1645
b1001100111000110001010010011110 f#
b100110100011100 2)
b1011010111110000101110000110111 R)
b1011010111110000101110000110110 4*
#1646
b10000100011100110100111110101 &#
b1111010110001010110101101011 H$
b1111101010110010001110001010 L&
b1001100111000110001010010011111 P(
b100110100100000 2)
b1011010111110000101110000111000 R)
b1011010111110000101110000110111 4*
#1647
b10000000101110101001000100101 b
b1001100111000110001010010011111 f#
b10010000011001110110010011110 .'
b1111010110001010110101101011 n'
b1001100111000110001010010100000 P(
b1011010111110000101110000111001 R)
b1011010111110000101110000111000 4*
#1648
b1001100111000110001010010100000 f#
b1011010111110000101110000111001 4*
#1649
b1001100111000110001010010100001 P(
b100110100011000 2)
b1011010111110000101110000111010 R)
#1650
b1001100111000110001010010100001 f#
b100110100011100 2)
b1011010111110000101110000111011 R)
b1011010111110000101110000111010 4*
#1651
b10000100011100110100111110110 &#
b1111010110001010110101101100 H$
b1111101010110010001110001011 L&
b1001100111000110001010010100010 P(
b100110100100000 2)
b1011010111110000101110000111100 R)
b1011010111110000101110000111011 4*
#1652
b10000000101110101001000100110 b
b1001100111000110001010010100010 f#
b10010000011001110110010011111 .'
b1111010110001010110101101100 n'
b1001100111000110001010010100011 P(
b1011010111110000101110000111101 R)
b1011010111110000101110000111100 4*
#1653
b1001100111000110001010010100011 f#
b1011010111110000101110000111101 4*
#1654
b1001100111000110001010010100100 P(
b100110100011000 2)
b1011010111110000101110000111110 R)
#1655
b1001100111000110001010010100100 f#
b100110100011100 2)
b1011010111110000101110000111111 R)
b1011010111110000101110000111110 4*
#1656
b10000100011100110100111110111 &#
b1111010110001010110101101101 H$
b1111101010110010001110001100 L&
b1001100111000110001010010100101 P(
b100110100100000 2)
b1011010111110000101110001000000 R)
b1011010111110000101110000111111 4*
#1657
b10000000101110101001000100111 b
b1001100111000110001010010100101 f#
b10010000011001110110010100000 .'
b1111010110001010110101101101 n'
b1001100111000110001010010100110 P(
b1011010111110000101110001000001 R)
b1011010111110000101110001000000 4*
#1658
b1001100111000110001010010100110 f#
b1011010111110000101110001000001 4*
#1659
b1001100111000110001010010100111 P(
b100110100011000 2)
b1011010111110000101110001000010 R)
#1660
b1001100111000110001010010100111 f#
b100110100011100 2)
b1011010111110000101110001000011 R)
b1011010111110000101110001000010 4*
#1661
b10000100011100110100111111000 &#
b1111010110001010110101101110 H$
b1111101010110010001110001101 L&
b1001100111000110001010010101000 P(
b100110100100000 2)
b1011010111110000101110001000100 R)
b1011010111110000101110001000011 4*
#1662
b10000000101110101001000101000 b
b1001100111000110001010010101000 f#
b10010000011001110110010100001 .'
b1111010110001010110101101110 n'
b1001100111000110001010010101001 P(
b1011010111110000101110001000101 R)
b1011010111110000101110001000100 4*
#1663
b1001100111000110001010010101001 f#
b1011010111110000101110001000101 4*
#1664
b1001100111000110001010010101010 P(
b100110100011000 2)
b1011010111110000101110001000110 R)
#1665
b1001100111000110001010010101010 f#
b100110100011100 2)
b1011010111110000101110001000111 R)
b1011010111110000101110001000110 4*
#1666
b10000100011100110100111111001 &#
b1111010110001010110101101111 H$
b1111101010110010001110001110 L&
b1001100111000110001010010101011 P(
b100110100100000 2)
b1011010111110000101110001001000 R)
b1011010111110000101110001000111 4*
#1667
b10000000101110101001000101001 b
b1001100111000110001010010101011 f#
b10010000011001110110010100010 .'
b1111010110001010110101101111 n'
b1001100111000110001010010101100 P(
b1011010111110000101110001001001 R)
b1011010111110000101110001001000 4*
#1668
b1001100111000110001010010101100 f#
b1011010111110000101110001001001 4*
#1669
b1001100111000110001010010101101 P(
b100110100011000 2)
b1011010111110000101110001001010 R)
#1670
b1001100111000110001010010101101 f#
b100110100011100 2)
b1011010111110000101110001001011 R)
b1011010111110000101110001001010 4*
#1671
b10000100011100110100111111010 &#
b1111010110001010110101110000 H$
b1111101010110010001110001111 L&
b1001100111000110001010010101110 P(
b100110100100000 2)
b1011010111110000101110001001100 R)
b1011010111110000101110001001011 4*
#1672
b10000000101110101001000101010 b
b1001100111000110001010010101110 f#
b10010000011001110110010100011 .'
b1111010110001010110101110000 n'
b1001100111000110001010010101111 P(
b1011010111110000101110001001101 R)
b1011010111110000101110001001100 4*
#1673
b1001100111000110001010010101111 f#
b1011010111110000101110001001101 4*
#1674
b1001100111000110001010010110000 P(
b100110100011000 2)
b1011010111110000101110001001110 R)
#1675
b1001100111000110001010010110000 f#
b100110100011100 2)
b1011010111110000101110001001111 R)
b1011010111110000101110001001110 4*
#1676
b10000100011100110100111111011 &#
b1111010110001010110101110001 H$
b1111101010110010001110010000 L&
b1001100111000110001010010110001 P(
b100110100100000 2)
b1011010111110000101110001010000 R)
b1011010111110000101110001001111 4*
#1677
b10000000101110101001000101011 b
b1001100111000110001010010110001 f#
b10010000011001110110010100100 .'
b1111010110001010110101110001 n'
b1001100111000110001010010110010 P(
b1011010111110000101110001010001 R)
b1011010111110000101110001010000 4*
#1678
b1001100111000110001010010110010 f#
b1011010111110000101110001010001 4*
#1679
b1001100111000110001010010110011 P(
b100110100011000 2)
b1011010111110000101110001010010 R)
#1680
b1001100111000110001010010110011 f#
b100110100011100 2)
b1011010111110000101110001010011 R)
b1011010111110000101110001010010 4*
#1681
b10000100011100110100111111100 &#
b1111010110001010110101110010 H$
b1111101010110010001110010001 L&
b1001100111000110001010010110100 P(
b100110100100000 2)
b1011010111110000101110001010100 R)
b1011010111110000101110001010011 4*
#1682
b10000000101110101001000101100 b
b1001100111000110001010010110100 f#
b10010000011001110110010100101 .'
b1111010110001010110101110010 n'
b1001100111000110001010010110101 P(
b1011010111110000101110001010101 R)
b1011010111110000101110001010100 4*
#1683
b1001100111000110001010010110101 f#
b1011010111110000101110001010101 4*
#1684
b1001100111000110001010010110110 P(
b100110100011000 2)
b1011010111110000101110001010110 R)
#1685
b1001100111000110001010010110110 f#
b100110100011100 2)
b1011010111110000101110001010111 R)
b1011010111110000101110001010110 4*
#1686
b10000100011100110100111111101 &#
b1111010110001010110101110011 H$
b1111101010110010001110010010 L&
b1001100111000110001010010110111 P(
b100110100100000 2)
b1011010111110000101110001011000 R)
b1011010111110000101110001010111 4*
#1687
b10000000101110101001000101101 b
b1001100111000110001010010110111 f#
b10010000011001110110010100110 .'
b1111010110001010110101110011 n'
b1001100111000110001010010111000 P(
b1011010111110000101110001011001 R)
b1011010111110000101110001011000 4*
#1688
b1001100111000110001010010111000 f#
b1011010111110000101110001011001 4*
#1689
b1001100111000110001010010111001 P(
b100110100011000 2)
b1011010111110000101110001011010 R)
#1690
b1001100111000110001010010111001 f#
b100110100011100 2)
b1011010111110000101110001011011 R)
b1011010111110000101110001011010 4*
#1691
b10000100011100110100111111110 &#
b1111010110001010110101110100 H$
b1111101010110010001110010011 L&
b1001100111000110001010010111010 P(
b100110100100000 2)
b1011010111110000101110001011100 R)
b1011010111110000101110001011011 4*
#1692
b10000000101110101001000101110 b
b1001100111000110001010010111010 f#
b10010000011001110110010100111 .'
b1111010110001010110101110100 n'
b1001100111000110001010010111011 P(
b1011010111110000101110001011101 R)
b1011010111110000101110001011100 4*
#1693
b1001100111000110001010010111011 f#
b1011010111110000101110001011101 4*
#1694
b1001100111000110001010010111100 P(
b100110100011000 2)
b1011010111110000101110001011110 R)
#1695
b1001100111000110001010010111100 f#
b100110100011100 2)
b1011010111110000101110001011111 R)
b1011010111110000101110001011110 4*
#1696
b10000100011100110100111111111 &#
b1111010110001010110101110101 H$
b1111101010110010001110010100 L&
b1001100111000110001010010111101 P(
b100110100100000 2)
b1011010111110000101110001100000 R)
b1011010111110000101110001011111 4*
#1697
b10000000101110101001000101111 b
b1001100111000110001010010111101 f#
b10010000011001110110010101000 .'
b1111010110001010110101110101 n'
b1001100111000110001010010111110 P(
b1011010111110000101110001100001 R)
b1011010111110000101110001100000 4*
#1698
b1001100111000110001010010111110 f#
b1011010111110000101110001100001 4*
#1699
b1001100111000110001010010111111 P(
b100110100011000 2)
b1011010111110000101110001100010 R)
#1700
b1001100111000110001010010111111 f#
b100110100011100 2)
b1011010111110000101110001100011 R)
b1011010111110000101110001100010 4*
#1701
b10000100011100110101000000000 &#
b1111010110001010110101110110 H$
b1111101010110010001110010101 L&
b1001100111000110001010011000000 P(
b100110100100000 2)
b1011010111110000101110001100100 R)
b1011010111110000101110001100011 4*
#1702
b10000000101110101001000110000 b
b1001100111000110001010011000000 f#
b10010000011001110110010101001 .'
b1111010110001010110101110110 n'
b1001100111000110001010011000001 P(
b1011010111110000101110001100101 R)
b1011010111110000101110001100100 4*
#1703
b1001100111000110001010011000001 f#
b1011010111110000101110001100101 4*
#1704
b1001100111000110001010011000010 P(
b100110100011000 2)
b1011010111110000101110001100110 R)
#1705
b1001100111000110001010011000010 f#
b100110100011100 2)
b1011010111110000101110001100111 R)
b1011010111110000101110001100110 4*
#1706
b10000100011100110101000000001 &#
b1111010110001010110101110111 H$
b1111101010110010001110010110 L&
b1001100111000110001010011000011 P(
b100110100100000 2)
b1011010111110000101110001101000 R)
b1011010111110000101110001100111 4*
#1707
b10000000101110101001000110001 b
b1001100111000110001010011000011 f#
b10010000011001110110010101010 .'
b1111010110001010110101110111 n'
b1001100111000110001010011000100 P(
b1011010111110000101110001101001 R)
b1011010111110000101110001101000 4*
#1708
b1001100111000110001010011000100 f#
b1011010111110000101110001101001 4*
#1709
b1001100111000110001010011000101 P(
b100110100011000 2)
b1011010111110000101110001101010 R)
#1710
b1001100111000110001010011000101 f#
b100110100011100 2)
b1011010111110000101110001101011 R)
b1011010111110000101110001101010 4*
#1711
b10000100011100110101000000010 &#
b1111010110001010110101111000 H$
b1111101010110010001110010111 L&
b1001100111000110001010011000110 P(
b100110100100000 2)
b1011010111110000101110001101100 R)
b1011010111110000101110001101011 4*
#1712
b10000000101110101001000110010 b
b1001100111000110001010011000110 f#
b10010000011001110110010101011 .'
b1111010110001010110101111000 n'
b1001100111000110001010011000111 P(
b1011010111110000101110001101101 R)
b1011010111110000101110001101100 4*
#1713
b1001100111000110001010011000111 f#
b1011010111110000101110001101101 4*
#1714
b1001100111000110001010011001000 P(
b100110100011000 2)
b1011010111110000101110001101110 R)
#1715
b1001100111000110001010011001000 f#
b100110100011100 2)
b1011010111110000101110001101111 R)
b1011010111110000101110001101110 4*
#1716
b10000100011100110101000000011 &#
b1111010110001010110101111001 H$
b1111101010110010001110011000 L&
b1001100111000110001010011001001 P(
b100110100100000 2)
b1011010111110000101110001110000 R)
b1011010111110000101110001101111 4*
#1717
b10000000101110101001000110011 b
b1001100111000110001010011001001 f#
b10010000011001110110010101100 .'
b1111010110001010110101111001 n'
b1001100111000110001010011001010 P(
b1011010111110000101110001110001 R)
b1011010111110000101110001110000 4*
#1718
b1001100111000110001010011001010 f#
b1011010111110000101110001110001 4*
#1719
b1001100111000110001010011001011 P(
b100110100011000 2)
b1011010111110000101110001110010 R)
#1720
b1001100111000110001010011001011 f#
b100110100011100 2)
b1011010111110000101110001110011 R)
b1011010111110000101110001110010 4*
#1721
b10000100011100110101000000100 &#
b1111010110001010110101111010 H$
b1111101010110010001110011001 L&
b1001100111000110001010011001100 P(
b100110100100000 2)
b1011010111110000101110001110100 R)
b1011010111110000101110001110011 4*
#1722
b10000000101110101001000110100 b
b1001100111000110001010011001100 f#
b10010000011001110110010101101 .'
b1111010110001010110101111010 n'
b1001100111000110001010011001101 P(
b1011010111110000101110001110101 R)
b1011010111110000101110001110100 4*
#1723
b1001100111000110001010011001101 f#
b1011010111110000101110001110101 4*
#1724
b1001100111000110001010011001110 P(
b100110100011000 2)
b1011010111110000101110001110110 R)
#1725
b1001100111000110001010011001110 f#
b100110100011100 2)
b1011010111110000101110001110111 R)
b1011010111110000101110001110110 4*
#1726
b10000100011100110101000000101 &#
b1111010110001010110101111011 H$
b1111101010110010001110011010 L&
b1001100111000110001010011001111 P(
b100110100100000 2)
b1011010111110000101110001111000 R)
b1011010111110000101110001110111 4*
#1727
b10000000101110101001000110101 b
b1001100111000110001010011001111 f#
b10010000011001110110010101110 .'
b1111010110001010110101111011 n'
b1001100111000110001010011010000 P(
b1011010111110000101110001111001 R)
b1011010111110000101110001111000 4*
#1728
b1001100111000110001010011010000 f#
b1011010111110000101110001111001 4*
#1729
b1001100111000110001010011010001 P(
b100110100011000 2)
b1011010111110000101110001111010 R)
#1730
b1001100111000110001010011010001 f#
b100110100011100 2)
b1011010111110000101110001111011 R)
b1011010111110000101110001111010 4*
#1731
b10000100011100110101000000110 &#
b1111010110001010110101111100 H$
b1111101010110010001110011011 L&
b1001100111000110001010011010010 P(
b100110100100000 2)
b1011010111110000101110001111100 R)
b1011010111110000101110001111011 4*
#1732
b10000000101110101001000110110 b
b1001100111000110001010011010010 f#
b10010000011001110110010101111 .'
b1111010110001010110101111100 n'
b1001100111000110001010011010011 P(
b1011010111110000101110001111101 R)
b1011010111110000101110001111100 4*
#1733
b1001100111000110001010011010011 f#
b1011010111110000101110001111101 4*
#1734
b1001100111000110001010011010100 P(
b100110100011000 2)
b1011010111110000101110001111110 R)
#1735
b1001100111000110001010011010100 f#
b100110100011100 2)
b1011010111110000101110001111111 R)
b1011010111110000101110001111110 4*
#1736
b10000100011100110101000000111 &#
b1111010110001010110101111101 H$
b1111101010110010001110011100 L&
b1001100111000110001010011010101 P(
b100110100100000 2)
b1011010111110000101110010000000 R)
b1011010111110000101110001111111 4*
#1737
b10000000101110101001000110111 b
b1001100111000110001010011010101 f#
b10010000011001110110010110000 .'
b1111010110001010110101111101 n'
b1001100111000110001010011010110 P(
b1011010111110000101110010000001 R)
b1011010111110000101110010000000 4*
#1738
b1001100111000110001010011010110 f#
b1011010111110000101110010000001 4*
#1739
b1001100111000110001010011010111 P(
b100110100011000 2)
b1011010111110000101110010000010 R)
#1740
b1001100111000110001010011010111 f#
b100110100011100 2)
b1011010111110000101110010000011 R)
b1011010111110000101110010000010 4*
#1741
b10000100011100110101000001000 &#
b1111010110001010110101111110 H$
b1111101010110010001110011101 L&
b1001100111000110001010011011000 P(
b100110100100000 2)
b1011010111110000101110010000100 R)
b1011010111110000101110010000011 4*
#1742
b10000000101110101001000111000 b
b1001100111000110001010011011000 f#
b10010000011001110110010110001 .'
b1111010110001010110101111110 n'
b1001100111000110001010011011001 P(
b1011010111110000101110010000101 R)
b1011010111110000101110010000100 4*
#1743
b1001100111000110001010011011001 f#
b1011010111110000101110010000101 4*
#1744
b1001100111000110001010011011010 P(
b100110100011000 2)
b1011010111110000101110010000110 R)
#1745
b1001100111000110001010011011010 f#
b100110100011100 2)
b1011010111110000101110010000111 R)
b1011010111110000101110010000110 4*
#1746
b10000100011100110101000001001 &#
b1111010110001010110101111111 H$
b1111101010110010001110011110 L&
b1001100111000110001010011011011 P(
b100110100100000 2)
b1011010111110000101110010001000 R)
b1011010111110000101110010000111 4*
#1747
b10000000101110101001000111001 b
b1001100111000110001010011011011 f#
b10010000011001110110010110010 .'
b1111010110001010110101111111 n'
b1001100111000110001010011011100 P(
b1011010111110000101110010001001 R)
b1011010111110000101110010001000 4*
#1748
b1001100111000110001010011011100 f#
b1011010111110000101110010001001 4*
#1749
b1001100111000110001010011011101 P(
b100110100011000 2)
b1011010111110000101110010001010 R)
#1750
b1001100111000110001010011011101 f#
b100110100011100 2)
b1011010111110000101110010001011 R)
b1011010111110000101110010001010 4*
#1751
b10000100011100110101000001010 &#
b1111010110001010110110000000 H$
b1111101010110010001110011111 L&
b1001100111000110001010011011110 P(
b100110100100000 2)
b1011010111110000101110010001100 R)
b1011010111110000101110010001011 4*
#1752
b10000000101110101001000111010 b
b1001100111000110001010011011110 f#
b10010000011001110110010110011 .'
b1111010110001010110110000000 n'
b1001100111000110001010011011111 P(
b1011010111110000101110010001101 R)
b1011010111110000101110010001100 4*
#1753
b1001100111000110001010011011111 f#
b1011010111110000101110010001101 4*
#1754
b1001100111000110001010011100000 P(
b100110100011000 2)
b1011010111110000101110010001110 R)
#1755
b1001100111000110001010011100000 f#
b100110100011100 2)
b1011010111110000101110010001111 R)
b1011010111110000101110010001110 4*
#1756
b10000100011100110101000001011 &#
b1111010110001010110110000001 H$
b1111101010110010001110100000 L&
b1001100111000110001010011100001 P(
b100110100100000 2)
b1011010111110000101110010010000 R)
b1011010111110000101110010001111 4*
#1757
b10000000101110101001000111011 b
b1001100111000110001010011100001 f#
b10010000011001110110010110100 .'
b1111010110001010110110000001 n'
b1001100111000110001010011100010 P(
b1011010111110000101110010010001 R)
b1011010111110000101110010010000 4*
#1758
b1001100111000110001010011100010 f#
b1011010111110000101110010010001 4*
#1759
b1001100111000110001010011100011 P(
b100110100011000 2)
b1011010111110000101110010010010 R)
#1760
b1001100111000110001010011100011 f#
b100110100011100 2)
b1011010111110000101110010010011 R)
b1011010111110000101110010010010 4*
#1761
b10000100011100110101000001100 &#
b1111010110001010110110000010 H$
b1111101010110010001110100001 L&
b1001100111000110001010011100100 P(
b100110100100000 2)
b1011010111110000101110010010100 R)
b1011010111110000101110010010011 4*
#1762
b10000000101110101001000111100 b
b1001100111000110001010011100100 f#
b10010000011001110110010110101 .'
b1111010110001010110110000010 n'
b1001100111000110001010011100101 P(
b1011010111110000101110010010101 R)
b1011010111110000101110010010100 4*
#1763
b1001100111000110001010011100101 f#
b1011010111110000101110010010101 4*
#1764
b1001100111000110001010011100110 P(
b100110100011000 2)
b1011010111110000101110010010110 R)
#1765
b1001100111000110001010011100110 f#
b100110100011100 2)
b1011010111110000101110010010111 R)
b1011010111110000101110010010110 4*
#1766
b10000100011100110101000001101 &#
b1111010110001010110110000011 H$
b1111101010110010001110100010 L&
b1001100111000110001010011100111 P(
b100110100100000 2)
b1011010111110000101110010011000 R)
b1011010111110000101110010010111 4*
#1767
b10000000101110101001000111101 b
b1001100111000110001010011100111 f#
b10010000011001110110010110110 .'
b1111010110001010110110000011 n'
b1001100111000110001010011101000 P(
b1011010111110000101110010011001 R)
b1011010111110000101110010011000 4*
#1768
b1001100111000110001010011101000 f#
b1011010111110000101110010011001 4*
#1769
b1001100111000110001010011101001 P(
b100110100011000 2)
b1011010111110000101110010011010 R)
#1770
b1001100111000110001010011101001 f#
b100110100011100 2)
b1011010111110000101110010011011 R)
b1011010111110000101110010011010 4*
#1771
b10000100011100110101000001110 &#
b1111010110001010110110000100 H$
b1111101010110010001110100011 L&
b1001100111000110001010011101010 P(
b100110100100000 2)
b1011010111110000101110010011100 R)
b1011010111110000101110010011011 4*
#1772
b10000000101110101001000111110 b
b1001100111000110001010011101010 f#
b10010000011001110110010110111 .'
b1111010110001010110110000100 n'
b1001100111000110001010011101011 P(
b1011010111110000101110010011101 R)
b1011010111110000101110010011100 4*
#1773
b1001100111000110001010011101011 f#
b1011010111110000101110010011101 4*
#1774
b1001100111000110001010011101100 P(
b100110100011000 2)
b1011010111110000101110010011110 R)
#1775
b1001100111000110001010011101100 f#
b100110100011100 2)
b1011010111110000101110010011111 R)
b1011010111110000101110010011110 4*
#1776
b10000100011100110101000001111 &#
b1111010110001010110110000101 H$
b1111101010110010001110100100 L&
b1001100111000110001010011101101 P(
b100110100100000 2)
b1011010111110000101110010100000 R)
b1011010111110000101110010011111 4*
#1777
b10000000101110101001000111111 b
b1001100111000110001010011101101 f#
b10010000011001110110010111000 .'
b1111010110001010110110000101 n'
b1001100111000110001010011101110 P(
b1011010111110000101110010100001 R)
b1011010111110000101110010100000 4*
#1778
b1001100111000110001010011101110 f#
b1011010111110000101110010100001 4*
#1779
b1001100111000110001010011101111 P(
b100110100011000 2)
b1011010111110000101110010100010 R)
#1780
b1001100111000110001010011101111 f#
b100110100011100 2)
b1011010111110000101110010100011 R)
b1011010111110000101110010100010 4*
#1781
b10000100011100110101000010000 &#
b1111010110001010110110000110 H$
b1111101010110010001110100101 L&
b1001100111000110001010011110000 P(
b100110100100000 2)
b1011010111110000101110010100100 R)
b1011010111110000101110010100011 4*
#1782
b10000000101110101001001000000 b
b1001100111000110001010011110000 f#
b10010000011001110110010111001 .'
b1111010110001010110110000110 n'
b1001100111000110001010011110001 P(
b1011010111110000101110010100101 R)
b1011010111110000101110010100100 4*
#1783
b1001100111000110001010011110001 f#
b1011010111110000101110010100101 4*
#1784
b1001100111000110001010011110010 P(
b100110100011000 2)
b1011010111110000101110010100110 R)
#1785
b1001100111000110001010011110010 f#
b100110100011100 2)
b1011010111110000101110010100111 R)
b1011010111110000101110010100110 4*
#1786
b10000100011100110101000010001 &#
b1111010110001010110110000111 H$
b1111101010110010001110100110 L&
b1001100111000110001010011110011 P(
b100110100100000 2)
b1011010111110000101110010101000 R)
b1011010111110000101110010100111 4*
#1787
b10000000101110101001001000001 b
b1001100111000110001010011110011 f#
b10010000011001110110010111010 .'
b1111010110001010110110000111 n'
b1001100111000110001010011110100 P(
b1011010111110000101110010101001 R)
b1011010111110000101110010101000 4*
#1788
b1001100111000110001010011110100 f#
b1011010111110000101110010101001 4*
#1789
b1001100111000110001010011110101 P(
b100110100011000 2)
b1011010111110000101110010101010 R)
#1790
b1001100111000110001010011110101 f#
b100110100011100 2)
b1011010111110000101110010101011 R)
b1011010111110000101110010101010 4*
#1791
b10000100011100110101000010010 &#
b1111010110001010110110001000 H$
b1111101010110010001110100111 L&
b1001100111000110001010011110110 P(
b100110100100000 2)
b1011010111110000101110010101100 R)
b1011010111110000101110010101011 4*
#1792
b10000000101110101001001000010 b
b1001100111000110001010011110110 f#
b10010000011001110110010111011 .'
b1111010110001010110110001000 n'
b1001100111000110001010011110111 P(
b1011010111110000101110010101101 R)
b1011010111110000101110010101100 4*
#1793
b1001100111000110001010011110111 f#
b1011010111110000101110010101101 4*
#1794
b1001100111000110001010011111000 P(
b100110100011000 2)
b1011010111110000101110010101110 R)
#1795
b1001100111000110001010011111000 f#
b100110100011100 2)
b1011010111110000101110010101111 R)
b1011010111110000101110010101110 4*
#1796
b10000100011100110101000010011 &#
b1111010110001010110110001001 H$
b1111101010110010001110101000 L&
b1001100111000110001010011111001 P(
b100110100100000 2)
b1011010111110000101110010110000 R)
b1011010111110000101110010101111 4*
#1797
b10000000101110101001001000011 b
b1001100111000110001010011111001 f#
b10010000011001110110010111100 .'
b1111010110001010110110001001 n'
b1001100111000110001010011111010 P(
b1011010111110000101110010110001 R)
b1011010111110000101110010110000 4*
#1798
b1001100111000110001010011111010 f#
b1011010111110000101110010110001 4*
#1799
b1001100111000110001010011111011 P(
b100110100011000 2)
b1011010111110000101110010110010 R)
#1800
b1001100111000110001010011111011 f#
b100110100011100 2)
b1011010111110000101110010110011 R)
b1011010111110000101110010110010 4*
#1801
b10000100011100110101000010100 &#
b1111010110001010110110001010 H$
b1111101010110010001110101001 L&
b1001100111000110001010011111100 P(
b100110100100000 2)
b1011010111110000101110010110100 R)
b1011010111110000101110010110011 4*
#1802
b10000000101110101001001000100 b
b1001100111000110001010011111100 f#
b10010000011001110110010111101 .'
b1111010110001010110110001010 n'
b1001100111000110001010011111101 P(
b1011010111110000101110010110101 R)
b1011010111110000101110010110100 4*
#1803
b1001100111000110001010011111101 f#
b1011010111110000101110010110101 4*
#1804
b1001100111000110001010011111110 P(
b100110100011000 2)
b1011010111110000101110010110110 R)
#1805
b1001100111000110001010011111110 f#
b100110100011100 2)
b1011010111110000101110010110111 R)
b1011010111110000101110010110110 4*
#1806
b10000100011100110101000010101 &#
b1111010110001010110110001011 H$
b1111101010110010001110101010 L&
b1001100111000110001010011111111 P(
b100110100100000 2)
b1011010111110000101110010111000 R)
b1011010111110000101110010110111 4*
#1807
b10000000101110101001001000101 b
b1001100111000110001010011111111 f#
b10010000011001110110010111110 .'
b1111010110001010110110001011 n'
b1001100111000110001010100000000 P(
b1011010111110000101110010111001 R)
b1011010111110000101110010111000 4*
#1808
b1001100111000110001010100000000 f#
b1011010111110000101110010111001 4*
#1809
b1001100111000110001010100000001 P(
b100110100011000 2)
b1011010111110000101110010111010 R)
#1810
b1001100111000110001010100000001 f#
b100110100011100 2)
b1011010111110000101110010111011 R)
b1011010111110000101110010111010 4*
#1811
b10000100011100110101000010110 &#
b1111010110001010110110001100 H$
b1111101010110010001110101011 L&
b1001100111000110001010100000010 P(
b100110100100000 2)
b1011010111110000101110010111100 R)
b1011010111110000101110010111011 4*
#1812
b10000000101110101001001000110 b
b1001100111000110001010100000010 f#
b10010000011001110110010111111 .'
b1111010110001010110110001100 n'
b1001100111000110001010100000011 P(
b1011010111110000101110010111101 R)
b1011010111110000101110010111100 4*
#1813
b1001100111000110001010100000011 f#
b1011010111110000101110010111101 4*
#1814
b1001100111000110001010100000100 P(
b100110100011000 2)
b1011010111110000101110010111110 R)
#1815
b1001100111000110001010100000100 f#
b100110100011100 2)
b1011010111110000101110010111111 R)
b1011010111110000101110010111110 4*
#1816
b10000100011100110101000010111 &#
b1111010110001010110110001101 H$
b1111101010110010001110101100 L&
b1001100111000110001010100000101 P(
b100110100100000 2)
b1011010111110000101110011000000 R)
b1011010111110000101110010111111 4*
#1817
b10000000101110101001001000111 b
b1001100111000110001010100000101 f#
b10010000011001110110011000000 .'
b1111010110001010110110001101 n'
b1001100111000110001010100000110 P(
b1011010111110000101110011000001 R)
b1011010111110000101110011000000 4*
#1818
b1001100111000110001010100000110 f#
b1011010111110000101110011000001 4*
#1819
b1001100111000110001010100000111 P(
b100110100011000 2)
b1011010111110000101110011000010 R)
#1820
b1001100111000110001010100000111 f#
b100110100011100 2)
b1011010111110000101110011000011 R)
b1011010111110000101110011000010 4*
#1821
b10000100011100110101000011000 &#
b1111010110001010110110001110 H$
b1111101010110010001110101101 L&
b1001100111000110001010100001000 P(
b100110100100000 2)
b1011010111110000101110011000100 R)
b1011010111110000101110011000011 4*
#1822
b10000000101110101001001001000 b
b1001100111000110001010100001000 f#
b10010000011001110110011000001 .'
b1111010110001010110110001110 n'
b1001100111000110001010100001001 P(
b1011010111110000101110011000101 R)
b1011010111110000101110011000100 4*
#1823
b1001100111000110001010100001001 f#
b1011010111110000101110011000101 4*
#1824
b1001100111000110001010100001010 P(
b100110100011000 2)
b1011010111110000101110011000110 R)
#1825
b1001100111000110001010100001010 f#
b100110100011100 2)
b1011010111110000101110011000111 R)
b1011010111110000101110011000110 4*
#1826
b10000100011100110101000011001 &#
b1111010110001010110110001111 H$
b1111101010110010001110101110 L&
b1001100111000110001010100001011 P(
b100110100100000 2)
b1011010111110000101110011001000 R)
b1011010111110000101110011000111 4*
#1827
b10000000101110101001001001001 b
b1001100111000110001010100001011 f#
b10010000011001110110011000010 .'
b1111010110001010110110001111 n'
b1001100111000110001010100001100 P(
b1011010111110000101110011001001 R)
b1011010111110000101110011001000 4*
#1828
b1001100111000110001010100001100 f#
b1011010111110000101110011001001 4*
#1829
b1001100111000110001010100001101 P(
b100110100011000 2)
b1011010111110000101110011001010 R)
#1830
b1001100111000110001010100001101 f#
b100110100011100 2)
b1011010111110000101110011001011 R)
b1011010111110000101110011001010 4*
#1831
b10000100011100110101000011010 &#
b1111010110001010110110010000 H$
b1111101010110010001110101111 L&
b1001100111000110001010100001110 P(
b100110100100000 2)
b1011010111110000101110011001100 R)
b1011010111110000101110011001011 4*
#1832
b10000000101110101001001001010 b
b1001100111000110001010100001110 f#
b10010000011001110110011000011 .'
b1111010110001010110110010000 n'
b1001100111000110001010100001111 P(
b1011010111110000101110011001101 R)
b1011010111110000101110011001100 4*
#1833
b1001100111000110001010100001111 f#
b1011010111110000101110011001101 4*
#1834
b1001100111000110001010100010000 P(
b100110100011000 2)
b1011010111110000101110011001110 R)
#1835
b1001100111000110001010100010000 f#
b100110100011100 2)
b1011010111110000101110011001111 R)
b1011010111110000101110011001110 4*
#1836
b10000100011100110101000011011 &#
b1111010110001010110110010001 H$
b1111101010110010001110110000 L&
b1001100111000110001010100010001 P(
b100110100100000 2)
b1011010111110000101110011010000 R)
b1011010111110000101110011001111 4*
#1837
b10000000101110101001001001011 b
b1001100111000110001010100010001 f#
b10010000011001110110011000100 .'
b1111010110001010110110010001 n'
b1001100111000110001010100010010 P(
b1011010111110000101110011010001 R)
b1011010111110000101110011010000 4*
#1838
b1001100111000110001010100010010 f#
b1011010111110000101110011010001 4*
#1839
b1001100111000110001010100010011 P(
b100110100011000 2)
b1011010111110000101110011010010 R)
#1840
b1001100111000110001010100010011 f#
b100110100011100 2)
b1011010111110000101110011010011 R)
b1011010111110000101110011010010 4*
#1841
b10000100011100110101000011100 &#
b1111010110001010110110010010 H$
b1111101010110010001110110001 L&
b1001100111000110001010100010100 P(
b100110100100000 2)
b1011010111110000101110011010100 R)
b1011010111110000101110011010011 4*
#1842
b10000000101110101001001001100 b
b1001100111000110001010100010100 f#
b10010000011001110110011000101 .'
b1111010110001010110110010010 n'
b1001100111000110001010100010101 P(
b1011010111110000101110011010101 R)
b1011010111110000101110011010100 4*
#1843
b1001100111000110001010100010101 f#
b1011010111110000101110011010101 4*
#1844
b1001100111000110001010100010110 P(
b100110100011000 2)
b1011010111110000101110011010110 R)
#1845
b1001100111000110001010100010110 f#
b100110100011100 2)
b1011010111110000101110011010111 R)
b1011010111110000101110011010110 4*
#1846
b10000100011100110101000011101 &#
b1111010110001010110110010011 H$
b1111101010110010001110110010 L&
b1001100111000110001010100010111 P(
b100110100100000 2)
b1011010111110000101110011011000 R)
b1011010111110000101110011010111 4*
#1847
b10000000101110101001001001101 b
b1001100111000110001010100010111 f#
b10010000011001110110011000110 .'
b1111010110001010110110010011 n'
b1001100111000110001010100011000 P(
b1011010111110000101110011011001 R)
b1011010111110000101110011011000 4*
#1848
b1001100111000110001010100011000 f#
b1011010111110000101110011011001 4*
#1849
b1001100111000110001010100011001 P(
b100110100011000 2)
b1011010111110000101110011011010 R)
#1850
b1001100111000110001010100011001 f#
b100110100011100 2)
b1011010111110000101110011011011 R)
b1011010111110000101110011011010 4*
#1851
b10000100011100110101000011110 &#
b1111010110001010110110010100 H$
b1111101010110010001110110011 L&
b1001100111000110001010100011010 P(
b100110100100000 2)
b1011010111110000101110011011100 R)
b1011010111110000101110011011011 4*
#1852
b10000000101110101001001001110 b
b1001100111000110001010100011010 f#
b10010000011001110110011000111 .'
b1111010110001010110110010100 n'
b1001100111000110001010100011011 P(
b1011010111110000101110011011101 R)
b1011010111110000101110011011100 4*
#1853
b1001100111000110001010100011011 f#
b1011010111110000101110011011101 4*
#1854
b1001100111000110001010100011100 P(
b100110100011000 2)
b1011010111110000101110011011110 R)
#1855
b1001100111000110001010100011100 f#
b100110100011100 2)
b1011010111110000101110011011111 R)
b1011010111110000101110011011110 4*
#1856
b10000100011100110101000011111 &#
b1111010110001010110110010101 H$
b1111101010110010001110110100 L&
b1001100111000110001010100011101 P(
b100110100100000 2)
b1011010111110000101110011100000 R)
b1011010111110000101110011011111 4*
#1857
b10000000101110101001001001111 b
b1001100111000110001010100011101 f#
b10010000011001110110011001000 .'
b1111010110001010110110010101 n'
b1001100111000110001010100011110 P(
b1011010111110000101110011100001 R)
b1011010111110000101110011100000 4*
#1858
b1001100111000110001010100011110 f#
b1011010111110000101110011100001 4*
#1859
b1001100111000110001010100011111 P(
b100110100011000 2)
b1011010111110000101110011100010 R)
#1860
b1001100111000110001010100011111 f#
b100110100011100 2)
b1011010111110000101110011100011 R)
b1011010111110000101110011100010 4*
#1861
b10000100011100110101000100000 &#
b1111010110001010110110010110 H$
b1111101010110010001110110101 L&
b1001100111000110001010100100000 P(
b100110100100000 2)
b1011010111110000101110011100100 R)
b1011010111110000101110011100011 4*
#1862
b10000000101110101001001010000 b
b1001100111000110001010100100000 f#
b10010000011001110110011001001 .'
b1111010110001010110110010110 n'
b1001100111000110001010100100001 P(
b1011010111110000101110011100101 R)
b1011010111110000101110011100100 4*
#1863
b1001100111000110001010100100001 f#
b1011010111110000101110011100101 4*
#1864
b1001100111000110001010100100010 P(
b100110100011000 2)
b1011010111110000101110011100110 R)
#1865
b1001100111000110001010100100010 f#
b100110100011100 2)
b1011010111110000101110011100111 R)
b1011010111110000101110011100110 4*
#1866
b10000100011100110101000100001 &#
b1111010110001010110110010111 H$
b1111101010110010001110110110 L&
b1001100111000110001010100100011 P(
b100110100100000 2)
b1011010111110000101110011101000 R)
b1011010111110000101110011100111 4*
#1867
b10000000101110101001001010001 b
b1001100111000110001010100100011 f#
b10010000011001110110011001010 .'
b1111010110001010110110010111 n'
b1001100111000110001010100100100 P(
b1011010111110000101110011101001 R)
b1011010111110000101110011101000 4*
#1868
b1001100111000110001010100100100 f#
b1011010111110000101110011101001 4*
#1869
b1001100111000110001010100100101 P(
b100110100011000 2)
b1011010111110000101110011101010 R)
#1870
b1001100111000110001010100100101 f#
b100110100011100 2)
b1011010111110000101110011101011 R)
b1011010111110000101110011101010 4*
#1871
b10000100011100110101000100010 &#
b1111010110001010110110011000 H$
b1111101010110010001110110111 L&
b1001100111000110001010100100110 P(
b100110100100000 2)
b1011010111110000101110011101100 R)
b1011010111110000101110011101011 4*
#1872
b10000000101110101001001010010 b
b1001100111000110001010100100110 f#
b10010000011001110110011001011 .'
b1111010110001010110110011000 n'
b1001100111000110001010100100111 P(
b1011010111110000101110011101101 R)
b1011010111110000101110011101100 4*
#1873
b1001100111000110001010100100111 f#
b1011010111110000101110011101101 4*
#1874
b1001100111000110001010100101000 P(
b100110100011000 2)
b1011010111110000101110011101110 R)
#1875
b1001100111000110001010100101000 f#
b100110100011100 2)
b1011010111110000101110011101111 R)
b1011010111110000101110011101110 4*
#1876
b10000100011100110101000100011 &#
b1111010110001010110110011001 H$
b1111101010110010001110111000 L&
b1001100111000110001010100101001 P(
b100110100100000 2)
b1011010111110000101110011110000 R)
b1011010111110000101110011101111 4*
#1877
b10000000101110101001001010011 b
b1001100111000110001010100101001 f#
b10010000011001110110011001100 .'
b1111010110001010110110011001 n'
b1001100111000110001010100101010 P(
b1011010111110000101110011110001 R)
b1011010111110000101110011110000 4*
#1878
b1001100111000110001010100101010 f#
b1011010111110000101110011110001 4*
#1879
b1001100111000110001010100101011 P(
b100110100011000 2)
b1011010111110000101110011110010 R)
#1880
b1001100111000110001010100101011 f#
b100110100011100 2)
b1011010111110000101110011110011 R)
b1011010111110000101110011110010 4*
#1881
b10000100011100110101000100100 &#
b1111010110001010110110011010 H$
b1111101010110010001110111001 L&
b1001100111000110001010100101100 P(
b100110100100000 2)
b1011010111110000101110011110100 R)
b1011010111110000101110011110011 4*
#1882
b10000000101110101001001010100 b
b1001100111000110001010100101100 f#
b10010000011001110110011001101 .'
b1111010110001010110110011010 n'
b1001100111000110001010100101101 P(
b1011010111110000101110011110101 R)
b1011010111110000101110011110100 4*
#1883
b1001100111000110001010100101101 f#
b1011010111110000101110011110101 4*
#1884
b1001100111000110001010100101110 P(
b100110100011000 2)
b1011010111110000101110011110110 R)
#1885
b1001100111000110001010100101110 f#
b100110100011100 2)
b1011010111110000101110011110111 R)
b1011010111110000101110011110110 4*
#1886
b10000100011100110101000100101 &#
b1111010110001010110110011011 H$
b1111101010110010001110111010 L&
b1001100111000110001010100101111 P(
b100110100100000 2)
b1011010111110000101110011111000 R)
b1011010111110000101110011110111 4*
#1887
b10000000101110101001001010101 b
b1001100111000110001010100101111 f#
b10010000011001110110011001110 .'
b1111010110001010110110011011 n'
b1001100111000110001010100110000 P(
b1011010111110000101110011111001 R)
b1011010111110000101110011111000 4*
#1888
b1001100111000110001010100110000 f#
b1011010111110000101110011111001 4*
#1889
b1001100111000110001010100110001 P(
b100110100011000 2)
b1011010111110000101110011111010 R)
#1890
b1001100111000110001010100110001 f#
b100110100011100 2)
b1011010111110000101110011111011 R)
b1011010111110000101110011111010 4*
#1891
b10000100011100110101000100110 &#
b1111010110001010110110011100 H$
b1111101010110010001110111011 L&
b1001100111000110001010100110010 P(
b100110100100000 2)
b1011010111110000101110011111100 R)
b1011010111110000101110011111011 4*
#1892
b10000000101110101001001010110 b
b1001100111000110001010100110010 f#
b10010000011001110110011001111 .'
b1111010110001010110110011100 n'
b1001100111000110001010100110011 P(
b1011010111110000101110011111101 R)
b1011010111110000101110011111100 4*
#1893
b1001100111000110001010100110011 f#
b1011010111110000101110011111101 4*
#1894
b1001100111000110001010100110100 P(
b100110100011000 2)
b1011010111110000101110011111110 R)
#1895
b1001100111000110001010100110100 f#
b100110100011100 2)
b1011010111110000101110011111111 R)
b1011010111110000101110011111110 4*
#1896
b10000100011100110101000100111 &#
b1111010110001010110110011101 H$
b1111101010110010001110111100 L&
b1001100111000110001010100110101 P(
b100110100100000 2)
b1011010111110000101110100000000 R)
b1011010111110000101110011111111 4*
#1897
b10000000101110101001001010111 b
b1001100111000110001010100110101 f#
b10010000011001110110011010000 .'
b1111010110001010110110011101 n'
b1001100111000110001010100110110 P(
b1011010111110000101110100000001 R)
b1011010111110000101110100000000 4*
#1898
b1001100111000110001010100110110 f#
b1011010111110000101110100000001 4*
#1899
b1001100111000110001010100110111 P(
b100110100011000 2)
b1011010111110000101110100000010 R)
#1900
b1001100111000110001010100110111 f#
b100110100011100 2)
b1011010111110000101110100000011 R)
b1011010111110000101110100000010 4*
#1901
b10000100011100110101000101000 &#
b1111010110001010110110011110 H$
b1111101010110010001110111101 L&
b1001100111000110001010100111000 P(
b100110100100000 2)
b1011010111110000101110100000100 R)
b1011010111110000101110100000011 4*
#1902
b10000000101110101001001011000 b
b1001100111000110001010100111000 f#
b10010000011001110110011010001 .'
b1111010110001010110110011110 n'
b1001100111000110001010100111001 P(
b1011010111110000101110100000101 R)
b1011010111110000101110100000100 4*
#1903
b1001100111000110001010100111001 f#
b1011010111110000101110100000101 4*
#1904
b1001100111000110001010100111010 P(
b100110100011000 2)
b1011010111110000101110100000110 R)
#1905
b1001100111000110001010100111010 f#
b100110100011100 2)
b1011010111110000101110100000111 R)
b1011010111110000101110100000110 4*
#1906
b10000100011100110101000101001 &#
b1111010110001010110110011111 H$
b1111101010110010001110111110 L&
b1001100111000110001010100111011 P(
b100110100100000 2)
b1011010111110000101110100001000 R)
b1011010111110000101110100000111 4*
#1907
b10000000101110101001001011001 b
b1001100111000110001010100111011 f#
b10010000011001110110011010010 .'
b1111010110001010110110011111 n'
b1001100111000110001010100111100 P(
b1011010111110000101110100001001 R)
b1011010111110000101110100001000 4*
#1908
b1001100111000110001010100111100 f#
b1011010111110000101110100001001 4*
#1909
b1001100111000110001010100111101 P(
b100110100011000 2)
b1011010111110000101110100001010 R)
#1910
b1001100111000110001010100111101 f#
b100110100011100 2)
b1011010111110000101110100001011 R)
b1011010111110000101110100001010 4*
#1911
b10000100011100110101000101010 &#
b1111010110001010110110100000 H$
b1111101010110010001110111111 L&
b1001100111000110001010100111110 P(
b100110100100000 2)
b1011010111110000101110100001100 R)
b1011010111110000101110100001011 4*
#1912
b10000000101110101001001011010 b
b1001100111000110001010100111110 f#
b10010000011001110110011010011 .'
b1111010110001010110110100000 n'
b1001100111000110001010100111111 P(
b1011010111110000101110100001101 R)
b1011010111110000101110100001100 4*
#1913
b1001100111000110001010100111111 f#
b1011010111110000101110100001101 4*
#1914
b1001100111000110001010101000000 P(
b100110100011000 2)
b1011010111110000101110100001110 R)
#1915
b1001100111000110001010101000000 f#
b100110100011100 2)
b1011010111110000101110100001111 R)
b1011010111110000101110100001110 4*
#1916
b10000100011100110101000101011 &#
b1111010110001010110110100001 H$
b1111101010110010001111000000 L&
b1001100111000110001010101000001 P(
b100110100100000 2)
b1011010111110000101110100010000 R)
b1011010111110000101110100001111 4*
#1917
b10000000101110101001001011011 b
b1001100111000110001010101000001 f#
b10010000011001110110011010100 .'
b1111010110001010110110100001 n'
b1001100111000110001010101000010 P(
b1011010111110000101110100010001 R)
b1011010111110000101110100010000 4*
#1918
b1001100111000110001010101000010 f#
b1011010111110000101110100010001 4*
#1919
b1001100111000110001010101000011 P(
b100110100011000 2)
b1011010111110000101110100010010 R)
#1920
b1001100111000110001010101000011 f#
b100110100011100 2)
b1011010111110000101110100010011 R)
b1011010111110000101110100010010 4*
#1921
b10000100011100110101000101100 &#
b1111010110001010110110100010 H$
b1111101010110010001111000001 L&
b1001100111000110001010101000100 P(
b100110100100000 2)
b1011010111110000101110100010100 R)
b1011010111110000101110100010011 4*
#1922
b10000000101110101001001011100 b
b1001100111000110001010101000100 f#
b10010000011001110110011010101 .'
b1111010110001010110110100010 n'
b1001100111000110001010101000101 P(
b1011010111110000101110100010101 R)
b1011010111110000101110100010100 4*
#1923
b1001100111000110001010101000101 f#
b1011010111110000101110100010101 4*
#1924
b1001100111000110001010101000110 P(
b100110100011000 2)
b1011010111110000101110100010110 R)
#1925
b1001100111000110001010101000110 f#
b100110100011100 2)
b1011010111110000101110100010111 R)
b1011010111110000101110100010110 4*
#1926
b10000100011100110101000101101 &#
b1111010110001010110110100011 H$
b1111101010110010001111000010 L&
b1001100111000110001010101000111 P(
b100110100100000 2)
b1011010111110000101110100011000 R)
b1011010111110000101110100010111 4*
#1927
b10000000101110101001001011101 b
b1001100111000110001010101000111 f#
b10010000011001110110011010110 .'
b1111010110001010110110100011 n'
b1001100111000110001010101001000 P(
b1011010111110000101110100011001 R)
b1011010111110000101110100011000 4*
#1928
b1001100111000110001010101001000 f#
b1011010111110000101110100011001 4*
#1929
b1001100111000110001010101001001 P(
b100110100011000 2)
b1011010111110000101110100011010 R)
#1930
b1001100111000110001010101001001 f#
b100110100011100 2)
b1011010111110000101110100011011 R)
b1011010111110000101110100011010 4*
#1931
b10000100011100110101000101110 &#
b1111010110001010110110100100 H$
b1111101010110010001111000011 L&
b1001100111000110001010101001010 P(
b100110100100000 2)
b1011010111110000101110100011100 R)
b1011010111110000101110100011011 4*
#1932
b10000000101110101001001011110 b
b1001100111000110001010101001010 f#
b10010000011001110110011010111 .'
b1111010110001010110110100100 n'
b1001100111000110001010101001011 P(
b1011010111110000101110100011101 R)
b1011010111110000101110100011100 4*
#1933
b1001100111000110001010101001011 f#
b1011010111110000101110100011101 4*
#1934
b1001100111000110001010101001100 P(
b100110100011000 2)
b1011010111110000101110100011110 R)
#1935
b1001100111000110001010101001100 f#
b100110100011100 2)
b1011010111110000101110100011111 R)
b1011010111110000101110100011110 4*
#1936
b10000100011100110101000101111 &#
b1111010110001010110110100101 H$
b1111101010110010001111000100 L&
b1001100111000110001010101001101 P(
b100110100100000 2)
b1011010111110000101110100100000 R)
b1011010111110000101110100011111 4*
#1937
b10000000101110101001001011111 b
b1001100111000110001010101001101 f#
b10010000011001110110011011000 .'
b1111010110001010110110100101 n'
b1001100111000110001010101001110 P(
b1011010111110000101110100100001 R)
b1011010111110000101110100100000 4*
#1938
b1001100111000110001010101001110 f#
b1011010111110000101110100100001 4*
#1939
b1001100111000110001010101001111 P(
b100110100011000 2)
b1011010111110000101110100100010 R)
#1940
b1001100111000110001010101001111 f#
b100110100011100 2)
b1011010111110000101110100100011 R)
b1011010111110000101110100100010 4*
#1941
b10000100011100110101000110000 &#
b1111010110001010110110100110 H$
b1111101010110010001111000101 L&
b1001100111000110001010101010000 P(
b100110100100000 2)
b1011010111110000101110100100100 R)
b1011010111110000101110100100011 4*
#1942
b10000000101110101001001100000 b
b1001100111000110001010101010000 f#
b10010000011001110110011011001 .'
b1111010110001010110110100110 n'
b1001100111000110001010101010001 P(
b1011010111110000101110100100101 R)
b1011010111110000101110100100100 4*
#1943
b1001100111000110001010101010001 f#
b1011010111110000101110100100101 4*
#1944
b1001100111000110001010101010010 P(
b100110100011000 2)
b1011010111110000101110100100110 R)
#1945
b1001100111000110001010101010010 f#
b100110100011100 2)
b1011010111110000101110100100111 R)
b1011010111110000101110100100110 4*
#1946
b10000100011100110101000110001 &#
b1111010110001010110110100111 H$
b1111101010110010001111000110 L&
b1001100111000110001010101010011 P(
b100110100100000 2)
b1011010111110000101110100101000 R)
b1011010111110000101110100100111 4*
#1947
b10000000101110101001001100001 b
b1001100111000110001010101010011 f#
b10010000011001110110011011010 .'
b1111010110001010110110100111 n'
b1001100111000110001010101010100 P(
b1011010111110000101110100101001 R)
b1011010111110000101110100101000 4*
#1948
b1001100111000110001010101010100 f#
b1011010111110000101110100101001 4*
#1949
b1001100111000110001010101010101 P(
b100110100011000 2)
b1011010111110000101110100101010 R)
#1950
b1001100111000110001010101010101 f#
b100110100011100 2)
b1011010111110000101110100101011 R)
b1011010111110000101110100101010 4*
#1951
b101111101010010010111011 "
b10000100011100110101000110010 &#
b1111101010110010001111000111 L&
b1001100111000110001010101010110 P(
b100110100100100 2)
b1011010111110000101110100101100 R)
b1011010111110000101110100101011 4*
1t*
#1952
b10000000101110101001001100010 b
b110100100011010001011101 D"
b1001100111000110001010101010110 f#
b10010000011001110110011011011 .'
b1001100111000110001010101010111 P(
b100110100101000 2)
b1011010111110000101110100101101 R)
b1011010111110000101110100101100 4*
0t*
#1953
b1001100111000110001010101010111 f#
b100110100101100 2)
b1011010111110000101110100101110 R)
b1011010111110000101110100101101 4*
#1954
b100110100110000 2)
b1011010111110000101110100101111 R)
b1011010111110000101110100101110 4*
#1955
b1001100111000110001010101011000 P(
b100110100110100 2)
b1011010111110000101110100110000 R)
b1011010111110000101110100101111 4*
#1956
b10000100011100110101000110011 &#
b1001100111000110001010101011000 f#
b1011010111110000101110100110000 4*
#1957
b10000100011100110101000110100 &#
b1001100111000110001010101011001 P(
b100001000110100 2)
b1011010111110000101110100110001 R)
#1958
b1001100111000110001010101011001 f#
b1001100111000110001010101011010 P(
b100001000111000 2)
b1011010111110000101110100110010 R)
b1011010111110000101110100110001 4*
#1959
b1001100111000110001010101011010 f#
b100001000111100 2)
b1011010111110000101110100110011 R)
b1011010111110000101110100110010 4*
#1960
b100001000101100 2)
b1011010111110000101110100110100 R)
b1011010111110000101110100110011 4*
#1961
b1011010111110000101110100110100 4*
#1962
b1001100111000110001010101011011 P(
b100001000110000 2)
b1011010111110000101110100110101 R)
#1963
b101111101010010010111100 "
b10000100011100110101000110101 &#
b1001100111000110001010101011011 f#
b10011000011100100100010101 *%
b1001100111000110001010101011100 P(
b100001001000000 2)
b1011010111110000101110100110110 R)
b1011010111110000101110100110101 4*
1t*
#1964
b10000000101110101001001100011 b
b110100100011010001011110 D"
b1001100111000110001010101011100 f#
b10011000011100100100010101 j%
b10010000011001110110011011100 .'
b1001100111000110001010101011101 P(
b100001001000100 2)
b1011010111110000101110100110111 R)
b1011010111110000101110100110110 4*
0t*
#1965
b1001100111000110001010101011101 f#
b100001001001000 2)
b1011010111110000101110100111000 R)
b1011010111110000101110100110111 4*
#1966
b100001001001100 2)
b1011010111110000101110100111001 R)
b1011010111110000101110100111000 4*
#1967
b1011010111110000101110100111001 4*
#1968
b1001100111000110001010101011110 P(
b100001001010000 2)
b1011010111110000101110100111010 R)
#1969
b1001100111000110001010101011110 f#
b1011010111110000101110100111010 4*
#1970
b1001100111000110001010101011111 P(
b100001001010100 2)
b1011010111110000101110100111011 R)
#1971
b1001100111000110001010101011111 f#
b1011010111110000101110100111011 4*
#1972
b1001100111000110001010101100000 P(
b100001001011000 2)
b1011010111110000101110100111100 R)
#1973
b1001100111000110001010101100000 f#
b1011010111110000101110100111100 4*
#1974
b1001100111000110001010101100001 P(
b100001001011100 2)
b1011010111110000101110100111101 R)
#1975
b1001100111000110001010101100001 f#
b1011010111110000101110100111101 4*
#1976
b1001100111000110001010101100010 P(
b100001001100000 2)
b1011010111110000101110100111110 R)
#1977
b1001100111000110001010101100010 f#
b1011010111110000101110100111110 4*
#1978
b1001100111000110001010101100011 P(
b100001001100100 2)
b1011010111110000101110100111111 R)
#1979
b1001100111000110001010101100011 f#
b1011010111110000101110100111111 4*
#1980
b1001100111000110001010101100100 P(
b100001001101000 2)
b1011010111110000101110101000000 R)
#1981
b1001100111000110001010101100100 f#
b1011010111110000101110101000000 4*
#1982
b1001100111000110001010101100101 P(
b100001001101100 2)
b1011010111110000101110101000001 R)
#1983
b1001100111000110001010101100101 f#
b1011010111110000101110101000001 4*
#1984
b1001100111000110001010101100110 P(
b100001001110000 2)
b1011010111110000101110101000010 R)
#1985
b10000100011100110101000110110 &#
b1001100111000110001010101100110 f#
b1001100111000110001010101100111 P(
b1100011011100 2)
b1011010111110000101110101000011 R)
b1011010111110000101110101000010 4*
#1986
b1001100111000110001010101100111 f#
b1001100111000110001010101101000 P(
b1100011100000 2)
b1011010111110000101110101000100 R)
b1011010111110000101110101000011 4*
#1987
b1001100111000110001010101101000 f#
b1100011100100 2)
b1011010111110000101110101000101 R)
b1011010111110000101110101000100 4*
#1988
b1111101010110010001111001000 L&
b1011111101000 2)
b1011010111110000101110101000110 R)
b1011010111110000101110101000101 4*
#1989
b10010000011001110110011011101 .'
b1001100111000110001010101101001 P(
b1011111101100 2)
b1011010111110000101110101000111 R)
b1011010111110000101110101000110 4*
#1990
b1001100111000110001010101101001 f#
b1011111110000 2)
b1011010111110000101110101001000 R)
b1011010111110000101110101000111 4*
#1991
b1011111110100 2)
b1011010111110000101110101001001 R)
b1011010111110000101110101001000 4*
#1992
b10000100011100110101000110111 &#
b1111010110001010110110101000 H$
b1011010111110000101110101001001 4*
#1993
b10000000101110101001001100100 b
b10000100011100110101000111000 &#
b1111010110001010110110101001 H$
b1111101010110010001111001001 L&
b1111010110001010110110101000 n'
b1001100111000110001010101101010 P(
b1100111100000 2)
b1011010111110000101110101001010 R)
#1994
b10000000101110101001001100101 b
b1001100111000110001010101101010 f#
b10010000011001110110011011110 .'
b1111010110001010110110101001 n'
b1001100111000110001010101101011 P(
b1100111100100 2)
b1011010111110000101110101001011 R)
b1011010111110000101110101001010 4*
#1995
b1001100111000110001010101101011 f#
b1100111101000 2)
b1011010111110000101110101001100 R)
b1011010111110000101110101001011 4*
#1996
b1111101010110010001111001010 L&
b100010110000000 2)
b1011010111110000101110101001101 R)
b1011010111110000101110101001100 4*
#1997
b10010000011001110110011011111 .'
b1001100111000110001010101101100 P(
b100010110000100 2)
b1011010111110000101110101001110 R)
b1011010111110000101110101001101 4*
#1998
b1001100111000110001010101101100 f#
b100010110001000 2)
b1011010111110000101110101001111 R)
b1011010111110000101110101001110 4*
#1999
b1011010111110000101110101010000 R)
b1011010111110000101110101001111 4*
#2000
b1011010111110000101110101010000 4*
#2001
b1001100111000110001010101101101 P(
b100010110001100 2)
b1011010111110000101110101010001 R)
#2002
b1001100111000110001010101101101 f#
b100010110010000 2)
b1011010111110000101110101010010 R)
b1011010111110000101110101010001 4*
#2003
b1001100111000110001010101101110 P(
b100010110010100 2)
b1011010111110000101110101010011 R)
b1011010111110000101110101010010 4*
#2004
b1001100111000110001010101101110 f#
b1011010111110000101110101010011 4*
#2005
b1001100111000110001010101101111 P(
b1011010111110000101110101010100 R)
#2006
b1001100111000110001010101101111 f#
b1011010111110000101110101010100 4*
#2007
b1001100111000110001010101110000 P(
b100010110011000 2)
b1011010111110000101110101010101 R)
#2008
b1001100111000110001010101110000 f#
b100010110011100 2)
b1011010111110000101110101010110 R)
b1011010111110000101110101010101 4*
#2009
b10000100011100110101000111001 &#
b1111010110001010110110101010 H$
b1111101010110010001111001011 L&
b1001100111000110001010101110001 P(
b100010110100000 2)
b1011010111110000101110101010111 R)
b1011010111110000101110101010110 4*
#2010
b10000000101110101001001100110 b
b1001100111000110001010101110001 f#
b10010000011001110110011100000 .'
b1111010110001010110110101010 n'
b1001100111000110001010101110010 P(
b100010110100100 2)
b1011010111110000101110101011000 R)
b1011010111110000101110101010111 4*
#2011
b1001100111000110001010101110010 f#
b1001100111000110001010101110011 P(
b100010110101000 2)
b1011010111110000101110101011001 R)
b1011010111110000101110101011000 4*
#2012
b1001100111000110001010101110011 f#
b1001100111000110001010101110100 P(
b100010110101100 2)
b1011010111110000101110101011010 R)
b1011010111110000101110101011001 4*
#2013
b1001100111000110001010101110100 f#
b1011010111110000101110101011010 4*
#2014
b1001100111000110001010101110101 P(
b100010110110000 2)
b1011010111110000101110101011011 R)
#2015
b10000100011100110101000111010 &#
b1001100111000110001010101110101 f#
b1011010111110000101110101011011 4*
#2016
b10000100011100110101000111011 &#
b1001100111000110001010101110110 P(
b1011111110000 2)
b1011010111110000101110101011100 R)
#2017
b1001100111000110001010101110110 f#
b1001100111000110001010101110111 P(
b1011111110100 2)
b1011010111110000101110101011101 R)
b1011010111110000101110101011100 4*
#2018
b1001100111000110001010101110111 f#
b1011111111000 2)
b1011010111110000101110101011110 R)
b1011010111110000101110101011101 4*
#2019
b1011111111100 2)
b1011010111110000101110101011111 R)
b1011010111110000101110101011110 4*
#2020
b10000100011100110101000111100 &#
b1111010110001010110110101011 H$
b1111101010110010001111001100 L&
b1001100111000110001010101111000 P(
b1101001110000 2)
b1011010111110000101110101100000 R)
b1011010111110000101110101011111 4*
#2021
b10000000101110101001001100111 b
b1001100111000110001010101111000 f#
b10010000011001110110011100001 .'
b1111010110001010110110101011 n'
b1001100111000110001010101111001 P(
b1101001110100 2)
b1011010111110000101110101100001 R)
b1011010111110000101110101100000 4*
#2022
b1001100111000110001010101111001 f#
b1101001111000 2)
b1011010111110000101110101100010 R)
b1011010111110000101110101100001 4*
#2023
b1101001111100 2)
b1011010111110000101110101100011 R)
b1011010111110000101110101100010 4*
#2024
b10000100011100110101000111101 &#
b1011010111110000101110101100011 4*
#2025
b10000100011100110101000111110 &#
b1001100111000110001010101111010 P(
b1011111111000 2)
b1011010111110000101110101100100 R)
#2026
b1001100111000110001010101111010 f#
b1001100111000110001010101111011 P(
b1011111111100 2)
b1011010111110000101110101100101 R)
b1011010111110000101110101100100 4*
#2027
b1001100111000110001010101111011 f#
b1100000000000 2)
b1011010111110000101110101100110 R)
b1011010111110000101110101100101 4*
#2028
b1100000000100 2)
b1011010111110000101110101100111 R)
b1011010111110000101110101100110 4*
#2029
b1011010111110000101110101100111 4*
#2030
b1001100111000110001010101111100 P(
b1100000001000 2)
b1011010111110000101110101101000 R)
#2031
b1001100111000110001010101111100 f#
b1011010111110000101110101101000 4*
#2032
b1001100111000110001010101111101 P(
b1100000001100 2)
b1011010111110000101110101101001 R)
#2033
b1001100111000110001010101111101 f#
b1011010111110000101110101101001 4*
#2034
b1001100111000110001010101111110 P(
b1100000010000 2)
b1011010111110000101110101101010 R)
#2035
b1001100111000110001010101111110 f#
b1011010111110000101110101101010 4*
#2036
b1001100111000110001010101111111 P(
b1100000010100 2)
b1011010111110000101110101101011 R)
#2037
b1001100111000110001010101111111 f#
b1011010111110000101110101101011 4*
#2038
b1001100111000110001010110000000 P(
b1100000011000 2)
b1011010111110000101110101101100 R)
#2039
b1001100111000110001010110000000 f#
b1011010111110000101110101101100 4*
#2040
b1001100111000110001010110000001 P(
b1100000011100 2)
b1011010111110000101110101101101 R)
#2041
b1001100111000110001010110000001 f#
b1011010111110000101110101101101 4*
#2042
b1001100111000110001010110000010 P(
b1100000100000 2)
b1011010111110000101110101101110 R)
#2043
b1001100111000110001010110000010 f#
b1011010111110000101110101101110 4*
#2044
b1001100111000110001010110000011 P(
b1100000100100 2)
b1011010111110000101110101101111 R)
#2045
b1001100111000110001010110000011 f#
b1011010111110000101110101101111 4*
#2046
b1001100111000110001010110000100 P(
b1100000101000 2)
b1011010111110000101110101110000 R)
#2047
b1001100111000110001010110000100 f#
b1011010111110000101110101110000 4*
#2048
b1001100111000110001010110000101 P(
b1100000101100 2)
b1011010111110000101110101110001 R)
1u*
#2049
b1001100111000110001010110000101 f#
b1011010111110000101110101110001 4*
#2050
b1001100111000110001010110000110 P(
b1100000110000 2)
b1011010111110000101110101110010 R)
#2051
b1001100111000110001010110000110 f#
b1001100111000110001010110000111 P(
b1100000110100 2)
b1011010111110000101110101110011 R)
b1011010111110000101110101110010 4*
#2052
b10000100011100110101000111111 &#
b1001100111000110001010110000111 f#
b1001100111000110001010110001000 P(
b11001100110000 2)
b1011010111110000101110101110100 R)
b1011010111110000101110101110011 4*
#2053
b1001100111000110001010110001000 f#
b1001100111000110001010110001001 P(
b11001100110100 2)
b1011010111110000101110101110101 R)
b1011010111110000101110101110100 4*
#2054
b1001100111000110001010110001001 f#
b11001100111000 2)
b1011010111110000101110101110110 R)
b1011010111110000101110101110101 4*
#2055
b11001100111100 2)
b1011010111110000101110101110111 R)
b1011010111110000101110101110110 4*
#2056
b1001100111000110001010110001010 P(
b1011010111110000101110101111000 R)
b1011010111110000101110101110111 4*
#2057
b1001100111000110001010110001010 f#
b1011010111110000101110101111000 4*
#2058
b1001100111000110001010110001011 P(
b11001101000000 2)
b1011010111110000101110101111001 R)
#2059
b1001100111000110001010110001011 f#
b11001101000100 2)
b1011010111110000101110101111010 R)
b1011010111110000101110101111001 4*
#2060
b1011010111110000101110101111010 4*
#2061
b1001100111000110001010110001100 P(
b11001101001000 2)
b1011010111110000101110101111011 R)
#2062
b10000100011100110101001000000 &#
b1001100111000110001010110001100 f#
b1001100111000110001010110001101 P(
b100001101000 2)
b1011010111110000101110101111100 R)
b1011010111110000101110101111011 4*
#2063
b1001100111000110001010110001101 f#
b1001100111000110001010110001110 P(
b100001101100 2)
b1011010111110000101110101111101 R)
b1011010111110000101110101111100 4*
#2064
b1001100111000110001010110001110 f#
b100001110000 2)
b1011010111110000101110101111110 R)
b1011010111110000101110101111101 4*
#2065
b1111101010110010001111001101 L&
b11111101000 2)
b1011010111110000101110101111111 R)
b1011010111110000101110101111110 4*
#2066
b10010000011001110110011100010 .'
b1001100111000110001010110001111 P(
b11111101100 2)
b1011010111110000101110110000000 R)
b1011010111110000101110101111111 4*
#2067
b1001100111000110001010110001111 f#
b11111110000 2)
b1011010111110000101110110000001 R)
b1011010111110000101110110000000 4*
#2068
b11111110100 2)
b1011010111110000101110110000010 R)
b1011010111110000101110110000001 4*
#2069
b10000100011100110101001000001 &#
b1111010110001010110110101100 H$
b1111101010110010001111001110 L&
b1001100111000110001010110010000 P(
b111011000 2)
b1011010111110000101110110000011 R)
b1011010111110000101110110000010 4*
#2070
b10000000101110101001001101000 b
b1001100111000110001010110010000 f#
b10010000011001110110011100011 .'
b1111010110001010110110101100 n'
b1001100111000110001010110010001 P(
b111011100 2)
b1011010111110000101110110000100 R)
b1011010111110000101110110000011 4*
#2071
b1001100111000110001010110010001 f#
b111100000 2)
b1011010111110000101110110000101 R)
b1011010111110000101110110000100 4*
#2072
b111100100 2)
b1011010111110000101110110000110 R)
b1011010111110000101110110000101 4*
#2073
b1001100111000110001010110010010 P(
b111101000 2)
b1011010111110000101110110000111 R)
b1011010111110000101110110000110 4*
#2074
b1001100111000110001010110010010 f#
b1011010111110000101110110000111 4*
#2075
b1001100111000110001010110010011 P(
b111101100 2)
b1011010111110000101110110001000 R)
#2076
b1001100111000110001010110010011 f#
b1011010111110000101110110001000 4*
#2077
b1001100111000110001010110010100 P(
b111110000 2)
b1011010111110000101110110001001 R)
#2078
b1001100111000110001010110010100 f#
b1001100111000110001010110010101 P(
b111110100 2)
b1011010111110000101110110001010 R)
b1011010111110000101110110001001 4*
#2079
b10000100011100110101001000010 &#
b1001100111000110001010110010101 f#
b1111010110001010110110101101 H$
b1111101010110010001111001111 L&
b1001100111000110001010110010110 P(
b10100000000 2)
b1011010111110000101110110001011 R)
b1011010111110000101110110001010 4*
#2080
b10000000101110101001001101001 b
b1001100111000110001010110010110 f#
b10010000011001110110011100100 .'
b1111010110001010110110101101 n'
b1001100111000110001010110010111 P(
b10100000100 2)
b1011010111110000101110110001100 R)
b1011010111110000101110110001011 4*
#2081
b1001100111000110001010110010111 f#
b10100001000 2)
b1011010111110000101110110001101 R)
b1011010111110000101110110001100 4*
#2082
b10100001100 2)
b1011010111110000101110110001110 R)
b1011010111110000101110110001101 4*
#2083
b1001100111000110001010110011000 P(
b10100010000 2)
b1011010111110000101110110001111 R)
b1011010111110000101110110001110 4*
#2084
b1001100111000110001010110011000 f#
b1011010111110000101110110001111 4*
#2085
b1001100111000110001010110011001 P(
b10100010100 2)
b1011010111110000101110110010000 R)
#2086
b1001100111000110001010110011001 f#
b1011010111110000101110110010000 4*
#2087
b1001100111000110001010110011010 P(
b10100011000 2)
b1011010111110000101110110010001 R)
#2088
b1001100111000110001010110011010 f#
b1011010111110000101110110010001 4*
#2089
b1001100111000110001010110011011 P(
b10100011100 2)
b1011010111110000101110110010010 R)
#2090
b1001100111000110001010110011011 f#
b1011010111110000101110110010010 4*
#2091
b1001100111000110001010110011100 P(
b10100100000 2)
b1011010111110000101110110010011 R)
#2092
b1001100111000110001010110011100 f#
b1011010111110000101110110010011 4*
#2093
b1001100111000110001010110011101 P(
b10100100100 2)
b1011010111110000101110110010100 R)
#2094
b1001100111000110001010110011101 f#
b1011010111110000101110110010100 4*
#2095
b1001100111000110001010110011110 P(
b10100101000 2)
b1011010111110000101110110010101 R)
#2096
b1001100111000110001010110011110 f#
b1011010111110000101110110010101 4*
#2097
b1001100111000110001010110011111 P(
b10100101100 2)
b1011010111110000101110110010110 R)
#2098
b1001100111000110001010110011111 f#
b1011010111110000101110110010110 4*
#2099
b1001100111000110001010110100000 P(
b10100110000 2)
b1011010111110000101110110010111 R)
#2100
b1001100111000110001010110100000 f#
b1011010111110000101110110010111 4*
#2101
b1001100111000110001010110100001 P(
b10100110100 2)
b1011010111110000101110110011000 R)
#2102
b1001100111000110001010110100001 f#
b1001100111000110001010110100010 P(
b10100111000 2)
b1011010111110000101110110011001 R)
b1011010111110000101110110011000 4*
#2103
b10000100011100110101001000011 &#
b1001100111000110001010110100010 f#
b1111010110001010110110101110 H$
b1011010111110000101110110011001 4*
#2104
b10000000101110101001001101010 b
b10000100011100110101001000100 &#
b1111010110001010110110101111 H$
b1111101010110010001111010000 L&
b1111010110001010110110101110 n'
b1001100111000110001010110100011 P(
b10100111100 2)
b1011010111110000101110110011010 R)
#2105
b10000000101110101001001101011 b
b1001100111000110001010110100011 f#
b10010000011001110110011100101 .'
b1111010110001010110110101111 n'
b1001100111000110001010110100100 P(
b10101000000 2)
b1011010111110000101110110011011 R)
b1011010111110000101110110011010 4*
#2106
b1001100111000110001010110100100 f#
b1011010111110000101110110011011 4*
#2107
b1001100111000110001010110100101 P(
b10101000100 2)
b1011010111110000101110110011100 R)
#2108
b1001100111000110001010110100101 f#
b1011010111110000101110110011100 4*
#2109
b1001100111000110001010110100110 P(
b10101001000 2)
b1011010111110000101110110011101 R)
#2110
b1001100111000110001010110100110 f#
b1011010111110000101110110011101 4*
#2111
b1001100111000110001010110100111 P(
b10101001100 2)
b1011010111110000101110110011110 R)
#2112
b1001100111000110001010110100111 f#
b1011010111110000101110110011110 4*
#2113
b1001100111000110001010110101000 P(
b10101010000 2)
b1011010111110000101110110011111 R)
#2114
b1001100111000110001010110101000 f#
b1011010111110000101110110011111 4*
#2115
b1001100111000110001010110101001 P(
b10101010100 2)
b1011010111110000101110110100000 R)
#2116
b1001100111000110001010110101001 f#
b1011010111110000101110110100000 4*
#2117
b1001100111000110001010110101010 P(
b10101011000 2)
b1011010111110000101110110100001 R)
#2118
b1001100111000110001010110101010 f#
b1011010111110000101110110100001 4*
#2119
b1001100111000110001010110101011 P(
b10101011100 2)
b1011010111110000101110110100010 R)
#2120
b1001100111000110001010110101011 f#
b1011010111110000101110110100010 4*
#2121
b1001100111000110001010110101100 P(
b10101100000 2)
b1011010111110000101110110100011 R)
#2122
b1001100111000110001010110101100 f#
b1001100111000110001010110101101 P(
b10101100100 2)
b1011010111110000101110110100100 R)
b1011010111110000101110110100011 4*
#2123
b1001100111000110001010110101101 f#
b1001100111000110001010110101110 P(
b10101101000 2)
b1011010111110000101110110100101 R)
b1011010111110000101110110100100 4*
#2124
b1001100111000110001010110101110 f#
b1001100111000110001010110101111 P(
b10101101100 2)
b1011010111110000101110110100110 R)
b1011010111110000101110110100101 4*
#2125
b1001100111000110001010110101111 f#
b1001100111000110001010110110000 P(
b10101110000 2)
b1011010111110000101110110100111 R)
b1011010111110000101110110100110 4*
#2126
b1001100111000110001010110110000 f#
b1001100111000110001010110110001 P(
b10101110100 2)
b1011010111110000101110110101000 R)
b1011010111110000101110110100111 4*
#2127
b1001100111000110001010110110001 f#
b1001100111000110001010110110010 P(
b10101111000 2)
b1011010111110000101110110101001 R)
b1011010111110000101110110101000 4*
#2128
b1001100111000110001010110110010 f#
b1001100111000110001010110110011 P(
b10101111100 2)
b1011010111110000101110110101010 R)
b1011010111110000101110110101001 4*
#2129
b10000100011100110101001000101 &#
b1001100111000110001010110110011 f#
b1111010110001010110110110000 H$
b10011000011100100100010110 *%
b1001100111000110001010110110100 P(
b10111110000 2)
b1011010111110000101110110101011 R)
b1011010111110000101110110101010 4*
#2130
b10000000101110101001001101100 b
b1001100111000110001010110110100 f#
b10011000011100100100010110 j%
b10010000011001110110011100110 .'
b1111010110001010110110110000 n'
b1001100111000110001010110110101 P(
b10111110100 2)
b1011010111110000101110110101100 R)
b1011010111110000101110110101011 4*
#2131
b1001100111000110001010110110101 f#
b10111111000 2)
b1011010111110000101110110101101 R)
b1011010111110000101110110101100 4*
#2132
b10111111100 2)
b1011010111110000101110110101110 R)
b1011010111110000101110110101101 4*
#2133
b1011010111110000101110110101110 4*
#2134
b1001100111000110001010110110110 P(
b11000000000 2)
b1011010111110000101110110101111 R)
#2135
b10000100011100110101001000110 &#
b1001100111000110001010110110110 f#
b1111010110001010110110110001 H$
b1011010111110000101110110101111 4*
#2136
b10000000101110101001001101101 b
b10000100011100110101001000111 &#
b1111010110001010110110110010 H$
b1111101010110010001111010001 L&
b1111010110001010110110110001 n'
b1001100111000110001010110110111 P(
b11000000100 2)
b1011010111110000101110110110000 R)
#2137
b10000000101110101001001101110 b
b1001100111000110001010110110111 f#
b10010000011001110110011100111 .'
b1111010110001010110110110010 n'
b1001100111000110001010110111000 P(
b1011010111110000101110110110001 R)
b1011010111110000101110110110000 4*
#2138
b1001100111000110001010110111000 f#
b1011010111110000101110110110001 4*
#2139
b1001100111000110001010110111001 P(
b10111111100 2)
b1011010111110000101110110110010 R)
#2140
b1001100111000110001010110111001 f#
b11000000000 2)
b1011010111110000101110110110011 R)
b1011010111110000101110110110010 4*
#2141
b10000100011100110101001001000 &#
b1111010110001010110110110011 H$
b1111101010110010001111010010 L&
b1001100111000110001010110111010 P(
b11000000100 2)
b1011010111110000101110110110100 R)
b1011010111110000101110110110011 4*
#2142
b10000000101110101001001101111 b
b1001100111000110001010110111010 f#
b10010000011001110110011101000 .'
b1111010110001010110110110011 n'
b1001100111000110001010110111011 P(
b1011010111110000101110110110101 R)
b1011010111110000101110110110100 4*
#2143
b1001100111000110001010110111011 f#
b1011010111110000101110110110101 4*
#2144
b1001100111000110001010110111100 P(
b10111111100 2)
b1011010111110000101110110110110 R)
#2145
b1001100111000110001010110111100 f#
b11000000000 2)
b1011010111110000101110110110111 R)
b1011010111110000101110110110110 4*
#2146
b10000100011100110101001001001 &#
b1111010110001010110110110100 H$
b1111101010110010001111010011 L&
b1001100111000110001010110111101 P(
b11000000100 2)
b1011010111110000101110110111000 R)
b1011010111110000101110110110111 4*
#2147
b10000000101110101001001110000 b
b1001100111000110001010110111101 f#
b10010000011001110110011101001 .'
b1111010110001010110110110100 n'
b1001100111000110001010110111110 P(
b1011010111110000101110110111001 R)
b1011010111110000101110110111000 4*
#2148
b1001100111000110001010110111110 f#
b1011010111110000101110110111001 4*
#2149
b1001100111000110001010110111111 P(
b10111111100 2)
b1011010111110000101110110111010 R)
#2150
b1001100111000110001010110111111 f#
b11000000000 2)
b1011010111110000101110110111011 R)
b1011010111110000101110110111010 4*
#2151
b10000100011100110101001001010 &#
b1111010110001010110110110101 H$
b1111101010110010001111010100 L&
b1001100111000110001010111000000 P(
b11000000100 2)
b1011010111110000101110110111100 R)
b1011010111110000101110110111011 4*
#2152
b10000000101110101001001110001 b
b1001100111000110001010111000000 f#
b10010000011001110110011101010 .'
b1111010110001010110110110101 n'
b1001100111000110001010111000001 P(
b1011010111110000101110110111101 R)
b1011010111110000101110110111100 4*
#2153
b1001100111000110001010111000001 f#
b1011010111110000101110110111101 4*
#2154
b1001100111000110001010111000010 P(
b10111111100 2)
b1011010111110000101110110111110 R)
#2155
b1001100111000110001010111000010 f#
b11000000000 2)
b1011010111110000101110110111111 R)
b1011010111110000101110110111110 4*
#2156
b10000100011100110101001001011 &#
b1111010110001010110110110110 H$
b1111101010110010001111010101 L&
b1001100111000110001010111000011 P(
b11000000100 2)
b1011010111110000101110111000000 R)
b1011010111110000101110110111111 4*
#2157
b10000000101110101001001110010 b
b1001100111000110001010111000011 f#
b10010000011001110110011101011 .'
b1111010110001010110110110110 n'
b1001100111000110001010111000100 P(
b1011010111110000101110111000001 R)
b1011010111110000101110111000000 4*
#2158
b1001100111000110001010111000100 f#
b1011010111110000101110111000001 4*
#2159
b1001100111000110001010111000101 P(
b10111111100 2)
b1011010111110000101110111000010 R)
#2160
b1001100111000110001010111000101 f#
b11000000000 2)
b1011010111110000101110111000011 R)
b1011010111110000101110111000010 4*
#2161
b10000100011100110101001001100 &#
b1111010110001010110110110111 H$
b1111101010110010001111010110 L&
b1001100111000110001010111000110 P(
b11000000100 2)
b1011010111110000101110111000100 R)
b1011010111110000101110111000011 4*
#2162
b10000000101110101001001110011 b
b1001100111000110001010111000110 f#
b10010000011001110110011101100 .'
b1111010110001010110110110111 n'
b1001100111000110001010111000111 P(
b1011010111110000101110111000101 R)
b1011010111110000101110111000100 4*
#2163
b1001100111000110001010111000111 f#
b1011010111110000101110111000101 4*
#2164
b1001100111000110001010111001000 P(
b10111111100 2)
b1011010111110000101110111000110 R)
#2165
b1001100111000110001010111001000 f#
b11000000000 2)
b1011010111110000101110111000111 R)
b1011010111110000101110111000110 4*
#2166
b10000100011100110101001001101 &#
b1111010110001010110110111000 H$
b1111101010110010001111010111 L&
b1001100111000110001010111001001 P(
b11000000100 2)
b1011010111110000101110111001000 R)
b1011010111110000101110111000111 4*
#2167
b10000000101110101001001110100 b
b1001100111000110001010111001001 f#
b10010000011001110110011101101 .'
b1111010110001010110110111000 n'
b1001100111000110001010111001010 P(
b1011010111110000101110111001001 R)
b1011010111110000101110111001000 4*
#2168
b1001100111000110001010111001010 f#
b1011010111110000101110111001001 4*
#2169
b1001100111000110001010111001011 P(
b10111111100 2)
b1011010111110000101110111001010 R)
#2170
b1001100111000110001010111001011 f#
b11000000000 2)
b1011010111110000101110111001011 R)
b1011010111110000101110111001010 4*
#2171
b10000100011100110101001001110 &#
b1111010110001010110110111001 H$
b1111101010110010001111011000 L&
b1001100111000110001010111001100 P(
b11000000100 2)
b1011010111110000101110111001100 R)
b1011010111110000101110111001011 4*
#2172
b10000000101110101001001110101 b
b1001100111000110001010111001100 f#
b10010000011001110110011101110 .'
b1111010110001010110110111001 n'
b1001100111000110001010111001101 P(
b1011010111110000101110111001101 R)
b1011010111110000101110111001100 4*
#2173
b1001100111000110001010111001101 f#
b1011010111110000101110111001101 4*
#2174
b1001100111000110001010111001110 P(
b10111111100 2)
b1011010111110000101110111001110 R)
#2175
b1001100111000110001010111001110 f#
b11000000000 2)
b1011010111110000101110111001111 R)
b1011010111110000101110111001110 4*
#2176
b10000100011100110101001001111 &#
b1111010110001010110110111010 H$
b1111101010110010001111011001 L&
b1001100111000110001010111001111 P(
b11000000100 2)
b1011010111110000101110111010000 R)
b1011010111110000101110111001111 4*
#2177
b10000000101110101001001110110 b
b1001100111000110001010111001111 f#
b10010000011001110110011101111 .'
b1111010110001010110110111010 n'
b1001100111000110001010111010000 P(
b1011010111110000101110111010001 R)
b1011010111110000101110111010000 4*
#2178
b1001100111000110001010111010000 f#
b1011010111110000101110111010001 4*
#2179
b1001100111000110001010111010001 P(
b10111111100 2)
b1011010111110000101110111010010 R)
#2180
b1001100111000110001010111010001 f#
b11000000000 2)
b1011010111110000101110111010011 R)
b1011010111110000101110111010010 4*
#2181
b10000100011100110101001010000 &#
b1111010110001010110110111011 H$
b1111101010110010001111011010 L&
b1001100111000110001010111010010 P(
b11000000100 2)
b1011010111110000101110111010100 R)
b1011010111110000101110111010011 4*
#2182
b10000000101110101001001110111 b
b1001100111000110001010111010010 f#
b10010000011001110110011110000 .'
b1111010110001010110110111011 n'
b1001100111000110001010111010011 P(
b1011010111110000101110111010101 R)
b1011010111110000101110111010100 4*
#2183
b1001100111000110001010111010011 f#
b1011010111110000101110111010101 4*
#2184
b1001100111000110001010111010100 P(
b10111111100 2)
b1011010111110000101110111010110 R)
#2185
b1001100111000110001010111010100 f#
b11000000000 2)
b1011010111110000101110111010111 R)
b1011010111110000101110111010110 4*
#2186
b10000100011100110101001010001 &#
b1111010110001010110110111100 H$
b1111101010110010001111011011 L&
b1001100111000110001010111010101 P(
b11000000100 2)
b1011010111110000101110111011000 R)
b1011010111110000101110111010111 4*
#2187
b10000000101110101001001111000 b
b1001100111000110001010111010101 f#
b10010000011001110110011110001 .'
b1111010110001010110110111100 n'
b1001100111000110001010111010110 P(
b1011010111110000101110111011001 R)
b1011010111110000101110111011000 4*
#2188
b1001100111000110001010111010110 f#
b1011010111110000101110111011001 4*
#2189
b1001100111000110001010111010111 P(
b10111111100 2)
b1011010111110000101110111011010 R)
#2190
b1001100111000110001010111010111 f#
b11000000000 2)
b1011010111110000101110111011011 R)
b1011010111110000101110111011010 4*
#2191
b10000100011100110101001010010 &#
b1111010110001010110110111101 H$
b1111101010110010001111011100 L&
b1001100111000110001010111011000 P(
b11000000100 2)
b1011010111110000101110111011100 R)
b1011010111110000101110111011011 4*
#2192
b10000000101110101001001111001 b
b1001100111000110001010111011000 f#
b10010000011001110110011110010 .'
b1111010110001010110110111101 n'
b1001100111000110001010111011001 P(
b1011010111110000101110111011101 R)
b1011010111110000101110111011100 4*
#2193
b1001100111000110001010111011001 f#
b1011010111110000101110111011101 4*
#2194
b1001100111000110001010111011010 P(
b10111111100 2)
b1011010111110000101110111011110 R)
#2195
b1001100111000110001010111011010 f#
b11000000000 2)
b1011010111110000101110111011111 R)
b1011010111110000101110111011110 4*
#2196
b10000100011100110101001010011 &#
b1111010110001010110110111110 H$
b1111101010110010001111011101 L&
b1001100111000110001010111011011 P(
b11000000100 2)
b1011010111110000101110111100000 R)
b1011010111110000101110111011111 4*
#2197
b10000000101110101001001111010 b
b1001100111000110001010111011011 f#
b10010000011001110110011110011 .'
b1111010110001010110110111110 n'
b1001100111000110001010111011100 P(
b1011010111110000101110111100001 R)
b1011010111110000101110111100000 4*
#2198
b1001100111000110001010111011100 f#
b1011010111110000101110111100001 4*
#2199
b1001100111000110001010111011101 P(
b10111111100 2)
b1011010111110000101110111100010 R)
#2200
b1001100111000110001010111011101 f#
b11000000000 2)
b1011010111110000101110111100011 R)
b1011010111110000101110111100010 4*
#2201
b10000100011100110101001010100 &#
b1111010110001010110110111111 H$
b1111101010110010001111011110 L&
b1001100111000110001010111011110 P(
b11000000100 2)
b1011010111110000101110111100100 R)
b1011010111110000101110111100011 4*
#2202
b10000000101110101001001111011 b
b1001100111000110001010111011110 f#
b10010000011001110110011110100 .'
b1111010110001010110110111111 n'
b1001100111000110001010111011111 P(
b1011010111110000101110111100101 R)
b1011010111110000101110111100100 4*
#2203
b1001100111000110001010111011111 f#
b1011010111110000101110111100101 4*
#2204
b1001100111000110001010111100000 P(
b10111111100 2)
b1011010111110000101110111100110 R)
#2205
b1001100111000110001010111100000 f#
b11000000000 2)
b1011010111110000101110111100111 R)
b1011010111110000101110111100110 4*
#2206
b10000100011100110101001010101 &#
b1111010110001010110111000000 H$
b1111101010110010001111011111 L&
b1001100111000110001010111100001 P(
b11000000100 2)
b1011010111110000101110111101000 R)
b1011010111110000101110111100111 4*
#2207
b10000000101110101001001111100 b
b1001100111000110001010111100001 f#
b10010000011001110110011110101 .'
b1111010110001010110111000000 n'
b1001100111000110001010111100010 P(
b1011010111110000101110111101001 R)
b1011010111110000101110111101000 4*
#2208
b1001100111000110001010111100010 f#
b1011010111110000101110111101001 4*
#2209
b1001100111000110001010111100011 P(
b10111111100 2)
b1011010111110000101110111101010 R)
#2210
b1001100111000110001010111100011 f#
b11000000000 2)
b1011010111110000101110111101011 R)
b1011010111110000101110111101010 4*
#2211
b10000100011100110101001010110 &#
b1111010110001010110111000001 H$
b1111101010110010001111100000 L&
b1001100111000110001010111100100 P(
b11000000100 2)
b1011010111110000101110111101100 R)
b1011010111110000101110111101011 4*
#2212
b10000000101110101001001111101 b
b1001100111000110001010111100100 f#
b10010000011001110110011110110 .'
b1111010110001010110111000001 n'
b1001100111000110001010111100101 P(
b1011010111110000101110111101101 R)
b1011010111110000101110111101100 4*
#2213
b1001100111000110001010111100101 f#
b1011010111110000101110111101101 4*
#2214
b1001100111000110001010111100110 P(
b10111111100 2)
b1011010111110000101110111101110 R)
#2215
b1001100111000110001010111100110 f#
b11000000000 2)
b1011010111110000101110111101111 R)
b1011010111110000101110111101110 4*
#2216
b10000100011100110101001010111 &#
b1111010110001010110111000010 H$
b1111101010110010001111100001 L&
b1001100111000110001010111100111 P(
b11000000100 2)
b1011010111110000101110111110000 R)
b1011010111110000101110111101111 4*
#2217
b10000000101110101001001111110 b
b1001100111000110001010111100111 f#
b10010000011001110110011110111 .'
b1111010110001010110111000010 n'
b1001100111000110001010111101000 P(
b1011010111110000101110111110001 R)
b1011010111110000101110111110000 4*
#2218
b1001100111000110001010111101000 f#
b1011010111110000101110111110001 4*
#2219
b1001100111000110001010111101001 P(
b10111111100 2)
b1011010111110000101110111110010 R)
#2220
b1001100111000110001010111101001 f#
b11000000000 2)
b1011010111110000101110111110011 R)
b1011010111110000101110111110010 4*
#2221
b10000100011100110101001011000 &#
b1111010110001010110111000011 H$
b1111101010110010001111100010 L&
b1001100111000110001010111101010 P(
b11000000100 2)
b1011010111110000101110111110100 R)
b1011010111110000101110111110011 4*
#2222
b10000000101110101001001111111 b
b1001100111000110001010111101010 f#
b10010000011001110110011111000 .'
b1111010110001010110111000011 n'
b1001100111000110001010111101011 P(
b1011010111110000101110111110101 R)
b1011010111110000101110111110100 4*
#2223
b1001100111000110001010111101011 f#
b1011010111110000101110111110101 4*
#2224
b1001100111000110001010111101100 P(
b10111111100 2)
b1011010111110000101110111110110 R)
#2225
b1001100111000110001010111101100 f#
b11000000000 2)
b1011010111110000101110111110111 R)
b1011010111110000101110111110110 4*
#2226
b10000100011100110101001011001 &#
b1111010110001010110111000100 H$
b1111101010110010001111100011 L&
b1001100111000110001010111101101 P(
b11000000100 2)
b1011010111110000101110111111000 R)
b1011010111110000101110111110111 4*
#2227
b10000000101110101001010000000 b
b1001100111000110001010111101101 f#
b10010000011001110110011111001 .'
b1111010110001010110111000100 n'
b1001100111000110001010111101110 P(
b1011010111110000101110111111001 R)
b1011010111110000101110111111000 4*
#2228
b1001100111000110001010111101110 f#
b1011010111110000101110111111001 4*
#2229
b1001100111000110001010111101111 P(
b10111111100 2)
b1011010111110000101110111111010 R)
#2230
b1001100111000110001010111101111 f#
b11000000000 2)
b1011010111110000101110111111011 R)
b1011010111110000101110111111010 4*
#2231
b10000100011100110101001011010 &#
b1111010110001010110111000101 H$
b1111101010110010001111100100 L&
b1001100111000110001010111110000 P(
b11000000100 2)
b1011010111110000101110111111100 R)
b1011010111110000101110111111011 4*
#2232
b10000000101110101001010000001 b
b1001100111000110001010111110000 f#
b10010000011001110110011111010 .'
b1111010110001010110111000101 n'
b1001100111000110001010111110001 P(
b1011010111110000101110111111101 R)
b1011010111110000101110111111100 4*
#2233
b1001100111000110001010111110001 f#
b1011010111110000101110111111101 4*
#2234
b1001100111000110001010111110010 P(
b10111111100 2)
b1011010111110000101110111111110 R)
#2235
b1001100111000110001010111110010 f#
b11000000000 2)
b1011010111110000101110111111111 R)
b1011010111110000101110111111110 4*
#2236
b10000100011100110101001011011 &#
b1111010110001010110111000110 H$
b1111101010110010001111100101 L&
b1001100111000110001010111110011 P(
b11000000100 2)
b1011010111110000101111000000000 R)
b1011010111110000101110111111111 4*
#2237
b10000000101110101001010000010 b
b1001100111000110001010111110011 f#
b10010000011001110110011111011 .'
b1111010110001010110111000110 n'
b1001100111000110001010111110100 P(
b1011010111110000101111000000001 R)
b1011010111110000101111000000000 4*
#2238
b1001100111000110001010111110100 f#
b1011010111110000101111000000001 4*
#2239
b1001100111000110001010111110101 P(
b10111111100 2)
b1011010111110000101111000000010 R)
#2240
b1001100111000110001010111110101 f#
b11000000000 2)
b1011010111110000101111000000011 R)
b1011010111110000101111000000010 4*
#2241
b10000100011100110101001011100 &#
b1111010110001010110111000111 H$
b1111101010110010001111100110 L&
b1001100111000110001010111110110 P(
b11000000100 2)
b1011010111110000101111000000100 R)
b1011010111110000101111000000011 4*
#2242
b10000000101110101001010000011 b
b1001100111000110001010111110110 f#
b10010000011001110110011111100 .'
b1111010110001010110111000111 n'
b1001100111000110001010111110111 P(
b1011010111110000101111000000101 R)
b1011010111110000101111000000100 4*
#2243
b1001100111000110001010111110111 f#
b1011010111110000101111000000101 4*
#2244
b1001100111000110001010111111000 P(
b10111111100 2)
b1011010111110000101111000000110 R)
#2245
b1001100111000110001010111111000 f#
b11000000000 2)
b1011010111110000101111000000111 R)
b1011010111110000101111000000110 4*
#2246
b10000100011100110101001011101 &#
b1111010110001010110111001000 H$
b1111101010110010001111100111 L&
b1001100111000110001010111111001 P(
b11000000100 2)
b1011010111110000101111000001000 R)
b1011010111110000101111000000111 4*
#2247
b10000000101110101001010000100 b
b1001100111000110001010111111001 f#
b10010000011001110110011111101 .'
b1111010110001010110111001000 n'
b1001100111000110001010111111010 P(
b1011010111110000101111000001001 R)
b1011010111110000101111000001000 4*
#2248
b1001100111000110001010111111010 f#
b1011010111110000101111000001001 4*
#2249
b1001100111000110001010111111011 P(
b10111111100 2)
b1011010111110000101111000001010 R)
#2250
b1001100111000110001010111111011 f#
b11000000000 2)
b1011010111110000101111000001011 R)
b1011010111110000101111000001010 4*
#2251
b10000100011100110101001011110 &#
b1111010110001010110111001001 H$
b1111101010110010001111101000 L&
b1001100111000110001010111111100 P(
b11000000100 2)
b1011010111110000101111000001100 R)
b1011010111110000101111000001011 4*
#2252
b10000000101110101001010000101 b
b1001100111000110001010111111100 f#
b10010000011001110110011111110 .'
b1111010110001010110111001001 n'
b1001100111000110001010111111101 P(
b1011010111110000101111000001101 R)
b1011010111110000101111000001100 4*
#2253
b1001100111000110001010111111101 f#
b1011010111110000101111000001101 4*
#2254
b1001100111000110001010111111110 P(
b10111111100 2)
b1011010111110000101111000001110 R)
#2255
b1001100111000110001010111111110 f#
b11000000000 2)
b1011010111110000101111000001111 R)
b1011010111110000101111000001110 4*
#2256
b10000100011100110101001011111 &#
b1111010110001010110111001010 H$
b1111101010110010001111101001 L&
b1001100111000110001010111111111 P(
b11000000100 2)
b1011010111110000101111000010000 R)
b1011010111110000101111000001111 4*
#2257
b10000000101110101001010000110 b
b1001100111000110001010111111111 f#
b10010000011001110110011111111 .'
b1111010110001010110111001010 n'
b1001100111000110001011000000000 P(
b1011010111110000101111000010001 R)
b1011010111110000101111000010000 4*
#2258
b1001100111000110001011000000000 f#
b1011010111110000101111000010001 4*
#2259
b1001100111000110001011000000001 P(
b10111111100 2)
b1011010111110000101111000010010 R)
#2260
b1001100111000110001011000000001 f#
b11000000000 2)
b1011010111110000101111000010011 R)
b1011010111110000101111000010010 4*
#2261
b10000100011100110101001100000 &#
b1111010110001010110111001011 H$
b1111101010110010001111101010 L&
b1001100111000110001011000000010 P(
b11000000100 2)
b1011010111110000101111000010100 R)
b1011010111110000101111000010011 4*
#2262
b10000000101110101001010000111 b
b1001100111000110001011000000010 f#
b10010000011001110110100000000 .'
b1111010110001010110111001011 n'
b1001100111000110001011000000011 P(
b1011010111110000101111000010101 R)
b1011010111110000101111000010100 4*
#2263
b1001100111000110001011000000011 f#
b1011010111110000101111000010101 4*
#2264
b1001100111000110001011000000100 P(
b10111111100 2)
b1011010111110000101111000010110 R)
#2265
b1001100111000110001011000000100 f#
b11000000000 2)
b1011010111110000101111000010111 R)
b1011010111110000101111000010110 4*
#2266
b10000100011100110101001100001 &#
b1111010110001010110111001100 H$
b1111101010110010001111101011 L&
b1001100111000110001011000000101 P(
b11000000100 2)
b1011010111110000101111000011000 R)
b1011010111110000101111000010111 4*
#2267
b10000000101110101001010001000 b
b1001100111000110001011000000101 f#
b10010000011001110110100000001 .'
b1111010110001010110111001100 n'
b1001100111000110001011000000110 P(
b1011010111110000101111000011001 R)
b1011010111110000101111000011000 4*
#2268
b1001100111000110001011000000110 f#
b1011010111110000101111000011001 4*
#2269
b1001100111000110001011000000111 P(
b10111111100 2)
b1011010111110000101111000011010 R)
#2270
b1001100111000110001011000000111 f#
b11000000000 2)
b1011010111110000101111000011011 R)
b1011010111110000101111000011010 4*
#2271
b10000100011100110101001100010 &#
b1111010110001010110111001101 H$
b1111101010110010001111101100 L&
b1001100111000110001011000001000 P(
b11000000100 2)
b1011010111110000101111000011100 R)
b1011010111110000101111000011011 4*
#2272
b10000000101110101001010001001 b
b1001100111000110001011000001000 f#
b10010000011001110110100000010 .'
b1111010110001010110111001101 n'
b1001100111000110001011000001001 P(
b1011010111110000101111000011101 R)
b1011010111110000101111000011100 4*
#2273
b1001100111000110001011000001001 f#
b1011010111110000101111000011101 4*
#2274
b1001100111000110001011000001010 P(
b10111111100 2)
b1011010111110000101111000011110 R)
#2275
b1001100111000110001011000001010 f#
b11000000000 2)
b1011010111110000101111000011111 R)
b1011010111110000101111000011110 4*
#2276
b10000100011100110101001100011 &#
b1111010110001010110111001110 H$
b1111101010110010001111101101 L&
b1001100111000110001011000001011 P(
b11000000100 2)
b1011010111110000101111000100000 R)
b1011010111110000101111000011111 4*
#2277
b10000000101110101001010001010 b
b1001100111000110001011000001011 f#
b10010000011001110110100000011 .'
b1111010110001010110111001110 n'
b1001100111000110001011000001100 P(
b1011010111110000101111000100001 R)
b1011010111110000101111000100000 4*
#2278
b1001100111000110001011000001100 f#
b1011010111110000101111000100001 4*
#2279
b1001100111000110001011000001101 P(
b10111111100 2)
b1011010111110000101111000100010 R)
#2280
b1001100111000110001011000001101 f#
b11000000000 2)
b1011010111110000101111000100011 R)
b1011010111110000101111000100010 4*
#2281
b10000100011100110101001100100 &#
b1111010110001010110111001111 H$
b1111101010110010001111101110 L&
b1001100111000110001011000001110 P(
b11000000100 2)
b1011010111110000101111000100100 R)
b1011010111110000101111000100011 4*
#2282
b10000000101110101001010001011 b
b1001100111000110001011000001110 f#
b10010000011001110110100000100 .'
b1111010110001010110111001111 n'
b1001100111000110001011000001111 P(
b1011010111110000101111000100101 R)
b1011010111110000101111000100100 4*
#2283
b1001100111000110001011000001111 f#
b1011010111110000101111000100101 4*
#2284
b1001100111000110001011000010000 P(
b10111111100 2)
b1011010111110000101111000100110 R)
#2285
b1001100111000110001011000010000 f#
b11000000000 2)
b1011010111110000101111000100111 R)
b1011010111110000101111000100110 4*
#2286
b10000100011100110101001100101 &#
b1111010110001010110111010000 H$
b1111101010110010001111101111 L&
b1001100111000110001011000010001 P(
b11000000100 2)
b1011010111110000101111000101000 R)
b1011010111110000101111000100111 4*
#2287
b10000000101110101001010001100 b
b1001100111000110001011000010001 f#
b10010000011001110110100000101 .'
b1111010110001010110111010000 n'
b1001100111000110001011000010010 P(
b1011010111110000101111000101001 R)
b1011010111110000101111000101000 4*
#2288
b1001100111000110001011000010010 f#
b1011010111110000101111000101001 4*
#2289
b1001100111000110001011000010011 P(
b10111111100 2)
b1011010111110000101111000101010 R)
#2290
b1001100111000110001011000010011 f#
b11000000000 2)
b1011010111110000101111000101011 R)
b1011010111110000101111000101010 4*
#2291
b10000100011100110101001100110 &#
b1111010110001010110111010001 H$
b1111101010110010001111110000 L&
b1001100111000110001011000010100 P(
b11000000100 2)
b1011010111110000101111000101100 R)
b1011010111110000101111000101011 4*
#2292
b10000000101110101001010001101 b
b1001100111000110001011000010100 f#
b10010000011001110110100000110 .'
b1111010110001010110111010001 n'
b1001100111000110001011000010101 P(
b1011010111110000101111000101101 R)
b1011010111110000101111000101100 4*
#2293
b1001100111000110001011000010101 f#
b1011010111110000101111000101101 4*
#2294
b1001100111000110001011000010110 P(
b10111111100 2)
b1011010111110000101111000101110 R)
#2295
b1001100111000110001011000010110 f#
b11000000000 2)
b1011010111110000101111000101111 R)
b1011010111110000101111000101110 4*
#2296
b10000100011100110101001100111 &#
b1111010110001010110111010010 H$
b1111101010110010001111110001 L&
b1001100111000110001011000010111 P(
b11000000100 2)
b1011010111110000101111000110000 R)
b1011010111110000101111000101111 4*
#2297
b10000000101110101001010001110 b
b1001100111000110001011000010111 f#
b10010000011001110110100000111 .'
b1111010110001010110111010010 n'
b1001100111000110001011000011000 P(
b1011010111110000101111000110001 R)
b1011010111110000101111000110000 4*
#2298
b1001100111000110001011000011000 f#
b1011010111110000101111000110001 4*
#2299
b1001100111000110001011000011001 P(
b10111111100 2)
b1011010111110000101111000110010 R)
#2300
b1001100111000110001011000011001 f#
b11000000000 2)
b1011010111110000101111000110011 R)
b1011010111110000101111000110010 4*
#2301
b10000100011100110101001101000 &#
b1111010110001010110111010011 H$
b1111101010110010001111110010 L&
b1001100111000110001011000011010 P(
b11000000100 2)
b1011010111110000101111000110100 R)
b1011010111110000101111000110011 4*
#2302
b10000000101110101001010001111 b
b1001100111000110001011000011010 f#
b10010000011001110110100001000 .'
b1111010110001010110111010011 n'
b1001100111000110001011000011011 P(
b1011010111110000101111000110101 R)
b1011010111110000101111000110100 4*
#2303
b1001100111000110001011000011011 f#
b1011010111110000101111000110101 4*
#2304
b1001100111000110001011000011100 P(
b10111111100 2)
b1011010111110000101111000110110 R)
#2305
b1001100111000110001011000011100 f#
b11000000000 2)
b1011010111110000101111000110111 R)
b1011010111110000101111000110110 4*
#2306
b10000100011100110101001101001 &#
b1111010110001010110111010100 H$
b1111101010110010001111110011 L&
b1001100111000110001011000011101 P(
b11000000100 2)
b1011010111110000101111000111000 R)
b1011010111110000101111000110111 4*
#2307
b10000000101110101001010010000 b
b1001100111000110001011000011101 f#
b10010000011001110110100001001 .'
b1111010110001010110111010100 n'
b1001100111000110001011000011110 P(
b1011010111110000101111000111001 R)
b1011010111110000101111000111000 4*
#2308
b1001100111000110001011000011110 f#
b1011010111110000101111000111001 4*
#2309
b1001100111000110001011000011111 P(
b10111111100 2)
b1011010111110000101111000111010 R)
#2310
b1001100111000110001011000011111 f#
b11000000000 2)
b1011010111110000101111000111011 R)
b1011010111110000101111000111010 4*
#2311
b10000100011100110101001101010 &#
b1111010110001010110111010101 H$
b1111101010110010001111110100 L&
b1001100111000110001011000100000 P(
b11000000100 2)
b1011010111110000101111000111100 R)
b1011010111110000101111000111011 4*
#2312
b10000000101110101001010010001 b
b1001100111000110001011000100000 f#
b10010000011001110110100001010 .'
b1111010110001010110111010101 n'
b1001100111000110001011000100001 P(
b1011010111110000101111000111101 R)
b1011010111110000101111000111100 4*
#2313
b1001100111000110001011000100001 f#
b1011010111110000101111000111101 4*
#2314
b1001100111000110001011000100010 P(
b10111111100 2)
b1011010111110000101111000111110 R)
#2315
b1001100111000110001011000100010 f#
b11000000000 2)
b1011010111110000101111000111111 R)
b1011010111110000101111000111110 4*
#2316
b10000100011100110101001101011 &#
b1111010110001010110111010110 H$
b1111101010110010001111110101 L&
b1001100111000110001011000100011 P(
b11000000100 2)
b1011010111110000101111001000000 R)
b1011010111110000101111000111111 4*
#2317
b10000000101110101001010010010 b
b1001100111000110001011000100011 f#
b10010000011001110110100001011 .'
b1111010110001010110111010110 n'
b1001100111000110001011000100100 P(
b1011010111110000101111001000001 R)
b1011010111110000101111001000000 4*
#2318
b1001100111000110001011000100100 f#
b1011010111110000101111001000001 4*
#2319
b1001100111000110001011000100101 P(
b10111111100 2)
b1011010111110000101111001000010 R)
#2320
b1001100111000110001011000100101 f#
b11000000000 2)
b1011010111110000101111001000011 R)
b1011010111110000101111001000010 4*
#2321
b10000100011100110101001101100 &#
b1111010110001010110111010111 H$
b1111101010110010001111110110 L&
b1001100111000110001011000100110 P(
b11000000100 2)
b1011010111110000101111001000100 R)
b1011010111110000101111001000011 4*
#2322
b10000000101110101001010010011 b
b1001100111000110001011000100110 f#
b10010000011001110110100001100 .'
b1111010110001010110111010111 n'
b1001100111000110001011000100111 P(
b1011010111110000101111001000101 R)
b1011010111110000101111001000100 4*
#2323
b1001100111000110001011000100111 f#
b1011010111110000101111001000101 4*
#2324
b1001100111000110001011000101000 P(
b10111111100 2)
b1011010111110000101111001000110 R)
#2325
b1001100111000110001011000101000 f#
b11000000000 2)
b1011010111110000101111001000111 R)
b1011010111110000101111001000110 4*
#2326
b10000100011100110101001101101 &#
b1111010110001010110111011000 H$
b1111101010110010001111110111 L&
b1001100111000110001011000101001 P(
b11000000100 2)
b1011010111110000101111001001000 R)
b1011010111110000101111001000111 4*
#2327
b10000000101110101001010010100 b
b1001100111000110001011000101001 f#
b10010000011001110110100001101 .'
b1111010110001010110111011000 n'
b1001100111000110001011000101010 P(
b1011010111110000101111001001001 R)
b1011010111110000101111001001000 4*
#2328
b1001100111000110001011000101010 f#
b1011010111110000101111001001001 4*
#2329
b1001100111000110001011000101011 P(
b10111111100 2)
b1011010111110000101111001001010 R)
#2330
b1001100111000110001011000101011 f#
b11000000000 2)
b1011010111110000101111001001011 R)
b1011010111110000101111001001010 4*
#2331
b10000100011100110101001101110 &#
b1111010110001010110111011001 H$
b1111101010110010001111111000 L&
b1001100111000110001011000101100 P(
b11000000100 2)
b1011010111110000101111001001100 R)
b1011010111110000101111001001011 4*
#2332
b10000000101110101001010010101 b
b1001100111000110001011000101100 f#
b10010000011001110110100001110 .'
b1111010110001010110111011001 n'
b1001100111000110001011000101101 P(
b1011010111110000101111001001101 R)
b1011010111110000101111001001100 4*
#2333
b1001100111000110001011000101101 f#
b1011010111110000101111001001101 4*
#2334
b1001100111000110001011000101110 P(
b10111111100 2)
b1011010111110000101111001001110 R)
#2335
b1001100111000110001011000101110 f#
b11000000000 2)
b1011010111110000101111001001111 R)
b1011010111110000101111001001110 4*
#2336
b10000100011100110101001101111 &#
b1111010110001010110111011010 H$
b1111101010110010001111111001 L&
b1001100111000110001011000101111 P(
b11000000100 2)
b1011010111110000101111001010000 R)
b1011010111110000101111001001111 4*
#2337
b10000000101110101001010010110 b
b1001100111000110001011000101111 f#
b10010000011001110110100001111 .'
b1111010110001010110111011010 n'
b1001100111000110001011000110000 P(
b1011010111110000101111001010001 R)
b1011010111110000101111001010000 4*
#2338
b1001100111000110001011000110000 f#
b1011010111110000101111001010001 4*
#2339
b1001100111000110001011000110001 P(
b10111111100 2)
b1011010111110000101111001010010 R)
#2340
b1001100111000110001011000110001 f#
b11000000000 2)
b1011010111110000101111001010011 R)
b1011010111110000101111001010010 4*
#2341
b10000100011100110101001110000 &#
b1111010110001010110111011011 H$
b1111101010110010001111111010 L&
b1001100111000110001011000110010 P(
b11000000100 2)
b1011010111110000101111001010100 R)
b1011010111110000101111001010011 4*
#2342
b10000000101110101001010010111 b
b1001100111000110001011000110010 f#
b10010000011001110110100010000 .'
b1111010110001010110111011011 n'
b1001100111000110001011000110011 P(
b1011010111110000101111001010101 R)
b1011010111110000101111001010100 4*
#2343
b1001100111000110001011000110011 f#
b1011010111110000101111001010101 4*
#2344
b1001100111000110001011000110100 P(
b10111111100 2)
b1011010111110000101111001010110 R)
#2345
b1001100111000110001011000110100 f#
b11000000000 2)
b1011010111110000101111001010111 R)
b1011010111110000101111001010110 4*
#2346
b10000100011100110101001110001 &#
b1111010110001010110111011100 H$
b1111101010110010001111111011 L&
b1001100111000110001011000110101 P(
b11000000100 2)
b1011010111110000101111001011000 R)
b1011010111110000101111001010111 4*
#2347
b10000000101110101001010011000 b
b1001100111000110001011000110101 f#
b10010000011001110110100010001 .'
b1111010110001010110111011100 n'
b1001100111000110001011000110110 P(
b1011010111110000101111001011001 R)
b1011010111110000101111001011000 4*
#2348
b1001100111000110001011000110110 f#
b1011010111110000101111001011001 4*
#2349
b1001100111000110001011000110111 P(
b10111111100 2)
b1011010111110000101111001011010 R)
#2350
b1001100111000110001011000110111 f#
b11000000000 2)
b1011010111110000101111001011011 R)
b1011010111110000101111001011010 4*
#2351
b10000100011100110101001110010 &#
b1111010110001010110111011101 H$
b1111101010110010001111111100 L&
b1001100111000110001011000111000 P(
b11000000100 2)
b1011010111110000101111001011100 R)
b1011010111110000101111001011011 4*
#2352
b10000000101110101001010011001 b
b1001100111000110001011000111000 f#
b10010000011001110110100010010 .'
b1111010110001010110111011101 n'
b1001100111000110001011000111001 P(
b1011010111110000101111001011101 R)
b1011010111110000101111001011100 4*
#2353
b1001100111000110001011000111001 f#
b1011010111110000101111001011101 4*
#2354
b1001100111000110001011000111010 P(
b10111111100 2)
b1011010111110000101111001011110 R)
#2355
b1001100111000110001011000111010 f#
b11000000000 2)
b1011010111110000101111001011111 R)
b1011010111110000101111001011110 4*
#2356
b10000100011100110101001110011 &#
b1111010110001010110111011110 H$
b1111101010110010001111111101 L&
b1001100111000110001011000111011 P(
b11000000100 2)
b1011010111110000101111001100000 R)
b1011010111110000101111001011111 4*
#2357
b10000000101110101001010011010 b
b1001100111000110001011000111011 f#
b10010000011001110110100010011 .'
b1111010110001010110111011110 n'
b1001100111000110001011000111100 P(
b1011010111110000101111001100001 R)
b1011010111110000101111001100000 4*
#2358
b1001100111000110001011000111100 f#
b1011010111110000101111001100001 4*
#2359
b1001100111000110001011000111101 P(
b10111111100 2)
b1011010111110000101111001100010 R)
#2360
b1001100111000110001011000111101 f#
b11000000000 2)
b1011010111110000101111001100011 R)
b1011010111110000101111001100010 4*
#2361
b10000100011100110101001110100 &#
b1111010110001010110111011111 H$
b1111101010110010001111111110 L&
b1001100111000110001011000111110 P(
b11000000100 2)
b1011010111110000101111001100100 R)
b1011010111110000101111001100011 4*
#2362
b10000000101110101001010011011 b
b1001100111000110001011000111110 f#
b10010000011001110110100010100 .'
b1111010110001010110111011111 n'
b1001100111000110001011000111111 P(
b1011010111110000101111001100101 R)
b1011010111110000101111001100100 4*
#2363
b1001100111000110001011000111111 f#
b1011010111110000101111001100101 4*
#2364
b1001100111000110001011001000000 P(
b10111111100 2)
b1011010111110000101111001100110 R)
#2365
b1001100111000110001011001000000 f#
b11000000000 2)
b1011010111110000101111001100111 R)
b1011010111110000101111001100110 4*
#2366
b10000100011100110101001110101 &#
b1111010110001010110111100000 H$
b1111101010110010001111111111 L&
b1001100111000110001011001000001 P(
b11000000100 2)
b1011010111110000101111001101000 R)
b1011010111110000101111001100111 4*
#2367
b10000000101110101001010011100 b
b1001100111000110001011001000001 f#
b10010000011001110110100010101 .'
b1111010110001010110111100000 n'
b1001100111000110001011001000010 P(
b1011010111110000101111001101001 R)
b1011010111110000101111001101000 4*
#2368
b1001100111000110001011001000010 f#
b1011010111110000101111001101001 4*
#2369
b1001100111000110001011001000011 P(
b10111111100 2)
b1011010111110000101111001101010 R)
#2370
b1001100111000110001011001000011 f#
b11000000000 2)
b1011010111110000101111001101011 R)
b1011010111110000101111001101010 4*
#2371
b10000100011100110101001110110 &#
b1111010110001010110111100001 H$
b1111101010110010010000000000 L&
b1001100111000110001011001000100 P(
b11000000100 2)
b1011010111110000101111001101100 R)
b1011010111110000101111001101011 4*
#2372
b10000000101110101001010011101 b
b1001100111000110001011001000100 f#
b10010000011001110110100010110 .'
b1111010110001010110111100001 n'
b1001100111000110001011001000101 P(
b1011010111110000101111001101101 R)
b1011010111110000101111001101100 4*
#2373
b1001100111000110001011001000101 f#
b1011010111110000101111001101101 4*
#2374
b1001100111000110001011001000110 P(
b10111111100 2)
b1011010111110000101111001101110 R)
#2375
b1001100111000110001011001000110 f#
b11000000000 2)
b1011010111110000101111001101111 R)
b1011010111110000101111001101110 4*
#2376
b10000100011100110101001110111 &#
b1111010110001010110111100010 H$
b1111101010110010010000000001 L&
b1001100111000110001011001000111 P(
b11000000100 2)
b1011010111110000101111001110000 R)
b1011010111110000101111001101111 4*
#2377
b10000000101110101001010011110 b
b1001100111000110001011001000111 f#
b10010000011001110110100010111 .'
b1111010110001010110111100010 n'
b1001100111000110001011001001000 P(
b1011010111110000101111001110001 R)
b1011010111110000101111001110000 4*
#2378
b1001100111000110001011001001000 f#
b1011010111110000101111001110001 4*
#2379
b1001100111000110001011001001001 P(
b10111111100 2)
b1011010111110000101111001110010 R)
#2380
b1001100111000110001011001001001 f#
b11000000000 2)
b1011010111110000101111001110011 R)
b1011010111110000101111001110010 4*
#2381
b10000100011100110101001111000 &#
b1111010110001010110111100011 H$
b1111101010110010010000000010 L&
b1001100111000110001011001001010 P(
b11000000100 2)
b1011010111110000101111001110100 R)
b1011010111110000101111001110011 4*
#2382
b10000000101110101001010011111 b
b1001100111000110001011001001010 f#
b10010000011001110110100011000 .'
b1111010110001010110111100011 n'
b1001100111000110001011001001011 P(
b1011010111110000101111001110101 R)
b1011010111110000101111001110100 4*
#2383
b1001100111000110001011001001011 f#
b1011010111110000101111001110101 4*
#2384
b1001100111000110001011001001100 P(
b10111111100 2)
b1011010111110000101111001110110 R)
#2385
b1001100111000110001011001001100 f#
b11000000000 2)
b1011010111110000101111001110111 R)
b1011010111110000101111001110110 4*
#2386
b10000100011100110101001111001 &#
b1111010110001010110111100100 H$
b1111101010110010010000000011 L&
b1001100111000110001011001001101 P(
b11000000100 2)
b1011010111110000101111001111000 R)
b1011010111110000101111001110111 4*
#2387
b10000000101110101001010100000 b
b1001100111000110001011001001101 f#
b10010000011001110110100011001 .'
b1111010110001010110111100100 n'
b1001100111000110001011001001110 P(
b1011010111110000101111001111001 R)
b1011010111110000101111001111000 4*
#2388
b1001100111000110001011001001110 f#
b1011010111110000101111001111001 4*
#2389
b1001100111000110001011001001111 P(
b10111111100 2)
b1011010111110000101111001111010 R)
#2390
b1001100111000110001011001001111 f#
b11000000000 2)
b1011010111110000101111001111011 R)
b1011010111110000101111001111010 4*
#2391
b10000100011100110101001111010 &#
b1111010110001010110111100101 H$
b1111101010110010010000000100 L&
b1001100111000110001011001010000 P(
b11000000100 2)
b1011010111110000101111001111100 R)
b1011010111110000101111001111011 4*
#2392
b10000000101110101001010100001 b
b1001100111000110001011001010000 f#
b10010000011001110110100011010 .'
b1111010110001010110111100101 n'
b1001100111000110001011001010001 P(
b1011010111110000101111001111101 R)
b1011010111110000101111001111100 4*
#2393
b1001100111000110001011001010001 f#
b1011010111110000101111001111101 4*
#2394
b1001100111000110001011001010010 P(
b10111111100 2)
b1011010111110000101111001111110 R)
#2395
b1001100111000110001011001010010 f#
b11000000000 2)
b1011010111110000101111001111111 R)
b1011010111110000101111001111110 4*
#2396
b10000100011100110101001111011 &#
b1111010110001010110111100110 H$
b1111101010110010010000000101 L&
b1001100111000110001011001010011 P(
b11000000100 2)
b1011010111110000101111010000000 R)
b1011010111110000101111001111111 4*
#2397
b10000000101110101001010100010 b
b1001100111000110001011001010011 f#
b10010000011001110110100011011 .'
b1111010110001010110111100110 n'
b1001100111000110001011001010100 P(
b1011010111110000101111010000001 R)
b1011010111110000101111010000000 4*
#2398
b1001100111000110001011001010100 f#
b1011010111110000101111010000001 4*
#2399
b1001100111000110001011001010101 P(
b10111111100 2)
b1011010111110000101111010000010 R)
#2400
b1001100111000110001011001010101 f#
b11000000000 2)
b1011010111110000101111010000011 R)
b1011010111110000101111010000010 4*
#2401
b10000100011100110101001111100 &#
b1111010110001010110111100111 H$
b1111101010110010010000000110 L&
b1001100111000110001011001010110 P(
b11000000100 2)
b1011010111110000101111010000100 R)
b1011010111110000101111010000011 4*
#2402
b10000000101110101001010100011 b
b1001100111000110001011001010110 f#
b10010000011001110110100011100 .'
b1111010110001010110111100111 n'
b1001100111000110001011001010111 P(
b1011010111110000101111010000101 R)
b1011010111110000101111010000100 4*
#2403
b1001100111000110001011001010111 f#
b1011010111110000101111010000101 4*
#2404
b1001100111000110001011001011000 P(
b10111111100 2)
b1011010111110000101111010000110 R)
#2405
b1001100111000110001011001011000 f#
b11000000000 2)
b1011010111110000101111010000111 R)
b1011010111110000101111010000110 4*
#2406
b10000100011100110101001111101 &#
b1111010110001010110111101000 H$
b1111101010110010010000000111 L&
b1001100111000110001011001011001 P(
b11000000100 2)
b1011010111110000101111010001000 R)
b1011010111110000101111010000111 4*
#2407
b10000000101110101001010100100 b
b1001100111000110001011001011001 f#
b10010000011001110110100011101 .'
b1111010110001010110111101000 n'
b1001100111000110001011001011010 P(
b1011010111110000101111010001001 R)
b1011010111110000101111010001000 4*
#2408
b1001100111000110001011001011010 f#
b1011010111110000101111010001001 4*
#2409
b1001100111000110001011001011011 P(
b10111111100 2)
b1011010111110000101111010001010 R)
#2410
b1001100111000110001011001011011 f#
b11000000000 2)
b1011010111110000101111010001011 R)
b1011010111110000101111010001010 4*
#2411
b10000100011100110101001111110 &#
b1111010110001010110111101001 H$
b1111101010110010010000001000 L&
b1001100111000110001011001011100 P(
b11000000100 2)
b1011010111110000101111010001100 R)
b1011010111110000101111010001011 4*
#2412
b10000000101110101001010100101 b
b1001100111000110001011001011100 f#
b10010000011001110110100011110 .'
b1111010110001010110111101001 n'
b1001100111000110001011001011101 P(
b1011010111110000101111010001101 R)
b1011010111110000101111010001100 4*
#2413
b1001100111000110001011001011101 f#
b1011010111110000101111010001101 4*
#2414
b1001100111000110001011001011110 P(
b10111111100 2)
b1011010111110000101111010001110 R)
#2415
b1001100111000110001011001011110 f#
b11000000000 2)
b1011010111110000101111010001111 R)
b1011010111110000101111010001110 4*
#2416
b10000100011100110101001111111 &#
b1111010110001010110111101010 H$
b1111101010110010010000001001 L&
b1001100111000110001011001011111 P(
b11000000100 2)
b1011010111110000101111010010000 R)
b1011010111110000101111010001111 4*
#2417
b10000000101110101001010100110 b
b1001100111000110001011001011111 f#
b10010000011001110110100011111 .'
b1111010110001010110111101010 n'
b1001100111000110001011001100000 P(
b1011010111110000101111010010001 R)
b1011010111110000101111010010000 4*
#2418
b1001100111000110001011001100000 f#
b1011010111110000101111010010001 4*
#2419
b1001100111000110001011001100001 P(
b10111111100 2)
b1011010111110000101111010010010 R)
#2420
b1001100111000110001011001100001 f#
b11000000000 2)
b1011010111110000101111010010011 R)
b1011010111110000101111010010010 4*
#2421
b10000100011100110101010000000 &#
b1111010110001010110111101011 H$
b1111101010110010010000001010 L&
b1001100111000110001011001100010 P(
b11000000100 2)
b1011010111110000101111010010100 R)
b1011010111110000101111010010011 4*
#2422
b10000000101110101001010100111 b
b1001100111000110001011001100010 f#
b10010000011001110110100100000 .'
b1111010110001010110111101011 n'
b1001100111000110001011001100011 P(
b1011010111110000101111010010101 R)
b1011010111110000101111010010100 4*
#2423
b1001100111000110001011001100011 f#
b1011010111110000101111010010101 4*
#2424
b1001100111000110001011001100100 P(
b10111111100 2)
b1011010111110000101111010010110 R)
#2425
b1001100111000110001011001100100 f#
b11000000000 2)
b1011010111110000101111010010111 R)
b1011010111110000101111010010110 4*
#2426
b10000100011100110101010000001 &#
b1111010110001010110111101100 H$
b1111101010110010010000001011 L&
b1001100111000110001011001100101 P(
b11000000100 2)
b1011010111110000101111010011000 R)
b1011010111110000101111010010111 4*
#2427
b10000000101110101001010101000 b
b1001100111000110001011001100101 f#
b10010000011001110110100100001 .'
b1111010110001010110111101100 n'
b1001100111000110001011001100110 P(
b1011010111110000101111010011001 R)
b1011010111110000101111010011000 4*
#2428
b1001100111000110001011001100110 f#
b1011010111110000101111010011001 4*
#2429
b1001100111000110001011001100111 P(
b10111111100 2)
b1011010111110000101111010011010 R)
#2430
b1001100111000110001011001100111 f#
b11000000000 2)
b1011010111110000101111010011011 R)
b1011010111110000101111010011010 4*
#2431
b10000100011100110101010000010 &#
b1111010110001010110111101101 H$
b1111101010110010010000001100 L&
b1001100111000110001011001101000 P(
b11000000100 2)
b1011010111110000101111010011100 R)
b1011010111110000101111010011011 4*
#2432
b10000000101110101001010101001 b
b1001100111000110001011001101000 f#
b10010000011001110110100100010 .'
b1111010110001010110111101101 n'
b1001100111000110001011001101001 P(
b1011010111110000101111010011101 R)
b1011010111110000101111010011100 4*
#2433
b1001100111000110001011001101001 f#
b1011010111110000101111010011101 4*
#2434
b1001100111000110001011001101010 P(
b10111111100 2)
b1011010111110000101111010011110 R)
#2435
b1001100111000110001011001101010 f#
b11000000000 2)
b1011010111110000101111010011111 R)
b1011010111110000101111010011110 4*
#2436
b10000100011100110101010000011 &#
b1111010110001010110111101110 H$
b1111101010110010010000001101 L&
b1001100111000110001011001101011 P(
b11000000100 2)
b1011010111110000101111010100000 R)
b1011010111110000101111010011111 4*
#2437
b10000000101110101001010101010 b
b1001100111000110001011001101011 f#
b10010000011001110110100100011 .'
b1111010110001010110111101110 n'
b1001100111000110001011001101100 P(
b1011010111110000101111010100001 R)
b1011010111110000101111010100000 4*
#2438
b1001100111000110001011001101100 f#
b1011010111110000101111010100001 4*
#2439
b1001100111000110001011001101101 P(
b10111111100 2)
b1011010111110000101111010100010 R)
#2440
b1001100111000110001011001101101 f#
b11000000000 2)
b1011010111110000101111010100011 R)
b1011010111110000101111010100010 4*
#2441
b10000100011100110101010000100 &#
b1111010110001010110111101111 H$
b1111101010110010010000001110 L&
b1001100111000110001011001101110 P(
b11000000100 2)
b1011010111110000101111010100100 R)
b1011010111110000101111010100011 4*
#2442
b10000000101110101001010101011 b
b1001100111000110001011001101110 f#
b10010000011001110110100100100 .'
b1111010110001010110111101111 n'
b1001100111000110001011001101111 P(
b1011010111110000101111010100101 R)
b1011010111110000101111010100100 4*
#2443
b1001100111000110001011001101111 f#
b1011010111110000101111010100101 4*
#2444
b1001100111000110001011001110000 P(
b10111111100 2)
b1011010111110000101111010100110 R)
#2445
b1001100111000110001011001110000 f#
b11000000000 2)
b1011010111110000101111010100111 R)
b1011010111110000101111010100110 4*
#2446
b10000100011100110101010000101 &#
b1111010110001010110111110000 H$
b1111101010110010010000001111 L&
b1001100111000110001011001110001 P(
b11000000100 2)
b1011010111110000101111010101000 R)
b1011010111110000101111010100111 4*
#2447
b10000000101110101001010101100 b
b1001100111000110001011001110001 f#
b10010000011001110110100100101 .'
b1111010110001010110111110000 n'
b1001100111000110001011001110010 P(
b1011010111110000101111010101001 R)
b1011010111110000101111010101000 4*
#2448
b1001100111000110001011001110010 f#
b1011010111110000101111010101001 4*
#2449
b1001100111000110001011001110011 P(
b10111111100 2)
b1011010111110000101111010101010 R)
#2450
b1001100111000110001011001110011 f#
b11000000000 2)
b1011010111110000101111010101011 R)
b1011010111110000101111010101010 4*
#2451
b10000100011100110101010000110 &#
b1111010110001010110111110001 H$
b1111101010110010010000010000 L&
b1001100111000110001011001110100 P(
b11000000100 2)
b1011010111110000101111010101100 R)
b1011010111110000101111010101011 4*
#2452
b10000000101110101001010101101 b
b1001100111000110001011001110100 f#
b10010000011001110110100100110 .'
b1111010110001010110111110001 n'
b1001100111000110001011001110101 P(
b1011010111110000101111010101101 R)
b1011010111110000101111010101100 4*
#2453
b1001100111000110001011001110101 f#
b1011010111110000101111010101101 4*
#2454
b1001100111000110001011001110110 P(
b10111111100 2)
b1011010111110000101111010101110 R)
#2455
b1001100111000110001011001110110 f#
b11000000000 2)
b1011010111110000101111010101111 R)
b1011010111110000101111010101110 4*
#2456
b10000100011100110101010000111 &#
b1111010110001010110111110010 H$
b1111101010110010010000010001 L&
b1001100111000110001011001110111 P(
b11000000100 2)
b1011010111110000101111010110000 R)
b1011010111110000101111010101111 4*
#2457
b10000000101110101001010101110 b
b1001100111000110001011001110111 f#
b10010000011001110110100100111 .'
b1111010110001010110111110010 n'
b1001100111000110001011001111000 P(
b1011010111110000101111010110001 R)
b1011010111110000101111010110000 4*
#2458
b1001100111000110001011001111000 f#
b1011010111110000101111010110001 4*
#2459
b1001100111000110001011001111001 P(
b10111111100 2)
b1011010111110000101111010110010 R)
#2460
b1001100111000110001011001111001 f#
b11000000000 2)
b1011010111110000101111010110011 R)
b1011010111110000101111010110010 4*
#2461
b10000100011100110101010001000 &#
b1111010110001010110111110011 H$
b1111101010110010010000010010 L&
b1001100111000110001011001111010 P(
b11000000100 2)
b1011010111110000101111010110100 R)
b1011010111110000101111010110011 4*
#2462
b10000000101110101001010101111 b
b1001100111000110001011001111010 f#
b10010000011001110110100101000 .'
b1111010110001010110111110011 n'
b1001100111000110001011001111011 P(
b1011010111110000101111010110101 R)
b1011010111110000101111010110100 4*
#2463
b1001100111000110001011001111011 f#
b1011010111110000101111010110101 4*
#2464
b1001100111000110001011001111100 P(
b10111111100 2)
b1011010111110000101111010110110 R)
#2465
b1001100111000110001011001111100 f#
b11000000000 2)
b1011010111110000101111010110111 R)
b1011010111110000101111010110110 4*
#2466
b10000100011100110101010001001 &#
b1111010110001010110111110100 H$
b1111101010110010010000010011 L&
b1001100111000110001011001111101 P(
b11000000100 2)
b1011010111110000101111010111000 R)
b1011010111110000101111010110111 4*
#2467
b10000000101110101001010110000 b
b1001100111000110001011001111101 f#
b10010000011001110110100101001 .'
b1111010110001010110111110100 n'
b1001100111000110001011001111110 P(
b1011010111110000101111010111001 R)
b1011010111110000101111010111000 4*
#2468
b1001100111000110001011001111110 f#
b1011010111110000101111010111001 4*
#2469
b1001100111000110001011001111111 P(
b10111111100 2)
b1011010111110000101111010111010 R)
#2470
b1001100111000110001011001111111 f#
b11000000000 2)
b1011010111110000101111010111011 R)
b1011010111110000101111010111010 4*
#2471
b10000100011100110101010001010 &#
b1111010110001010110111110101 H$
b1111101010110010010000010100 L&
b1001100111000110001011010000000 P(
b11000000100 2)
b1011010111110000101111010111100 R)
b1011010111110000101111010111011 4*
#2472
b10000000101110101001010110001 b
b1001100111000110001011010000000 f#
b10010000011001110110100101010 .'
b1111010110001010110111110101 n'
b1001100111000110001011010000001 P(
b1011010111110000101111010111101 R)
b1011010111110000101111010111100 4*
#2473
b1001100111000110001011010000001 f#
b1011010111110000101111010111101 4*
#2474
b1001100111000110001011010000010 P(
b10111111100 2)
b1011010111110000101111010111110 R)
#2475
b1001100111000110001011010000010 f#
b11000000000 2)
b1011010111110000101111010111111 R)
b1011010111110000101111010111110 4*
#2476
b10000100011100110101010001011 &#
b1111010110001010110111110110 H$
b1111101010110010010000010101 L&
b1001100111000110001011010000011 P(
b11000000100 2)
b1011010111110000101111011000000 R)
b1011010111110000101111010111111 4*
#2477
b10000000101110101001010110010 b
b1001100111000110001011010000011 f#
b10010000011001110110100101011 .'
b1111010110001010110111110110 n'
b1001100111000110001011010000100 P(
b1011010111110000101111011000001 R)
b1011010111110000101111011000000 4*
#2478
b1001100111000110001011010000100 f#
b1011010111110000101111011000001 4*
#2479
b1001100111000110001011010000101 P(
b10111111100 2)
b1011010111110000101111011000010 R)
#2480
b1001100111000110001011010000101 f#
b11000000000 2)
b1011010111110000101111011000011 R)
b1011010111110000101111011000010 4*
#2481
b10000100011100110101010001100 &#
b1111010110001010110111110111 H$
b1111101010110010010000010110 L&
b1001100111000110001011010000110 P(
b11000000100 2)
b1011010111110000101111011000100 R)
b1011010111110000101111011000011 4*
#2482
b10000000101110101001010110011 b
b1001100111000110001011010000110 f#
b10010000011001110110100101100 .'
b1111010110001010110111110111 n'
b1001100111000110001011010000111 P(
b1011010111110000101111011000101 R)
b1011010111110000101111011000100 4*
#2483
b1001100111000110001011010000111 f#
b1011010111110000101111011000101 4*
#2484
b1001100111000110001011010001000 P(
b10111111100 2)
b1011010111110000101111011000110 R)
#2485
b1001100111000110001011010001000 f#
b11000000000 2)
b1011010111110000101111011000111 R)
b1011010111110000101111011000110 4*
#2486
b10000100011100110101010001101 &#
b1111010110001010110111111000 H$
b1111101010110010010000010111 L&
b1001100111000110001011010001001 P(
b11000000100 2)
b1011010111110000101111011001000 R)
b1011010111110000101111011000111 4*
#2487
b10000000101110101001010110100 b
b1001100111000110001011010001001 f#
b10010000011001110110100101101 .'
b1111010110001010110111111000 n'
b1001100111000110001011010001010 P(
b1011010111110000101111011001001 R)
b1011010111110000101111011001000 4*
#2488
b1001100111000110001011010001010 f#
b1011010111110000101111011001001 4*
#2489
b1001100111000110001011010001011 P(
b10111111100 2)
b1011010111110000101111011001010 R)
#2490
b1001100111000110001011010001011 f#
b11000000000 2)
b1011010111110000101111011001011 R)
b1011010111110000101111011001010 4*
#2491
b10000100011100110101010001110 &#
b1111010110001010110111111001 H$
b1111101010110010010000011000 L&
b1001100111000110001011010001100 P(
b11000000100 2)
b1011010111110000101111011001100 R)
b1011010111110000101111011001011 4*
#2492
b10000000101110101001010110101 b
b1001100111000110001011010001100 f#
b10010000011001110110100101110 .'
b1111010110001010110111111001 n'
b1001100111000110001011010001101 P(
b1011010111110000101111011001101 R)
b1011010111110000101111011001100 4*
#2493
b1001100111000110001011010001101 f#
b1011010111110000101111011001101 4*
#2494
b1001100111000110001011010001110 P(
b10111111100 2)
b1011010111110000101111011001110 R)
#2495
b1001100111000110001011010001110 f#
b11000000000 2)
b1011010111110000101111011001111 R)
b1011010111110000101111011001110 4*
#2496
b10000100011100110101010001111 &#
b1111010110001010110111111010 H$
b1111101010110010010000011001 L&
b1001100111000110001011010001111 P(
b11000000100 2)
b1011010111110000101111011010000 R)
b1011010111110000101111011001111 4*
#2497
b10000000101110101001010110110 b
b1001100111000110001011010001111 f#
b10010000011001110110100101111 .'
b1111010110001010110111111010 n'
b1001100111000110001011010010000 P(
b1011010111110000101111011010001 R)
b1011010111110000101111011010000 4*
#2498
b1001100111000110001011010010000 f#
b1011010111110000101111011010001 4*
#2499
b1001100111000110001011010010001 P(
b10111111100 2)
b1011010111110000101111011010010 R)
#2500
b1001100111000110001011010010001 f#
b11000000000 2)
b1011010111110000101111011010011 R)
b1011010111110000101111011010010 4*
#2501
b10000100011100110101010010000 &#
b1111010110001010110111111011 H$
b1111101010110010010000011010 L&
b1001100111000110001011010010010 P(
b11000000100 2)
b1011010111110000101111011010100 R)
b1011010111110000101111011010011 4*
#2502
b10000000101110101001010110111 b
b1001100111000110001011010010010 f#
b10010000011001110110100110000 .'
b1111010110001010110111111011 n'
b1001100111000110001011010010011 P(
b1011010111110000101111011010101 R)
b1011010111110000101111011010100 4*
#2503
b1001100111000110001011010010011 f#
b1011010111110000101111011010101 4*
#2504
b1001100111000110001011010010100 P(
b10111111100 2)
b1011010111110000101111011010110 R)
#2505
b1001100111000110001011010010100 f#
b11000000000 2)
b1011010111110000101111011010111 R)
b1011010111110000101111011010110 4*
#2506
b10000100011100110101010010001 &#
b1111010110001010110111111100 H$
b1111101010110010010000011011 L&
b1001100111000110001011010010101 P(
b11000000100 2)
b1011010111110000101111011011000 R)
b1011010111110000101111011010111 4*
#2507
b10000000101110101001010111000 b
b1001100111000110001011010010101 f#
b10010000011001110110100110001 .'
b1111010110001010110111111100 n'
b1001100111000110001011010010110 P(
b1011010111110000101111011011001 R)
b1011010111110000101111011011000 4*
#2508
b1001100111000110001011010010110 f#
b1011010111110000101111011011001 4*
#2509
b1001100111000110001011010010111 P(
b10111111100 2)
b1011010111110000101111011011010 R)
#2510
b1001100111000110001011010010111 f#
b11000000000 2)
b1011010111110000101111011011011 R)
b1011010111110000101111011011010 4*
#2511
b10000100011100110101010010010 &#
b1111010110001010110111111101 H$
b1111101010110010010000011100 L&
b1001100111000110001011010011000 P(
b11000000100 2)
b1011010111110000101111011011100 R)
b1011010111110000101111011011011 4*
#2512
b10000000101110101001010111001 b
b1001100111000110001011010011000 f#
b10010000011001110110100110010 .'
b1111010110001010110111111101 n'
b1001100111000110001011010011001 P(
b1011010111110000101111011011101 R)
b1011010111110000101111011011100 4*
#2513
b1001100111000110001011010011001 f#
b1011010111110000101111011011101 4*
#2514
b1001100111000110001011010011010 P(
b10111111100 2)
b1011010111110000101111011011110 R)
#2515
b1001100111000110001011010011010 f#
b11000000000 2)
b1011010111110000101111011011111 R)
b1011010111110000101111011011110 4*
#2516
b10000100011100110101010010011 &#
b1111010110001010110111111110 H$
b1111101010110010010000011101 L&
b1001100111000110001011010011011 P(
b11000000100 2)
b1011010111110000101111011100000 R)
b1011010111110000101111011011111 4*
#2517
b10000000101110101001010111010 b
b1001100111000110001011010011011 f#
b10010000011001110110100110011 .'
b1111010110001010110111111110 n'
b1001100111000110001011010011100 P(
b1011010111110000101111011100001 R)
b1011010111110000101111011100000 4*
#2518
b1001100111000110001011010011100 f#
b1011010111110000101111011100001 4*
#2519
b1001100111000110001011010011101 P(
b10111111100 2)
b1011010111110000101111011100010 R)
#2520
b1001100111000110001011010011101 f#
b11000000000 2)
b1011010111110000101111011100011 R)
b1011010111110000101111011100010 4*
#2521
b10000100011100110101010010100 &#
b1111010110001010110111111111 H$
b1111101010110010010000011110 L&
b1001100111000110001011010011110 P(
b11000000100 2)
b1011010111110000101111011100100 R)
b1011010111110000101111011100011 4*
#2522
b10000000101110101001010111011 b
b1001100111000110001011010011110 f#
b10010000011001110110100110100 .'
b1111010110001010110111111111 n'
b1001100111000110001011010011111 P(
b1011010111110000101111011100101 R)
b1011010111110000101111011100100 4*
#2523
b1001100111000110001011010011111 f#
b1011010111110000101111011100101 4*
#2524
b1001100111000110001011010100000 P(
b10111111100 2)
b1011010111110000101111011100110 R)
#2525
b1001100111000110001011010100000 f#
b11000000000 2)
b1011010111110000101111011100111 R)
b1011010111110000101111011100110 4*
#2526
b10000100011100110101010010101 &#
b1111010110001010111000000000 H$
b1111101010110010010000011111 L&
b1001100111000110001011010100001 P(
b11000000100 2)
b1011010111110000101111011101000 R)
b1011010111110000101111011100111 4*
#2527
b10000000101110101001010111100 b
b1001100111000110001011010100001 f#
b10010000011001110110100110101 .'
b1111010110001010111000000000 n'
b1001100111000110001011010100010 P(
b1011010111110000101111011101001 R)
b1011010111110000101111011101000 4*
#2528
b1001100111000110001011010100010 f#
b1011010111110000101111011101001 4*
#2529
b1001100111000110001011010100011 P(
b10111111100 2)
b1011010111110000101111011101010 R)
#2530
b1001100111000110001011010100011 f#
b11000000000 2)
b1011010111110000101111011101011 R)
b1011010111110000101111011101010 4*
#2531
b10000100011100110101010010110 &#
b1111010110001010111000000001 H$
b1111101010110010010000100000 L&
b1001100111000110001011010100100 P(
b11000000100 2)
b1011010111110000101111011101100 R)
b1011010111110000101111011101011 4*
#2532
b10000000101110101001010111101 b
b1001100111000110001011010100100 f#
b10010000011001110110100110110 .'
b1111010110001010111000000001 n'
b1001100111000110001011010100101 P(
b1011010111110000101111011101101 R)
b1011010111110000101111011101100 4*
#2533
b1001100111000110001011010100101 f#
b1011010111110000101111011101101 4*
#2534
b1001100111000110001011010100110 P(
b10111111100 2)
b1011010111110000101111011101110 R)
#2535
b1001100111000110001011010100110 f#
b11000000000 2)
b1011010111110000101111011101111 R)
b1011010111110000101111011101110 4*
#2536
b10000100011100110101010010111 &#
b1111010110001010111000000010 H$
b1111101010110010010000100001 L&
b1001100111000110001011010100111 P(
b11000000100 2)
b1011010111110000101111011110000 R)
b1011010111110000101111011101111 4*
#2537
b10000000101110101001010111110 b
b1001100111000110001011010100111 f#
b10010000011001110110100110111 .'
b1111010110001010111000000010 n'
b1001100111000110001011010101000 P(
b1011010111110000101111011110001 R)
b1011010111110000101111011110000 4*
#2538
b1001100111000110001011010101000 f#
b1011010111110000101111011110001 4*
#2539
b1001100111000110001011010101001 P(
b10111111100 2)
b1011010111110000101111011110010 R)
#2540
b1001100111000110001011010101001 f#
b11000000000 2)
b1011010111110000101111011110011 R)
b1011010111110000101111011110010 4*
#2541
b10000100011100110101010011000 &#
b1111010110001010111000000011 H$
b1111101010110010010000100010 L&
b1001100111000110001011010101010 P(
b11000000100 2)
b1011010111110000101111011110100 R)
b1011010111110000101111011110011 4*
#2542
b10000000101110101001010111111 b
b1001100111000110001011010101010 f#
b10010000011001110110100111000 .'
b1111010110001010111000000011 n'
b1001100111000110001011010101011 P(
b1011010111110000101111011110101 R)
b1011010111110000101111011110100 4*
#2543
b1001100111000110001011010101011 f#
b1011010111110000101111011110101 4*
#2544
b1001100111000110001011010101100 P(
b10111111100 2)
b1011010111110000101111011110110 R)
#2545
b1001100111000110001011010101100 f#
b11000000000 2)
b1011010111110000101111011110111 R)
b1011010111110000101111011110110 4*
#2546
b10000100011100110101010011001 &#
b1111010110001010111000000100 H$
b1111101010110010010000100011 L&
b1001100111000110001011010101101 P(
b11000000100 2)
b1011010111110000101111011111000 R)
b1011010111110000101111011110111 4*
#2547
b10000000101110101001011000000 b
b1001100111000110001011010101101 f#
b10010000011001110110100111001 .'
b1111010110001010111000000100 n'
b1001100111000110001011010101110 P(
b1011010111110000101111011111001 R)
b1011010111110000101111011111000 4*
#2548
b1001100111000110001011010101110 f#
b1011010111110000101111011111001 4*
#2549
b1001100111000110001011010101111 P(
b10111111100 2)
b1011010111110000101111011111010 R)
#2550
b1001100111000110001011010101111 f#
b11000000000 2)
b1011010111110000101111011111011 R)
b1011010111110000101111011111010 4*
#2551
b10000100011100110101010011010 &#
b1111010110001010111000000101 H$
b1111101010110010010000100100 L&
b1001100111000110001011010110000 P(
b11000000100 2)
b1011010111110000101111011111100 R)
b1011010111110000101111011111011 4*
#2552
b10000000101110101001011000001 b
b1001100111000110001011010110000 f#
b10010000011001110110100111010 .'
b1111010110001010111000000101 n'
b1001100111000110001011010110001 P(
b1011010111110000101111011111101 R)
b1011010111110000101111011111100 4*
#2553
b1001100111000110001011010110001 f#
b1011010111110000101111011111101 4*
#2554
b1001100111000110001011010110010 P(
b10111111100 2)
b1011010111110000101111011111110 R)
#2555
b1001100111000110001011010110010 f#
b11000000000 2)
b1011010111110000101111011111111 R)
b1011010111110000101111011111110 4*
#2556
b10000100011100110101010011011 &#
b1111010110001010111000000110 H$
b1111101010110010010000100101 L&
b1001100111000110001011010110011 P(
b11000000100 2)
b1011010111110000101111100000000 R)
b1011010111110000101111011111111 4*
#2557
b10000000101110101001011000010 b
b1001100111000110001011010110011 f#
b10010000011001110110100111011 .'
b1111010110001010111000000110 n'
b1001100111000110001011010110100 P(
b1011010111110000101111100000001 R)
b1011010111110000101111100000000 4*
#2558
b1001100111000110001011010110100 f#
b1011010111110000101111100000001 4*
#2559
b1001100111000110001011010110101 P(
b10111111100 2)
b1011010111110000101111100000010 R)
#2560
b1001100111000110001011010110101 f#
b11000000000 2)
b1011010111110000101111100000011 R)
b1011010111110000101111100000010 4*
#2561
b10000100011100110101010011100 &#
b1111010110001010111000000111 H$
b1111101010110010010000100110 L&
b1001100111000110001011010110110 P(
b11000000100 2)
b1011010111110000101111100000100 R)
b1011010111110000101111100000011 4*
#2562
b10000000101110101001011000011 b
b1001100111000110001011010110110 f#
b10010000011001110110100111100 .'
b1111010110001010111000000111 n'
b1001100111000110001011010110111 P(
b1011010111110000101111100000101 R)
b1011010111110000101111100000100 4*
#2563
b1001100111000110001011010110111 f#
b1011010111110000101111100000101 4*
#2564
b1001100111000110001011010111000 P(
b10111111100 2)
b1011010111110000101111100000110 R)
#2565
b1001100111000110001011010111000 f#
b11000000000 2)
b1011010111110000101111100000111 R)
b1011010111110000101111100000110 4*
#2566
b10000100011100110101010011101 &#
b1111010110001010111000001000 H$
b1111101010110010010000100111 L&
b1001100111000110001011010111001 P(
b11000000100 2)
b1011010111110000101111100001000 R)
b1011010111110000101111100000111 4*
#2567
b10000000101110101001011000100 b
b1001100111000110001011010111001 f#
b10010000011001110110100111101 .'
b1111010110001010111000001000 n'
b1001100111000110001011010111010 P(
b1011010111110000101111100001001 R)
b1011010111110000101111100001000 4*
#2568
b1001100111000110001011010111010 f#
b1011010111110000101111100001001 4*
#2569
b1001100111000110001011010111011 P(
b10111111100 2)
b1011010111110000101111100001010 R)
#2570
b1001100111000110001011010111011 f#
b11000000000 2)
b1011010111110000101111100001011 R)
b1011010111110000101111100001010 4*
#2571
b10000100011100110101010011110 &#
b1111010110001010111000001001 H$
b1111101010110010010000101000 L&
b1001100111000110001011010111100 P(
b11000000100 2)
b1011010111110000101111100001100 R)
b1011010111110000101111100001011 4*
#2572
b10000000101110101001011000101 b
b1001100111000110001011010111100 f#
b10010000011001110110100111110 .'
b1111010110001010111000001001 n'
b1001100111000110001011010111101 P(
b1011010111110000101111100001101 R)
b1011010111110000101111100001100 4*
#2573
b1001100111000110001011010111101 f#
b1011010111110000101111100001101 4*
#2574
b1001100111000110001011010111110 P(
b10111111100 2)
b1011010111110000101111100001110 R)
#2575
b1001100111000110001011010111110 f#
b11000000000 2)
b1011010111110000101111100001111 R)
b1011010111110000101111100001110 4*
#2576
b10000100011100110101010011111 &#
b1111010110001010111000001010 H$
b1111101010110010010000101001 L&
b1001100111000110001011010111111 P(
b11000000100 2)
b1011010111110000101111100010000 R)
b1011010111110000101111100001111 4*
#2577
b10000000101110101001011000110 b
b1001100111000110001011010111111 f#
b10010000011001110110100111111 .'
b1111010110001010111000001010 n'
b1001100111000110001011011000000 P(
b1011010111110000101111100010001 R)
b1011010111110000101111100010000 4*
#2578
b1001100111000110001011011000000 f#
b1011010111110000101111100010001 4*
#2579
b1001100111000110001011011000001 P(
b10111111100 2)
b1011010111110000101111100010010 R)
#2580
b1001100111000110001011011000001 f#
b11000000000 2)
b1011010111110000101111100010011 R)
b1011010111110000101111100010010 4*
#2581
b10000100011100110101010100000 &#
b1111010110001010111000001011 H$
b1111101010110010010000101010 L&
b1001100111000110001011011000010 P(
b11000000100 2)
b1011010111110000101111100010100 R)
b1011010111110000101111100010011 4*
#2582
b10000000101110101001011000111 b
b1001100111000110001011011000010 f#
b10010000011001110110101000000 .'
b1111010110001010111000001011 n'
b1001100111000110001011011000011 P(
b1011010111110000101111100010101 R)
b1011010111110000101111100010100 4*
#2583
b1001100111000110001011011000011 f#
b1011010111110000101111100010101 4*
#2584
b1001100111000110001011011000100 P(
b10111111100 2)
b1011010111110000101111100010110 R)
#2585
b1001100111000110001011011000100 f#
b11000000000 2)
b1011010111110000101111100010111 R)
b1011010111110000101111100010110 4*
#2586
b10000100011100110101010100001 &#
b1111010110001010111000001100 H$
b1111101010110010010000101011 L&
b1001100111000110001011011000101 P(
b11000000100 2)
b1011010111110000101111100011000 R)
b1011010111110000101111100010111 4*
#2587
b10000000101110101001011001000 b
b1001100111000110001011011000101 f#
b10010000011001110110101000001 .'
b1111010110001010111000001100 n'
b1001100111000110001011011000110 P(
b1011010111110000101111100011001 R)
b1011010111110000101111100011000 4*
#2588
b1001100111000110001011011000110 f#
b1011010111110000101111100011001 4*
#2589
b1001100111000110001011011000111 P(
b10111111100 2)
b1011010111110000101111100011010 R)
#2590
b1001100111000110001011011000111 f#
b11000000000 2)
b1011010111110000101111100011011 R)
b1011010111110000101111100011010 4*
#2591
b10000100011100110101010100010 &#
b1111010110001010111000001101 H$
b1111101010110010010000101100 L&
b1001100111000110001011011001000 P(
b11000000100 2)
b1011010111110000101111100011100 R)
b1011010111110000101111100011011 4*
#2592
b10000000101110101001011001001 b
b1001100111000110001011011001000 f#
b10010000011001110110101000010 .'
b1111010110001010111000001101 n'
b1001100111000110001011011001001 P(
b1011010111110000101111100011101 R)
b1011010111110000101111100011100 4*
#2593
b1001100111000110001011011001001 f#
b1011010111110000101111100011101 4*
#2594
b1001100111000110001011011001010 P(
b10111111100 2)
b1011010111110000101111100011110 R)
#2595
b1001100111000110001011011001010 f#
b11000000000 2)
b1011010111110000101111100011111 R)
b1011010111110000101111100011110 4*
#2596
b10000100011100110101010100011 &#
b1111010110001010111000001110 H$
b1111101010110010010000101101 L&
b1001100111000110001011011001011 P(
b11000000100 2)
b1011010111110000101111100100000 R)
b1011010111110000101111100011111 4*
#2597
b10000000101110101001011001010 b
b1001100111000110001011011001011 f#
b10010000011001110110101000011 .'
b1111010110001010111000001110 n'
b1001100111000110001011011001100 P(
b1011010111110000101111100100001 R)
b1011010111110000101111100100000 4*
#2598
b1001100111000110001011011001100 f#
b1011010111110000101111100100001 4*
#2599
b1001100111000110001011011001101 P(
b10111111100 2)
b1011010111110000101111100100010 R)
#2600
b1001100111000110001011011001101 f#
b11000000000 2)
b1011010111110000101111100100011 R)
b1011010111110000101111100100010 4*
#2601
b10000100011100110101010100100 &#
b1111010110001010111000001111 H$
b1111101010110010010000101110 L&
b1001100111000110001011011001110 P(
b11000000100 2)
b1011010111110000101111100100100 R)
b1011010111110000101111100100011 4*
#2602
b10000000101110101001011001011 b
b1001100111000110001011011001110 f#
b10010000011001110110101000100 .'
b1111010110001010111000001111 n'
b1001100111000110001011011001111 P(
b1011010111110000101111100100101 R)
b1011010111110000101111100100100 4*
#2603
b1001100111000110001011011001111 f#
b1011010111110000101111100100101 4*
#2604
b1001100111000110001011011010000 P(
b10111111100 2)
b1011010111110000101111100100110 R)
#2605
b1001100111000110001011011010000 f#
b11000000000 2)
b1011010111110000101111100100111 R)
b1011010111110000101111100100110 4*
#2606
b10000100011100110101010100101 &#
b1111010110001010111000010000 H$
b1111101010110010010000101111 L&
b1001100111000110001011011010001 P(
b11000000100 2)
b1011010111110000101111100101000 R)
b1011010111110000101111100100111 4*
#2607
b10000000101110101001011001100 b
b1001100111000110001011011010001 f#
b10010000011001110110101000101 .'
b1111010110001010111000010000 n'
b1001100111000110001011011010010 P(
b1011010111110000101111100101001 R)
b1011010111110000101111100101000 4*
#2608
b1001100111000110001011011010010 f#
b1011010111110000101111100101001 4*
#2609
b1001100111000110001011011010011 P(
b10111111100 2)
b1011010111110000101111100101010 R)
#2610
b1001100111000110001011011010011 f#
b11000000000 2)
b1011010111110000101111100101011 R)
b1011010111110000101111100101010 4*
#2611
b10000100011100110101010100110 &#
b1111010110001010111000010001 H$
b1111101010110010010000110000 L&
b1001100111000110001011011010100 P(
b11000000100 2)
b1011010111110000101111100101100 R)
b1011010111110000101111100101011 4*
#2612
b10000000101110101001011001101 b
b1001100111000110001011011010100 f#
b10010000011001110110101000110 .'
b1111010110001010111000010001 n'
b1001100111000110001011011010101 P(
b1011010111110000101111100101101 R)
b1011010111110000101111100101100 4*
#2613
b1001100111000110001011011010101 f#
b1011010111110000101111100101101 4*
#2614
b1001100111000110001011011010110 P(
b10111111100 2)
b1011010111110000101111100101110 R)
#2615
b1001100111000110001011011010110 f#
b11000000000 2)
b1011010111110000101111100101111 R)
b1011010111110000101111100101110 4*
#2616
b10000100011100110101010100111 &#
b1111010110001010111000010010 H$
b1111101010110010010000110001 L&
b1001100111000110001011011010111 P(
b11000000100 2)
b1011010111110000101111100110000 R)
b1011010111110000101111100101111 4*
#2617
b10000000101110101001011001110 b
b1001100111000110001011011010111 f#
b10010000011001110110101000111 .'
b1111010110001010111000010010 n'
b1001100111000110001011011011000 P(
b1011010111110000101111100110001 R)
b1011010111110000101111100110000 4*
#2618
b1001100111000110001011011011000 f#
b1011010111110000101111100110001 4*
#2619
b1001100111000110001011011011001 P(
b10111111100 2)
b1011010111110000101111100110010 R)
#2620
b1001100111000110001011011011001 f#
b11000000000 2)
b1011010111110000101111100110011 R)
b1011010111110000101111100110010 4*
#2621
b10000100011100110101010101000 &#
b1111010110001010111000010011 H$
b1111101010110010010000110010 L&
b1001100111000110001011011011010 P(
b11000000100 2)
b1011010111110000101111100110100 R)
b1011010111110000101111100110011 4*
#2622
b10000000101110101001011001111 b
b1001100111000110001011011011010 f#
b10010000011001110110101001000 .'
b1111010110001010111000010011 n'
b1001100111000110001011011011011 P(
b1011010111110000101111100110101 R)
b1011010111110000101111100110100 4*
#2623
b1001100111000110001011011011011 f#
b1011010111110000101111100110101 4*
#2624
b1001100111000110001011011011100 P(
b10111111100 2)
b1011010111110000101111100110110 R)
#2625
b1001100111000110001011011011100 f#
b11000000000 2)
b1011010111110000101111100110111 R)
b1011010111110000101111100110110 4*
#2626
b10000100011100110101010101001 &#
b1111010110001010111000010100 H$
b1111101010110010010000110011 L&
b1001100111000110001011011011101 P(
b11000000100 2)
b1011010111110000101111100111000 R)
b1011010111110000101111100110111 4*
#2627
b10000000101110101001011010000 b
b1001100111000110001011011011101 f#
b10010000011001110110101001001 .'
b1111010110001010111000010100 n'
b1001100111000110001011011011110 P(
b1011010111110000101111100111001 R)
b1011010111110000101111100111000 4*
#2628
b1001100111000110001011011011110 f#
b1011010111110000101111100111001 4*
#2629
b1001100111000110001011011011111 P(
b10111111100 2)
b1011010111110000101111100111010 R)
#2630
b1001100111000110001011011011111 f#
b11000000000 2)
b1011010111110000101111100111011 R)
b1011010111110000101111100111010 4*
#2631
b10000100011100110101010101010 &#
b1111010110001010111000010101 H$
b1111101010110010010000110100 L&
b1001100111000110001011011100000 P(
b11000000100 2)
b1011010111110000101111100111100 R)
b1011010111110000101111100111011 4*
#2632
b10000000101110101001011010001 b
b1001100111000110001011011100000 f#
b10010000011001110110101001010 .'
b1111010110001010111000010101 n'
b1001100111000110001011011100001 P(
b1011010111110000101111100111101 R)
b1011010111110000101111100111100 4*
#2633
b1001100111000110001011011100001 f#
b1011010111110000101111100111101 4*
#2634
b1001100111000110001011011100010 P(
b10111111100 2)
b1011010111110000101111100111110 R)
#2635
b1001100111000110001011011100010 f#
b11000000000 2)
b1011010111110000101111100111111 R)
b1011010111110000101111100111110 4*
#2636
b10000100011100110101010101011 &#
b1111010110001010111000010110 H$
b1111101010110010010000110101 L&
b1001100111000110001011011100011 P(
b11000000100 2)
b1011010111110000101111101000000 R)
b1011010111110000101111100111111 4*
#2637
b10000000101110101001011010010 b
b1001100111000110001011011100011 f#
b10010000011001110110101001011 .'
b1111010110001010111000010110 n'
b1001100111000110001011011100100 P(
b1011010111110000101111101000001 R)
b1011010111110000101111101000000 4*
#2638
b1001100111000110001011011100100 f#
b1011010111110000101111101000001 4*
#2639
b1001100111000110001011011100101 P(
b10111111100 2)
b1011010111110000101111101000010 R)
#2640
b1001100111000110001011011100101 f#
b11000000000 2)
b1011010111110000101111101000011 R)
b1011010111110000101111101000010 4*
#2641
b10000100011100110101010101100 &#
b1111010110001010111000010111 H$
b1111101010110010010000110110 L&
b1001100111000110001011011100110 P(
b11000000100 2)
b1011010111110000101111101000100 R)
b1011010111110000101111101000011 4*
#2642
b10000000101110101001011010011 b
b1001100111000110001011011100110 f#
b10010000011001110110101001100 .'
b1111010110001010111000010111 n'
b1001100111000110001011011100111 P(
b1011010111110000101111101000101 R)
b1011010111110000101111101000100 4*
#2643
b1001100111000110001011011100111 f#
b1011010111110000101111101000101 4*
#2644
b1001100111000110001011011101000 P(
b10111111100 2)
b1011010111110000101111101000110 R)
#2645
b1001100111000110001011011101000 f#
b11000000000 2)
b1011010111110000101111101000111 R)
b1011010111110000101111101000110 4*
#2646
b10000100011100110101010101101 &#
b1111010110001010111000011000 H$
b1111101010110010010000110111 L&
b1001100111000110001011011101001 P(
b11000000100 2)
b1011010111110000101111101001000 R)
b1011010111110000101111101000111 4*
#2647
b10000000101110101001011010100 b
b1001100111000110001011011101001 f#
b10010000011001110110101001101 .'
b1111010110001010111000011000 n'
b1001100111000110001011011101010 P(
b1011010111110000101111101001001 R)
b1011010111110000101111101001000 4*
#2648
b1001100111000110001011011101010 f#
b1011010111110000101111101001001 4*
#2649
b1001100111000110001011011101011 P(
b10111111100 2)
b1011010111110000101111101001010 R)
#2650
b1001100111000110001011011101011 f#
b11000000000 2)
b1011010111110000101111101001011 R)
b1011010111110000101111101001010 4*
#2651
b10000100011100110101010101110 &#
b1111010110001010111000011001 H$
b1111101010110010010000111000 L&
b1001100111000110001011011101100 P(
b11000000100 2)
b1011010111110000101111101001100 R)
b1011010111110000101111101001011 4*
#2652
b10000000101110101001011010101 b
b1001100111000110001011011101100 f#
b10010000011001110110101001110 .'
b1111010110001010111000011001 n'
b1001100111000110001011011101101 P(
b1011010111110000101111101001101 R)
b1011010111110000101111101001100 4*
#2653
b1001100111000110001011011101101 f#
b1011010111110000101111101001101 4*
#2654
b1001100111000110001011011101110 P(
b10111111100 2)
b1011010111110000101111101001110 R)
#2655
b1001100111000110001011011101110 f#
b11000000000 2)
b1011010111110000101111101001111 R)
b1011010111110000101111101001110 4*
#2656
b10000100011100110101010101111 &#
b1111010110001010111000011010 H$
b1111101010110010010000111001 L&
b1001100111000110001011011101111 P(
b11000000100 2)
b1011010111110000101111101010000 R)
b1011010111110000101111101001111 4*
#2657
b10000000101110101001011010110 b
b1001100111000110001011011101111 f#
b10010000011001110110101001111 .'
b1111010110001010111000011010 n'
b1001100111000110001011011110000 P(
b1011010111110000101111101010001 R)
b1011010111110000101111101010000 4*
#2658
b1001100111000110001011011110000 f#
b1011010111110000101111101010001 4*
#2659
b1001100111000110001011011110001 P(
b10111111100 2)
b1011010111110000101111101010010 R)
#2660
b1001100111000110001011011110001 f#
b11000000000 2)
b1011010111110000101111101010011 R)
b1011010111110000101111101010010 4*
#2661
b10000100011100110101010110000 &#
b1111010110001010111000011011 H$
b1111101010110010010000111010 L&
b1001100111000110001011011110010 P(
b11000000100 2)
b1011010111110000101111101010100 R)
b1011010111110000101111101010011 4*
#2662
b10000000101110101001011010111 b
b1001100111000110001011011110010 f#
b10010000011001110110101010000 .'
b1111010110001010111000011011 n'
b1001100111000110001011011110011 P(
b1011010111110000101111101010101 R)
b1011010111110000101111101010100 4*
#2663
b1001100111000110001011011110011 f#
b1011010111110000101111101010101 4*
#2664
b1001100111000110001011011110100 P(
b10111111100 2)
b1011010111110000101111101010110 R)
#2665
b1001100111000110001011011110100 f#
b11000000000 2)
b1011010111110000101111101010111 R)
b1011010111110000101111101010110 4*
#2666
b10000100011100110101010110001 &#
b1111010110001010111000011100 H$
b1111101010110010010000111011 L&
b1001100111000110001011011110101 P(
b11000000100 2)
b1011010111110000101111101011000 R)
b1011010111110000101111101010111 4*
#2667
b10000000101110101001011011000 b
b1001100111000110001011011110101 f#
b10010000011001110110101010001 .'
b1111010110001010111000011100 n'
b1001100111000110001011011110110 P(
b1011010111110000101111101011001 R)
b1011010111110000101111101011000 4*
#2668
b1001100111000110001011011110110 f#
b1011010111110000101111101011001 4*
#2669
b1001100111000110001011011110111 P(
b10111111100 2)
b1011010111110000101111101011010 R)
#2670
b1001100111000110001011011110111 f#
b11000000000 2)
b1011010111110000101111101011011 R)
b1011010111110000101111101011010 4*
#2671
b10000100011100110101010110010 &#
b1111010110001010111000011101 H$
b1111101010110010010000111100 L&
b1001100111000110001011011111000 P(
b11000000100 2)
b1011010111110000101111101011100 R)
b1011010111110000101111101011011 4*
#2672
b10000000101110101001011011001 b
b1001100111000110001011011111000 f#
b10010000011001110110101010010 .'
b1111010110001010111000011101 n'
b1001100111000110001011011111001 P(
b1011010111110000101111101011101 R)
b1011010111110000101111101011100 4*
#2673
b1001100111000110001011011111001 f#
b1011010111110000101111101011101 4*
#2674
b1001100111000110001011011111010 P(
b10111111100 2)
b1011010111110000101111101011110 R)
#2675
b1001100111000110001011011111010 f#
b11000000000 2)
b1011010111110000101111101011111 R)
b1011010111110000101111101011110 4*
#2676
b10000100011100110101010110011 &#
b1111010110001010111000011110 H$
b1111101010110010010000111101 L&
b1001100111000110001011011111011 P(
b11000000100 2)
b1011010111110000101111101100000 R)
b1011010111110000101111101011111 4*
#2677
b10000000101110101001011011010 b
b1001100111000110001011011111011 f#
b10010000011001110110101010011 .'
b1111010110001010111000011110 n'
b1001100111000110001011011111100 P(
b1011010111110000101111101100001 R)
b1011010111110000101111101100000 4*
#2678
b1001100111000110001011011111100 f#
b1011010111110000101111101100001 4*
#2679
b1001100111000110001011011111101 P(
b10111111100 2)
b1011010111110000101111101100010 R)
#2680
b1001100111000110001011011111101 f#
b11000000000 2)
b1011010111110000101111101100011 R)
b1011010111110000101111101100010 4*
#2681
b10000100011100110101010110100 &#
b1111010110001010111000011111 H$
b1111101010110010010000111110 L&
b1001100111000110001011011111110 P(
b11000000100 2)
b1011010111110000101111101100100 R)
b1011010111110000101111101100011 4*
#2682
b10000000101110101001011011011 b
b1001100111000110001011011111110 f#
b10010000011001110110101010100 .'
b1111010110001010111000011111 n'
b1001100111000110001011011111111 P(
b1011010111110000101111101100101 R)
b1011010111110000101111101100100 4*
#2683
b1001100111000110001011011111111 f#
b1011010111110000101111101100101 4*
#2684
b1001100111000110001011100000000 P(
b10111111100 2)
b1011010111110000101111101100110 R)
#2685
b1001100111000110001011100000000 f#
b11000000000 2)
b1011010111110000101111101100111 R)
b1011010111110000101111101100110 4*
#2686
b10000100011100110101010110101 &#
b1111010110001010111000100000 H$
b1111101010110010010000111111 L&
b1001100111000110001011100000001 P(
b11000000100 2)
b1011010111110000101111101101000 R)
b1011010111110000101111101100111 4*
#2687
b10000000101110101001011011100 b
b1001100111000110001011100000001 f#
b10010000011001110110101010101 .'
b1111010110001010111000100000 n'
b1001100111000110001011100000010 P(
b1011010111110000101111101101001 R)
b1011010111110000101111101101000 4*
#2688
b1001100111000110001011100000010 f#
b1011010111110000101111101101001 4*
#2689
b1001100111000110001011100000011 P(
b10111111100 2)
b1011010111110000101111101101010 R)
#2690
b1001100111000110001011100000011 f#
b11000000000 2)
b1011010111110000101111101101011 R)
b1011010111110000101111101101010 4*
#2691
b10000100011100110101010110110 &#
b1111010110001010111000100001 H$
b1111101010110010010001000000 L&
b1001100111000110001011100000100 P(
b11000000100 2)
b1011010111110000101111101101100 R)
b1011010111110000101111101101011 4*
#2692
b10000000101110101001011011101 b
b1001100111000110001011100000100 f#
b10010000011001110110101010110 .'
b1111010110001010111000100001 n'
b1001100111000110001011100000101 P(
b1011010111110000101111101101101 R)
b1011010111110000101111101101100 4*
#2693
b1001100111000110001011100000101 f#
b1011010111110000101111101101101 4*
#2694
b1001100111000110001011100000110 P(
b10111111100 2)
b1011010111110000101111101101110 R)
#2695
b1001100111000110001011100000110 f#
b11000000000 2)
b1011010111110000101111101101111 R)
b1011010111110000101111101101110 4*
#2696
b10000100011100110101010110111 &#
b1111010110001010111000100010 H$
b1111101010110010010001000001 L&
b1001100111000110001011100000111 P(
b11000000100 2)
b1011010111110000101111101110000 R)
b1011010111110000101111101101111 4*
#2697
b10000000101110101001011011110 b
b1001100111000110001011100000111 f#
b10010000011001110110101010111 .'
b1111010110001010111000100010 n'
b1001100111000110001011100001000 P(
b1011010111110000101111101110001 R)
b1011010111110000101111101110000 4*
#2698
b1001100111000110001011100001000 f#
b1011010111110000101111101110001 4*
#2699
b1001100111000110001011100001001 P(
b10111111100 2)
b1011010111110000101111101110010 R)
#2700
b1001100111000110001011100001001 f#
b11000000000 2)
b1011010111110000101111101110011 R)
b1011010111110000101111101110010 4*
#2701
b10000100011100110101010111000 &#
b1111010110001010111000100011 H$
b1111101010110010010001000010 L&
b1001100111000110001011100001010 P(
b11000000100 2)
b1011010111110000101111101110100 R)
b1011010111110000101111101110011 4*
#2702
b10000000101110101001011011111 b
b1001100111000110001011100001010 f#
b10010000011001110110101011000 .'
b1111010110001010111000100011 n'
b1001100111000110001011100001011 P(
b1011010111110000101111101110101 R)
b1011010111110000101111101110100 4*
#2703
b1001100111000110001011100001011 f#
b1011010111110000101111101110101 4*
#2704
b1001100111000110001011100001100 P(
b10111111100 2)
b1011010111110000101111101110110 R)
#2705
b1001100111000110001011100001100 f#
b11000000000 2)
b1011010111110000101111101110111 R)
b1011010111110000101111101110110 4*
#2706
b10000100011100110101010111001 &#
b1111010110001010111000100100 H$
b1111101010110010010001000011 L&
b1001100111000110001011100001101 P(
b11000000100 2)
b1011010111110000101111101111000 R)
b1011010111110000101111101110111 4*
#2707
b10000000101110101001011100000 b
b1001100111000110001011100001101 f#
b10010000011001110110101011001 .'
b1111010110001010111000100100 n'
b1001100111000110001011100001110 P(
b1011010111110000101111101111001 R)
b1011010111110000101111101111000 4*
#2708
b1001100111000110001011100001110 f#
b1011010111110000101111101111001 4*
#2709
b1001100111000110001011100001111 P(
b10111111100 2)
b1011010111110000101111101111010 R)
#2710
b1001100111000110001011100001111 f#
b11000000000 2)
b1011010111110000101111101111011 R)
b1011010111110000101111101111010 4*
#2711
b10000100011100110101010111010 &#
b1111010110001010111000100101 H$
b1111101010110010010001000100 L&
b1001100111000110001011100010000 P(
b11000000100 2)
b1011010111110000101111101111100 R)
b1011010111110000101111101111011 4*
#2712
b10000000101110101001011100001 b
b1001100111000110001011100010000 f#
b10010000011001110110101011010 .'
b1111010110001010111000100101 n'
b1001100111000110001011100010001 P(
b1011010111110000101111101111101 R)
b1011010111110000101111101111100 4*
#2713
b1001100111000110001011100010001 f#
b1011010111110000101111101111101 4*
#2714
b1001100111000110001011100010010 P(
b10111111100 2)
b1011010111110000101111101111110 R)
#2715
b1001100111000110001011100010010 f#
b11000000000 2)
b1011010111110000101111101111111 R)
b1011010111110000101111101111110 4*
#2716
b10000100011100110101010111011 &#
b1111010110001010111000100110 H$
b1111101010110010010001000101 L&
b1001100111000110001011100010011 P(
b11000000100 2)
b1011010111110000101111110000000 R)
b1011010111110000101111101111111 4*
#2717
b10000000101110101001011100010 b
b1001100111000110001011100010011 f#
b10010000011001110110101011011 .'
b1111010110001010111000100110 n'
b1001100111000110001011100010100 P(
b1011010111110000101111110000001 R)
b1011010111110000101111110000000 4*
#2718
b1001100111000110001011100010100 f#
b1011010111110000101111110000001 4*
#2719
b1001100111000110001011100010101 P(
b10111111100 2)
b1011010111110000101111110000010 R)
#2720
b1001100111000110001011100010101 f#
b11000000000 2)
b1011010111110000101111110000011 R)
b1011010111110000101111110000010 4*
#2721
b10000100011100110101010111100 &#
b1111010110001010111000100111 H$
b1111101010110010010001000110 L&
b1001100111000110001011100010110 P(
b11000000100 2)
b1011010111110000101111110000100 R)
b1011010111110000101111110000011 4*
#2722
b10000000101110101001011100011 b
b1001100111000110001011100010110 f#
b10010000011001110110101011100 .'
b1111010110001010111000100111 n'
b1001100111000110001011100010111 P(
b1011010111110000101111110000101 R)
b1011010111110000101111110000100 4*
#2723
b1001100111000110001011100010111 f#
b1011010111110000101111110000101 4*
#2724
b1001100111000110001011100011000 P(
b10111111100 2)
b1011010111110000101111110000110 R)
#2725
b1001100111000110001011100011000 f#
b11000000000 2)
b1011010111110000101111110000111 R)
b1011010111110000101111110000110 4*
#2726
b10000100011100110101010111101 &#
b1111010110001010111000101000 H$
b1111101010110010010001000111 L&
b1001100111000110001011100011001 P(
b11000000100 2)
b1011010111110000101111110001000 R)
b1011010111110000101111110000111 4*
#2727
b10000000101110101001011100100 b
b1001100111000110001011100011001 f#
b10010000011001110110101011101 .'
b1111010110001010111000101000 n'
b1001100111000110001011100011010 P(
b1011010111110000101111110001001 R)
b1011010111110000101111110001000 4*
#2728
b1001100111000110001011100011010 f#
b1011010111110000101111110001001 4*
#2729
b1001100111000110001011100011011 P(
b10111111100 2)
b1011010111110000101111110001010 R)
#2730
b1001100111000110001011100011011 f#
b11000000000 2)
b1011010111110000101111110001011 R)
b1011010111110000101111110001010 4*
#2731
b10000100011100110101010111110 &#
b1111010110001010111000101001 H$
b1111101010110010010001001000 L&
b1001100111000110001011100011100 P(
b11000000100 2)
b1011010111110000101111110001100 R)
b1011010111110000101111110001011 4*
#2732
b10000000101110101001011100101 b
b1001100111000110001011100011100 f#
b10010000011001110110101011110 .'
b1111010110001010111000101001 n'
b1001100111000110001011100011101 P(
b1011010111110000101111110001101 R)
b1011010111110000101111110001100 4*
#2733
b1001100111000110001011100011101 f#
b1011010111110000101111110001101 4*
#2734
b1001100111000110001011100011110 P(
b10111111100 2)
b1011010111110000101111110001110 R)
#2735
b1001100111000110001011100011110 f#
b11000000000 2)
b1011010111110000101111110001111 R)
b1011010111110000101111110001110 4*
#2736
b10000100011100110101010111111 &#
b1111010110001010111000101010 H$
b1111101010110010010001001001 L&
b1001100111000110001011100011111 P(
b11000000100 2)
b1011010111110000101111110010000 R)
b1011010111110000101111110001111 4*
#2737
b10000000101110101001011100110 b
b1001100111000110001011100011111 f#
b10010000011001110110101011111 .'
b1111010110001010111000101010 n'
b1001100111000110001011100100000 P(
b1011010111110000101111110010001 R)
b1011010111110000101111110010000 4*
#2738
b1001100111000110001011100100000 f#
b1011010111110000101111110010001 4*
#2739
b1001100111000110001011100100001 P(
b10111111100 2)
b1011010111110000101111110010010 R)
#2740
b1001100111000110001011100100001 f#
b11000000000 2)
b1011010111110000101111110010011 R)
b1011010111110000101111110010010 4*
#2741
b10000100011100110101011000000 &#
b1111010110001010111000101011 H$
b1111101010110010010001001010 L&
b1001100111000110001011100100010 P(
b11000000100 2)
b1011010111110000101111110010100 R)
b1011010111110000101111110010011 4*
#2742
b10000000101110101001011100111 b
b1001100111000110001011100100010 f#
b10010000011001110110101100000 .'
b1111010110001010111000101011 n'
b1001100111000110001011100100011 P(
b1011010111110000101111110010101 R)
b1011010111110000101111110010100 4*
#2743
b1001100111000110001011100100011 f#
b1011010111110000101111110010101 4*
#2744
b1001100111000110001011100100100 P(
b10111111100 2)
b1011010111110000101111110010110 R)
#2745
b1001100111000110001011100100100 f#
b11000000000 2)
b1011010111110000101111110010111 R)
b1011010111110000101111110010110 4*
#2746
b10000100011100110101011000001 &#
b1111010110001010111000101100 H$
b1111101010110010010001001011 L&
b1001100111000110001011100100101 P(
b11000000100 2)
b1011010111110000101111110011000 R)
b1011010111110000101111110010111 4*
#2747
b10000000101110101001011101000 b
b1001100111000110001011100100101 f#
b10010000011001110110101100001 .'
b1111010110001010111000101100 n'
b1001100111000110001011100100110 P(
b1011010111110000101111110011001 R)
b1011010111110000101111110011000 4*
#2748
b1001100111000110001011100100110 f#
b1011010111110000101111110011001 4*
#2749
b1001100111000110001011100100111 P(
b10111111100 2)
b1011010111110000101111110011010 R)
#2750
b1001100111000110001011100100111 f#
b11000000000 2)
b1011010111110000101111110011011 R)
b1011010111110000101111110011010 4*
#2751
b10000100011100110101011000010 &#
b1111010110001010111000101101 H$
b1111101010110010010001001100 L&
b1001100111000110001011100101000 P(
b11000000100 2)
b1011010111110000101111110011100 R)
b1011010111110000101111110011011 4*
#2752
b10000000101110101001011101001 b
b1001100111000110001011100101000 f#
b10010000011001110110101100010 .'
b1111010110001010111000101101 n'
b1001100111000110001011100101001 P(
b1011010111110000101111110011101 R)
b1011010111110000101111110011100 4*
#2753
b1001100111000110001011100101001 f#
b1011010111110000101111110011101 4*
#2754
b1001100111000110001011100101010 P(
b10111111100 2)
b1011010111110000101111110011110 R)
#2755
b1001100111000110001011100101010 f#
b11000000000 2)
b1011010111110000101111110011111 R)
b1011010111110000101111110011110 4*
#2756
b10000100011100110101011000011 &#
b1111010110001010111000101110 H$
b1111101010110010010001001101 L&
b1001100111000110001011100101011 P(
b11000000100 2)
b1011010111110000101111110100000 R)
b1011010111110000101111110011111 4*
#2757
b10000000101110101001011101010 b
b1001100111000110001011100101011 f#
b10010000011001110110101100011 .'
b1111010110001010111000101110 n'
b1001100111000110001011100101100 P(
b1011010111110000101111110100001 R)
b1011010111110000101111110100000 4*
#2758
b1001100111000110001011100101100 f#
b1011010111110000101111110100001 4*
#2759
b1001100111000110001011100101101 P(
b10111111100 2)
b1011010111110000101111110100010 R)
#2760
b1001100111000110001011100101101 f#
b11000000000 2)
b1011010111110000101111110100011 R)
b1011010111110000101111110100010 4*
#2761
b10000100011100110101011000100 &#
b1111010110001010111000101111 H$
b1111101010110010010001001110 L&
b1001100111000110001011100101110 P(
b11000000100 2)
b1011010111110000101111110100100 R)
b1011010111110000101111110100011 4*
#2762
b10000000101110101001011101011 b
b1001100111000110001011100101110 f#
b10010000011001110110101100100 .'
b1111010110001010111000101111 n'
b1001100111000110001011100101111 P(
b1011010111110000101111110100101 R)
b1011010111110000101111110100100 4*
#2763
b1001100111000110001011100101111 f#
b1011010111110000101111110100101 4*
#2764
b1001100111000110001011100110000 P(
b10111111100 2)
b1011010111110000101111110100110 R)
#2765
b1001100111000110001011100110000 f#
b11000000000 2)
b1011010111110000101111110100111 R)
b1011010111110000101111110100110 4*
#2766
b10000100011100110101011000101 &#
b1111010110001010111000110000 H$
b1111101010110010010001001111 L&
b1001100111000110001011100110001 P(
b11000000100 2)
b1011010111110000101111110101000 R)
b1011010111110000101111110100111 4*
#2767
b10000000101110101001011101100 b
b1001100111000110001011100110001 f#
b10010000011001110110101100101 .'
b1111010110001010111000110000 n'
b1001100111000110001011100110010 P(
b1011010111110000101111110101001 R)
b1011010111110000101111110101000 4*
#2768
b1001100111000110001011100110010 f#
b1011010111110000101111110101001 4*
#2769
b1001100111000110001011100110011 P(
b10111111100 2)
b1011010111110000101111110101010 R)
#2770
b1001100111000110001011100110011 f#
b11000000000 2)
b1011010111110000101111110101011 R)
b1011010111110000101111110101010 4*
#2771
b10000100011100110101011000110 &#
b1111010110001010111000110001 H$
b1111101010110010010001010000 L&
b1001100111000110001011100110100 P(
b11000000100 2)
b1011010111110000101111110101100 R)
b1011010111110000101111110101011 4*
#2772
b10000000101110101001011101101 b
b1001100111000110001011100110100 f#
b10010000011001110110101100110 .'
b1111010110001010111000110001 n'
b1001100111000110001011100110101 P(
b1011010111110000101111110101101 R)
b1011010111110000101111110101100 4*
#2773
b1001100111000110001011100110101 f#
b1011010111110000101111110101101 4*
#2774
b1001100111000110001011100110110 P(
b10111111100 2)
b1011010111110000101111110101110 R)
#2775
b1001100111000110001011100110110 f#
b11000000000 2)
b1011010111110000101111110101111 R)
b1011010111110000101111110101110 4*
#2776
b10000100011100110101011000111 &#
b1111010110001010111000110010 H$
b1111101010110010010001010001 L&
b1001100111000110001011100110111 P(
b11000000100 2)
b1011010111110000101111110110000 R)
b1011010111110000101111110101111 4*
#2777
b10000000101110101001011101110 b
b1001100111000110001011100110111 f#
b10010000011001110110101100111 .'
b1111010110001010111000110010 n'
b1001100111000110001011100111000 P(
b1011010111110000101111110110001 R)
b1011010111110000101111110110000 4*
#2778
b1001100111000110001011100111000 f#
b1011010111110000101111110110001 4*
#2779
b1001100111000110001011100111001 P(
b10111111100 2)
b1011010111110000101111110110010 R)
#2780
b1001100111000110001011100111001 f#
b11000000000 2)
b1011010111110000101111110110011 R)
b1011010111110000101111110110010 4*
#2781
b10000100011100110101011001000 &#
b1111010110001010111000110011 H$
b1111101010110010010001010010 L&
b1001100111000110001011100111010 P(
b11000000100 2)
b1011010111110000101111110110100 R)
b1011010111110000101111110110011 4*
#2782
b10000000101110101001011101111 b
b1001100111000110001011100111010 f#
b10010000011001110110101101000 .'
b1111010110001010111000110011 n'
b1001100111000110001011100111011 P(
b1011010111110000101111110110101 R)
b1011010111110000101111110110100 4*
#2783
b1001100111000110001011100111011 f#
b1011010111110000101111110110101 4*
#2784
b1001100111000110001011100111100 P(
b10111111100 2)
b1011010111110000101111110110110 R)
#2785
b1001100111000110001011100111100 f#
b11000000000 2)
b1011010111110000101111110110111 R)
b1011010111110000101111110110110 4*
#2786
b10000100011100110101011001001 &#
b1111010110001010111000110100 H$
b1111101010110010010001010011 L&
b1001100111000110001011100111101 P(
b11000000100 2)
b1011010111110000101111110111000 R)
b1011010111110000101111110110111 4*
#2787
b10000000101110101001011110000 b
b1001100111000110001011100111101 f#
b10010000011001110110101101001 .'
b1111010110001010111000110100 n'
b1001100111000110001011100111110 P(
b1011010111110000101111110111001 R)
b1011010111110000101111110111000 4*
#2788
b1001100111000110001011100111110 f#
b1011010111110000101111110111001 4*
#2789
b1001100111000110001011100111111 P(
b10111111100 2)
b1011010111110000101111110111010 R)
#2790
b1001100111000110001011100111111 f#
b11000000000 2)
b1011010111110000101111110111011 R)
b1011010111110000101111110111010 4*
#2791
b10000100011100110101011001010 &#
b1111010110001010111000110101 H$
b1111101010110010010001010100 L&
b1001100111000110001011101000000 P(
b11000000100 2)
b1011010111110000101111110111100 R)
b1011010111110000101111110111011 4*
#2792
b10000000101110101001011110001 b
b1001100111000110001011101000000 f#
b10010000011001110110101101010 .'
b1111010110001010111000110101 n'
b1001100111000110001011101000001 P(
b1011010111110000101111110111101 R)
b1011010111110000101111110111100 4*
#2793
b1001100111000110001011101000001 f#
b1011010111110000101111110111101 4*
#2794
b1001100111000110001011101000010 P(
b10111111100 2)
b1011010111110000101111110111110 R)
#2795
b1001100111000110001011101000010 f#
b11000000000 2)
b1011010111110000101111110111111 R)
b1011010111110000101111110111110 4*
#2796
b10000100011100110101011001011 &#
b1111010110001010111000110110 H$
b1111101010110010010001010101 L&
b1001100111000110001011101000011 P(
b11000000100 2)
b1011010111110000101111111000000 R)
b1011010111110000101111110111111 4*
#2797
b10000000101110101001011110010 b
b1001100111000110001011101000011 f#
b10010000011001110110101101011 .'
b1111010110001010111000110110 n'
b1001100111000110001011101000100 P(
b1011010111110000101111111000001 R)
b1011010111110000101111111000000 4*
#2798
b1001100111000110001011101000100 f#
b1011010111110000101111111000001 4*
#2799
b1001100111000110001011101000101 P(
b10111111100 2)
b1011010111110000101111111000010 R)
#2800
b1001100111000110001011101000101 f#
b11000000000 2)
b1011010111110000101111111000011 R)
b1011010111110000101111111000010 4*
#2801
b10000100011100110101011001100 &#
b1111010110001010111000110111 H$
b1111101010110010010001010110 L&
b1001100111000110001011101000110 P(
b11000000100 2)
b1011010111110000101111111000100 R)
b1011010111110000101111111000011 4*
#2802
b10000000101110101001011110011 b
b1001100111000110001011101000110 f#
b10010000011001110110101101100 .'
b1111010110001010111000110111 n'
b1001100111000110001011101000111 P(
b1011010111110000101111111000101 R)
b1011010111110000101111111000100 4*
#2803
b1001100111000110001011101000111 f#
b1011010111110000101111111000101 4*
#2804
b1001100111000110001011101001000 P(
b10111111100 2)
b1011010111110000101111111000110 R)
#2805
b1001100111000110001011101001000 f#
b11000000000 2)
b1011010111110000101111111000111 R)
b1011010111110000101111111000110 4*
#2806
b10000100011100110101011001101 &#
b1111010110001010111000111000 H$
b1111101010110010010001010111 L&
b1001100111000110001011101001001 P(
b11000000100 2)
b1011010111110000101111111001000 R)
b1011010111110000101111111000111 4*
#2807
b10000000101110101001011110100 b
b1001100111000110001011101001001 f#
b10010000011001110110101101101 .'
b1111010110001010111000111000 n'
b1001100111000110001011101001010 P(
b1011010111110000101111111001001 R)
b1011010111110000101111111001000 4*
#2808
b1001100111000110001011101001010 f#
b1011010111110000101111111001001 4*
#2809
b1001100111000110001011101001011 P(
b10111111100 2)
b1011010111110000101111111001010 R)
#2810
b1001100111000110001011101001011 f#
b11000000000 2)
b1011010111110000101111111001011 R)
b1011010111110000101111111001010 4*
#2811
b10000100011100110101011001110 &#
b1111010110001010111000111001 H$
b1111101010110010010001011000 L&
b1001100111000110001011101001100 P(
b11000000100 2)
b1011010111110000101111111001100 R)
b1011010111110000101111111001011 4*
#2812
b10000000101110101001011110101 b
b1001100111000110001011101001100 f#
b10010000011001110110101101110 .'
b1111010110001010111000111001 n'
b1001100111000110001011101001101 P(
b1011010111110000101111111001101 R)
b1011010111110000101111111001100 4*
#2813
b1001100111000110001011101001101 f#
b1011010111110000101111111001101 4*
#2814
b1001100111000110001011101001110 P(
b10111111100 2)
b1011010111110000101111111001110 R)
#2815
b1001100111000110001011101001110 f#
b11000000000 2)
b1011010111110000101111111001111 R)
b1011010111110000101111111001110 4*
#2816
b10000100011100110101011001111 &#
b1111010110001010111000111010 H$
b1111101010110010010001011001 L&
b1001100111000110001011101001111 P(
b11000000100 2)
b1011010111110000101111111010000 R)
b1011010111110000101111111001111 4*
#2817
b10000000101110101001011110110 b
b1001100111000110001011101001111 f#
b10010000011001110110101101111 .'
b1111010110001010111000111010 n'
b1001100111000110001011101010000 P(
b1011010111110000101111111010001 R)
b1011010111110000101111111010000 4*
#2818
b1001100111000110001011101010000 f#
b1011010111110000101111111010001 4*
#2819
b1001100111000110001011101010001 P(
b10111111100 2)
b1011010111110000101111111010010 R)
#2820
b1001100111000110001011101010001 f#
b11000000000 2)
b1011010111110000101111111010011 R)
b1011010111110000101111111010010 4*
#2821
b10000100011100110101011010000 &#
b1111010110001010111000111011 H$
b1111101010110010010001011010 L&
b1001100111000110001011101010010 P(
b11000000100 2)
b1011010111110000101111111010100 R)
b1011010111110000101111111010011 4*
#2822
b10000000101110101001011110111 b
b1001100111000110001011101010010 f#
b10010000011001110110101110000 .'
b1111010110001010111000111011 n'
b1001100111000110001011101010011 P(
b1011010111110000101111111010101 R)
b1011010111110000101111111010100 4*
#2823
b1001100111000110001011101010011 f#
b1011010111110000101111111010101 4*
#2824
b1001100111000110001011101010100 P(
b10111111100 2)
b1011010111110000101111111010110 R)
#2825
b1001100111000110001011101010100 f#
b11000000000 2)
b1011010111110000101111111010111 R)
b1011010111110000101111111010110 4*
#2826
b10000100011100110101011010001 &#
b1111010110001010111000111100 H$
b1111101010110010010001011011 L&
b1001100111000110001011101010101 P(
b11000000100 2)
b1011010111110000101111111011000 R)
b1011010111110000101111111010111 4*
#2827
b10000000101110101001011111000 b
b1001100111000110001011101010101 f#
b10010000011001110110101110001 .'
b1111010110001010111000111100 n'
b1001100111000110001011101010110 P(
b1011010111110000101111111011001 R)
b1011010111110000101111111011000 4*
#2828
b1001100111000110001011101010110 f#
b1011010111110000101111111011001 4*
#2829
b1001100111000110001011101010111 P(
b10111111100 2)
b1011010111110000101111111011010 R)
#2830
b1001100111000110001011101010111 f#
b11000000000 2)
b1011010111110000101111111011011 R)
b1011010111110000101111111011010 4*
#2831
b10000100011100110101011010010 &#
b1111010110001010111000111101 H$
b1111101010110010010001011100 L&
b1001100111000110001011101011000 P(
b11000000100 2)
b1011010111110000101111111011100 R)
b1011010111110000101111111011011 4*
#2832
b10000000101110101001011111001 b
b1001100111000110001011101011000 f#
b10010000011001110110101110010 .'
b1111010110001010111000111101 n'
b1001100111000110001011101011001 P(
b1011010111110000101111111011101 R)
b1011010111110000101111111011100 4*
#2833
b1001100111000110001011101011001 f#
b1011010111110000101111111011101 4*
#2834
b1001100111000110001011101011010 P(
b10111111100 2)
b1011010111110000101111111011110 R)
#2835
b1001100111000110001011101011010 f#
b11000000000 2)
b1011010111110000101111111011111 R)
b1011010111110000101111111011110 4*
#2836
b10000100011100110101011010011 &#
b1111010110001010111000111110 H$
b1111101010110010010001011101 L&
b1001100111000110001011101011011 P(
b11000000100 2)
b1011010111110000101111111100000 R)
b1011010111110000101111111011111 4*
#2837
b10000000101110101001011111010 b
b1001100111000110001011101011011 f#
b10010000011001110110101110011 .'
b1111010110001010111000111110 n'
b1001100111000110001011101011100 P(
b1011010111110000101111111100001 R)
b1011010111110000101111111100000 4*
#2838
b1001100111000110001011101011100 f#
b1011010111110000101111111100001 4*
#2839
b1001100111000110001011101011101 P(
b10111111100 2)
b1011010111110000101111111100010 R)
#2840
b1001100111000110001011101011101 f#
b11000000000 2)
b1011010111110000101111111100011 R)
b1011010111110000101111111100010 4*
#2841
b10000100011100110101011010100 &#
b1111010110001010111000111111 H$
b1111101010110010010001011110 L&
b1001100111000110001011101011110 P(
b11000000100 2)
b1011010111110000101111111100100 R)
b1011010111110000101111111100011 4*
#2842
b10000000101110101001011111011 b
b1001100111000110001011101011110 f#
b10010000011001110110101110100 .'
b1111010110001010111000111111 n'
b1001100111000110001011101011111 P(
b1011010111110000101111111100101 R)
b1011010111110000101111111100100 4*
#2843
b1001100111000110001011101011111 f#
b1011010111110000101111111100101 4*
#2844
b1001100111000110001011101100000 P(
b10111111100 2)
b1011010111110000101111111100110 R)
#2845
b1001100111000110001011101100000 f#
b11000000000 2)
b1011010111110000101111111100111 R)
b1011010111110000101111111100110 4*
#2846
b10000100011100110101011010101 &#
b1111010110001010111001000000 H$
b1111101010110010010001011111 L&
b1001100111000110001011101100001 P(
b11000000100 2)
b1011010111110000101111111101000 R)
b1011010111110000101111111100111 4*
#2847
b10000000101110101001011111100 b
b1001100111000110001011101100001 f#
b10010000011001110110101110101 .'
b1111010110001010111001000000 n'
b1001100111000110001011101100010 P(
b1011010111110000101111111101001 R)
b1011010111110000101111111101000 4*
#2848
b1001100111000110001011101100010 f#
b1011010111110000101111111101001 4*
#2849
b1001100111000110001011101100011 P(
b10111111100 2)
b1011010111110000101111111101010 R)
#2850
b1001100111000110001011101100011 f#
b11000000000 2)
b1011010111110000101111111101011 R)
b1011010111110000101111111101010 4*
#2851
b10000100011100110101011010110 &#
b1111010110001010111001000001 H$
b1111101010110010010001100000 L&
b1001100111000110001011101100100 P(
b11000000100 2)
b1011010111110000101111111101100 R)
b1011010111110000101111111101011 4*
#2852
b10000000101110101001011111101 b
b1001100111000110001011101100100 f#
b10010000011001110110101110110 .'
b1111010110001010111001000001 n'
b1001100111000110001011101100101 P(
b1011010111110000101111111101101 R)
b1011010111110000101111111101100 4*
#2853
b1001100111000110001011101100101 f#
b1011010111110000101111111101101 4*
#2854
b1001100111000110001011101100110 P(
b10111111100 2)
b1011010111110000101111111101110 R)
#2855
b1001100111000110001011101100110 f#
b11000000000 2)
b1011010111110000101111111101111 R)
b1011010111110000101111111101110 4*
#2856
b10000100011100110101011010111 &#
b1111010110001010111001000010 H$
b1111101010110010010001100001 L&
b1001100111000110001011101100111 P(
b11000000100 2)
b1011010111110000101111111110000 R)
b1011010111110000101111111101111 4*
#2857
b10000000101110101001011111110 b
b1001100111000110001011101100111 f#
b10010000011001110110101110111 .'
b1111010110001010111001000010 n'
b1001100111000110001011101101000 P(
b1011010111110000101111111110001 R)
b1011010111110000101111111110000 4*
#2858
b1001100111000110001011101101000 f#
b1011010111110000101111111110001 4*
#2859
b1001100111000110001011101101001 P(
b10111111100 2)
b1011010111110000101111111110010 R)
#2860
b1001100111000110001011101101001 f#
b11000000000 2)
b1011010111110000101111111110011 R)
b1011010111110000101111111110010 4*
#2861
b10000100011100110101011011000 &#
b1111010110001010111001000011 H$
b1111101010110010010001100010 L&
b1001100111000110001011101101010 P(
b11000000100 2)
b1011010111110000101111111110100 R)
b1011010111110000101111111110011 4*
#2862
b10000000101110101001011111111 b
b1001100111000110001011101101010 f#
b10010000011001110110101111000 .'
b1111010110001010111001000011 n'
b1001100111000110001011101101011 P(
b1011010111110000101111111110101 R)
b1011010111110000101111111110100 4*
#2863
b1001100111000110001011101101011 f#
b1011010111110000101111111110101 4*
#2864
b1001100111000110001011101101100 P(
b10111111100 2)
b1011010111110000101111111110110 R)
#2865
b1001100111000110001011101101100 f#
b11000000000 2)
b1011010111110000101111111110111 R)
b1011010111110000101111111110110 4*
#2866
b10000100011100110101011011001 &#
b1111010110001010111001000100 H$
b1111101010110010010001100011 L&
b1001100111000110001011101101101 P(
b11000000100 2)
b1011010111110000101111111111000 R)
b1011010111110000101111111110111 4*
#2867
b10000000101110101001100000000 b
b1001100111000110001011101101101 f#
b10010000011001110110101111001 .'
b1111010110001010111001000100 n'
b1001100111000110001011101101110 P(
b1011010111110000101111111111001 R)
b1011010111110000101111111111000 4*
#2868
b1001100111000110001011101101110 f#
b1011010111110000101111111111001 4*
#2869
b1001100111000110001011101101111 P(
b10111111100 2)
b1011010111110000101111111111010 R)
#2870
b1001100111000110001011101101111 f#
b11000000000 2)
b1011010111110000101111111111011 R)
b1011010111110000101111111111010 4*
#2871
b10000100011100110101011011010 &#
b1111010110001010111001000101 H$
b1111101010110010010001100100 L&
b1001100111000110001011101110000 P(
b11000000100 2)
b1011010111110000101111111111100 R)
b1011010111110000101111111111011 4*
#2872
b10000000101110101001100000001 b
b1001100111000110001011101110000 f#
b10010000011001110110101111010 .'
b1111010110001010111001000101 n'
b1001100111000110001011101110001 P(
b1011010111110000101111111111101 R)
b1011010111110000101111111111100 4*
#2873
b1001100111000110001011101110001 f#
b1011010111110000101111111111101 4*
#2874
b1001100111000110001011101110010 P(
b10111111100 2)
b1011010111110000101111111111110 R)
#2875
b1001100111000110001011101110010 f#
b11000000000 2)
b1011010111110000101111111111111 R)
b1011010111110000101111111111110 4*
#2876
b10000100011100110101011011011 &#
b1111010110001010111001000110 H$
b1111101010110010010001100101 L&
b1001100111000110001011101110011 P(
b11000000100 2)
b1011010111110000110000000000000 R)
b1011010111110000101111111111111 4*
#2877
b10000000101110101001100000010 b
b1001100111000110001011101110011 f#
b10010000011001110110101111011 .'
b1111010110001010111001000110 n'
b1001100111000110001011101110100 P(
b1011010111110000110000000000001 R)
b1011010111110000110000000000000 4*
#2878
b1001100111000110001011101110100 f#
b1011010111110000110000000000001 4*
#2879
b1001100111000110001011101110101 P(
b10111111100 2)
b1011010111110000110000000000010 R)
#2880
b1001100111000110001011101110101 f#
b11000000000 2)
b1011010111110000110000000000011 R)
b1011010111110000110000000000010 4*
#2881
b10000100011100110101011011100 &#
b1111010110001010111001000111 H$
b1111101010110010010001100110 L&
b1001100111000110001011101110110 P(
b11000000100 2)
b1011010111110000110000000000100 R)
b1011010111110000110000000000011 4*
#2882
b10000000101110101001100000011 b
b1001100111000110001011101110110 f#
b10010000011001110110101111100 .'
b1111010110001010111001000111 n'
b1001100111000110001011101110111 P(
b1011010111110000110000000000101 R)
b1011010111110000110000000000100 4*
#2883
b1001100111000110001011101110111 f#
b1011010111110000110000000000101 4*
#2884
b1001100111000110001011101111000 P(
b10111111100 2)
b1011010111110000110000000000110 R)
#2885
b1001100111000110001011101111000 f#
b11000000000 2)
b1011010111110000110000000000111 R)
b1011010111110000110000000000110 4*
#2886
b10000100011100110101011011101 &#
b1111010110001010111001001000 H$
b1111101010110010010001100111 L&
b1001100111000110001011101111001 P(
b11000000100 2)
b1011010111110000110000000001000 R)
b1011010111110000110000000000111 4*
#2887
b10000000101110101001100000100 b
b1001100111000110001011101111001 f#
b10010000011001110110101111101 .'
b1111010110001010111001001000 n'
b1001100111000110001011101111010 P(
b1011010111110000110000000001001 R)
b1011010111110000110000000001000 4*
#2888
b1001100111000110001011101111010 f#
b1011010111110000110000000001001 4*
#2889
b1001100111000110001011101111011 P(
b10111111100 2)
b1011010111110000110000000001010 R)
#2890
b1001100111000110001011101111011 f#
b11000000000 2)
b1011010111110000110000000001011 R)
b1011010111110000110000000001010 4*
#2891
b10000100011100110101011011110 &#
b1111010110001010111001001001 H$
b1111101010110010010001101000 L&
b1001100111000110001011101111100 P(
b11000000100 2)
b1011010111110000110000000001100 R)
b1011010111110000110000000001011 4*
#2892
b10000000101110101001100000101 b
b1001100111000110001011101111100 f#
b10010000011001110110101111110 .'
b1111010110001010111001001001 n'
b1001100111000110001011101111101 P(
b1011010111110000110000000001101 R)
b1011010111110000110000000001100 4*
#2893
b1001100111000110001011101111101 f#
b1011010111110000110000000001101 4*
#2894
b1001100111000110001011101111110 P(
b10111111100 2)
b1011010111110000110000000001110 R)
#2895
b1001100111000110001011101111110 f#
b11000000000 2)
b1011010111110000110000000001111 R)
b1011010111110000110000000001110 4*
#2896
b10000100011100110101011011111 &#
b1111010110001010111001001010 H$
b1111101010110010010001101001 L&
b1001100111000110001011101111111 P(
b11000000100 2)
b1011010111110000110000000010000 R)
b1011010111110000110000000001111 4*
#2897
b10000000101110101001100000110 b
b1001100111000110001011101111111 f#
b10010000011001110110101111111 .'
b1111010110001010111001001010 n'
b1001100111000110001011110000000 P(
b1011010111110000110000000010001 R)
b1011010111110000110000000010000 4*
#2898
b1001100111000110001011110000000 f#
b1011010111110000110000000010001 4*
#2899
b1001100111000110001011110000001 P(
b10111111100 2)
b1011010111110000110000000010010 R)
#2900
b1001100111000110001011110000001 f#
b11000000000 2)
b1011010111110000110000000010011 R)
b1011010111110000110000000010010 4*
#2901
b10000100011100110101011100000 &#
b1111010110001010111001001011 H$
b1111101010110010010001101010 L&
b1001100111000110001011110000010 P(
b11000000100 2)
b1011010111110000110000000010100 R)
b1011010111110000110000000010011 4*
#2902
b10000000101110101001100000111 b
b1001100111000110001011110000010 f#
b10010000011001110110110000000 .'
b1111010110001010111001001011 n'
b1001100111000110001011110000011 P(
b1011010111110000110000000010101 R)
b1011010111110000110000000010100 4*
#2903
b1001100111000110001011110000011 f#
b1011010111110000110000000010101 4*
#2904
b1001100111000110001011110000100 P(
b10111111100 2)
b1011010111110000110000000010110 R)
#2905
b1001100111000110001011110000100 f#
b11000000000 2)
b1011010111110000110000000010111 R)
b1011010111110000110000000010110 4*
#2906
b10000100011100110101011100001 &#
b1111010110001010111001001100 H$
b1111101010110010010001101011 L&
b1001100111000110001011110000101 P(
b11000000100 2)
b1011010111110000110000000011000 R)
b1011010111110000110000000010111 4*
#2907
b10000000101110101001100001000 b
b1001100111000110001011110000101 f#
b10010000011001110110110000001 .'
b1111010110001010111001001100 n'
b1001100111000110001011110000110 P(
b1011010111110000110000000011001 R)
b1011010111110000110000000011000 4*
#2908
b1001100111000110001011110000110 f#
b1011010111110000110000000011001 4*
#2909
b1001100111000110001011110000111 P(
b10111111100 2)
b1011010111110000110000000011010 R)
#2910
b1001100111000110001011110000111 f#
b11000000000 2)
b1011010111110000110000000011011 R)
b1011010111110000110000000011010 4*
#2911
b10000100011100110101011100010 &#
b1111010110001010111001001101 H$
b1111101010110010010001101100 L&
b1001100111000110001011110001000 P(
b11000000100 2)
b1011010111110000110000000011100 R)
b1011010111110000110000000011011 4*
#2912
b10000000101110101001100001001 b
b1001100111000110001011110001000 f#
b10010000011001110110110000010 .'
b1111010110001010111001001101 n'
b1001100111000110001011110001001 P(
b1011010111110000110000000011101 R)
b1011010111110000110000000011100 4*
#2913
b1001100111000110001011110001001 f#
b1011010111110000110000000011101 4*
#2914
b1001100111000110001011110001010 P(
b10111111100 2)
b1011010111110000110000000011110 R)
#2915
b1001100111000110001011110001010 f#
b11000000000 2)
b1011010111110000110000000011111 R)
b1011010111110000110000000011110 4*
#2916
b10000100011100110101011100011 &#
b1111010110001010111001001110 H$
b1111101010110010010001101101 L&
b1001100111000110001011110001011 P(
b11000000100 2)
b1011010111110000110000000100000 R)
b1011010111110000110000000011111 4*
#2917
b10000000101110101001100001010 b
b1001100111000110001011110001011 f#
b10010000011001110110110000011 .'
b1111010110001010111001001110 n'
b1001100111000110001011110001100 P(
b1011010111110000110000000100001 R)
b1011010111110000110000000100000 4*
#2918
b1001100111000110001011110001100 f#
b1011010111110000110000000100001 4*
#2919
b1001100111000110001011110001101 P(
b10111111100 2)
b1011010111110000110000000100010 R)
#2920
b1001100111000110001011110001101 f#
b11000000000 2)
b1011010111110000110000000100011 R)
b1011010111110000110000000100010 4*
#2921
b10000100011100110101011100100 &#
b1111010110001010111001001111 H$
b1111101010110010010001101110 L&
b1001100111000110001011110001110 P(
b11000000100 2)
b1011010111110000110000000100100 R)
b1011010111110000110000000100011 4*
#2922
b10000000101110101001100001011 b
b1001100111000110001011110001110 f#
b10010000011001110110110000100 .'
b1111010110001010111001001111 n'
b1001100111000110001011110001111 P(
b1011010111110000110000000100101 R)
b1011010111110000110000000100100 4*
#2923
b1001100111000110001011110001111 f#
b1011010111110000110000000100101 4*
#2924
b1001100111000110001011110010000 P(
b10111111100 2)
b1011010111110000110000000100110 R)
#2925
b1001100111000110001011110010000 f#
b11000000000 2)
b1011010111110000110000000100111 R)
b1011010111110000110000000100110 4*
#2926
b10000100011100110101011100101 &#
b1111010110001010111001010000 H$
b1111101010110010010001101111 L&
b1001100111000110001011110010001 P(
b11000000100 2)
b1011010111110000110000000101000 R)
b1011010111110000110000000100111 4*
#2927
b10000000101110101001100001100 b
b1001100111000110001011110010001 f#
b10010000011001110110110000101 .'
b1111010110001010111001010000 n'
b1001100111000110001011110010010 P(
b1011010111110000110000000101001 R)
b1011010111110000110000000101000 4*
#2928
b1001100111000110001011110010010 f#
b1011010111110000110000000101001 4*
#2929
b1001100111000110001011110010011 P(
b10111111100 2)
b1011010111110000110000000101010 R)
#2930
b1001100111000110001011110010011 f#
b11000000000 2)
b1011010111110000110000000101011 R)
b1011010111110000110000000101010 4*
#2931
b10000100011100110101011100110 &#
b1111010110001010111001010001 H$
b1111101010110010010001110000 L&
b1001100111000110001011110010100 P(
b11000000100 2)
b1011010111110000110000000101100 R)
b1011010111110000110000000101011 4*
#2932
b10000000101110101001100001101 b
b1001100111000110001011110010100 f#
b10010000011001110110110000110 .'
b1111010110001010111001010001 n'
b1001100111000110001011110010101 P(
b1011010111110000110000000101101 R)
b1011010111110000110000000101100 4*
#2933
b1001100111000110001011110010101 f#
b1011010111110000110000000101101 4*
#2934
b1001100111000110001011110010110 P(
b10111111100 2)
b1011010111110000110000000101110 R)
#2935
b1001100111000110001011110010110 f#
b11000000000 2)
b1011010111110000110000000101111 R)
b1011010111110000110000000101110 4*
#2936
b10000100011100110101011100111 &#
b1111010110001010111001010010 H$
b1111101010110010010001110001 L&
b1001100111000110001011110010111 P(
b11000000100 2)
b1011010111110000110000000110000 R)
b1011010111110000110000000101111 4*
#2937
b10000000101110101001100001110 b
b1001100111000110001011110010111 f#
b10010000011001110110110000111 .'
b1111010110001010111001010010 n'
b1001100111000110001011110011000 P(
b1011010111110000110000000110001 R)
b1011010111110000110000000110000 4*
#2938
b1001100111000110001011110011000 f#
b1011010111110000110000000110001 4*
#2939
b1001100111000110001011110011001 P(
b10111111100 2)
b1011010111110000110000000110010 R)
#2940
b1001100111000110001011110011001 f#
b11000000000 2)
b1011010111110000110000000110011 R)
b1011010111110000110000000110010 4*
#2941
b10000100011100110101011101000 &#
b1111010110001010111001010011 H$
b1111101010110010010001110010 L&
b1001100111000110001011110011010 P(
b11000000100 2)
b1011010111110000110000000110100 R)
b1011010111110000110000000110011 4*
#2942
b10000000101110101001100001111 b
b1001100111000110001011110011010 f#
b10010000011001110110110001000 .'
b1111010110001010111001010011 n'
b1001100111000110001011110011011 P(
b1011010111110000110000000110101 R)
b1011010111110000110000000110100 4*
#2943
b1001100111000110001011110011011 f#
b1011010111110000110000000110101 4*
#2944
b1001100111000110001011110011100 P(
b10111111100 2)
b1011010111110000110000000110110 R)
#2945
b1001100111000110001011110011100 f#
b11000000000 2)
b1011010111110000110000000110111 R)
b1011010111110000110000000110110 4*
#2946
b10000100011100110101011101001 &#
b1111010110001010111001010100 H$
b1111101010110010010001110011 L&
b1001100111000110001011110011101 P(
b11000000100 2)
b1011010111110000110000000111000 R)
b1011010111110000110000000110111 4*
#2947
b10000000101110101001100010000 b
b1001100111000110001011110011101 f#
b10010000011001110110110001001 .'
b1111010110001010111001010100 n'
b1001100111000110001011110011110 P(
b1011010111110000110000000111001 R)
b1011010111110000110000000111000 4*
#2948
b1001100111000110001011110011110 f#
b1011010111110000110000000111001 4*
#2949
b1001100111000110001011110011111 P(
b10111111100 2)
b1011010111110000110000000111010 R)
#2950
b1001100111000110001011110011111 f#
b11000000000 2)
b1011010111110000110000000111011 R)
b1011010111110000110000000111010 4*
#2951
b10000100011100110101011101010 &#
b1111010110001010111001010101 H$
b1111101010110010010001110100 L&
b1001100111000110001011110100000 P(
b11000000100 2)
b1011010111110000110000000111100 R)
b1011010111110000110000000111011 4*
#2952
b10000000101110101001100010001 b
b1001100111000110001011110100000 f#
b10010000011001110110110001010 .'
b1111010110001010111001010101 n'
b1001100111000110001011110100001 P(
b1011010111110000110000000111101 R)
b1011010111110000110000000111100 4*
#2953
b1001100111000110001011110100001 f#
b1011010111110000110000000111101 4*
#2954
b1001100111000110001011110100010 P(
b10111111100 2)
b1011010111110000110000000111110 R)
#2955
b1001100111000110001011110100010 f#
b11000000000 2)
b1011010111110000110000000111111 R)
b1011010111110000110000000111110 4*
#2956
b10000100011100110101011101011 &#
b1111010110001010111001010110 H$
b1111101010110010010001110101 L&
b1001100111000110001011110100011 P(
b11000000100 2)
b1011010111110000110000001000000 R)
b1011010111110000110000000111111 4*
#2957
b10000000101110101001100010010 b
b1001100111000110001011110100011 f#
b10010000011001110110110001011 .'
b1111010110001010111001010110 n'
b1001100111000110001011110100100 P(
b1011010111110000110000001000001 R)
b1011010111110000110000001000000 4*
#2958
b1001100111000110001011110100100 f#
b1011010111110000110000001000001 4*
#2959
b1001100111000110001011110100101 P(
b10111111100 2)
b1011010111110000110000001000010 R)
#2960
b1001100111000110001011110100101 f#
b11000000000 2)
b1011010111110000110000001000011 R)
b1011010111110000110000001000010 4*
#2961
b10000100011100110101011101100 &#
b1111010110001010111001010111 H$
b1111101010110010010001110110 L&
b1001100111000110001011110100110 P(
b11000000100 2)
b1011010111110000110000001000100 R)
b1011010111110000110000001000011 4*
#2962
b10000000101110101001100010011 b
b1001100111000110001011110100110 f#
b10010000011001110110110001100 .'
b1111010110001010111001010111 n'
b1001100111000110001011110100111 P(
b1011010111110000110000001000101 R)
b1011010111110000110000001000100 4*
#2963
b1001100111000110001011110100111 f#
b1011010111110000110000001000101 4*
#2964
b1001100111000110001011110101000 P(
b10111111100 2)
b1011010111110000110000001000110 R)
#2965
b1001100111000110001011110101000 f#
b11000000000 2)
b1011010111110000110000001000111 R)
b1011010111110000110000001000110 4*
#2966
b10000100011100110101011101101 &#
b1111010110001010111001011000 H$
b1111101010110010010001110111 L&
b1001100111000110001011110101001 P(
b11000000100 2)
b1011010111110000110000001001000 R)
b1011010111110000110000001000111 4*
#2967
b10000000101110101001100010100 b
b1001100111000110001011110101001 f#
b10010000011001110110110001101 .'
b1111010110001010111001011000 n'
b1001100111000110001011110101010 P(
b1011010111110000110000001001001 R)
b1011010111110000110000001001000 4*
#2968
b1001100111000110001011110101010 f#
b1011010111110000110000001001001 4*
#2969
b1001100111000110001011110101011 P(
b10111111100 2)
b1011010111110000110000001001010 R)
#2970
b1001100111000110001011110101011 f#
b11000000000 2)
b1011010111110000110000001001011 R)
b1011010111110000110000001001010 4*
#2971
b10000100011100110101011101110 &#
b1111010110001010111001011001 H$
b1111101010110010010001111000 L&
b1001100111000110001011110101100 P(
b11000000100 2)
b1011010111110000110000001001100 R)
b1011010111110000110000001001011 4*
#2972
b10000000101110101001100010101 b
b1001100111000110001011110101100 f#
b10010000011001110110110001110 .'
b1111010110001010111001011001 n'
b1001100111000110001011110101101 P(
b1011010111110000110000001001101 R)
b1011010111110000110000001001100 4*
#2973
b1001100111000110001011110101101 f#
b1011010111110000110000001001101 4*
#2974
b1001100111000110001011110101110 P(
b10111111100 2)
b1011010111110000110000001001110 R)
#2975
b1001100111000110001011110101110 f#
b11000000000 2)
b1011010111110000110000001001111 R)
b1011010111110000110000001001110 4*
#2976
b10000100011100110101011101111 &#
b1111010110001010111001011010 H$
b1111101010110010010001111001 L&
b1001100111000110001011110101111 P(
b11000000100 2)
b1011010111110000110000001010000 R)
b1011010111110000110000001001111 4*
#2977
b10000000101110101001100010110 b
b1001100111000110001011110101111 f#
b10010000011001110110110001111 .'
b1111010110001010111001011010 n'
b1001100111000110001011110110000 P(
b1011010111110000110000001010001 R)
b1011010111110000110000001010000 4*
#2978
b1001100111000110001011110110000 f#
b1011010111110000110000001010001 4*
#2979
b1001100111000110001011110110001 P(
b10111111100 2)
b1011010111110000110000001010010 R)
#2980
b1001100111000110001011110110001 f#
b11000000000 2)
b1011010111110000110000001010011 R)
b1011010111110000110000001010010 4*
#2981
b10000100011100110101011110000 &#
b1111010110001010111001011011 H$
b1111101010110010010001111010 L&
b1001100111000110001011110110010 P(
b11000000100 2)
b1011010111110000110000001010100 R)
b1011010111110000110000001010011 4*
#2982
b10000000101110101001100010111 b
b1001100111000110001011110110010 f#
b10010000011001110110110010000 .'
b1111010110001010111001011011 n'
b1001100111000110001011110110011 P(
b1011010111110000110000001010101 R)
b1011010111110000110000001010100 4*
#2983
b1001100111000110001011110110011 f#
b1011010111110000110000001010101 4*
#2984
b1001100111000110001011110110100 P(
b10111111100 2)
b1011010111110000110000001010110 R)
#2985
b1001100111000110001011110110100 f#
b11000000000 2)
b1011010111110000110000001010111 R)
b1011010111110000110000001010110 4*
#2986
b10000100011100110101011110001 &#
b1111010110001010111001011100 H$
b1111101010110010010001111011 L&
b1001100111000110001011110110101 P(
b11000000100 2)
b1011010111110000110000001011000 R)
b1011010111110000110000001010111 4*
#2987
b10000000101110101001100011000 b
b1001100111000110001011110110101 f#
b10010000011001110110110010001 .'
b1111010110001010111001011100 n'
b1001100111000110001011110110110 P(
b1011010111110000110000001011001 R)
b1011010111110000110000001011000 4*
#2988
b1001100111000110001011110110110 f#
b1011010111110000110000001011001 4*
#2989
b1001100111000110001011110110111 P(
b10111111100 2)
b1011010111110000110000001011010 R)
#2990
b1001100111000110001011110110111 f#
b11000000000 2)
b1011010111110000110000001011011 R)
b1011010111110000110000001011010 4*
#2991
b10000100011100110101011110010 &#
b1111010110001010111001011101 H$
b1111101010110010010001111100 L&
b1001100111000110001011110111000 P(
b11000000100 2)
b1011010111110000110000001011100 R)
b1011010111110000110000001011011 4*
#2992
b10000000101110101001100011001 b
b1001100111000110001011110111000 f#
b10010000011001110110110010010 .'
b1111010110001010111001011101 n'
b1001100111000110001011110111001 P(
b1011010111110000110000001011101 R)
b1011010111110000110000001011100 4*
#2993
b1001100111000110001011110111001 f#
b1011010111110000110000001011101 4*
#2994
b1001100111000110001011110111010 P(
b10111111100 2)
b1011010111110000110000001011110 R)
#2995
b1001100111000110001011110111010 f#
b11000000000 2)
b1011010111110000110000001011111 R)
b1011010111110000110000001011110 4*
#2996
b10000100011100110101011110011 &#
b1111010110001010111001011110 H$
b1111101010110010010001111101 L&
b1001100111000110001011110111011 P(
b11000000100 2)
b1011010111110000110000001100000 R)
b1011010111110000110000001011111 4*
#2997
b10000000101110101001100011010 b
b1001100111000110001011110111011 f#
b10010000011001110110110010011 .'
b1111010110001010111001011110 n'
b1001100111000110001011110111100 P(
b1011010111110000110000001100001 R)
b1011010111110000110000001100000 4*
#2998
b1001100111000110001011110111100 f#
b1011010111110000110000001100001 4*
#2999
b1001100111000110001011110111101 P(
b10111111100 2)
b1011010111110000110000001100010 R)
#3000
b1001100111000110001011110111101 f#
b11000000000 2)
b1011010111110000110000001100011 R)
b1011010111110000110000001100010 4*
#3001
b10000100011100110101011110100 &#
b1111010110001010111001011111 H$
b1111101010110010010001111110 L&
b1001100111000110001011110111110 P(
b11000000100 2)
b1011010111110000110000001100100 R)
b1011010111110000110000001100011 4*
#3002
b10000000101110101001100011011 b
b1001100111000110001011110111110 f#
b10010000011001110110110010100 .'
b1111010110001010111001011111 n'
b1001100111000110001011110111111 P(
b1011010111110000110000001100101 R)
b1011010111110000110000001100100 4*
#3003
b1001100111000110001011110111111 f#
b1011010111110000110000001100101 4*
#3004
b1001100111000110001011111000000 P(
b10111111100 2)
b1011010111110000110000001100110 R)
#3005
b1001100111000110001011111000000 f#
b11000000000 2)
b1011010111110000110000001100111 R)
b1011010111110000110000001100110 4*
#3006
b10000100011100110101011110101 &#
b1111010110001010111001100000 H$
b1111101010110010010001111111 L&
b1001100111000110001011111000001 P(
b11000000100 2)
b1011010111110000110000001101000 R)
b1011010111110000110000001100111 4*
#3007
b10000000101110101001100011100 b
b1001100111000110001011111000001 f#
b10010000011001110110110010101 .'
b1111010110001010111001100000 n'
b1001100111000110001011111000010 P(
b1011010111110000110000001101001 R)
b1011010111110000110000001101000 4*
#3008
b1001100111000110001011111000010 f#
b1011010111110000110000001101001 4*
#3009
b1001100111000110001011111000011 P(
b10111111100 2)
b1011010111110000110000001101010 R)
#3010
b1001100111000110001011111000011 f#
b11000000000 2)
b1011010111110000110000001101011 R)
b1011010111110000110000001101010 4*
#3011
b10000100011100110101011110110 &#
b1111010110001010111001100001 H$
b1111101010110010010010000000 L&
b1001100111000110001011111000100 P(
b11000000100 2)
b1011010111110000110000001101100 R)
b1011010111110000110000001101011 4*
#3012
b10000000101110101001100011101 b
b1001100111000110001011111000100 f#
b10010000011001110110110010110 .'
b1111010110001010111001100001 n'
b1001100111000110001011111000101 P(
b1011010111110000110000001101101 R)
b1011010111110000110000001101100 4*
#3013
b1001100111000110001011111000101 f#
b1011010111110000110000001101101 4*
#3014
b1001100111000110001011111000110 P(
b10111111100 2)
b1011010111110000110000001101110 R)
#3015
b1001100111000110001011111000110 f#
b11000000000 2)
b1011010111110000110000001101111 R)
b1011010111110000110000001101110 4*
#3016
b10000100011100110101011110111 &#
b1111010110001010111001100010 H$
b1111101010110010010010000001 L&
b1001100111000110001011111000111 P(
b11000000100 2)
b1011010111110000110000001110000 R)
b1011010111110000110000001101111 4*
#3017
b10000000101110101001100011110 b
b1001100111000110001011111000111 f#
b10010000011001110110110010111 .'
b1111010110001010111001100010 n'
b1001100111000110001011111001000 P(
b1011010111110000110000001110001 R)
b1011010111110000110000001110000 4*
#3018
b1001100111000110001011111001000 f#
b1011010111110000110000001110001 4*
#3019
b1001100111000110001011111001001 P(
b10111111100 2)
b1011010111110000110000001110010 R)
#3020
b1001100111000110001011111001001 f#
b11000000000 2)
b1011010111110000110000001110011 R)
b1011010111110000110000001110010 4*
#3021
b10000100011100110101011111000 &#
b1111010110001010111001100011 H$
b1111101010110010010010000010 L&
b1001100111000110001011111001010 P(
b11000000100 2)
b1011010111110000110000001110100 R)
b1011010111110000110000001110011 4*
#3022
b10000000101110101001100011111 b
b1001100111000110001011111001010 f#
b10010000011001110110110011000 .'
b1111010110001010111001100011 n'
b1001100111000110001011111001011 P(
b1011010111110000110000001110101 R)
b1011010111110000110000001110100 4*
#3023
b1001100111000110001011111001011 f#
b1011010111110000110000001110101 4*
#3024
b1001100111000110001011111001100 P(
b10111111100 2)
b1011010111110000110000001110110 R)
#3025
b1001100111000110001011111001100 f#
b11000000000 2)
b1011010111110000110000001110111 R)
b1011010111110000110000001110110 4*
#3026
b10000100011100110101011111001 &#
b1111010110001010111001100100 H$
b1111101010110010010010000011 L&
b1001100111000110001011111001101 P(
b11000000100 2)
b1011010111110000110000001111000 R)
b1011010111110000110000001110111 4*
#3027
b10000000101110101001100100000 b
b1001100111000110001011111001101 f#
b10010000011001110110110011001 .'
b1111010110001010111001100100 n'
b1001100111000110001011111001110 P(
b1011010111110000110000001111001 R)
b1011010111110000110000001111000 4*
#3028
b1001100111000110001011111001110 f#
b1011010111110000110000001111001 4*
#3029
b1001100111000110001011111001111 P(
b10111111100 2)
b1011010111110000110000001111010 R)
#3030
b1001100111000110001011111001111 f#
b11000000000 2)
b1011010111110000110000001111011 R)
b1011010111110000110000001111010 4*
#3031
b10000100011100110101011111010 &#
b1111010110001010111001100101 H$
b1111101010110010010010000100 L&
b1001100111000110001011111010000 P(
b11000000100 2)
b1011010111110000110000001111100 R)
b1011010111110000110000001111011 4*
#3032
b10000000101110101001100100001 b
b1001100111000110001011111010000 f#
b10010000011001110110110011010 .'
b1111010110001010111001100101 n'
b1001100111000110001011111010001 P(
b1011010111110000110000001111101 R)
b1011010111110000110000001111100 4*
#3033
b1001100111000110001011111010001 f#
b1011010111110000110000001111101 4*
#3034
b1001100111000110001011111010010 P(
b10111111100 2)
b1011010111110000110000001111110 R)
#3035
b1001100111000110001011111010010 f#
b11000000000 2)
b1011010111110000110000001111111 R)
b1011010111110000110000001111110 4*
#3036
b10000100011100110101011111011 &#
b1111010110001010111001100110 H$
b1111101010110010010010000101 L&
b1001100111000110001011111010011 P(
b11000000100 2)
b1011010111110000110000010000000 R)
b1011010111110000110000001111111 4*
#3037
b10000000101110101001100100010 b
b1001100111000110001011111010011 f#
b10010000011001110110110011011 .'
b1111010110001010111001100110 n'
b1001100111000110001011111010100 P(
b1011010111110000110000010000001 R)
b1011010111110000110000010000000 4*
#3038
b1001100111000110001011111010100 f#
b1011010111110000110000010000001 4*
#3039
b1001100111000110001011111010101 P(
b10111111100 2)
b1011010111110000110000010000010 R)
#3040
b1001100111000110001011111010101 f#
b11000000000 2)
b1011010111110000110000010000011 R)
b1011010111110000110000010000010 4*
#3041
b10000100011100110101011111100 &#
b1111010110001010111001100111 H$
b1111101010110010010010000110 L&
b1001100111000110001011111010110 P(
b11000000100 2)
b1011010111110000110000010000100 R)
b1011010111110000110000010000011 4*
#3042
b10000000101110101001100100011 b
b1001100111000110001011111010110 f#
b10010000011001110110110011100 .'
b1111010110001010111001100111 n'
b1001100111000110001011111010111 P(
b1011010111110000110000010000101 R)
b1011010111110000110000010000100 4*
#3043
b1001100111000110001011111010111 f#
b1011010111110000110000010000101 4*
#3044
b1001100111000110001011111011000 P(
b10111111100 2)
b1011010111110000110000010000110 R)
#3045
b1001100111000110001011111011000 f#
b11000000000 2)
b1011010111110000110000010000111 R)
b1011010111110000110000010000110 4*
#3046
b10000100011100110101011111101 &#
b1111010110001010111001101000 H$
b1111101010110010010010000111 L&
b1001100111000110001011111011001 P(
b11000000100 2)
b1011010111110000110000010001000 R)
b1011010111110000110000010000111 4*
#3047
b10000000101110101001100100100 b
b1001100111000110001011111011001 f#
b10010000011001110110110011101 .'
b1111010110001010111001101000 n'
b1001100111000110001011111011010 P(
b1011010111110000110000010001001 R)
b1011010111110000110000010001000 4*
#3048
b1001100111000110001011111011010 f#
b1011010111110000110000010001001 4*
#3049
b1001100111000110001011111011011 P(
b10111111100 2)
b1011010111110000110000010001010 R)
#3050
b1001100111000110001011111011011 f#
b11000000000 2)
b1011010111110000110000010001011 R)
b1011010111110000110000010001010 4*
#3051
b10000100011100110101011111110 &#
b1111010110001010111001101001 H$
b1111101010110010010010001000 L&
b1001100111000110001011111011100 P(
b11000000100 2)
b1011010111110000110000010001100 R)
b1011010111110000110000010001011 4*
#3052
b10000000101110101001100100101 b
b1001100111000110001011111011100 f#
b10010000011001110110110011110 .'
b1111010110001010111001101001 n'
b1001100111000110001011111011101 P(
b1011010111110000110000010001101 R)
b1011010111110000110000010001100 4*
#3053
b1001100111000110001011111011101 f#
b1011010111110000110000010001101 4*
#3054
b1001100111000110001011111011110 P(
b10111111100 2)
b1011010111110000110000010001110 R)
#3055
b1001100111000110001011111011110 f#
b11000000000 2)
b1011010111110000110000010001111 R)
b1011010111110000110000010001110 4*
#3056
b10000100011100110101011111111 &#
b1111010110001010111001101010 H$
b1111101010110010010010001001 L&
b1001100111000110001011111011111 P(
b11000000100 2)
b1011010111110000110000010010000 R)
b1011010111110000110000010001111 4*
#3057
b10000000101110101001100100110 b
b1001100111000110001011111011111 f#
b10010000011001110110110011111 .'
b1111010110001010111001101010 n'
b1001100111000110001011111100000 P(
b1011010111110000110000010010001 R)
b1011010111110000110000010010000 4*
#3058
b1001100111000110001011111100000 f#
b1011010111110000110000010010001 4*
#3059
b1001100111000110001011111100001 P(
b10111111100 2)
b1011010111110000110000010010010 R)
#3060
b1001100111000110001011111100001 f#
b11000000000 2)
b1011010111110000110000010010011 R)
b1011010111110000110000010010010 4*
#3061
b10000100011100110101100000000 &#
b1111010110001010111001101011 H$
b1111101010110010010010001010 L&
b1001100111000110001011111100010 P(
b11000000100 2)
b1011010111110000110000010010100 R)
b1011010111110000110000010010011 4*
#3062
b10000000101110101001100100111 b
b1001100111000110001011111100010 f#
b10010000011001110110110100000 .'
b1111010110001010111001101011 n'
b1001100111000110001011111100011 P(
b1011010111110000110000010010101 R)
b1011010111110000110000010010100 4*
#3063
b1001100111000110001011111100011 f#
b1011010111110000110000010010101 4*
#3064
b1001100111000110001011111100100 P(
b10111111100 2)
b1011010111110000110000010010110 R)
#3065
b1001100111000110001011111100100 f#
b11000000000 2)
b1011010111110000110000010010111 R)
b1011010111110000110000010010110 4*
#3066
b10000100011100110101100000001 &#
b1111010110001010111001101100 H$
b1111101010110010010010001011 L&
b1001100111000110001011111100101 P(
b11000000100 2)
b1011010111110000110000010011000 R)
b1011010111110000110000010010111 4*
#3067
b10000000101110101001100101000 b
b1001100111000110001011111100101 f#
b10010000011001110110110100001 .'
b1111010110001010111001101100 n'
b1001100111000110001011111100110 P(
b1011010111110000110000010011001 R)
b1011010111110000110000010011000 4*
#3068
b1001100111000110001011111100110 f#
b1011010111110000110000010011001 4*
#3069
b1001100111000110001011111100111 P(
b10111111100 2)
b1011010111110000110000010011010 R)
#3070
b1001100111000110001011111100111 f#
b11000000000 2)
b1011010111110000110000010011011 R)
b1011010111110000110000010011010 4*
#3071
b10000100011100110101100000010 &#
b1111010110001010111001101101 H$
b1111101010110010010010001100 L&
b1001100111000110001011111101000 P(
b11000000100 2)
b1011010111110000110000010011100 R)
b1011010111110000110000010011011 4*
#3072
b10000000101110101001100101001 b
b1001100111000110001011111101000 f#
b10010000011001110110110100010 .'
b1111010110001010111001101101 n'
b1001100111000110001011111101001 P(
b1011010111110000110000010011101 R)
b1011010111110000110000010011100 4*
#3073
b1001100111000110001011111101001 f#
b1011010111110000110000010011101 4*
#3074
b1001100111000110001011111101010 P(
b10111111100 2)
b1011010111110000110000010011110 R)
#3075
b1001100111000110001011111101010 f#
b11000000000 2)
b1011010111110000110000010011111 R)
b1011010111110000110000010011110 4*
#3076
b10000100011100110101100000011 &#
b1111010110001010111001101110 H$
b1111101010110010010010001101 L&
b1001100111000110001011111101011 P(
b11000000100 2)
b1011010111110000110000010100000 R)
b1011010111110000110000010011111 4*
#3077
b10000000101110101001100101010 b
b1001100111000110001011111101011 f#
b10010000011001110110110100011 .'
b1111010110001010111001101110 n'
b1001100111000110001011111101100 P(
b1011010111110000110000010100001 R)
b1011010111110000110000010100000 4*
#3078
b1001100111000110001011111101100 f#
b1011010111110000110000010100001 4*
#3079
b1001100111000110001011111101101 P(
b10111111100 2)
b1011010111110000110000010100010 R)
#3080
b1001100111000110001011111101101 f#
b11000000000 2)
b1011010111110000110000010100011 R)
b1011010111110000110000010100010 4*
#3081
b10000100011100110101100000100 &#
b1111010110001010111001101111 H$
b1111101010110010010010001110 L&
b1001100111000110001011111101110 P(
b11000000100 2)
b1011010111110000110000010100100 R)
b1011010111110000110000010100011 4*
#3082
b10000000101110101001100101011 b
b1001100111000110001011111101110 f#
b10010000011001110110110100100 .'
b1111010110001010111001101111 n'
b1001100111000110001011111101111 P(
b1011010111110000110000010100101 R)
b1011010111110000110000010100100 4*
#3083
b1001100111000110001011111101111 f#
b1011010111110000110000010100101 4*
#3084
b1001100111000110001011111110000 P(
b10111111100 2)
b1011010111110000110000010100110 R)
#3085
b1001100111000110001011111110000 f#
b11000000000 2)
b1011010111110000110000010100111 R)
b1011010111110000110000010100110 4*
#3086
b10000100011100110101100000101 &#
b1111010110001010111001110000 H$
b1111101010110010010010001111 L&
b1001100111000110001011111110001 P(
b11000000100 2)
b1011010111110000110000010101000 R)
b1011010111110000110000010100111 4*
#3087
b10000000101110101001100101100 b
b1001100111000110001011111110001 f#
b10010000011001110110110100101 .'
b1111010110001010111001110000 n'
b1001100111000110001011111110010 P(
b1011010111110000110000010101001 R)
b1011010111110000110000010101000 4*
#3088
b1001100111000110001011111110010 f#
b1011010111110000110000010101001 4*
#3089
b1001100111000110001011111110011 P(
b10111111100 2)
b1011010111110000110000010101010 R)
#3090
b1001100111000110001011111110011 f#
b11000000000 2)
b1011010111110000110000010101011 R)
b1011010111110000110000010101010 4*
#3091
b10000100011100110101100000110 &#
b1111010110001010111001110001 H$
b1111101010110010010010010000 L&
b1001100111000110001011111110100 P(
b11000000100 2)
b1011010111110000110000010101100 R)
b1011010111110000110000010101011 4*
#3092
b10000000101110101001100101101 b
b1001100111000110001011111110100 f#
b10010000011001110110110100110 .'
b1111010110001010111001110001 n'
b1001100111000110001011111110101 P(
b1011010111110000110000010101101 R)
b1011010111110000110000010101100 4*
#3093
b1001100111000110001011111110101 f#
b1011010111110000110000010101101 4*
#3094
b1001100111000110001011111110110 P(
b10111111100 2)
b1011010111110000110000010101110 R)
#3095
b1001100111000110001011111110110 f#
b11000000000 2)
b1011010111110000110000010101111 R)
b1011010111110000110000010101110 4*
#3096
b10000100011100110101100000111 &#
b1111010110001010111001110010 H$
b1111101010110010010010010001 L&
b1001100111000110001011111110111 P(
b11000000100 2)
b1011010111110000110000010110000 R)
b1011010111110000110000010101111 4*
#3097
b10000000101110101001100101110 b
b1001100111000110001011111110111 f#
b10010000011001110110110100111 .'
b1111010110001010111001110010 n'
b1001100111000110001011111111000 P(
b1011010111110000110000010110001 R)
b1011010111110000110000010110000 4*
#3098
b1001100111000110001011111111000 f#
b1011010111110000110000010110001 4*
#3099
b1001100111000110001011111111001 P(
b10111111100 2)
b1011010111110000110000010110010 R)
#3100
b1001100111000110001011111111001 f#
b11000000000 2)
b1011010111110000110000010110011 R)
b1011010111110000110000010110010 4*
#3101
b10000100011100110101100001000 &#
b1111010110001010111001110011 H$
b1111101010110010010010010010 L&
b1001100111000110001011111111010 P(
b11000000100 2)
b1011010111110000110000010110100 R)
b1011010111110000110000010110011 4*
#3102
b10000000101110101001100101111 b
b1001100111000110001011111111010 f#
b10010000011001110110110101000 .'
b1111010110001010111001110011 n'
b1001100111000110001011111111011 P(
b1011010111110000110000010110101 R)
b1011010111110000110000010110100 4*
#3103
b1001100111000110001011111111011 f#
b1011010111110000110000010110101 4*
#3104
b1001100111000110001011111111100 P(
b10111111100 2)
b1011010111110000110000010110110 R)
#3105
b1001100111000110001011111111100 f#
b11000000000 2)
b1011010111110000110000010110111 R)
b1011010111110000110000010110110 4*
#3106
b10000100011100110101100001001 &#
b1111010110001010111001110100 H$
b1111101010110010010010010011 L&
b1001100111000110001011111111101 P(
b11000000100 2)
b1011010111110000110000010111000 R)
b1011010111110000110000010110111 4*
#3107
b10000000101110101001100110000 b
b1001100111000110001011111111101 f#
b10010000011001110110110101001 .'
b1111010110001010111001110100 n'
b1001100111000110001011111111110 P(
b1011010111110000110000010111001 R)
b1011010111110000110000010111000 4*
#3108
b1001100111000110001011111111110 f#
b1011010111110000110000010111001 4*
#3109
b1001100111000110001011111111111 P(
b10111111100 2)
b1011010111110000110000010111010 R)
#3110
b1001100111000110001011111111111 f#
b11000000000 2)
b1011010111110000110000010111011 R)
b1011010111110000110000010111010 4*
#3111
b10000100011100110101100001010 &#
b1111010110001010111001110101 H$
b1111101010110010010010010100 L&
b1001100111000110001100000000000 P(
b11000000100 2)
b1011010111110000110000010111100 R)
b1011010111110000110000010111011 4*
#3112
b10000000101110101001100110001 b
b1001100111000110001100000000000 f#
b10010000011001110110110101010 .'
b1111010110001010111001110101 n'
b1001100111000110001100000000001 P(
b1011010111110000110000010111101 R)
b1011010111110000110000010111100 4*
#3113
b1001100111000110001100000000001 f#
b1011010111110000110000010111101 4*
#3114
b1001100111000110001100000000010 P(
b10111111100 2)
b1011010111110000110000010111110 R)
#3115
b1001100111000110001100000000010 f#
b11000000000 2)
b1011010111110000110000010111111 R)
b1011010111110000110000010111110 4*
#3116
b10000100011100110101100001011 &#
b1111010110001010111001110110 H$
b1111101010110010010010010101 L&
b1001100111000110001100000000011 P(
b11000000100 2)
b1011010111110000110000011000000 R)
b1011010111110000110000010111111 4*
#3117
b10000000101110101001100110010 b
b1001100111000110001100000000011 f#
b10010000011001110110110101011 .'
b1111010110001010111001110110 n'
b1001100111000110001100000000100 P(
b1011010111110000110000011000001 R)
b1011010111110000110000011000000 4*
#3118
b1001100111000110001100000000100 f#
b1011010111110000110000011000001 4*
#3119
b1001100111000110001100000000101 P(
b10111111100 2)
b1011010111110000110000011000010 R)
#3120
b1001100111000110001100000000101 f#
b11000000000 2)
b1011010111110000110000011000011 R)
b1011010111110000110000011000010 4*
#3121
b10000100011100110101100001100 &#
b1111010110001010111001110111 H$
b1111101010110010010010010110 L&
b1001100111000110001100000000110 P(
b11000000100 2)
b1011010111110000110000011000100 R)
b1011010111110000110000011000011 4*
#3122
b10000000101110101001100110011 b
b1001100111000110001100000000110 f#
b10010000011001110110110101100 .'
b1111010110001010111001110111 n'
b1001100111000110001100000000111 P(
b1011010111110000110000011000101 R)
b1011010111110000110000011000100 4*
#3123
b1001100111000110001100000000111 f#
b1011010111110000110000011000101 4*
#3124
b1001100111000110001100000001000 P(
b10111111100 2)
b1011010111110000110000011000110 R)
#3125
b1001100111000110001100000001000 f#
b11000000000 2)
b1011010111110000110000011000111 R)
b1011010111110000110000011000110 4*
#3126
b10000100011100110101100001101 &#
b1111010110001010111001111000 H$
b1111101010110010010010010111 L&
b1001100111000110001100000001001 P(
b11000000100 2)
b1011010111110000110000011001000 R)
b1011010111110000110000011000111 4*
#3127
b10000000101110101001100110100 b
b1001100111000110001100000001001 f#
b10010000011001110110110101101 .'
b1111010110001010111001111000 n'
b1001100111000110001100000001010 P(
b1011010111110000110000011001001 R)
b1011010111110000110000011001000 4*
#3128
b1001100111000110001100000001010 f#
b1011010111110000110000011001001 4*
#3129
b1001100111000110001100000001011 P(
b10111111100 2)
b1011010111110000110000011001010 R)
#3130
b1001100111000110001100000001011 f#
b11000000000 2)
b1011010111110000110000011001011 R)
b1011010111110000110000011001010 4*
#3131
b10000100011100110101100001110 &#
b1111010110001010111001111001 H$
b1111101010110010010010011000 L&
b1001100111000110001100000001100 P(
b11000000100 2)
b1011010111110000110000011001100 R)
b1011010111110000110000011001011 4*
#3132
b10000000101110101001100110101 b
b1001100111000110001100000001100 f#
b10010000011001110110110101110 .'
b1111010110001010111001111001 n'
b1001100111000110001100000001101 P(
b1011010111110000110000011001101 R)
b1011010111110000110000011001100 4*
#3133
b1001100111000110001100000001101 f#
b1011010111110000110000011001101 4*
#3134
b1001100111000110001100000001110 P(
b10111111100 2)
b1011010111110000110000011001110 R)
#3135
b1001100111000110001100000001110 f#
b11000000000 2)
b1011010111110000110000011001111 R)
b1011010111110000110000011001110 4*
#3136
b10000100011100110101100001111 &#
b1111010110001010111001111010 H$
b1111101010110010010010011001 L&
b1001100111000110001100000001111 P(
b11000000100 2)
b1011010111110000110000011010000 R)
b1011010111110000110000011001111 4*
#3137
b10000000101110101001100110110 b
b1001100111000110001100000001111 f#
b10010000011001110110110101111 .'
b1111010110001010111001111010 n'
b1001100111000110001100000010000 P(
b1011010111110000110000011010001 R)
b1011010111110000110000011010000 4*
#3138
b1001100111000110001100000010000 f#
b1011010111110000110000011010001 4*
#3139
b1001100111000110001100000010001 P(
b10111111100 2)
b1011010111110000110000011010010 R)
#3140
b1001100111000110001100000010001 f#
b11000000000 2)
b1011010111110000110000011010011 R)
b1011010111110000110000011010010 4*
#3141
b10000100011100110101100010000 &#
b1111010110001010111001111011 H$
b1111101010110010010010011010 L&
b1001100111000110001100000010010 P(
b11000000100 2)
b1011010111110000110000011010100 R)
b1011010111110000110000011010011 4*
#3142
b10000000101110101001100110111 b
b1001100111000110001100000010010 f#
b10010000011001110110110110000 .'
b1111010110001010111001111011 n'
b1001100111000110001100000010011 P(
b1011010111110000110000011010101 R)
b1011010111110000110000011010100 4*
#3143
b1001100111000110001100000010011 f#
b1011010111110000110000011010101 4*
#3144
b1001100111000110001100000010100 P(
b10111111100 2)
b1011010111110000110000011010110 R)
#3145
b1001100111000110001100000010100 f#
b11000000000 2)
b1011010111110000110000011010111 R)
b1011010111110000110000011010110 4*
#3146
b10000100011100110101100010001 &#
b1111010110001010111001111100 H$
b1111101010110010010010011011 L&
b1001100111000110001100000010101 P(
b11000000100 2)
b1011010111110000110000011011000 R)
b1011010111110000110000011010111 4*
#3147
b10000000101110101001100111000 b
b1001100111000110001100000010101 f#
b10010000011001110110110110001 .'
b1111010110001010111001111100 n'
b1001100111000110001100000010110 P(
b1011010111110000110000011011001 R)
b1011010111110000110000011011000 4*
#3148
b1001100111000110001100000010110 f#
b1011010111110000110000011011001 4*
#3149
b1001100111000110001100000010111 P(
b10111111100 2)
b1011010111110000110000011011010 R)
#3150
b1001100111000110001100000010111 f#
b11000000000 2)
b1011010111110000110000011011011 R)
b1011010111110000110000011011010 4*
#3151
b10000100011100110101100010010 &#
b1111010110001010111001111101 H$
b1111101010110010010010011100 L&
b1001100111000110001100000011000 P(
b11000000100 2)
b1011010111110000110000011011100 R)
b1011010111110000110000011011011 4*
#3152
b10000000101110101001100111001 b
b1001100111000110001100000011000 f#
b10010000011001110110110110010 .'
b1111010110001010111001111101 n'
b1001100111000110001100000011001 P(
b1011010111110000110000011011101 R)
b1011010111110000110000011011100 4*
#3153
b1001100111000110001100000011001 f#
b1011010111110000110000011011101 4*
#3154
b1001100111000110001100000011010 P(
b10111111100 2)
b1011010111110000110000011011110 R)
#3155
b1001100111000110001100000011010 f#
b11000000000 2)
b1011010111110000110000011011111 R)
b1011010111110000110000011011110 4*
#3156
b10000100011100110101100010011 &#
b1111010110001010111001111110 H$
b1111101010110010010010011101 L&
b1001100111000110001100000011011 P(
b11000000100 2)
b1011010111110000110000011100000 R)
b1011010111110000110000011011111 4*
#3157
b10000000101110101001100111010 b
b1001100111000110001100000011011 f#
b10010000011001110110110110011 .'
b1111010110001010111001111110 n'
b1001100111000110001100000011100 P(
b1011010111110000110000011100001 R)
b1011010111110000110000011100000 4*
#3158
b1001100111000110001100000011100 f#
b1011010111110000110000011100001 4*
#3159
b1001100111000110001100000011101 P(
b10111111100 2)
b1011010111110000110000011100010 R)
#3160
b1001100111000110001100000011101 f#
b11000000000 2)
b1011010111110000110000011100011 R)
b1011010111110000110000011100010 4*
#3161
b10000100011100110101100010100 &#
b1111010110001010111001111111 H$
b1111101010110010010010011110 L&
b1001100111000110001100000011110 P(
b11000000100 2)
b1011010111110000110000011100100 R)
b1011010111110000110000011100011 4*
#3162
b10000000101110101001100111011 b
b1001100111000110001100000011110 f#
b10010000011001110110110110100 .'
b1111010110001010111001111111 n'
b1001100111000110001100000011111 P(
b1011010111110000110000011100101 R)
b1011010111110000110000011100100 4*
#3163
b1001100111000110001100000011111 f#
b1011010111110000110000011100101 4*
#3164
b1001100111000110001100000100000 P(
b10111111100 2)
b1011010111110000110000011100110 R)
#3165
b1001100111000110001100000100000 f#
b11000000000 2)
b1011010111110000110000011100111 R)
b1011010111110000110000011100110 4*
#3166
b10000100011100110101100010101 &#
b1111010110001010111010000000 H$
b1111101010110010010010011111 L&
b1001100111000110001100000100001 P(
b11000000100 2)
b1011010111110000110000011101000 R)
b1011010111110000110000011100111 4*
#3167
b10000000101110101001100111100 b
b1001100111000110001100000100001 f#
b10010000011001110110110110101 .'
b1111010110001010111010000000 n'
b1001100111000110001100000100010 P(
b1011010111110000110000011101001 R)
b1011010111110000110000011101000 4*
#3168
b1001100111000110001100000100010 f#
b1011010111110000110000011101001 4*
#3169
b1001100111000110001100000100011 P(
b10111111100 2)
b1011010111110000110000011101010 R)
#3170
b1001100111000110001100000100011 f#
b11000000000 2)
b1011010111110000110000011101011 R)
b1011010111110000110000011101010 4*
#3171
b10000100011100110101100010110 &#
b1111010110001010111010000001 H$
b1111101010110010010010100000 L&
b1001100111000110001100000100100 P(
b11000000100 2)
b1011010111110000110000011101100 R)
b1011010111110000110000011101011 4*
#3172
b10000000101110101001100111101 b
b1001100111000110001100000100100 f#
b10010000011001110110110110110 .'
b1111010110001010111010000001 n'
b1001100111000110001100000100101 P(
b1011010111110000110000011101101 R)
b1011010111110000110000011101100 4*
#3173
b1001100111000110001100000100101 f#
b1011010111110000110000011101101 4*
#3174
b1001100111000110001100000100110 P(
b10111111100 2)
b1011010111110000110000011101110 R)
#3175
b1001100111000110001100000100110 f#
b11000000000 2)
b1011010111110000110000011101111 R)
b1011010111110000110000011101110 4*
#3176
b10000100011100110101100010111 &#
b1111010110001010111010000010 H$
b1111101010110010010010100001 L&
b1001100111000110001100000100111 P(
b11000000100 2)
b1011010111110000110000011110000 R)
b1011010111110000110000011101111 4*
#3177
b10000000101110101001100111110 b
b1001100111000110001100000100111 f#
b10010000011001110110110110111 .'
b1111010110001010111010000010 n'
b1001100111000110001100000101000 P(
b1011010111110000110000011110001 R)
b1011010111110000110000011110000 4*
#3178
b1001100111000110001100000101000 f#
b1011010111110000110000011110001 4*
#3179
b1001100111000110001100000101001 P(
b10111111100 2)
b1011010111110000110000011110010 R)
#3180
b1001100111000110001100000101001 f#
b11000000000 2)
b1011010111110000110000011110011 R)
b1011010111110000110000011110010 4*
#3181
b10000100011100110101100011000 &#
b1111010110001010111010000011 H$
b1111101010110010010010100010 L&
b1001100111000110001100000101010 P(
b11000000100 2)
b1011010111110000110000011110100 R)
b1011010111110000110000011110011 4*
#3182
b10000000101110101001100111111 b
b1001100111000110001100000101010 f#
b10010000011001110110110111000 .'
b1111010110001010111010000011 n'
b1001100111000110001100000101011 P(
b1011010111110000110000011110101 R)
b1011010111110000110000011110100 4*
#3183
b1001100111000110001100000101011 f#
b1011010111110000110000011110101 4*
#3184
b1001100111000110001100000101100 P(
b10111111100 2)
b1011010111110000110000011110110 R)
#3185
b1001100111000110001100000101100 f#
b11000000000 2)
b1011010111110000110000011110111 R)
b1011010111110000110000011110110 4*
#3186
b10000100011100110101100011001 &#
b1111010110001010111010000100 H$
b1111101010110010010010100011 L&
b1001100111000110001100000101101 P(
b11000000100 2)
b1011010111110000110000011111000 R)
b1011010111110000110000011110111 4*
#3187
b10000000101110101001101000000 b
b1001100111000110001100000101101 f#
b10010000011001110110110111001 .'
b1111010110001010111010000100 n'
b1001100111000110001100000101110 P(
b1011010111110000110000011111001 R)
b1011010111110000110000011111000 4*
#3188
b1001100111000110001100000101110 f#
b1011010111110000110000011111001 4*
#3189
b1001100111000110001100000101111 P(
b10111111100 2)
b1011010111110000110000011111010 R)
#3190
b1001100111000110001100000101111 f#
b11000000000 2)
b1011010111110000110000011111011 R)
b1011010111110000110000011111010 4*
#3191
b10000100011100110101100011010 &#
b1111010110001010111010000101 H$
b1111101010110010010010100100 L&
b1001100111000110001100000110000 P(
b11000000100 2)
b1011010111110000110000011111100 R)
b1011010111110000110000011111011 4*
#3192
b10000000101110101001101000001 b
b1001100111000110001100000110000 f#
b10010000011001110110110111010 .'
b1111010110001010111010000101 n'
b1001100111000110001100000110001 P(
b1011010111110000110000011111101 R)
b1011010111110000110000011111100 4*
#3193
b1001100111000110001100000110001 f#
b1011010111110000110000011111101 4*
#3194
b1001100111000110001100000110010 P(
b10111111100 2)
b1011010111110000110000011111110 R)
#3195
b1001100111000110001100000110010 f#
b11000000000 2)
b1011010111110000110000011111111 R)
b1011010111110000110000011111110 4*
#3196
b10000100011100110101100011011 &#
b1111010110001010111010000110 H$
b1111101010110010010010100101 L&
b1001100111000110001100000110011 P(
b11000000100 2)
b1011010111110000110000100000000 R)
b1011010111110000110000011111111 4*
#3197
b10000000101110101001101000010 b
b1001100111000110001100000110011 f#
b10010000011001110110110111011 .'
b1111010110001010111010000110 n'
b1001100111000110001100000110100 P(
b1011010111110000110000100000001 R)
b1011010111110000110000100000000 4*
#3198
b1001100111000110001100000110100 f#
b1011010111110000110000100000001 4*
#3199
b1001100111000110001100000110101 P(
b10111111100 2)
b1011010111110000110000100000010 R)
#3200
b1001100111000110001100000110101 f#
b11000000000 2)
b1011010111110000110000100000011 R)
b1011010111110000110000100000010 4*
#3201
b10000100011100110101100011100 &#
b1111010110001010111010000111 H$
b1111101010110010010010100110 L&
b1001100111000110001100000110110 P(
b11000000100 2)
b1011010111110000110000100000100 R)
b1011010111110000110000100000011 4*
#3202
b10000000101110101001101000011 b
b1001100111000110001100000110110 f#
b10010000011001110110110111100 .'
b1111010110001010111010000111 n'
b1001100111000110001100000110111 P(
b1011010111110000110000100000101 R)
b1011010111110000110000100000100 4*
#3203
b1001100111000110001100000110111 f#
b1011010111110000110000100000101 4*
#3204
b1001100111000110001100000111000 P(
b10111111100 2)
b1011010111110000110000100000110 R)
#3205
b1001100111000110001100000111000 f#
b11000000000 2)
b1011010111110000110000100000111 R)
b1011010111110000110000100000110 4*
#3206
b10000100011100110101100011101 &#
b1111010110001010111010001000 H$
b1111101010110010010010100111 L&
b1001100111000110001100000111001 P(
b11000000100 2)
b1011010111110000110000100001000 R)
b1011010111110000110000100000111 4*
#3207
b10000000101110101001101000100 b
b1001100111000110001100000111001 f#
b10010000011001110110110111101 .'
b1111010110001010111010001000 n'
b1001100111000110001100000111010 P(
b1011010111110000110000100001001 R)
b1011010111110000110000100001000 4*
#3208
b1001100111000110001100000111010 f#
b1011010111110000110000100001001 4*
#3209
b1001100111000110001100000111011 P(
b10111111100 2)
b1011010111110000110000100001010 R)
#3210
b1001100111000110001100000111011 f#
b11000000000 2)
b1011010111110000110000100001011 R)
b1011010111110000110000100001010 4*
#3211
b10000100011100110101100011110 &#
b1111010110001010111010001001 H$
b1111101010110010010010101000 L&
b1001100111000110001100000111100 P(
b11000000100 2)
b1011010111110000110000100001100 R)
b1011010111110000110000100001011 4*
#3212
b10000000101110101001101000101 b
b1001100111000110001100000111100 f#
b10010000011001110110110111110 .'
b1111010110001010111010001001 n'
b1001100111000110001100000111101 P(
b1011010111110000110000100001101 R)
b1011010111110000110000100001100 4*
#3213
b1001100111000110001100000111101 f#
b1011010111110000110000100001101 4*
#3214
b1001100111000110001100000111110 P(
b10111111100 2)
b1011010111110000110000100001110 R)
#3215
b1001100111000110001100000111110 f#
b11000000000 2)
b1011010111110000110000100001111 R)
b1011010111110000110000100001110 4*
#3216
b10000100011100110101100011111 &#
b1111010110001010111010001010 H$
b1111101010110010010010101001 L&
b1001100111000110001100000111111 P(
b11000000100 2)
b1011010111110000110000100010000 R)
b1011010111110000110000100001111 4*
#3217
b10000000101110101001101000110 b
b1001100111000110001100000111111 f#
b10010000011001110110110111111 .'
b1111010110001010111010001010 n'
b1001100111000110001100001000000 P(
b1011010111110000110000100010001 R)
b1011010111110000110000100010000 4*
#3218
b1001100111000110001100001000000 f#
b1011010111110000110000100010001 4*
#3219
b1001100111000110001100001000001 P(
b10111111100 2)
b1011010111110000110000100010010 R)
#3220
b1001100111000110001100001000001 f#
b11000000000 2)
b1011010111110000110000100010011 R)
b1011010111110000110000100010010 4*
#3221
b10000100011100110101100100000 &#
b1111010110001010111010001011 H$
b1111101010110010010010101010 L&
b1001100111000110001100001000010 P(
b11000000100 2)
b1011010111110000110000100010100 R)
b1011010111110000110000100010011 4*
#3222
b10000000101110101001101000111 b
b1001100111000110001100001000010 f#
b10010000011001110110111000000 .'
b1111010110001010111010001011 n'
b1001100111000110001100001000011 P(
b1011010111110000110000100010101 R)
b1011010111110000110000100010100 4*
#3223
b1001100111000110001100001000011 f#
b1011010111110000110000100010101 4*
#3224
b1001100111000110001100001000100 P(
b10111111100 2)
b1011010111110000110000100010110 R)
#3225
b1001100111000110001100001000100 f#
b11000000000 2)
b1011010111110000110000100010111 R)
b1011010111110000110000100010110 4*
#3226
b10000100011100110101100100001 &#
b1111010110001010111010001100 H$
b1111101010110010010010101011 L&
b1001100111000110001100001000101 P(
b11000000100 2)
b1011010111110000110000100011000 R)
b1011010111110000110000100010111 4*
#3227
b10000000101110101001101001000 b
b1001100111000110001100001000101 f#
b10010000011001110110111000001 .'
b1111010110001010111010001100 n'
b1001100111000110001100001000110 P(
b1011010111110000110000100011001 R)
b1011010111110000110000100011000 4*
#3228
b1001100111000110001100001000110 f#
b1011010111110000110000100011001 4*
#3229
b1001100111000110001100001000111 P(
b10111111100 2)
b1011010111110000110000100011010 R)
#3230
b1001100111000110001100001000111 f#
b11000000000 2)
b1011010111110000110000100011011 R)
b1011010111110000110000100011010 4*
#3231
b10000100011100110101100100010 &#
b1111010110001010111010001101 H$
b1111101010110010010010101100 L&
b1001100111000110001100001001000 P(
b11000000100 2)
b1011010111110000110000100011100 R)
b1011010111110000110000100011011 4*
#3232
b10000000101110101001101001001 b
b1001100111000110001100001001000 f#
b10010000011001110110111000010 .'
b1111010110001010111010001101 n'
b1001100111000110001100001001001 P(
b1011010111110000110000100011101 R)
b1011010111110000110000100011100 4*
#3233
b1001100111000110001100001001001 f#
b1011010111110000110000100011101 4*
#3234
b1001100111000110001100001001010 P(
b10111111100 2)
b1011010111110000110000100011110 R)
#3235
b1001100111000110001100001001010 f#
b11000000000 2)
b1011010111110000110000100011111 R)
b1011010111110000110000100011110 4*
#3236
b10000100011100110101100100011 &#
b1111010110001010111010001110 H$
b1111101010110010010010101101 L&
b1001100111000110001100001001011 P(
b11000000100 2)
b1011010111110000110000100100000 R)
b1011010111110000110000100011111 4*
#3237
b10000000101110101001101001010 b
b1001100111000110001100001001011 f#
b10010000011001110110111000011 .'
b1111010110001010111010001110 n'
b1001100111000110001100001001100 P(
b1011010111110000110000100100001 R)
b1011010111110000110000100100000 4*
#3238
b1001100111000110001100001001100 f#
b1011010111110000110000100100001 4*
#3239
b1001100111000110001100001001101 P(
b10111111100 2)
b1011010111110000110000100100010 R)
#3240
b1001100111000110001100001001101 f#
b11000000000 2)
b1011010111110000110000100100011 R)
b1011010111110000110000100100010 4*
#3241
b10000100011100110101100100100 &#
b1111010110001010111010001111 H$
b1111101010110010010010101110 L&
b1001100111000110001100001001110 P(
b11000000100 2)
b1011010111110000110000100100100 R)
b1011010111110000110000100100011 4*
#3242
b10000000101110101001101001011 b
b1001100111000110001100001001110 f#
b10010000011001110110111000100 .'
b1111010110001010111010001111 n'
b1001100111000110001100001001111 P(
b1011010111110000110000100100101 R)
b1011010111110000110000100100100 4*
#3243
b1001100111000110001100001001111 f#
b1011010111110000110000100100101 4*
#3244
b1001100111000110001100001010000 P(
b10111111100 2)
b1011010111110000110000100100110 R)
#3245
b1001100111000110001100001010000 f#
b11000000000 2)
b1011010111110000110000100100111 R)
b1011010111110000110000100100110 4*
#3246
b10000100011100110101100100101 &#
b1111010110001010111010010000 H$
b1111101010110010010010101111 L&
b1001100111000110001100001010001 P(
b11000000100 2)
b1011010111110000110000100101000 R)
b1011010111110000110000100100111 4*
#3247
b10000000101110101001101001100 b
b1001100111000110001100001010001 f#
b10010000011001110110111000101 .'
b1111010110001010111010010000 n'
b1001100111000110001100001010010 P(
b1011010111110000110000100101001 R)
b1011010111110000110000100101000 4*
#3248
b1001100111000110001100001010010 f#
b1011010111110000110000100101001 4*
#3249
b1001100111000110001100001010011 P(
b10111111100 2)
b1011010111110000110000100101010 R)
#3250
b1001100111000110001100001010011 f#
b11000000000 2)
b1011010111110000110000100101011 R)
b1011010111110000110000100101010 4*
#3251
b10000100011100110101100100110 &#
b1111010110001010111010010001 H$
b1111101010110010010010110000 L&
b1001100111000110001100001010100 P(
b11000000100 2)
b1011010111110000110000100101100 R)
b1011010111110000110000100101011 4*
#3252
b10000000101110101001101001101 b
b1001100111000110001100001010100 f#
b10010000011001110110111000110 .'
b1111010110001010111010010001 n'
b1001100111000110001100001010101 P(
b1011010111110000110000100101101 R)
b1011010111110000110000100101100 4*
#3253
b1001100111000110001100001010101 f#
b1011010111110000110000100101101 4*
#3254
b1001100111000110001100001010110 P(
b10111111100 2)
b1011010111110000110000100101110 R)
#3255
b1001100111000110001100001010110 f#
b11000000000 2)
b1011010111110000110000100101111 R)
b1011010111110000110000100101110 4*
#3256
b10000100011100110101100100111 &#
b1111010110001010111010010010 H$
b1111101010110010010010110001 L&
b1001100111000110001100001010111 P(
b11000000100 2)
b1011010111110000110000100110000 R)
b1011010111110000110000100101111 4*
#3257
b10000000101110101001101001110 b
b1001100111000110001100001010111 f#
b10010000011001110110111000111 .'
b1111010110001010111010010010 n'
b1001100111000110001100001011000 P(
b1011010111110000110000100110001 R)
b1011010111110000110000100110000 4*
#3258
b1001100111000110001100001011000 f#
b1011010111110000110000100110001 4*
#3259
b1001100111000110001100001011001 P(
b10111111100 2)
b1011010111110000110000100110010 R)
#3260
b1001100111000110001100001011001 f#
b11000000000 2)
b1011010111110000110000100110011 R)
b1011010111110000110000100110010 4*
#3261
b10000100011100110101100101000 &#
b1111010110001010111010010011 H$
b1111101010110010010010110010 L&
b1001100111000110001100001011010 P(
b11000000100 2)
b1011010111110000110000100110100 R)
b1011010111110000110000100110011 4*
#3262
b10000000101110101001101001111 b
b1001100111000110001100001011010 f#
b10010000011001110110111001000 .'
b1111010110001010111010010011 n'
b1001100111000110001100001011011 P(
b1011010111110000110000100110101 R)
b1011010111110000110000100110100 4*
#3263
b1001100111000110001100001011011 f#
b1011010111110000110000100110101 4*
#3264
b1001100111000110001100001011100 P(
b10111111100 2)
b1011010111110000110000100110110 R)
#3265
b1001100111000110001100001011100 f#
b11000000000 2)
b1011010111110000110000100110111 R)
b1011010111110000110000100110110 4*
#3266
b10000100011100110101100101001 &#
b1111010110001010111010010100 H$
b1111101010110010010010110011 L&
b1001100111000110001100001011101 P(
b11000000100 2)
b1011010111110000110000100111000 R)
b1011010111110000110000100110111 4*
#3267
b10000000101110101001101010000 b
b1001100111000110001100001011101 f#
b10010000011001110110111001001 .'
b1111010110001010111010010100 n'
b1001100111000110001100001011110 P(
b1011010111110000110000100111001 R)
b1011010111110000110000100111000 4*
#3268
b1001100111000110001100001011110 f#
b1011010111110000110000100111001 4*
#3269
b1001100111000110001100001011111 P(
b10111111100 2)
b1011010111110000110000100111010 R)
#3270
b1001100111000110001100001011111 f#
b11000000000 2)
b1011010111110000110000100111011 R)
b1011010111110000110000100111010 4*
#3271
b10000100011100110101100101010 &#
b1111010110001010111010010101 H$
b1111101010110010010010110100 L&
b1001100111000110001100001100000 P(
b11000000100 2)
b1011010111110000110000100111100 R)
b1011010111110000110000100111011 4*
#3272
b10000000101110101001101010001 b
b1001100111000110001100001100000 f#
b10010000011001110110111001010 .'
b1111010110001010111010010101 n'
b1001100111000110001100001100001 P(
b1011010111110000110000100111101 R)
b1011010111110000110000100111100 4*
#3273
b1001100111000110001100001100001 f#
b1011010111110000110000100111101 4*
#3274
b1001100111000110001100001100010 P(
b10111111100 2)
b1011010111110000110000100111110 R)
#3275
b1001100111000110001100001100010 f#
b11000000000 2)
b1011010111110000110000100111111 R)
b1011010111110000110000100111110 4*
#3276
b10000100011100110101100101011 &#
b1111010110001010111010010110 H$
b1111101010110010010010110101 L&
b1001100111000110001100001100011 P(
b11000000100 2)
b1011010111110000110000101000000 R)
b1011010111110000110000100111111 4*
#3277
b10000000101110101001101010010 b
b1001100111000110001100001100011 f#
b10010000011001110110111001011 .'
b1111010110001010111010010110 n'
b1001100111000110001100001100100 P(
b1011010111110000110000101000001 R)
b1011010111110000110000101000000 4*
#3278
b1001100111000110001100001100100 f#
b1011010111110000110000101000001 4*
#3279
b1001100111000110001100001100101 P(
b10111111100 2)
b1011010111110000110000101000010 R)
#3280
b1001100111000110001100001100101 f#
b11000000000 2)
b1011010111110000110000101000011 R)
b1011010111110000110000101000010 4*
#3281
b10000100011100110101100101100 &#
b1111010110001010111010010111 H$
b1111101010110010010010110110 L&
b1001100111000110001100001100110 P(
b11000000100 2)
b1011010111110000110000101000100 R)
b1011010111110000110000101000011 4*
#3282
b10000000101110101001101010011 b
b1001100111000110001100001100110 f#
b10010000011001110110111001100 .'
b1111010110001010111010010111 n'
b1001100111000110001100001100111 P(
b1011010111110000110000101000101 R)
b1011010111110000110000101000100 4*
#3283
b1001100111000110001100001100111 f#
b1011010111110000110000101000101 4*
#3284
b1001100111000110001100001101000 P(
b10111111100 2)
b1011010111110000110000101000110 R)
#3285
b1001100111000110001100001101000 f#
b11000000000 2)
b1011010111110000110000101000111 R)
b1011010111110000110000101000110 4*
#3286
b10000100011100110101100101101 &#
b1111010110001010111010011000 H$
b1111101010110010010010110111 L&
b1001100111000110001100001101001 P(
b11000000100 2)
b1011010111110000110000101001000 R)
b1011010111110000110000101000111 4*
#3287
b10000000101110101001101010100 b
b1001100111000110001100001101001 f#
b10010000011001110110111001101 .'
b1111010110001010111010011000 n'
b1001100111000110001100001101010 P(
b1011010111110000110000101001001 R)
b1011010111110000110000101001000 4*
#3288
b1001100111000110001100001101010 f#
b1011010111110000110000101001001 4*
#3289
b1001100111000110001100001101011 P(
b10111111100 2)
b1011010111110000110000101001010 R)
#3290
b1001100111000110001100001101011 f#
b11000000000 2)
b1011010111110000110000101001011 R)
b1011010111110000110000101001010 4*
#3291
b10000100011100110101100101110 &#
b1111010110001010111010011001 H$
b1111101010110010010010111000 L&
b1001100111000110001100001101100 P(
b11000000100 2)
b1011010111110000110000101001100 R)
b1011010111110000110000101001011 4*
#3292
b10000000101110101001101010101 b
b1001100111000110001100001101100 f#
b10010000011001110110111001110 .'
b1111010110001010111010011001 n'
b1001100111000110001100001101101 P(
b1011010111110000110000101001101 R)
b1011010111110000110000101001100 4*
#3293
b1001100111000110001100001101101 f#
b1011010111110000110000101001101 4*
#3294
b1001100111000110001100001101110 P(
b10111111100 2)
b1011010111110000110000101001110 R)
#3295
b1001100111000110001100001101110 f#
b11000000000 2)
b1011010111110000110000101001111 R)
b1011010111110000110000101001110 4*
#3296
b10000100011100110101100101111 &#
b1111010110001010111010011010 H$
b1111101010110010010010111001 L&
b1001100111000110001100001101111 P(
b11000000100 2)
b1011010111110000110000101010000 R)
b1011010111110000110000101001111 4*
#3297
b10000000101110101001101010110 b
b1001100111000110001100001101111 f#
b10010000011001110110111001111 .'
b1111010110001010111010011010 n'
b1001100111000110001100001110000 P(
b1011010111110000110000101010001 R)
b1011010111110000110000101010000 4*
#3298
b1001100111000110001100001110000 f#
b1011010111110000110000101010001 4*
#3299
b1001100111000110001100001110001 P(
b10111111100 2)
b1011010111110000110000101010010 R)
#3300
b1001100111000110001100001110001 f#
b11000000000 2)
b1011010111110000110000101010011 R)
b1011010111110000110000101010010 4*
#3301
b10000100011100110101100110000 &#
b1111010110001010111010011011 H$
b1111101010110010010010111010 L&
b1001100111000110001100001110010 P(
b11000000100 2)
b1011010111110000110000101010100 R)
b1011010111110000110000101010011 4*
#3302
b10000000101110101001101010111 b
b1001100111000110001100001110010 f#
b10010000011001110110111010000 .'
b1111010110001010111010011011 n'
b1001100111000110001100001110011 P(
b1011010111110000110000101010101 R)
b1011010111110000110000101010100 4*
#3303
b1001100111000110001100001110011 f#
b1011010111110000110000101010101 4*
#3304
b1001100111000110001100001110100 P(
b10111111100 2)
b1011010111110000110000101010110 R)
#3305
b1001100111000110001100001110100 f#
b11000000000 2)
b1011010111110000110000101010111 R)
b1011010111110000110000101010110 4*
#3306
b10000100011100110101100110001 &#
b1111010110001010111010011100 H$
b1111101010110010010010111011 L&
b1001100111000110001100001110101 P(
b11000000100 2)
b1011010111110000110000101011000 R)
b1011010111110000110000101010111 4*
#3307
b10000000101110101001101011000 b
b1001100111000110001100001110101 f#
b10010000011001110110111010001 .'
b1111010110001010111010011100 n'
b1001100111000110001100001110110 P(
b1011010111110000110000101011001 R)
b1011010111110000110000101011000 4*
#3308
b1001100111000110001100001110110 f#
b1011010111110000110000101011001 4*
#3309
b1001100111000110001100001110111 P(
b10111111100 2)
b1011010111110000110000101011010 R)
#3310
b1001100111000110001100001110111 f#
b11000000000 2)
b1011010111110000110000101011011 R)
b1011010111110000110000101011010 4*
#3311
b10000100011100110101100110010 &#
b1111010110001010111010011101 H$
b1111101010110010010010111100 L&
b1001100111000110001100001111000 P(
b11000000100 2)
b1011010111110000110000101011100 R)
b1011010111110000110000101011011 4*
#3312
b10000000101110101001101011001 b
b1001100111000110001100001111000 f#
b10010000011001110110111010010 .'
b1111010110001010111010011101 n'
b1001100111000110001100001111001 P(
b1011010111110000110000101011101 R)
b1011010111110000110000101011100 4*
#3313
b1001100111000110001100001111001 f#
b1011010111110000110000101011101 4*
#3314
b1001100111000110001100001111010 P(
b10111111100 2)
b1011010111110000110000101011110 R)
#3315
b1001100111000110001100001111010 f#
b11000000000 2)
b1011010111110000110000101011111 R)
b1011010111110000110000101011110 4*
#3316
b10000100011100110101100110011 &#
b1111010110001010111010011110 H$
b1111101010110010010010111101 L&
b1001100111000110001100001111011 P(
b11000000100 2)
b1011010111110000110000101100000 R)
b1011010111110000110000101011111 4*
#3317
b10000000101110101001101011010 b
b1001100111000110001100001111011 f#
b10010000011001110110111010011 .'
b1111010110001010111010011110 n'
b1001100111000110001100001111100 P(
b1011010111110000110000101100001 R)
b1011010111110000110000101100000 4*
#3318
b1001100111000110001100001111100 f#
b1011010111110000110000101100001 4*
#3319
b1001100111000110001100001111101 P(
b10111111100 2)
b1011010111110000110000101100010 R)
#3320
b1001100111000110001100001111101 f#
b11000000000 2)
b1011010111110000110000101100011 R)
b1011010111110000110000101100010 4*
#3321
b10000100011100110101100110100 &#
b1111010110001010111010011111 H$
b1111101010110010010010111110 L&
b1001100111000110001100001111110 P(
b11000000100 2)
b1011010111110000110000101100100 R)
b1011010111110000110000101100011 4*
#3322
b10000000101110101001101011011 b
b1001100111000110001100001111110 f#
b10010000011001110110111010100 .'
b1111010110001010111010011111 n'
b1001100111000110001100001111111 P(
b1011010111110000110000101100101 R)
b1011010111110000110000101100100 4*
#3323
b1001100111000110001100001111111 f#
b1011010111110000110000101100101 4*
#3324
b1001100111000110001100010000000 P(
b10111111100 2)
b1011010111110000110000101100110 R)
#3325
b1001100111000110001100010000000 f#
b11000000000 2)
b1011010111110000110000101100111 R)
b1011010111110000110000101100110 4*
#3326
b10000100011100110101100110101 &#
b1111010110001010111010100000 H$
b1111101010110010010010111111 L&
b1001100111000110001100010000001 P(
b11000000100 2)
b1011010111110000110000101101000 R)
b1011010111110000110000101100111 4*
#3327
b10000000101110101001101011100 b
b1001100111000110001100010000001 f#
b10010000011001110110111010101 .'
b1111010110001010111010100000 n'
b1001100111000110001100010000010 P(
b1011010111110000110000101101001 R)
b1011010111110000110000101101000 4*
#3328
b1001100111000110001100010000010 f#
b1011010111110000110000101101001 4*
#3329
b1001100111000110001100010000011 P(
b10111111100 2)
b1011010111110000110000101101010 R)
#3330
b1001100111000110001100010000011 f#
b11000000000 2)
b1011010111110000110000101101011 R)
b1011010111110000110000101101010 4*
#3331
b10000100011100110101100110110 &#
b1111010110001010111010100001 H$
b1111101010110010010011000000 L&
b1001100111000110001100010000100 P(
b11000000100 2)
b1011010111110000110000101101100 R)
b1011010111110000110000101101011 4*
#3332
b10000000101110101001101011101 b
b1001100111000110001100010000100 f#
b10010000011001110110111010110 .'
b1111010110001010111010100001 n'
b1001100111000110001100010000101 P(
b1011010111110000110000101101101 R)
b1011010111110000110000101101100 4*
#3333
b1001100111000110001100010000101 f#
b1011010111110000110000101101101 4*
#3334
b1001100111000110001100010000110 P(
b10111111100 2)
b1011010111110000110000101101110 R)
#3335
b1001100111000110001100010000110 f#
b11000000000 2)
b1011010111110000110000101101111 R)
b1011010111110000110000101101110 4*
#3336
b10000100011100110101100110111 &#
b1111010110001010111010100010 H$
b1111101010110010010011000001 L&
b1001100111000110001100010000111 P(
b11000000100 2)
b1011010111110000110000101110000 R)
b1011010111110000110000101101111 4*
#3337
b10000000101110101001101011110 b
b1001100111000110001100010000111 f#
b10010000011001110110111010111 .'
b1111010110001010111010100010 n'
b1001100111000110001100010001000 P(
b1011010111110000110000101110001 R)
b1011010111110000110000101110000 4*
#3338
b1001100111000110001100010001000 f#
b1011010111110000110000101110001 4*
#3339
b1001100111000110001100010001001 P(
b10111111100 2)
b1011010111110000110000101110010 R)
#3340
b1001100111000110001100010001001 f#
b11000000000 2)
b1011010111110000110000101110011 R)
b1011010111110000110000101110010 4*
#3341
b10000100011100110101100111000 &#
b1111010110001010111010100011 H$
b1111101010110010010011000010 L&
b1001100111000110001100010001010 P(
b11000000100 2)
b1011010111110000110000101110100 R)
b1011010111110000110000101110011 4*
#3342
b10000000101110101001101011111 b
b1001100111000110001100010001010 f#
b10010000011001110110111011000 .'
b1111010110001010111010100011 n'
b1001100111000110001100010001011 P(
b1011010111110000110000101110101 R)
b1011010111110000110000101110100 4*
#3343
b1001100111000110001100010001011 f#
b1011010111110000110000101110101 4*
#3344
b1001100111000110001100010001100 P(
b10111111100 2)
b1011010111110000110000101110110 R)
#3345
b1001100111000110001100010001100 f#
b11000000000 2)
b1011010111110000110000101110111 R)
b1011010111110000110000101110110 4*
#3346
b10000100011100110101100111001 &#
b1111010110001010111010100100 H$
b1111101010110010010011000011 L&
b1001100111000110001100010001101 P(
b11000000100 2)
b1011010111110000110000101111000 R)
b1011010111110000110000101110111 4*
#3347
b10000000101110101001101100000 b
b1001100111000110001100010001101 f#
b10010000011001110110111011001 .'
b1111010110001010111010100100 n'
b1001100111000110001100010001110 P(
b1011010111110000110000101111001 R)
b1011010111110000110000101111000 4*
#3348
b1001100111000110001100010001110 f#
b1011010111110000110000101111001 4*
#3349
b1001100111000110001100010001111 P(
b10111111100 2)
b1011010111110000110000101111010 R)
#3350
b1001100111000110001100010001111 f#
b11000000000 2)
b1011010111110000110000101111011 R)
b1011010111110000110000101111010 4*
#3351
b10000100011100110101100111010 &#
b1111010110001010111010100101 H$
b1111101010110010010011000100 L&
b1001100111000110001100010010000 P(
b11000000100 2)
b1011010111110000110000101111100 R)
b1011010111110000110000101111011 4*
#3352
b10000000101110101001101100001 b
b1001100111000110001100010010000 f#
b10010000011001110110111011010 .'
b1111010110001010111010100101 n'
b1001100111000110001100010010001 P(
b1011010111110000110000101111101 R)
b1011010111110000110000101111100 4*
#3353
b1001100111000110001100010010001 f#
b1011010111110000110000101111101 4*
#3354
b1001100111000110001100010010010 P(
b10111111100 2)
b1011010111110000110000101111110 R)
#3355
b1001100111000110001100010010010 f#
b11000000000 2)
b1011010111110000110000101111111 R)
b1011010111110000110000101111110 4*
#3356
b10000100011100110101100111011 &#
b1111010110001010111010100110 H$
b1111101010110010010011000101 L&
b1001100111000110001100010010011 P(
b11000000100 2)
b1011010111110000110000110000000 R)
b1011010111110000110000101111111 4*
#3357
b10000000101110101001101100010 b
b1001100111000110001100010010011 f#
b10010000011001110110111011011 .'
b1111010110001010111010100110 n'
b1001100111000110001100010010100 P(
b1011010111110000110000110000001 R)
b1011010111110000110000110000000 4*
#3358
b1001100111000110001100010010100 f#
b1011010111110000110000110000001 4*
#3359
b1001100111000110001100010010101 P(
b10111111100 2)
b1011010111110000110000110000010 R)
#3360
b1001100111000110001100010010101 f#
b11000000000 2)
b1011010111110000110000110000011 R)
b1011010111110000110000110000010 4*
#3361
b10000100011100110101100111100 &#
b1111010110001010111010100111 H$
b1111101010110010010011000110 L&
b1001100111000110001100010010110 P(
b11000000100 2)
b1011010111110000110000110000100 R)
b1011010111110000110000110000011 4*
#3362
b10000000101110101001101100011 b
b1001100111000110001100010010110 f#
b10010000011001110110111011100 .'
b1111010110001010111010100111 n'
b1001100111000110001100010010111 P(
b1011010111110000110000110000101 R)
b1011010111110000110000110000100 4*
#3363
b1001100111000110001100010010111 f#
b1011010111110000110000110000101 4*
#3364
b1001100111000110001100010011000 P(
b10111111100 2)
b1011010111110000110000110000110 R)
#3365
b1001100111000110001100010011000 f#
b11000000000 2)
b1011010111110000110000110000111 R)
b1011010111110000110000110000110 4*
#3366
b10000100011100110101100111101 &#
b1111010110001010111010101000 H$
b1111101010110010010011000111 L&
b1001100111000110001100010011001 P(
b11000000100 2)
b1011010111110000110000110001000 R)
b1011010111110000110000110000111 4*
#3367
b10000000101110101001101100100 b
b1001100111000110001100010011001 f#
b10010000011001110110111011101 .'
b1111010110001010111010101000 n'
b1001100111000110001100010011010 P(
b1011010111110000110000110001001 R)
b1011010111110000110000110001000 4*
#3368
b1001100111000110001100010011010 f#
b1011010111110000110000110001001 4*
#3369
b1001100111000110001100010011011 P(
b10111111100 2)
b1011010111110000110000110001010 R)
#3370
b1001100111000110001100010011011 f#
b11000000000 2)
b1011010111110000110000110001011 R)
b1011010111110000110000110001010 4*
#3371
b10000100011100110101100111110 &#
b1111010110001010111010101001 H$
b1111101010110010010011001000 L&
b1001100111000110001100010011100 P(
b11000000100 2)
b1011010111110000110000110001100 R)
b1011010111110000110000110001011 4*
#3372
b10000000101110101001101100101 b
b1001100111000110001100010011100 f#
b10010000011001110110111011110 .'
b1111010110001010111010101001 n'
b1001100111000110001100010011101 P(
b1011010111110000110000110001101 R)
b1011010111110000110000110001100 4*
#3373
b1001100111000110001100010011101 f#
b1011010111110000110000110001101 4*
#3374
b1001100111000110001100010011110 P(
b10111111100 2)
b1011010111110000110000110001110 R)
#3375
b1001100111000110001100010011110 f#
b11000000000 2)
b1011010111110000110000110001111 R)
b1011010111110000110000110001110 4*
#3376
b10000100011100110101100111111 &#
b1111010110001010111010101010 H$
b1111101010110010010011001001 L&
b1001100111000110001100010011111 P(
b11000000100 2)
b1011010111110000110000110010000 R)
b1011010111110000110000110001111 4*
#3377
b10000000101110101001101100110 b
b1001100111000110001100010011111 f#
b10010000011001110110111011111 .'
b1111010110001010111010101010 n'
b1001100111000110001100010100000 P(
b1011010111110000110000110010001 R)
b1011010111110000110000110010000 4*
#3378
b1001100111000110001100010100000 f#
b1011010111110000110000110010001 4*
#3379
b1001100111000110001100010100001 P(
b10111111100 2)
b1011010111110000110000110010010 R)
#3380
b1001100111000110001100010100001 f#
b11000000000 2)
b1011010111110000110000110010011 R)
b1011010111110000110000110010010 4*
#3381
b10000100011100110101101000000 &#
b1111010110001010111010101011 H$
b1111101010110010010011001010 L&
b1001100111000110001100010100010 P(
b11000000100 2)
b1011010111110000110000110010100 R)
b1011010111110000110000110010011 4*
#3382
b10000000101110101001101100111 b
b1001100111000110001100010100010 f#
b10010000011001110110111100000 .'
b1111010110001010111010101011 n'
b1001100111000110001100010100011 P(
b1011010111110000110000110010101 R)
b1011010111110000110000110010100 4*
#3383
b1001100111000110001100010100011 f#
b1011010111110000110000110010101 4*
#3384
b1001100111000110001100010100100 P(
b10111111100 2)
b1011010111110000110000110010110 R)
#3385
b1001100111000110001100010100100 f#
b11000000000 2)
b1011010111110000110000110010111 R)
b1011010111110000110000110010110 4*
#3386
b10000100011100110101101000001 &#
b1111010110001010111010101100 H$
b1111101010110010010011001011 L&
b1001100111000110001100010100101 P(
b11000000100 2)
b1011010111110000110000110011000 R)
b1011010111110000110000110010111 4*
#3387
b10000000101110101001101101000 b
b1001100111000110001100010100101 f#
b10010000011001110110111100001 .'
b1111010110001010111010101100 n'
b1001100111000110001100010100110 P(
b1011010111110000110000110011001 R)
b1011010111110000110000110011000 4*
#3388
b1001100111000110001100010100110 f#
b1011010111110000110000110011001 4*
#3389
b1001100111000110001100010100111 P(
b10111111100 2)
b1011010111110000110000110011010 R)
#3390
b1001100111000110001100010100111 f#
b11000000000 2)
b1011010111110000110000110011011 R)
b1011010111110000110000110011010 4*
#3391
b10000100011100110101101000010 &#
b1111010110001010111010101101 H$
b1111101010110010010011001100 L&
b1001100111000110001100010101000 P(
b11000000100 2)
b1011010111110000110000110011100 R)
b1011010111110000110000110011011 4*
#3392
b10000000101110101001101101001 b
b1001100111000110001100010101000 f#
b10010000011001110110111100010 .'
b1111010110001010111010101101 n'
b1001100111000110001100010101001 P(
b1011010111110000110000110011101 R)
b1011010111110000110000110011100 4*
#3393
b1001100111000110001100010101001 f#
b1011010111110000110000110011101 4*
#3394
b1001100111000110001100010101010 P(
b10111111100 2)
b1011010111110000110000110011110 R)
#3395
b1001100111000110001100010101010 f#
b11000000000 2)
b1011010111110000110000110011111 R)
b1011010111110000110000110011110 4*
#3396
b10000100011100110101101000011 &#
b1111010110001010111010101110 H$
b1111101010110010010011001101 L&
b1001100111000110001100010101011 P(
b11000000100 2)
b1011010111110000110000110100000 R)
b1011010111110000110000110011111 4*
#3397
b10000000101110101001101101010 b
b1001100111000110001100010101011 f#
b10010000011001110110111100011 .'
b1111010110001010111010101110 n'
b1001100111000110001100010101100 P(
b1011010111110000110000110100001 R)
b1011010111110000110000110100000 4*
#3398
b1001100111000110001100010101100 f#
b1011010111110000110000110100001 4*
#3399
b1001100111000110001100010101101 P(
b10111111100 2)
b1011010111110000110000110100010 R)
#3400
b1001100111000110001100010101101 f#
b11000000000 2)
b1011010111110000110000110100011 R)
b1011010111110000110000110100010 4*
#3401
b10000100011100110101101000100 &#
b1111010110001010111010101111 H$
b1111101010110010010011001110 L&
b1001100111000110001100010101110 P(
b11000000100 2)
b1011010111110000110000110100100 R)
b1011010111110000110000110100011 4*
#3402
b10000000101110101001101101011 b
b1001100111000110001100010101110 f#
b10010000011001110110111100100 .'
b1111010110001010111010101111 n'
b1001100111000110001100010101111 P(
b1011010111110000110000110100101 R)
b1011010111110000110000110100100 4*
#3403
b1001100111000110001100010101111 f#
b1011010111110000110000110100101 4*
#3404
b1001100111000110001100010110000 P(
b10111111100 2)
b1011010111110000110000110100110 R)
#3405
b1001100111000110001100010110000 f#
b11000000000 2)
b1011010111110000110000110100111 R)
b1011010111110000110000110100110 4*
#3406
b10000100011100110101101000101 &#
b1111010110001010111010110000 H$
b1111101010110010010011001111 L&
b1001100111000110001100010110001 P(
b11000000100 2)
b1011010111110000110000110101000 R)
b1011010111110000110000110100111 4*
#3407
b10000000101110101001101101100 b
b1001100111000110001100010110001 f#
b10010000011001110110111100101 .'
b1111010110001010111010110000 n'
b1001100111000110001100010110010 P(
b1011010111110000110000110101001 R)
b1011010111110000110000110101000 4*
#3408
b1001100111000110001100010110010 f#
b1011010111110000110000110101001 4*
#3409
b1001100111000110001100010110011 P(
b10111111100 2)
b1011010111110000110000110101010 R)
#3410
b1001100111000110001100010110011 f#
b11000000000 2)
b1011010111110000110000110101011 R)
b1011010111110000110000110101010 4*
#3411
b10000100011100110101101000110 &#
b1111010110001010111010110001 H$
b1111101010110010010011010000 L&
b1001100111000110001100010110100 P(
b11000000100 2)
b1011010111110000110000110101100 R)
b1011010111110000110000110101011 4*
#3412
b10000000101110101001101101101 b
b1001100111000110001100010110100 f#
b10010000011001110110111100110 .'
b1111010110001010111010110001 n'
b1001100111000110001100010110101 P(
b1011010111110000110000110101101 R)
b1011010111110000110000110101100 4*
#3413
b1001100111000110001100010110101 f#
b1011010111110000110000110101101 4*
#3414
b1001100111000110001100010110110 P(
b10111111100 2)
b1011010111110000110000110101110 R)
#3415
b1001100111000110001100010110110 f#
b11000000000 2)
b1011010111110000110000110101111 R)
b1011010111110000110000110101110 4*
#3416
b10000100011100110101101000111 &#
b1111010110001010111010110010 H$
b1111101010110010010011010001 L&
b1001100111000110001100010110111 P(
b11000000100 2)
b1011010111110000110000110110000 R)
b1011010111110000110000110101111 4*
#3417
b10000000101110101001101101110 b
b1001100111000110001100010110111 f#
b10010000011001110110111100111 .'
b1111010110001010111010110010 n'
b1001100111000110001100010111000 P(
b1011010111110000110000110110001 R)
b1011010111110000110000110110000 4*
#3418
b1001100111000110001100010111000 f#
b1011010111110000110000110110001 4*
#3419
b1001100111000110001100010111001 P(
b10111111100 2)
b1011010111110000110000110110010 R)
#3420
b1001100111000110001100010111001 f#
b11000000000 2)
b1011010111110000110000110110011 R)
b1011010111110000110000110110010 4*
#3421
b10000100011100110101101001000 &#
b1111010110001010111010110011 H$
b1111101010110010010011010010 L&
b1001100111000110001100010111010 P(
b11000000100 2)
b1011010111110000110000110110100 R)
b1011010111110000110000110110011 4*
#3422
b10000000101110101001101101111 b
b1001100111000110001100010111010 f#
b10010000011001110110111101000 .'
b1111010110001010111010110011 n'
b1001100111000110001100010111011 P(
b1011010111110000110000110110101 R)
b1011010111110000110000110110100 4*
#3423
b1001100111000110001100010111011 f#
b1011010111110000110000110110101 4*
#3424
b1001100111000110001100010111100 P(
b10111111100 2)
b1011010111110000110000110110110 R)
#3425
b1001100111000110001100010111100 f#
b11000000000 2)
b1011010111110000110000110110111 R)
b1011010111110000110000110110110 4*
#3426
b10000100011100110101101001001 &#
b1111010110001010111010110100 H$
b1111101010110010010011010011 L&
b1001100111000110001100010111101 P(
b11000000100 2)
b1011010111110000110000110111000 R)
b1011010111110000110000110110111 4*
#3427
b10000000101110101001101110000 b
b1001100111000110001100010111101 f#
b10010000011001110110111101001 .'
b1111010110001010111010110100 n'
b1001100111000110001100010111110 P(
b1011010111110000110000110111001 R)
b1011010111110000110000110111000 4*
#3428
b1001100111000110001100010111110 f#
b1011010111110000110000110111001 4*
#3429
b1001100111000110001100010111111 P(
b10111111100 2)
b1011010111110000110000110111010 R)
#3430
b1001100111000110001100010111111 f#
b11000000000 2)
b1011010111110000110000110111011 R)
b1011010111110000110000110111010 4*
#3431
b10000100011100110101101001010 &#
b1111010110001010111010110101 H$
b1111101010110010010011010100 L&
b1001100111000110001100011000000 P(
b11000000100 2)
b1011010111110000110000110111100 R)
b1011010111110000110000110111011 4*
#3432
b10000000101110101001101110001 b
b1001100111000110001100011000000 f#
b10010000011001110110111101010 .'
b1111010110001010111010110101 n'
b1001100111000110001100011000001 P(
b1011010111110000110000110111101 R)
b1011010111110000110000110111100 4*
#3433
b1001100111000110001100011000001 f#
b1011010111110000110000110111101 4*
#3434
b1001100111000110001100011000010 P(
b10111111100 2)
b1011010111110000110000110111110 R)
#3435
b1001100111000110001100011000010 f#
b11000000000 2)
b1011010111110000110000110111111 R)
b1011010111110000110000110111110 4*
#3436
b10000100011100110101101001011 &#
b1111010110001010111010110110 H$
b1111101010110010010011010101 L&
b1001100111000110001100011000011 P(
b11000000100 2)
b1011010111110000110000111000000 R)
b1011010111110000110000110111111 4*
#3437
b10000000101110101001101110010 b
b1001100111000110001100011000011 f#
b10010000011001110110111101011 .'
b1111010110001010111010110110 n'
b1001100111000110001100011000100 P(
b1011010111110000110000111000001 R)
b1011010111110000110000111000000 4*
#3438
b1001100111000110001100011000100 f#
b1011010111110000110000111000001 4*
#3439
b1001100111000110001100011000101 P(
b10111111100 2)
b1011010111110000110000111000010 R)
#3440
b1001100111000110001100011000101 f#
b11000000000 2)
b1011010111110000110000111000011 R)
b1011010111110000110000111000010 4*
#3441
b10000100011100110101101001100 &#
b1111010110001010111010110111 H$
b1111101010110010010011010110 L&
b1001100111000110001100011000110 P(
b11000000100 2)
b1011010111110000110000111000100 R)
b1011010111110000110000111000011 4*
#3442
b10000000101110101001101110011 b
b1001100111000110001100011000110 f#
b10010000011001110110111101100 .'
b1111010110001010111010110111 n'
b1001100111000110001100011000111 P(
b1011010111110000110000111000101 R)
b1011010111110000110000111000100 4*
#3443
b1001100111000110001100011000111 f#
b1011010111110000110000111000101 4*
#3444
b1001100111000110001100011001000 P(
b10111111100 2)
b1011010111110000110000111000110 R)
#3445
b1001100111000110001100011001000 f#
b11000000000 2)
b1011010111110000110000111000111 R)
b1011010111110000110000111000110 4*
#3446
b10000100011100110101101001101 &#
b1111010110001010111010111000 H$
b1111101010110010010011010111 L&
b1001100111000110001100011001001 P(
b11000000100 2)
b1011010111110000110000111001000 R)
b1011010111110000110000111000111 4*
#3447
b10000000101110101001101110100 b
b1001100111000110001100011001001 f#
b10010000011001110110111101101 .'
b1111010110001010111010111000 n'
b1001100111000110001100011001010 P(
b1011010111110000110000111001001 R)
b1011010111110000110000111001000 4*
#3448
b1001100111000110001100011001010 f#
b1011010111110000110000111001001 4*
#3449
b1001100111000110001100011001011 P(
b10111111100 2)
b1011010111110000110000111001010 R)
#3450
b1001100111000110001100011001011 f#
b11000000000 2)
b1011010111110000110000111001011 R)
b1011010111110000110000111001010 4*
#3451
b10000100011100110101101001110 &#
b1111010110001010111010111001 H$
b1111101010110010010011011000 L&
b1001100111000110001100011001100 P(
b11000000100 2)
b1011010111110000110000111001100 R)
b1011010111110000110000111001011 4*
#3452
b10000000101110101001101110101 b
b1001100111000110001100011001100 f#
b10010000011001110110111101110 .'
b1111010110001010111010111001 n'
b1001100111000110001100011001101 P(
b1011010111110000110000111001101 R)
b1011010111110000110000111001100 4*
#3453
b1001100111000110001100011001101 f#
b1011010111110000110000111001101 4*
#3454
b1001100111000110001100011001110 P(
b10111111100 2)
b1011010111110000110000111001110 R)
#3455
b1001100111000110001100011001110 f#
b11000000000 2)
b1011010111110000110000111001111 R)
b1011010111110000110000111001110 4*
#3456
b10000100011100110101101001111 &#
b1111010110001010111010111010 H$
b1111101010110010010011011001 L&
b1001100111000110001100011001111 P(
b11000000100 2)
b1011010111110000110000111010000 R)
b1011010111110000110000111001111 4*
#3457
b10000000101110101001101110110 b
b1001100111000110001100011001111 f#
b10010000011001110110111101111 .'
b1111010110001010111010111010 n'
b1001100111000110001100011010000 P(
b1011010111110000110000111010001 R)
b1011010111110000110000111010000 4*
#3458
b1001100111000110001100011010000 f#
b1011010111110000110000111010001 4*
#3459
b1001100111000110001100011010001 P(
b10111111100 2)
b1011010111110000110000111010010 R)
#3460
b1001100111000110001100011010001 f#
b11000000000 2)
b1011010111110000110000111010011 R)
b1011010111110000110000111010010 4*
#3461
b10000100011100110101101010000 &#
b1111010110001010111010111011 H$
b1111101010110010010011011010 L&
b1001100111000110001100011010010 P(
b11000000100 2)
b1011010111110000110000111010100 R)
b1011010111110000110000111010011 4*
#3462
b10000000101110101001101110111 b
b1001100111000110001100011010010 f#
b10010000011001110110111110000 .'
b1111010110001010111010111011 n'
b1001100111000110001100011010011 P(
b1011010111110000110000111010101 R)
b1011010111110000110000111010100 4*
#3463
b1001100111000110001100011010011 f#
b1011010111110000110000111010101 4*
#3464
b1001100111000110001100011010100 P(
b10111111100 2)
b1011010111110000110000111010110 R)
#3465
b1001100111000110001100011010100 f#
b11000000000 2)
b1011010111110000110000111010111 R)
b1011010111110000110000111010110 4*
#3466
b10000100011100110101101010001 &#
b1111010110001010111010111100 H$
b1111101010110010010011011011 L&
b1001100111000110001100011010101 P(
b11000000100 2)
b1011010111110000110000111011000 R)
b1011010111110000110000111010111 4*
#3467
b10000000101110101001101111000 b
b1001100111000110001100011010101 f#
b10010000011001110110111110001 .'
b1111010110001010111010111100 n'
b1001100111000110001100011010110 P(
b1011010111110000110000111011001 R)
b1011010111110000110000111011000 4*
#3468
b1001100111000110001100011010110 f#
b1011010111110000110000111011001 4*
#3469
b1001100111000110001100011010111 P(
b10111111100 2)
b1011010111110000110000111011010 R)
#3470
b1001100111000110001100011010111 f#
b11000000000 2)
b1011010111110000110000111011011 R)
b1011010111110000110000111011010 4*
#3471
b10000100011100110101101010010 &#
b1111010110001010111010111101 H$
b1111101010110010010011011100 L&
b1001100111000110001100011011000 P(
b11000000100 2)
b1011010111110000110000111011100 R)
b1011010111110000110000111011011 4*
#3472
b10000000101110101001101111001 b
b1001100111000110001100011011000 f#
b10010000011001110110111110010 .'
b1111010110001010111010111101 n'
b1001100111000110001100011011001 P(
b1011010111110000110000111011101 R)
b1011010111110000110000111011100 4*
#3473
b1001100111000110001100011011001 f#
b1011010111110000110000111011101 4*
#3474
b1001100111000110001100011011010 P(
b10111111100 2)
b1011010111110000110000111011110 R)
#3475
b1001100111000110001100011011010 f#
b11000000000 2)
b1011010111110000110000111011111 R)
b1011010111110000110000111011110 4*
#3476
b10000100011100110101101010011 &#
b1111010110001010111010111110 H$
b1111101010110010010011011101 L&
b1001100111000110001100011011011 P(
b11000000100 2)
b1011010111110000110000111100000 R)
b1011010111110000110000111011111 4*
#3477
b10000000101110101001101111010 b
b1001100111000110001100011011011 f#
b10010000011001110110111110011 .'
b1111010110001010111010111110 n'
b1001100111000110001100011011100 P(
b1011010111110000110000111100001 R)
b1011010111110000110000111100000 4*
#3478
b1001100111000110001100011011100 f#
b1011010111110000110000111100001 4*
#3479
b1001100111000110001100011011101 P(
b10111111100 2)
b1011010111110000110000111100010 R)
#3480
b1001100111000110001100011011101 f#
b11000000000 2)
b1011010111110000110000111100011 R)
b1011010111110000110000111100010 4*
#3481
b10000100011100110101101010100 &#
b1111010110001010111010111111 H$
b1111101010110010010011011110 L&
b1001100111000110001100011011110 P(
b11000000100 2)
b1011010111110000110000111100100 R)
b1011010111110000110000111100011 4*
#3482
b10000000101110101001101111011 b
b1001100111000110001100011011110 f#
b10010000011001110110111110100 .'
b1111010110001010111010111111 n'
b1001100111000110001100011011111 P(
b1011010111110000110000111100101 R)
b1011010111110000110000111100100 4*
#3483
b1001100111000110001100011011111 f#
b1011010111110000110000111100101 4*
#3484
b1001100111000110001100011100000 P(
b10111111100 2)
b1011010111110000110000111100110 R)
#3485
b1001100111000110001100011100000 f#
b11000000000 2)
b1011010111110000110000111100111 R)
b1011010111110000110000111100110 4*
#3486
b10000100011100110101101010101 &#
b1111010110001010111011000000 H$
b1111101010110010010011011111 L&
b1001100111000110001100011100001 P(
b11000000100 2)
b1011010111110000110000111101000 R)
b1011010111110000110000111100111 4*
#3487
b10000000101110101001101111100 b
b1001100111000110001100011100001 f#
b10010000011001110110111110101 .'
b1111010110001010111011000000 n'
b1001100111000110001100011100010 P(
b1011010111110000110000111101001 R)
b1011010111110000110000111101000 4*
#3488
b1001100111000110001100011100010 f#
b1011010111110000110000111101001 4*
#3489
b1001100111000110001100011100011 P(
b10111111100 2)
b1011010111110000110000111101010 R)
#3490
b1001100111000110001100011100011 f#
b11000000000 2)
b1011010111110000110000111101011 R)
b1011010111110000110000111101010 4*
#3491
b10000100011100110101101010110 &#
b1111010110001010111011000001 H$
b1111101010110010010011100000 L&
b1001100111000110001100011100100 P(
b11000000100 2)
b1011010111110000110000111101100 R)
b1011010111110000110000111101011 4*
#3492
b10000000101110101001101111101 b
b1001100111000110001100011100100 f#
b10010000011001110110111110110 .'
b1111010110001010111011000001 n'
b1001100111000110001100011100101 P(
b1011010111110000110000111101101 R)
b1011010111110000110000111101100 4*
#3493
b1001100111000110001100011100101 f#
b1011010111110000110000111101101 4*
#3494
b1001100111000110001100011100110 P(
b10111111100 2)
b1011010111110000110000111101110 R)
#3495
b1001100111000110001100011100110 f#
b11000000000 2)
b1011010111110000110000111101111 R)
b1011010111110000110000111101110 4*
#3496
b10000100011100110101101010111 &#
b1111010110001010111011000010 H$
b1111101010110010010011100001 L&
b1001100111000110001100011100111 P(
b11000000100 2)
b1011010111110000110000111110000 R)
b1011010111110000110000111101111 4*
#3497
b10000000101110101001101111110 b
b1001100111000110001100011100111 f#
b10010000011001110110111110111 .'
b1111010110001010111011000010 n'
b1001100111000110001100011101000 P(
b1011010111110000110000111110001 R)
b1011010111110000110000111110000 4*
#3498
b1001100111000110001100011101000 f#
b1011010111110000110000111110001 4*
#3499
b1001100111000110001100011101001 P(
b10111111100 2)
b1011010111110000110000111110010 R)
#3500
b1001100111000110001100011101001 f#
b11000000000 2)
b1011010111110000110000111110011 R)
b1011010111110000110000111110010 4*
#3501
b10000100011100110101101011000 &#
b1111010110001010111011000011 H$
b1111101010110010010011100010 L&
b1001100111000110001100011101010 P(
b11000000100 2)
b1011010111110000110000111110100 R)
b1011010111110000110000111110011 4*
#3502
b10000000101110101001101111111 b
b1001100111000110001100011101010 f#
b10010000011001110110111111000 .'
b1111010110001010111011000011 n'
b1001100111000110001100011101011 P(
b1011010111110000110000111110101 R)
b1011010111110000110000111110100 4*
#3503
b1001100111000110001100011101011 f#
b1011010111110000110000111110101 4*
#3504
b1001100111000110001100011101100 P(
b10111111100 2)
b1011010111110000110000111110110 R)
#3505
b1001100111000110001100011101100 f#
b11000000000 2)
b1011010111110000110000111110111 R)
b1011010111110000110000111110110 4*
#3506
b10000100011100110101101011001 &#
b1111010110001010111011000100 H$
b1111101010110010010011100011 L&
b1001100111000110001100011101101 P(
b11000000100 2)
b1011010111110000110000111111000 R)
b1011010111110000110000111110111 4*
#3507
b10000000101110101001110000000 b
b1001100111000110001100011101101 f#
b10010000011001110110111111001 .'
b1111010110001010111011000100 n'
b1001100111000110001100011101110 P(
b1011010111110000110000111111001 R)
b1011010111110000110000111111000 4*
#3508
b1001100111000110001100011101110 f#
b1011010111110000110000111111001 4*
#3509
b1001100111000110001100011101111 P(
b10111111100 2)
b1011010111110000110000111111010 R)
#3510
b1001100111000110001100011101111 f#
b11000000000 2)
b1011010111110000110000111111011 R)
b1011010111110000110000111111010 4*
#3511
b10000100011100110101101011010 &#
b1111010110001010111011000101 H$
b1111101010110010010011100100 L&
b1001100111000110001100011110000 P(
b11000000100 2)
b1011010111110000110000111111100 R)
b1011010111110000110000111111011 4*
#3512
b10000000101110101001110000001 b
b1001100111000110001100011110000 f#
b10010000011001110110111111010 .'
b1111010110001010111011000101 n'
b1001100111000110001100011110001 P(
b1011010111110000110000111111101 R)
b1011010111110000110000111111100 4*
#3513
b1001100111000110001100011110001 f#
b1011010111110000110000111111101 4*
#3514
b1001100111000110001100011110010 P(
b10111111100 2)
b1011010111110000110000111111110 R)
#3515
b1001100111000110001100011110010 f#
b11000000000 2)
b1011010111110000110000111111111 R)
b1011010111110000110000111111110 4*
#3516
b10000100011100110101101011011 &#
b1111010110001010111011000110 H$
b1111101010110010010011100101 L&
b1001100111000110001100011110011 P(
b11000000100 2)
b1011010111110000110001000000000 R)
b1011010111110000110000111111111 4*
#3517
b10000000101110101001110000010 b
b1001100111000110001100011110011 f#
b10010000011001110110111111011 .'
b1111010110001010111011000110 n'
b1001100111000110001100011110100 P(
b1011010111110000110001000000001 R)
b1011010111110000110001000000000 4*
#3518
b1001100111000110001100011110100 f#
b1011010111110000110001000000001 4*
#3519
b1001100111000110001100011110101 P(
b10111111100 2)
b1011010111110000110001000000010 R)
#3520
b1001100111000110001100011110101 f#
b11000000000 2)
b1011010111110000110001000000011 R)
b1011010111110000110001000000010 4*
#3521
b10000100011100110101101011100 &#
b1111010110001010111011000111 H$
b1111101010110010010011100110 L&
b1001100111000110001100011110110 P(
b11000000100 2)
b1011010111110000110001000000100 R)
b1011010111110000110001000000011 4*
#3522
b10000000101110101001110000011 b
b1001100111000110001100011110110 f#
b10010000011001110110111111100 .'
b1111010110001010111011000111 n'
b1001100111000110001100011110111 P(
b1011010111110000110001000000101 R)
b1011010111110000110001000000100 4*
#3523
b1001100111000110001100011110111 f#
b1011010111110000110001000000101 4*
#3524
b1001100111000110001100011111000 P(
b10111111100 2)
b1011010111110000110001000000110 R)
#3525
b1001100111000110001100011111000 f#
b11000000000 2)
b1011010111110000110001000000111 R)
b1011010111110000110001000000110 4*
#3526
b10000100011100110101101011101 &#
b1111010110001010111011001000 H$
b1111101010110010010011100111 L&
b1001100111000110001100011111001 P(
b11000000100 2)
b1011010111110000110001000001000 R)
b1011010111110000110001000000111 4*
#3527
b10000000101110101001110000100 b
b1001100111000110001100011111001 f#
b10010000011001110110111111101 .'
b1111010110001010111011001000 n'
b1001100111000110001100011111010 P(
b1011010111110000110001000001001 R)
b1011010111110000110001000001000 4*
#3528
b1001100111000110001100011111010 f#
b1011010111110000110001000001001 4*
#3529
b1001100111000110001100011111011 P(
b10111111100 2)
b1011010111110000110001000001010 R)
#3530
b1001100111000110001100011111011 f#
b11000000000 2)
b1011010111110000110001000001011 R)
b1011010111110000110001000001010 4*
#3531
b10000100011100110101101011110 &#
b1111010110001010111011001001 H$
b1111101010110010010011101000 L&
b1001100111000110001100011111100 P(
b11000000100 2)
b1011010111110000110001000001100 R)
b1011010111110000110001000001011 4*
#3532
b10000000101110101001110000101 b
b1001100111000110001100011111100 f#
b10010000011001110110111111110 .'
b1111010110001010111011001001 n'
b1001100111000110001100011111101 P(
b1011010111110000110001000001101 R)
b1011010111110000110001000001100 4*
#3533
b1001100111000110001100011111101 f#
b1011010111110000110001000001101 4*
#3534
b1001100111000110001100011111110 P(
b10111111100 2)
b1011010111110000110001000001110 R)
#3535
b1001100111000110001100011111110 f#
b11000000000 2)
b1011010111110000110001000001111 R)
b1011010111110000110001000001110 4*
#3536
b10000100011100110101101011111 &#
b1111010110001010111011001010 H$
b1111101010110010010011101001 L&
b1001100111000110001100011111111 P(
b11000000100 2)
b1011010111110000110001000010000 R)
b1011010111110000110001000001111 4*
#3537
b10000000101110101001110000110 b
b1001100111000110001100011111111 f#
b10010000011001110110111111111 .'
b1111010110001010111011001010 n'
b1001100111000110001100100000000 P(
b1011010111110000110001000010001 R)
b1011010111110000110001000010000 4*
#3538
b1001100111000110001100100000000 f#
b1011010111110000110001000010001 4*
#3539
b1001100111000110001100100000001 P(
b10111111100 2)
b1011010111110000110001000010010 R)
#3540
b1001100111000110001100100000001 f#
b11000000000 2)
b1011010111110000110001000010011 R)
b1011010111110000110001000010010 4*
#3541
b10000100011100110101101100000 &#
b1111010110001010111011001011 H$
b1111101010110010010011101010 L&
b1001100111000110001100100000010 P(
b11000000100 2)
b1011010111110000110001000010100 R)
b1011010111110000110001000010011 4*
#3542
b10000000101110101001110000111 b
b1001100111000110001100100000010 f#
b10010000011001110111000000000 .'
b1111010110001010111011001011 n'
b1001100111000110001100100000011 P(
b1011010111110000110001000010101 R)
b1011010111110000110001000010100 4*
#3543
b1001100111000110001100100000011 f#
b1011010111110000110001000010101 4*
#3544
b1001100111000110001100100000100 P(
b10111111100 2)
b1011010111110000110001000010110 R)
#3545
b1001100111000110001100100000100 f#
b11000000000 2)
b1011010111110000110001000010111 R)
b1011010111110000110001000010110 4*
#3546
b10000100011100110101101100001 &#
b1111010110001010111011001100 H$
b1111101010110010010011101011 L&
b1001100111000110001100100000101 P(
b11000000100 2)
b1011010111110000110001000011000 R)
b1011010111110000110001000010111 4*
#3547
b10000000101110101001110001000 b
b1001100111000110001100100000101 f#
b10010000011001110111000000001 .'
b1111010110001010111011001100 n'
b1001100111000110001100100000110 P(
b1011010111110000110001000011001 R)
b1011010111110000110001000011000 4*
#3548
b1001100111000110001100100000110 f#
b1011010111110000110001000011001 4*
#3549
b1001100111000110001100100000111 P(
b10111111100 2)
b1011010111110000110001000011010 R)
#3550
b1001100111000110001100100000111 f#
b11000000000 2)
b1011010111110000110001000011011 R)
b1011010111110000110001000011010 4*
#3551
b10000100011100110101101100010 &#
b1111010110001010111011001101 H$
b1111101010110010010011101100 L&
b1001100111000110001100100001000 P(
b11000000100 2)
b1011010111110000110001000011100 R)
b1011010111110000110001000011011 4*
#3552
b10000000101110101001110001001 b
b1001100111000110001100100001000 f#
b10010000011001110111000000010 .'
b1111010110001010111011001101 n'
b1001100111000110001100100001001 P(
b1011010111110000110001000011101 R)
b1011010111110000110001000011100 4*
#3553
b1001100111000110001100100001001 f#
b1011010111110000110001000011101 4*
#3554
b1001100111000110001100100001010 P(
b10111111100 2)
b1011010111110000110001000011110 R)
#3555
b1001100111000110001100100001010 f#
b11000000000 2)
b1011010111110000110001000011111 R)
b1011010111110000110001000011110 4*
#3556
b10000100011100110101101100011 &#
b1111010110001010111011001110 H$
b1111101010110010010011101101 L&
b1001100111000110001100100001011 P(
b11000000100 2)
b1011010111110000110001000100000 R)
b1011010111110000110001000011111 4*
#3557
b10000000101110101001110001010 b
b1001100111000110001100100001011 f#
b10010000011001110111000000011 .'
b1111010110001010111011001110 n'
b1001100111000110001100100001100 P(
b1011010111110000110001000100001 R)
b1011010111110000110001000100000 4*
#3558
b1001100111000110001100100001100 f#
b1011010111110000110001000100001 4*
#3559
b1001100111000110001100100001101 P(
b10111111100 2)
b1011010111110000110001000100010 R)
#3560
b1001100111000110001100100001101 f#
b11000000000 2)
b1011010111110000110001000100011 R)
b1011010111110000110001000100010 4*
#3561
b10000100011100110101101100100 &#
b1111010110001010111011001111 H$
b1111101010110010010011101110 L&
b1001100111000110001100100001110 P(
b11000000100 2)
b1011010111110000110001000100100 R)
b1011010111110000110001000100011 4*
#3562
b10000000101110101001110001011 b
b1001100111000110001100100001110 f#
b10010000011001110111000000100 .'
b1111010110001010111011001111 n'
b1001100111000110001100100001111 P(
b1011010111110000110001000100101 R)
b1011010111110000110001000100100 4*
#3563
b1001100111000110001100100001111 f#
b1011010111110000110001000100101 4*
#3564
b1001100111000110001100100010000 P(
b10111111100 2)
b1011010111110000110001000100110 R)
#3565
b1001100111000110001100100010000 f#
b11000000000 2)
b1011010111110000110001000100111 R)
b1011010111110000110001000100110 4*
#3566
b10000100011100110101101100101 &#
b1111010110001010111011010000 H$
b1111101010110010010011101111 L&
b1001100111000110001100100010001 P(
b11000000100 2)
b1011010111110000110001000101000 R)
b1011010111110000110001000100111 4*
#3567
b10000000101110101001110001100 b
b1001100111000110001100100010001 f#
b10010000011001110111000000101 .'
b1111010110001010111011010000 n'
b1001100111000110001100100010010 P(
b1011010111110000110001000101001 R)
b1011010111110000110001000101000 4*
#3568
b1001100111000110001100100010010 f#
b1011010111110000110001000101001 4*
#3569
b1001100111000110001100100010011 P(
b10111111100 2)
b1011010111110000110001000101010 R)
#3570
b1001100111000110001100100010011 f#
b11000000000 2)
b1011010111110000110001000101011 R)
b1011010111110000110001000101010 4*
#3571
b10000100011100110101101100110 &#
b1111010110001010111011010001 H$
b1111101010110010010011110000 L&
b1001100111000110001100100010100 P(
b11000000100 2)
b1011010111110000110001000101100 R)
b1011010111110000110001000101011 4*
#3572
b10000000101110101001110001101 b
b1001100111000110001100100010100 f#
b10010000011001110111000000110 .'
b1111010110001010111011010001 n'
b1001100111000110001100100010101 P(
b1011010111110000110001000101101 R)
b1011010111110000110001000101100 4*
#3573
b1001100111000110001100100010101 f#
b1011010111110000110001000101101 4*
#3574
b1001100111000110001100100010110 P(
b10111111100 2)
b1011010111110000110001000101110 R)
#3575
b1001100111000110001100100010110 f#
b11000000000 2)
b1011010111110000110001000101111 R)
b1011010111110000110001000101110 4*
#3576
b10000100011100110101101100111 &#
b1111010110001010111011010010 H$
b1111101010110010010011110001 L&
b1001100111000110001100100010111 P(
b11000000100 2)
b1011010111110000110001000110000 R)
b1011010111110000110001000101111 4*
#3577
b10000000101110101001110001110 b
b1001100111000110001100100010111 f#
b10010000011001110111000000111 .'
b1111010110001010111011010010 n'
b1001100111000110001100100011000 P(
b1011010111110000110001000110001 R)
b1011010111110000110001000110000 4*
#3578
b1001100111000110001100100011000 f#
b1011010111110000110001000110001 4*
#3579
b1001100111000110001100100011001 P(
b10111111100 2)
b1011010111110000110001000110010 R)
#3580
b1001100111000110001100100011001 f#
b11000000000 2)
b1011010111110000110001000110011 R)
b1011010111110000110001000110010 4*
#3581
b10000100011100110101101101000 &#
b1111010110001010111011010011 H$
b1111101010110010010011110010 L&
b1001100111000110001100100011010 P(
b11000000100 2)
b1011010111110000110001000110100 R)
b1011010111110000110001000110011 4*
#3582
b10000000101110101001110001111 b
b1001100111000110001100100011010 f#
b10010000011001110111000001000 .'
b1111010110001010111011010011 n'
b1001100111000110001100100011011 P(
b1011010111110000110001000110101 R)
b1011010111110000110001000110100 4*
#3583
b1001100111000110001100100011011 f#
b1011010111110000110001000110101 4*
#3584
b1001100111000110001100100011100 P(
b10111111100 2)
b1011010111110000110001000110110 R)
#3585
b1001100111000110001100100011100 f#
b11000000000 2)
b1011010111110000110001000110111 R)
b1011010111110000110001000110110 4*
#3586
b10000100011100110101101101001 &#
b1111010110001010111011010100 H$
b1111101010110010010011110011 L&
b1001100111000110001100100011101 P(
b11000000100 2)
b1011010111110000110001000111000 R)
b1011010111110000110001000110111 4*
#3587
b10000000101110101001110010000 b
b1001100111000110001100100011101 f#
b10010000011001110111000001001 .'
b1111010110001010111011010100 n'
b1001100111000110001100100011110 P(
b1011010111110000110001000111001 R)
b1011010111110000110001000111000 4*
#3588
b1001100111000110001100100011110 f#
b1011010111110000110001000111001 4*
#3589
b1001100111000110001100100011111 P(
b10111111100 2)
b1011010111110000110001000111010 R)
#3590
b1001100111000110001100100011111 f#
b11000000000 2)
b1011010111110000110001000111011 R)
b1011010111110000110001000111010 4*
#3591
b10000100011100110101101101010 &#
b1111010110001010111011010101 H$
b1111101010110010010011110100 L&
b1001100111000110001100100100000 P(
b11000000100 2)
b1011010111110000110001000111100 R)
b1011010111110000110001000111011 4*
#3592
b10000000101110101001110010001 b
b1001100111000110001100100100000 f#
b10010000011001110111000001010 .'
b1111010110001010111011010101 n'
b1001100111000110001100100100001 P(
b1011010111110000110001000111101 R)
b1011010111110000110001000111100 4*
#3593
b1001100111000110001100100100001 f#
b1011010111110000110001000111101 4*
#3594
b1001100111000110001100100100010 P(
b10111111100 2)
b1011010111110000110001000111110 R)
#3595
b1001100111000110001100100100010 f#
b11000000000 2)
b1011010111110000110001000111111 R)
b1011010111110000110001000111110 4*
#3596
b10000100011100110101101101011 &#
b1111010110001010111011010110 H$
b1111101010110010010011110101 L&
b1001100111000110001100100100011 P(
b11000000100 2)
b1011010111110000110001001000000 R)
b1011010111110000110001000111111 4*
#3597
b10000000101110101001110010010 b
b1001100111000110001100100100011 f#
b10010000011001110111000001011 .'
b1111010110001010111011010110 n'
b1001100111000110001100100100100 P(
b1011010111110000110001001000001 R)
b1011010111110000110001001000000 4*
#3598
b1001100111000110001100100100100 f#
b1011010111110000110001001000001 4*
#3599
b1001100111000110001100100100101 P(
b10111111100 2)
b1011010111110000110001001000010 R)
#3600
b1001100111000110001100100100101 f#
b11000000000 2)
b1011010111110000110001001000011 R)
b1011010111110000110001001000010 4*
#3601
b10000100011100110101101101100 &#
b1111010110001010111011010111 H$
b1111101010110010010011110110 L&
b1001100111000110001100100100110 P(
b11000000100 2)
b1011010111110000110001001000100 R)
b1011010111110000110001001000011 4*
#3602
b10000000101110101001110010011 b
b1001100111000110001100100100110 f#
b10010000011001110111000001100 .'
b1111010110001010111011010111 n'
b1001100111000110001100100100111 P(
b1011010111110000110001001000101 R)
b1011010111110000110001001000100 4*
#3603
b1001100111000110001100100100111 f#
b1011010111110000110001001000101 4*
#3604
b1001100111000110001100100101000 P(
b10111111100 2)
b1011010111110000110001001000110 R)
#3605
b1001100111000110001100100101000 f#
b11000000000 2)
b1011010111110000110001001000111 R)
b1011010111110000110001001000110 4*
#3606
b10000100011100110101101101101 &#
b1111010110001010111011011000 H$
b1111101010110010010011110111 L&
b1001100111000110001100100101001 P(
b11000000100 2)
b1011010111110000110001001001000 R)
b1011010111110000110001001000111 4*
#3607
b10000000101110101001110010100 b
b1001100111000110001100100101001 f#
b10010000011001110111000001101 .'
b1111010110001010111011011000 n'
b1001100111000110001100100101010 P(
b1011010111110000110001001001001 R)
b1011010111110000110001001001000 4*
#3608
b1001100111000110001100100101010 f#
b1011010111110000110001001001001 4*
#3609
b1001100111000110001100100101011 P(
b10111111100 2)
b1011010111110000110001001001010 R)
#3610
b1001100111000110001100100101011 f#
b11000000000 2)
b1011010111110000110001001001011 R)
b1011010111110000110001001001010 4*
#3611
b10000100011100110101101101110 &#
b1111010110001010111011011001 H$
b1111101010110010010011111000 L&
b1001100111000110001100100101100 P(
b11000000100 2)
b1011010111110000110001001001100 R)
b1011010111110000110001001001011 4*
#3612
b10000000101110101001110010101 b
b1001100111000110001100100101100 f#
b10010000011001110111000001110 .'
b1111010110001010111011011001 n'
b1001100111000110001100100101101 P(
b1011010111110000110001001001101 R)
b1011010111110000110001001001100 4*
#3613
b1001100111000110001100100101101 f#
b1011010111110000110001001001101 4*
#3614
b1001100111000110001100100101110 P(
b10111111100 2)
b1011010111110000110001001001110 R)
#3615
b1001100111000110001100100101110 f#
b11000000000 2)
b1011010111110000110001001001111 R)
b1011010111110000110001001001110 4*
#3616
b10000100011100110101101101111 &#
b1111010110001010111011011010 H$
b1111101010110010010011111001 L&
b1001100111000110001100100101111 P(
b11000000100 2)
b1011010111110000110001001010000 R)
b1011010111110000110001001001111 4*
#3617
b10000000101110101001110010110 b
b1001100111000110001100100101111 f#
b10010000011001110111000001111 .'
b1111010110001010111011011010 n'
b1001100111000110001100100110000 P(
b1011010111110000110001001010001 R)
b1011010111110000110001001010000 4*
#3618
b1001100111000110001100100110000 f#
b1011010111110000110001001010001 4*
#3619
b1001100111000110001100100110001 P(
b10111111100 2)
b1011010111110000110001001010010 R)
#3620
b1001100111000110001100100110001 f#
b11000000000 2)
b1011010111110000110001001010011 R)
b1011010111110000110001001010010 4*
#3621
b10000100011100110101101110000 &#
b1111010110001010111011011011 H$
b1111101010110010010011111010 L&
b1001100111000110001100100110010 P(
b11000000100 2)
b1011010111110000110001001010100 R)
b1011010111110000110001001010011 4*
#3622
b10000000101110101001110010111 b
b1001100111000110001100100110010 f#
b10010000011001110111000010000 .'
b1111010110001010111011011011 n'
b1001100111000110001100100110011 P(
b1011010111110000110001001010101 R)
b1011010111110000110001001010100 4*
#3623
b1001100111000110001100100110011 f#
b1011010111110000110001001010101 4*
#3624
b1001100111000110001100100110100 P(
b10111111100 2)
b1011010111110000110001001010110 R)
#3625
b1001100111000110001100100110100 f#
b11000000000 2)
b1011010111110000110001001010111 R)
b1011010111110000110001001010110 4*
#3626
b10000100011100110101101110001 &#
b1111010110001010111011011100 H$
b1111101010110010010011111011 L&
b1001100111000110001100100110101 P(
b11000000100 2)
b1011010111110000110001001011000 R)
b1011010111110000110001001010111 4*
#3627
b10000000101110101001110011000 b
b1001100111000110001100100110101 f#
b10010000011001110111000010001 .'
b1111010110001010111011011100 n'
b1001100111000110001100100110110 P(
b1011010111110000110001001011001 R)
b1011010111110000110001001011000 4*
#3628
b1001100111000110001100100110110 f#
b1011010111110000110001001011001 4*
#3629
b1001100111000110001100100110111 P(
b10111111100 2)
b1011010111110000110001001011010 R)
#3630
b1001100111000110001100100110111 f#
b11000000000 2)
b1011010111110000110001001011011 R)
b1011010111110000110001001011010 4*
#3631
b10000100011100110101101110010 &#
b1111010110001010111011011101 H$
b1111101010110010010011111100 L&
b1001100111000110001100100111000 P(
b11000000100 2)
b1011010111110000110001001011100 R)
b1011010111110000110001001011011 4*
#3632
b10000000101110101001110011001 b
b1001100111000110001100100111000 f#
b10010000011001110111000010010 .'
b1111010110001010111011011101 n'
b1001100111000110001100100111001 P(
b1011010111110000110001001011101 R)
b1011010111110000110001001011100 4*
#3633
b1001100111000110001100100111001 f#
b1011010111110000110001001011101 4*
#3634
b1001100111000110001100100111010 P(
b10111111100 2)
b1011010111110000110001001011110 R)
#3635
b1001100111000110001100100111010 f#
b11000000000 2)
b1011010111110000110001001011111 R)
b1011010111110000110001001011110 4*
#3636
b10000100011100110101101110011 &#
b1111010110001010111011011110 H$
b1111101010110010010011111101 L&
b1001100111000110001100100111011 P(
b11000000100 2)
b1011010111110000110001001100000 R)
b1011010111110000110001001011111 4*
#3637
b10000000101110101001110011010 b
b1001100111000110001100100111011 f#
b10010000011001110111000010011 .'
b1111010110001010111011011110 n'
b1001100111000110001100100111100 P(
b1011010111110000110001001100001 R)
b1011010111110000110001001100000 4*
#3638
b1001100111000110001100100111100 f#
b1011010111110000110001001100001 4*
#3639
b1001100111000110001100100111101 P(
b10111111100 2)
b1011010111110000110001001100010 R)
#3640
b1001100111000110001100100111101 f#
b11000000000 2)
b1011010111110000110001001100011 R)
b1011010111110000110001001100010 4*
#3641
b10000100011100110101101110100 &#
b1111010110001010111011011111 H$
b1111101010110010010011111110 L&
b1001100111000110001100100111110 P(
b11000000100 2)
b1011010111110000110001001100100 R)
b1011010111110000110001001100011 4*
#3642
b10000000101110101001110011011 b
b1001100111000110001100100111110 f#
b10010000011001110111000010100 .'
b1111010110001010111011011111 n'
b1001100111000110001100100111111 P(
b1011010111110000110001001100101 R)
b1011010111110000110001001100100 4*
#3643
b1001100111000110001100100111111 f#
b1011010111110000110001001100101 4*
#3644
b1001100111000110001100101000000 P(
b10111111100 2)
b1011010111110000110001001100110 R)
#3645
b1001100111000110001100101000000 f#
b11000000000 2)
b1011010111110000110001001100111 R)
b1011010111110000110001001100110 4*
#3646
b10000100011100110101101110101 &#
b1111010110001010111011100000 H$
b1111101010110010010011111111 L&
b1001100111000110001100101000001 P(
b11000000100 2)
b1011010111110000110001001101000 R)
b1011010111110000110001001100111 4*
#3647
b10000000101110101001110011100 b
b1001100111000110001100101000001 f#
b10010000011001110111000010101 .'
b1111010110001010111011100000 n'
b1001100111000110001100101000010 P(
b1011010111110000110001001101001 R)
b1011010111110000110001001101000 4*
#3648
b1001100111000110001100101000010 f#
b1011010111110000110001001101001 4*
#3649
b1001100111000110001100101000011 P(
b10111111100 2)
b1011010111110000110001001101010 R)
#3650
b1001100111000110001100101000011 f#
b11000000000 2)
b1011010111110000110001001101011 R)
b1011010111110000110001001101010 4*
#3651
b10000100011100110101101110110 &#
b1111010110001010111011100001 H$
b1111101010110010010100000000 L&
b1001100111000110001100101000100 P(
b11000000100 2)
b1011010111110000110001001101100 R)
b1011010111110000110001001101011 4*
#3652
b10000000101110101001110011101 b
b1001100111000110001100101000100 f#
b10010000011001110111000010110 .'
b1111010110001010111011100001 n'
b1001100111000110001100101000101 P(
b1011010111110000110001001101101 R)
b1011010111110000110001001101100 4*
#3653
b1001100111000110001100101000101 f#
b1011010111110000110001001101101 4*
#3654
b1001100111000110001100101000110 P(
b10111111100 2)
b1011010111110000110001001101110 R)
#3655
b1001100111000110001100101000110 f#
b11000000000 2)
b1011010111110000110001001101111 R)
b1011010111110000110001001101110 4*
#3656
b10000100011100110101101110111 &#
b1111010110001010111011100010 H$
b1111101010110010010100000001 L&
b1001100111000110001100101000111 P(
b11000000100 2)
b1011010111110000110001001110000 R)
b1011010111110000110001001101111 4*
#3657
b10000000101110101001110011110 b
b1001100111000110001100101000111 f#
b10010000011001110111000010111 .'
b1111010110001010111011100010 n'
b1001100111000110001100101001000 P(
b1011010111110000110001001110001 R)
b1011010111110000110001001110000 4*
#3658
b1001100111000110001100101001000 f#
b1011010111110000110001001110001 4*
#3659
b1001100111000110001100101001001 P(
b10111111100 2)
b1011010111110000110001001110010 R)
#3660
b1001100111000110001100101001001 f#
b11000000000 2)
b1011010111110000110001001110011 R)
b1011010111110000110001001110010 4*
#3661
b10000100011100110101101111000 &#
b1111010110001010111011100011 H$
b1111101010110010010100000010 L&
b1001100111000110001100101001010 P(
b11000000100 2)
b1011010111110000110001001110100 R)
b1011010111110000110001001110011 4*
#3662
b10000000101110101001110011111 b
b1001100111000110001100101001010 f#
b10010000011001110111000011000 .'
b1111010110001010111011100011 n'
b1001100111000110001100101001011 P(
b1011010111110000110001001110101 R)
b1011010111110000110001001110100 4*
#3663
b1001100111000110001100101001011 f#
b1011010111110000110001001110101 4*
#3664
b1001100111000110001100101001100 P(
b10111111100 2)
b1011010111110000110001001110110 R)
#3665
b1001100111000110001100101001100 f#
b11000000000 2)
b1011010111110000110001001110111 R)
b1011010111110000110001001110110 4*
#3666
b10000100011100110101101111001 &#
b1111010110001010111011100100 H$
b1111101010110010010100000011 L&
b1001100111000110001100101001101 P(
b11000000100 2)
b1011010111110000110001001111000 R)
b1011010111110000110001001110111 4*
#3667
b10000000101110101001110100000 b
b1001100111000110001100101001101 f#
b10010000011001110111000011001 .'
b1111010110001010111011100100 n'
b1001100111000110001100101001110 P(
b1011010111110000110001001111001 R)
b1011010111110000110001001111000 4*
#3668
b1001100111000110001100101001110 f#
b1011010111110000110001001111001 4*
#3669
b1001100111000110001100101001111 P(
b10111111100 2)
b1011010111110000110001001111010 R)
#3670
b1001100111000110001100101001111 f#
b11000000000 2)
b1011010111110000110001001111011 R)
b1011010111110000110001001111010 4*
#3671
b10000100011100110101101111010 &#
b1111010110001010111011100101 H$
b1111101010110010010100000100 L&
b1001100111000110001100101010000 P(
b11000000100 2)
b1011010111110000110001001111100 R)
b1011010111110000110001001111011 4*
#3672
b10000000101110101001110100001 b
b1001100111000110001100101010000 f#
b10010000011001110111000011010 .'
b1111010110001010111011100101 n'
b1001100111000110001100101010001 P(
b1011010111110000110001001111101 R)
b1011010111110000110001001111100 4*
#3673
b1001100111000110001100101010001 f#
b1011010111110000110001001111101 4*
#3674
b1001100111000110001100101010010 P(
b10111111100 2)
b1011010111110000110001001111110 R)
#3675
b1001100111000110001100101010010 f#
b11000000000 2)
b1011010111110000110001001111111 R)
b1011010111110000110001001111110 4*
#3676
b10000100011100110101101111011 &#
b1111010110001010111011100110 H$
b1111101010110010010100000101 L&
b1001100111000110001100101010011 P(
b11000000100 2)
b1011010111110000110001010000000 R)
b1011010111110000110001001111111 4*
#3677
b10000000101110101001110100010 b
b1001100111000110001100101010011 f#
b10010000011001110111000011011 .'
b1111010110001010111011100110 n'
b1001100111000110001100101010100 P(
b1011010111110000110001010000001 R)
b1011010111110000110001010000000 4*
#3678
b1001100111000110001100101010100 f#
b1011010111110000110001010000001 4*
#3679
b1001100111000110001100101010101 P(
b10111111100 2)
b1011010111110000110001010000010 R)
#3680
b1001100111000110001100101010101 f#
b11000000000 2)
b1011010111110000110001010000011 R)
b1011010111110000110001010000010 4*
#3681
b10000100011100110101101111100 &#
b1111010110001010111011100111 H$
b1111101010110010010100000110 L&
b1001100111000110001100101010110 P(
b11000000100 2)
b1011010111110000110001010000100 R)
b1011010111110000110001010000011 4*
#3682
b10000000101110101001110100011 b
b1001100111000110001100101010110 f#
b10010000011001110111000011100 .'
b1111010110001010111011100111 n'
b1001100111000110001100101010111 P(
b1011010111110000110001010000101 R)
b1011010111110000110001010000100 4*
#3683
b1001100111000110001100101010111 f#
b1011010111110000110001010000101 4*
#3684
b1001100111000110001100101011000 P(
b10111111100 2)
b1011010111110000110001010000110 R)
#3685
b1001100111000110001100101011000 f#
b11000000000 2)
b1011010111110000110001010000111 R)
b1011010111110000110001010000110 4*
#3686
b10000100011100110101101111101 &#
b1111010110001010111011101000 H$
b1111101010110010010100000111 L&
b1001100111000110001100101011001 P(
b11000000100 2)
b1011010111110000110001010001000 R)
b1011010111110000110001010000111 4*
#3687
b10000000101110101001110100100 b
b1001100111000110001100101011001 f#
b10010000011001110111000011101 .'
b1111010110001010111011101000 n'
b1001100111000110001100101011010 P(
b1011010111110000110001010001001 R)
b1011010111110000110001010001000 4*
#3688
b1001100111000110001100101011010 f#
b1011010111110000110001010001001 4*
#3689
b1001100111000110001100101011011 P(
b10111111100 2)
b1011010111110000110001010001010 R)
#3690
b1001100111000110001100101011011 f#
b11000000000 2)
b1011010111110000110001010001011 R)
b1011010111110000110001010001010 4*
#3691
b10000100011100110101101111110 &#
b1111010110001010111011101001 H$
b1111101010110010010100001000 L&
b1001100111000110001100101011100 P(
b11000000100 2)
b1011010111110000110001010001100 R)
b1011010111110000110001010001011 4*
#3692
b10000000101110101001110100101 b
b1001100111000110001100101011100 f#
b10010000011001110111000011110 .'
b1111010110001010111011101001 n'
b1001100111000110001100101011101 P(
b1011010111110000110001010001101 R)
b1011010111110000110001010001100 4*
#3693
b1001100111000110001100101011101 f#
b1011010111110000110001010001101 4*
#3694
b1001100111000110001100101011110 P(
b10111111100 2)
b1011010111110000110001010001110 R)
#3695
b1001100111000110001100101011110 f#
b11000000000 2)
b1011010111110000110001010001111 R)
b1011010111110000110001010001110 4*
#3696
b10000100011100110101101111111 &#
b1111010110001010111011101010 H$
b1111101010110010010100001001 L&
b1001100111000110001100101011111 P(
b11000000100 2)
b1011010111110000110001010010000 R)
b1011010111110000110001010001111 4*
#3697
b10000000101110101001110100110 b
b1001100111000110001100101011111 f#
b10010000011001110111000011111 .'
b1111010110001010111011101010 n'
b1001100111000110001100101100000 P(
b1011010111110000110001010010001 R)
b1011010111110000110001010010000 4*
#3698
b1001100111000110001100101100000 f#
b1011010111110000110001010010001 4*
#3699
b1001100111000110001100101100001 P(
b10111111100 2)
b1011010111110000110001010010010 R)
#3700
b1001100111000110001100101100001 f#
b11000000000 2)
b1011010111110000110001010010011 R)
b1011010111110000110001010010010 4*
#3701
b10000100011100110101110000000 &#
b1111010110001010111011101011 H$
b1111101010110010010100001010 L&
b1001100111000110001100101100010 P(
b11000000100 2)
b1011010111110000110001010010100 R)
b1011010111110000110001010010011 4*
#3702
b10000000101110101001110100111 b
b1001100111000110001100101100010 f#
b10010000011001110111000100000 .'
b1111010110001010111011101011 n'
b1001100111000110001100101100011 P(
b1011010111110000110001010010101 R)
b1011010111110000110001010010100 4*
#3703
b1001100111000110001100101100011 f#
b1011010111110000110001010010101 4*
#3704
b1001100111000110001100101100100 P(
b10111111100 2)
b1011010111110000110001010010110 R)
#3705
b1001100111000110001100101100100 f#
b11000000000 2)
b1011010111110000110001010010111 R)
b1011010111110000110001010010110 4*
#3706
b10000100011100110101110000001 &#
b1111010110001010111011101100 H$
b1111101010110010010100001011 L&
b1001100111000110001100101100101 P(
b11000000100 2)
b1011010111110000110001010011000 R)
b1011010111110000110001010010111 4*
#3707
b10000000101110101001110101000 b
b1001100111000110001100101100101 f#
b10010000011001110111000100001 .'
b1111010110001010111011101100 n'
b1001100111000110001100101100110 P(
b1011010111110000110001010011001 R)
b1011010111110000110001010011000 4*
#3708
b1001100111000110001100101100110 f#
b1011010111110000110001010011001 4*
#3709
b1001100111000110001100101100111 P(
b10111111100 2)
b1011010111110000110001010011010 R)
#3710
b1001100111000110001100101100111 f#
b11000000000 2)
b1011010111110000110001010011011 R)
b1011010111110000110001010011010 4*
#3711
b10000100011100110101110000010 &#
b1111010110001010111011101101 H$
b1111101010110010010100001100 L&
b1001100111000110001100101101000 P(
b11000000100 2)
b1011010111110000110001010011100 R)
b1011010111110000110001010011011 4*
#3712
b10000000101110101001110101001 b
b1001100111000110001100101101000 f#
b10010000011001110111000100010 .'
b1111010110001010111011101101 n'
b1001100111000110001100101101001 P(
b1011010111110000110001010011101 R)
b1011010111110000110001010011100 4*
#3713
b1001100111000110001100101101001 f#
b1011010111110000110001010011101 4*
#3714
b1001100111000110001100101101010 P(
b10111111100 2)
b1011010111110000110001010011110 R)
#3715
b1001100111000110001100101101010 f#
b11000000000 2)
b1011010111110000110001010011111 R)
b1011010111110000110001010011110 4*
#3716
b10000100011100110101110000011 &#
b1111010110001010111011101110 H$
b1111101010110010010100001101 L&
b1001100111000110001100101101011 P(
b11000000100 2)
b1011010111110000110001010100000 R)
b1011010111110000110001010011111 4*
#3717
b10000000101110101001110101010 b
b1001100111000110001100101101011 f#
b10010000011001110111000100011 .'
b1111010110001010111011101110 n'
b1001100111000110001100101101100 P(
b1011010111110000110001010100001 R)
b1011010111110000110001010100000 4*
#3718
b1001100111000110001100101101100 f#
b1011010111110000110001010100001 4*
#3719
b1001100111000110001100101101101 P(
b10111111100 2)
b1011010111110000110001010100010 R)
#3720
b1001100111000110001100101101101 f#
b11000000000 2)
b1011010111110000110001010100011 R)
b1011010111110000110001010100010 4*
#3721
b10000100011100110101110000100 &#
b1111010110001010111011101111 H$
b1111101010110010010100001110 L&
b1001100111000110001100101101110 P(
b11000000100 2)
b1011010111110000110001010100100 R)
b1011010111110000110001010100011 4*
#3722
b10000000101110101001110101011 b
b1001100111000110001100101101110 f#
b10010000011001110111000100100 .'
b1111010110001010111011101111 n'
b1001100111000110001100101101111 P(
b1011010111110000110001010100101 R)
b1011010111110000110001010100100 4*
#3723
b1001100111000110001100101101111 f#
b1011010111110000110001010100101 4*
#3724
b1001100111000110001100101110000 P(
b10111111100 2)
b1011010111110000110001010100110 R)
#3725
b1001100111000110001100101110000 f#
b11000000000 2)
b1011010111110000110001010100111 R)
b1011010111110000110001010100110 4*
#3726
b10000100011100110101110000101 &#
b1111010110001010111011110000 H$
b1111101010110010010100001111 L&
b1001100111000110001100101110001 P(
b11000000100 2)
b1011010111110000110001010101000 R)
b1011010111110000110001010100111 4*
#3727
b10000000101110101001110101100 b
b1001100111000110001100101110001 f#
b10010000011001110111000100101 .'
b1111010110001010111011110000 n'
b1001100111000110001100101110010 P(
b1011010111110000110001010101001 R)
b1011010111110000110001010101000 4*
#3728
b1001100111000110001100101110010 f#
b1011010111110000110001010101001 4*
#3729
b1001100111000110001100101110011 P(
b10111111100 2)
b1011010111110000110001010101010 R)
#3730
b1001100111000110001100101110011 f#
b11000000000 2)
b1011010111110000110001010101011 R)
b1011010111110000110001010101010 4*
#3731
b10000100011100110101110000110 &#
b1111010110001010111011110001 H$
b1111101010110010010100010000 L&
b1001100111000110001100101110100 P(
b11000000100 2)
b1011010111110000110001010101100 R)
b1011010111110000110001010101011 4*
#3732
b10000000101110101001110101101 b
b1001100111000110001100101110100 f#
b10010000011001110111000100110 .'
b1111010110001010111011110001 n'
b1001100111000110001100101110101 P(
b1011010111110000110001010101101 R)
b1011010111110000110001010101100 4*
#3733
b1001100111000110001100101110101 f#
b1011010111110000110001010101101 4*
#3734
b1001100111000110001100101110110 P(
b10111111100 2)
b1011010111110000110001010101110 R)
#3735
b1001100111000110001100101110110 f#
b11000000000 2)
b1011010111110000110001010101111 R)
b1011010111110000110001010101110 4*
#3736
b10000100011100110101110000111 &#
b1111010110001010111011110010 H$
b1111101010110010010100010001 L&
b1001100111000110001100101110111 P(
b11000000100 2)
b1011010111110000110001010110000 R)
b1011010111110000110001010101111 4*
#3737
b10000000101110101001110101110 b
b1001100111000110001100101110111 f#
b10010000011001110111000100111 .'
b1111010110001010111011110010 n'
b1001100111000110001100101111000 P(
b1011010111110000110001010110001 R)
b1011010111110000110001010110000 4*
#3738
b1001100111000110001100101111000 f#
b1011010111110000110001010110001 4*
#3739
b1001100111000110001100101111001 P(
b10111111100 2)
b1011010111110000110001010110010 R)
#3740
b1001100111000110001100101111001 f#
b11000000000 2)
b1011010111110000110001010110011 R)
b1011010111110000110001010110010 4*
#3741
b10000100011100110101110001000 &#
b1111010110001010111011110011 H$
b1111101010110010010100010010 L&
b1001100111000110001100101111010 P(
b11000000100 2)
b1011010111110000110001010110100 R)
b1011010111110000110001010110011 4*
#3742
b10000000101110101001110101111 b
b1001100111000110001100101111010 f#
b10010000011001110111000101000 .'
b1111010110001010111011110011 n'
b1001100111000110001100101111011 P(
b1011010111110000110001010110101 R)
b1011010111110000110001010110100 4*
#3743
b1001100111000110001100101111011 f#
b1011010111110000110001010110101 4*
#3744
b1001100111000110001100101111100 P(
b10111111100 2)
b1011010111110000110001010110110 R)
#3745
b1001100111000110001100101111100 f#
b11000000000 2)
b1011010111110000110001010110111 R)
b1011010111110000110001010110110 4*
#3746
b10000100011100110101110001001 &#
b1111010110001010111011110100 H$
b1111101010110010010100010011 L&
b1001100111000110001100101111101 P(
b11000000100 2)
b1011010111110000110001010111000 R)
b1011010111110000110001010110111 4*
#3747
b10000000101110101001110110000 b
b1001100111000110001100101111101 f#
b10010000011001110111000101001 .'
b1111010110001010111011110100 n'
b1001100111000110001100101111110 P(
b1011010111110000110001010111001 R)
b1011010111110000110001010111000 4*
#3748
b1001100111000110001100101111110 f#
b1011010111110000110001010111001 4*
#3749
b1001100111000110001100101111111 P(
b10111111100 2)
b1011010111110000110001010111010 R)
#3750
b1001100111000110001100101111111 f#
b11000000000 2)
b1011010111110000110001010111011 R)
b1011010111110000110001010111010 4*
#3751
b10000100011100110101110001010 &#
b1111010110001010111011110101 H$
b1111101010110010010100010100 L&
b1001100111000110001100110000000 P(
b11000000100 2)
b1011010111110000110001010111100 R)
b1011010111110000110001010111011 4*
#3752
b10000000101110101001110110001 b
b1001100111000110001100110000000 f#
b10010000011001110111000101010 .'
b1111010110001010111011110101 n'
b1001100111000110001100110000001 P(
b1011010111110000110001010111101 R)
b1011010111110000110001010111100 4*
#3753
b1001100111000110001100110000001 f#
b1011010111110000110001010111101 4*
#3754
b1001100111000110001100110000010 P(
b10111111100 2)
b1011010111110000110001010111110 R)
#3755
b1001100111000110001100110000010 f#
b11000000000 2)
b1011010111110000110001010111111 R)
b1011010111110000110001010111110 4*
#3756
b10000100011100110101110001011 &#
b1111010110001010111011110110 H$
b1111101010110010010100010101 L&
b1001100111000110001100110000011 P(
b11000000100 2)
b1011010111110000110001011000000 R)
b1011010111110000110001010111111 4*
#3757
b10000000101110101001110110010 b
b1001100111000110001100110000011 f#
b10010000011001110111000101011 .'
b1111010110001010111011110110 n'
b1001100111000110001100110000100 P(
b1011010111110000110001011000001 R)
b1011010111110000110001011000000 4*
#3758
b1001100111000110001100110000100 f#
b1011010111110000110001011000001 4*
#3759
b1001100111000110001100110000101 P(
b10111111100 2)
b1011010111110000110001011000010 R)
#3760
b1001100111000110001100110000101 f#
b11000000000 2)
b1011010111110000110001011000011 R)
b1011010111110000110001011000010 4*
#3761
b10000100011100110101110001100 &#
b1111010110001010111011110111 H$
b1111101010110010010100010110 L&
b1001100111000110001100110000110 P(
b11000000100 2)
b1011010111110000110001011000100 R)
b1011010111110000110001011000011 4*
#3762
b10000000101110101001110110011 b
b1001100111000110001100110000110 f#
b10010000011001110111000101100 .'
b1111010110001010111011110111 n'
b1001100111000110001100110000111 P(
b1011010111110000110001011000101 R)
b1011010111110000110001011000100 4*
#3763
b1001100111000110001100110000111 f#
b1011010111110000110001011000101 4*
#3764
b1001100111000110001100110001000 P(
b10111111100 2)
b1011010111110000110001011000110 R)
#3765
b1001100111000110001100110001000 f#
b11000000000 2)
b1011010111110000110001011000111 R)
b1011010111110000110001011000110 4*
#3766
b10000100011100110101110001101 &#
b1111010110001010111011111000 H$
b1111101010110010010100010111 L&
b1001100111000110001100110001001 P(
b11000000100 2)
b1011010111110000110001011001000 R)
b1011010111110000110001011000111 4*
#3767
b10000000101110101001110110100 b
b1001100111000110001100110001001 f#
b10010000011001110111000101101 .'
b1111010110001010111011111000 n'
b1001100111000110001100110001010 P(
b1011010111110000110001011001001 R)
b1011010111110000110001011001000 4*
#3768
b1001100111000110001100110001010 f#
b1011010111110000110001011001001 4*
#3769
b1001100111000110001100110001011 P(
b10111111100 2)
b1011010111110000110001011001010 R)
#3770
b1001100111000110001100110001011 f#
b11000000000 2)
b1011010111110000110001011001011 R)
b1011010111110000110001011001010 4*
#3771
b10000100011100110101110001110 &#
b1111010110001010111011111001 H$
b1111101010110010010100011000 L&
b1001100111000110001100110001100 P(
b11000000100 2)
b1011010111110000110001011001100 R)
b1011010111110000110001011001011 4*
#3772
b10000000101110101001110110101 b
b1001100111000110001100110001100 f#
b10010000011001110111000101110 .'
b1111010110001010111011111001 n'
b1001100111000110001100110001101 P(
b1011010111110000110001011001101 R)
b1011010111110000110001011001100 4*
#3773
b1001100111000110001100110001101 f#
b1011010111110000110001011001101 4*
#3774
b1001100111000110001100110001110 P(
b10111111100 2)
b1011010111110000110001011001110 R)
#3775
b1001100111000110001100110001110 f#
b11000000000 2)
b1011010111110000110001011001111 R)
b1011010111110000110001011001110 4*
#3776
b10000100011100110101110001111 &#
b1111010110001010111011111010 H$
b1111101010110010010100011001 L&
b1001100111000110001100110001111 P(
b11000000100 2)
b1011010111110000110001011010000 R)
b1011010111110000110001011001111 4*
#3777
b10000000101110101001110110110 b
b1001100111000110001100110001111 f#
b10010000011001110111000101111 .'
b1111010110001010111011111010 n'
b1001100111000110001100110010000 P(
b1011010111110000110001011010001 R)
b1011010111110000110001011010000 4*
#3778
b1001100111000110001100110010000 f#
b1011010111110000110001011010001 4*
#3779
b1001100111000110001100110010001 P(
b10111111100 2)
b1011010111110000110001011010010 R)
#3780
b1001100111000110001100110010001 f#
b11000000000 2)
b1011010111110000110001011010011 R)
b1011010111110000110001011010010 4*
#3781
b10000100011100110101110010000 &#
b1111010110001010111011111011 H$
b1111101010110010010100011010 L&
b1001100111000110001100110010010 P(
b11000000100 2)
b1011010111110000110001011010100 R)
b1011010111110000110001011010011 4*
#3782
b10000000101110101001110110111 b
b1001100111000110001100110010010 f#
b10010000011001110111000110000 .'
b1111010110001010111011111011 n'
b1001100111000110001100110010011 P(
b1011010111110000110001011010101 R)
b1011010111110000110001011010100 4*
#3783
b1001100111000110001100110010011 f#
b1011010111110000110001011010101 4*
#3784
b1001100111000110001100110010100 P(
b10111111100 2)
b1011010111110000110001011010110 R)
#3785
b1001100111000110001100110010100 f#
b11000000000 2)
b1011010111110000110001011010111 R)
b1011010111110000110001011010110 4*
#3786
b10000100011100110101110010001 &#
b1111010110001010111011111100 H$
b1111101010110010010100011011 L&
b1001100111000110001100110010101 P(
b11000000100 2)
b1011010111110000110001011011000 R)
b1011010111110000110001011010111 4*
#3787
b10000000101110101001110111000 b
b1001100111000110001100110010101 f#
b10010000011001110111000110001 .'
b1111010110001010111011111100 n'
b1001100111000110001100110010110 P(
b1011010111110000110001011011001 R)
b1011010111110000110001011011000 4*
#3788
b1001100111000110001100110010110 f#
b1011010111110000110001011011001 4*
#3789
b1001100111000110001100110010111 P(
b10111111100 2)
b1011010111110000110001011011010 R)
#3790
b1001100111000110001100110010111 f#
b11000000000 2)
b1011010111110000110001011011011 R)
b1011010111110000110001011011010 4*
#3791
b10000100011100110101110010010 &#
b1111010110001010111011111101 H$
b1111101010110010010100011100 L&
b1001100111000110001100110011000 P(
b11000000100 2)
b1011010111110000110001011011100 R)
b1011010111110000110001011011011 4*
#3792
b10000000101110101001110111001 b
b1001100111000110001100110011000 f#
b10010000011001110111000110010 .'
b1111010110001010111011111101 n'
b1001100111000110001100110011001 P(
b1011010111110000110001011011101 R)
b1011010111110000110001011011100 4*
#3793
b1001100111000110001100110011001 f#
b1011010111110000110001011011101 4*
#3794
b1001100111000110001100110011010 P(
b10111111100 2)
b1011010111110000110001011011110 R)
#3795
b1001100111000110001100110011010 f#
b11000000000 2)
b1011010111110000110001011011111 R)
b1011010111110000110001011011110 4*
#3796
b10000100011100110101110010011 &#
b1111010110001010111011111110 H$
b1111101010110010010100011101 L&
b1001100111000110001100110011011 P(
b11000000100 2)
b1011010111110000110001011100000 R)
b1011010111110000110001011011111 4*
#3797
b10000000101110101001110111010 b
b1001100111000110001100110011011 f#
b10010000011001110111000110011 .'
b1111010110001010111011111110 n'
b1001100111000110001100110011100 P(
b1011010111110000110001011100001 R)
b1011010111110000110001011100000 4*
#3798
b1001100111000110001100110011100 f#
b1011010111110000110001011100001 4*
#3799
b1001100111000110001100110011101 P(
b10111111100 2)
b1011010111110000110001011100010 R)
#3800
b1001100111000110001100110011101 f#
b11000000000 2)
b1011010111110000110001011100011 R)
b1011010111110000110001011100010 4*
#3801
b10000100011100110101110010100 &#
b1111010110001010111011111111 H$
b1111101010110010010100011110 L&
b1001100111000110001100110011110 P(
b11000000100 2)
b1011010111110000110001011100100 R)
b1011010111110000110001011100011 4*
#3802
b10000000101110101001110111011 b
b1001100111000110001100110011110 f#
b10010000011001110111000110100 .'
b1111010110001010111011111111 n'
b1001100111000110001100110011111 P(
b1011010111110000110001011100101 R)
b1011010111110000110001011100100 4*
#3803
b1001100111000110001100110011111 f#
b1011010111110000110001011100101 4*
#3804
b1001100111000110001100110100000 P(
b10111111100 2)
b1011010111110000110001011100110 R)
#3805
b1001100111000110001100110100000 f#
b11000000000 2)
b1011010111110000110001011100111 R)
b1011010111110000110001011100110 4*
#3806
b10000100011100110101110010101 &#
b1111010110001010111100000000 H$
b1111101010110010010100011111 L&
b1001100111000110001100110100001 P(
b11000000100 2)
b1011010111110000110001011101000 R)
b1011010111110000110001011100111 4*
#3807
b10000000101110101001110111100 b
b1001100111000110001100110100001 f#
b10010000011001110111000110101 .'
b1111010110001010111100000000 n'
b1001100111000110001100110100010 P(
b1011010111110000110001011101001 R)
b1011010111110000110001011101000 4*
#3808
b1001100111000110001100110100010 f#
b1011010111110000110001011101001 4*
#3809
b1001100111000110001100110100011 P(
b10111111100 2)
b1011010111110000110001011101010 R)
#3810
b1001100111000110001100110100011 f#
b11000000000 2)
b1011010111110000110001011101011 R)
b1011010111110000110001011101010 4*
#3811
b10000100011100110101110010110 &#
b1111010110001010111100000001 H$
b1111101010110010010100100000 L&
b1001100111000110001100110100100 P(
b11000000100 2)
b1011010111110000110001011101100 R)
b1011010111110000110001011101011 4*
#3812
b10000000101110101001110111101 b
b1001100111000110001100110100100 f#
b10010000011001110111000110110 .'
b1111010110001010111100000001 n'
b1001100111000110001100110100101 P(
b1011010111110000110001011101101 R)
b1011010111110000110001011101100 4*
#3813
b1001100111000110001100110100101 f#
b1011010111110000110001011101101 4*
#3814
b1001100111000110001100110100110 P(
b10111111100 2)
b1011010111110000110001011101110 R)
#3815
b1001100111000110001100110100110 f#
b11000000000 2)
b1011010111110000110001011101111 R)
b1011010111110000110001011101110 4*
#3816
b10000100011100110101110010111 &#
b1111010110001010111100000010 H$
b1111101010110010010100100001 L&
b1001100111000110001100110100111 P(
b11000000100 2)
b1011010111110000110001011110000 R)
b1011010111110000110001011101111 4*
#3817
b10000000101110101001110111110 b
b1001100111000110001100110100111 f#
b10010000011001110111000110111 .'
b1111010110001010111100000010 n'
b1001100111000110001100110101000 P(
b1011010111110000110001011110001 R)
b1011010111110000110001011110000 4*
#3818
b1001100111000110001100110101000 f#
b1011010111110000110001011110001 4*
#3819
b1001100111000110001100110101001 P(
b10111111100 2)
b1011010111110000110001011110010 R)
#3820
b1001100111000110001100110101001 f#
b11000000000 2)
b1011010111110000110001011110011 R)
b1011010111110000110001011110010 4*
#3821
b10000100011100110101110011000 &#
b1111010110001010111100000011 H$
b1111101010110010010100100010 L&
b1001100111000110001100110101010 P(
b11000000100 2)
b1011010111110000110001011110100 R)
b1011010111110000110001011110011 4*
#3822
b10000000101110101001110111111 b
b1001100111000110001100110101010 f#
b10010000011001110111000111000 .'
b1111010110001010111100000011 n'
b1001100111000110001100110101011 P(
b1011010111110000110001011110101 R)
b1011010111110000110001011110100 4*
#3823
b1001100111000110001100110101011 f#
b1011010111110000110001011110101 4*
#3824
b1001100111000110001100110101100 P(
b10111111100 2)
b1011010111110000110001011110110 R)
#3825
b1001100111000110001100110101100 f#
b11000000000 2)
b1011010111110000110001011110111 R)
b1011010111110000110001011110110 4*
#3826
b10000100011100110101110011001 &#
b1111010110001010111100000100 H$
b1111101010110010010100100011 L&
b1001100111000110001100110101101 P(
b11000000100 2)
b1011010111110000110001011111000 R)
b1011010111110000110001011110111 4*
#3827
b10000000101110101001111000000 b
b1001100111000110001100110101101 f#
b10010000011001110111000111001 .'
b1111010110001010111100000100 n'
b1001100111000110001100110101110 P(
b1011010111110000110001011111001 R)
b1011010111110000110001011111000 4*
#3828
b1001100111000110001100110101110 f#
b1011010111110000110001011111001 4*
#3829
b1001100111000110001100110101111 P(
b10111111100 2)
b1011010111110000110001011111010 R)
#3830
b1001100111000110001100110101111 f#
b11000000000 2)
b1011010111110000110001011111011 R)
b1011010111110000110001011111010 4*
#3831
b10000100011100110101110011010 &#
b1111010110001010111100000101 H$
b1111101010110010010100100100 L&
b1001100111000110001100110110000 P(
b11000000100 2)
b1011010111110000110001011111100 R)
b1011010111110000110001011111011 4*
#3832
b10000000101110101001111000001 b
b1001100111000110001100110110000 f#
b10010000011001110111000111010 .'
b1111010110001010111100000101 n'
b1001100111000110001100110110001 P(
b1011010111110000110001011111101 R)
b1011010111110000110001011111100 4*
#3833
b1001100111000110001100110110001 f#
b1011010111110000110001011111101 4*
#3834
b1001100111000110001100110110010 P(
b10111111100 2)
b1011010111110000110001011111110 R)
#3835
b1001100111000110001100110110010 f#
b11000000000 2)
b1011010111110000110001011111111 R)
b1011010111110000110001011111110 4*
#3836
b10000100011100110101110011011 &#
b1111010110001010111100000110 H$
b1111101010110010010100100101 L&
b1001100111000110001100110110011 P(
b11000000100 2)
b1011010111110000110001100000000 R)
b1011010111110000110001011111111 4*
#3837
b10000000101110101001111000010 b
b1001100111000110001100110110011 f#
b10010000011001110111000111011 .'
b1111010110001010111100000110 n'
b1001100111000110001100110110100 P(
b1011010111110000110001100000001 R)
b1011010111110000110001100000000 4*
#3838
b1001100111000110001100110110100 f#
b1011010111110000110001100000001 4*
#3839
b1001100111000110001100110110101 P(
b10111111100 2)
b1011010111110000110001100000010 R)
#3840
b1001100111000110001100110110101 f#
b11000000000 2)
b1011010111110000110001100000011 R)
b1011010111110000110001100000010 4*
#3841
b10000100011100110101110011100 &#
b1111010110001010111100000111 H$
b1111101010110010010100100110 L&
b1001100111000110001100110110110 P(
b11000000100 2)
b1011010111110000110001100000100 R)
b1011010111110000110001100000011 4*
#3842
b10000000101110101001111000011 b
b1001100111000110001100110110110 f#
b10010000011001110111000111100 .'
b1111010110001010111100000111 n'
b1001100111000110001100110110111 P(
b1011010111110000110001100000101 R)
b1011010111110000110001100000100 4*
#3843
b1001100111000110001100110110111 f#
b1011010111110000110001100000101 4*
#3844
b1001100111000110001100110111000 P(
b10111111100 2)
b1011010111110000110001100000110 R)
#3845
b1001100111000110001100110111000 f#
b11000000000 2)
b1011010111110000110001100000111 R)
b1011010111110000110001100000110 4*
#3846
b10000100011100110101110011101 &#
b1111010110001010111100001000 H$
b1111101010110010010100100111 L&
b1001100111000110001100110111001 P(
b11000000100 2)
b1011010111110000110001100001000 R)
b1011010111110000110001100000111 4*
#3847
b10000000101110101001111000100 b
b1001100111000110001100110111001 f#
b10010000011001110111000111101 .'
b1111010110001010111100001000 n'
b1001100111000110001100110111010 P(
b1011010111110000110001100001001 R)
b1011010111110000110001100001000 4*
#3848
b1001100111000110001100110111010 f#
b1011010111110000110001100001001 4*
#3849
b1001100111000110001100110111011 P(
b10111111100 2)
b1011010111110000110001100001010 R)
#3850
b1001100111000110001100110111011 f#
b11000000000 2)
b1011010111110000110001100001011 R)
b1011010111110000110001100001010 4*
#3851
b10000100011100110101110011110 &#
b1111010110001010111100001001 H$
b1111101010110010010100101000 L&
b1001100111000110001100110111100 P(
b11000000100 2)
b1011010111110000110001100001100 R)
b1011010111110000110001100001011 4*
#3852
b10000000101110101001111000101 b
b1001100111000110001100110111100 f#
b10010000011001110111000111110 .'
b1111010110001010111100001001 n'
b1001100111000110001100110111101 P(
b1011010111110000110001100001101 R)
b1011010111110000110001100001100 4*
#3853
b1001100111000110001100110111101 f#
b1011010111110000110001100001101 4*
#3854
b1001100111000110001100110111110 P(
b10111111100 2)
b1011010111110000110001100001110 R)
#3855
b1001100111000110001100110111110 f#
b11000000000 2)
b1011010111110000110001100001111 R)
b1011010111110000110001100001110 4*
#3856
b10000100011100110101110011111 &#
b1111010110001010111100001010 H$
b1111101010110010010100101001 L&
b1001100111000110001100110111111 P(
b11000000100 2)
b1011010111110000110001100010000 R)
b1011010111110000110001100001111 4*
#3857
b10000000101110101001111000110 b
b1001100111000110001100110111111 f#
b10010000011001110111000111111 .'
b1111010110001010111100001010 n'
b1001100111000110001100111000000 P(
b1011010111110000110001100010001 R)
b1011010111110000110001100010000 4*
#3858
b1001100111000110001100111000000 f#
b1011010111110000110001100010001 4*
#3859
b1001100111000110001100111000001 P(
b10111111100 2)
b1011010111110000110001100010010 R)
#3860
b1001100111000110001100111000001 f#
b11000000000 2)
b1011010111110000110001100010011 R)
b1011010111110000110001100010010 4*
#3861
b10000100011100110101110100000 &#
b1111010110001010111100001011 H$
b1111101010110010010100101010 L&
b1001100111000110001100111000010 P(
b11000000100 2)
b1011010111110000110001100010100 R)
b1011010111110000110001100010011 4*
#3862
b10000000101110101001111000111 b
b1001100111000110001100111000010 f#
b10010000011001110111001000000 .'
b1111010110001010111100001011 n'
b1001100111000110001100111000011 P(
b1011010111110000110001100010101 R)
b1011010111110000110001100010100 4*
#3863
b1001100111000110001100111000011 f#
b1011010111110000110001100010101 4*
#3864
b1001100111000110001100111000100 P(
b10111111100 2)
b1011010111110000110001100010110 R)
#3865
b1001100111000110001100111000100 f#
b11000000000 2)
b1011010111110000110001100010111 R)
b1011010111110000110001100010110 4*
#3866
b10000100011100110101110100001 &#
b1111010110001010111100001100 H$
b1111101010110010010100101011 L&
b1001100111000110001100111000101 P(
b11000000100 2)
b1011010111110000110001100011000 R)
b1011010111110000110001100010111 4*
#3867
b10000000101110101001111001000 b
b1001100111000110001100111000101 f#
b10010000011001110111001000001 .'
b1111010110001010111100001100 n'
b1001100111000110001100111000110 P(
b1011010111110000110001100011001 R)
b1011010111110000110001100011000 4*
#3868
b1001100111000110001100111000110 f#
b1011010111110000110001100011001 4*
#3869
b1001100111000110001100111000111 P(
b10111111100 2)
b1011010111110000110001100011010 R)
#3870
b1001100111000110001100111000111 f#
b11000000000 2)
b1011010111110000110001100011011 R)
b1011010111110000110001100011010 4*
#3871
b10000100011100110101110100010 &#
b1111010110001010111100001101 H$
b1111101010110010010100101100 L&
b1001100111000110001100111001000 P(
b11000000100 2)
b1011010111110000110001100011100 R)
b1011010111110000110001100011011 4*
#3872
b10000000101110101001111001001 b
b1001100111000110001100111001000 f#
b10010000011001110111001000010 .'
b1111010110001010111100001101 n'
b1001100111000110001100111001001 P(
b1011010111110000110001100011101 R)
b1011010111110000110001100011100 4*
#3873
b1001100111000110001100111001001 f#
b1011010111110000110001100011101 4*
#3874
b1001100111000110001100111001010 P(
b10111111100 2)
b1011010111110000110001100011110 R)
#3875
b1001100111000110001100111001010 f#
b11000000000 2)
b1011010111110000110001100011111 R)
b1011010111110000110001100011110 4*
#3876
b10000100011100110101110100011 &#
b1111010110001010111100001110 H$
b1111101010110010010100101101 L&
b1001100111000110001100111001011 P(
b11000000100 2)
b1011010111110000110001100100000 R)
b1011010111110000110001100011111 4*
#3877
b10000000101110101001111001010 b
b1001100111000110001100111001011 f#
b10010000011001110111001000011 .'
b1111010110001010111100001110 n'
b1001100111000110001100111001100 P(
b1011010111110000110001100100001 R)
b1011010111110000110001100100000 4*
#3878
b1001100111000110001100111001100 f#
b1011010111110000110001100100001 4*
#3879
b1001100111000110001100111001101 P(
b10111111100 2)
b1011010111110000110001100100010 R)
#3880
b1001100111000110001100111001101 f#
b11000000000 2)
b1011010111110000110001100100011 R)
b1011010111110000110001100100010 4*
#3881
b10000100011100110101110100100 &#
b1111010110001010111100001111 H$
b1111101010110010010100101110 L&
b1001100111000110001100111001110 P(
b11000000100 2)
b1011010111110000110001100100100 R)
b1011010111110000110001100100011 4*
#3882
b10000000101110101001111001011 b
b1001100111000110001100111001110 f#
b10010000011001110111001000100 .'
b1111010110001010111100001111 n'
b1001100111000110001100111001111 P(
b1011010111110000110001100100101 R)
b1011010111110000110001100100100 4*
#3883
b1001100111000110001100111001111 f#
b1011010111110000110001100100101 4*
#3884
b1001100111000110001100111010000 P(
b10111111100 2)
b1011010111110000110001100100110 R)
#3885
b1001100111000110001100111010000 f#
b11000000000 2)
b1011010111110000110001100100111 R)
b1011010111110000110001100100110 4*
#3886
b10000100011100110101110100101 &#
b1111010110001010111100010000 H$
b1111101010110010010100101111 L&
b1001100111000110001100111010001 P(
b11000000100 2)
b1011010111110000110001100101000 R)
b1011010111110000110001100100111 4*
#3887
b10000000101110101001111001100 b
b1001100111000110001100111010001 f#
b10010000011001110111001000101 .'
b1111010110001010111100010000 n'
b1001100111000110001100111010010 P(
b1011010111110000110001100101001 R)
b1011010111110000110001100101000 4*
#3888
b1001100111000110001100111010010 f#
b1011010111110000110001100101001 4*
#3889
b1001100111000110001100111010011 P(
b10111111100 2)
b1011010111110000110001100101010 R)
#3890
b1001100111000110001100111010011 f#
b11000000000 2)
b1011010111110000110001100101011 R)
b1011010111110000110001100101010 4*
#3891
b10000100011100110101110100110 &#
b1111010110001010111100010001 H$
b1111101010110010010100110000 L&
b1001100111000110001100111010100 P(
b11000000100 2)
b1011010111110000110001100101100 R)
b1011010111110000110001100101011 4*
#3892
b10000000101110101001111001101 b
b1001100111000110001100111010100 f#
b10010000011001110111001000110 .'
b1111010110001010111100010001 n'
b1001100111000110001100111010101 P(
b1011010111110000110001100101101 R)
b1011010111110000110001100101100 4*
#3893
b1001100111000110001100111010101 f#
b1011010111110000110001100101101 4*
#3894
b1001100111000110001100111010110 P(
b10111111100 2)
b1011010111110000110001100101110 R)
#3895
b1001100111000110001100111010110 f#
b11000000000 2)
b1011010111110000110001100101111 R)
b1011010111110000110001100101110 4*
#3896
b10000100011100110101110100111 &#
b1111010110001010111100010010 H$
b1111101010110010010100110001 L&
b1001100111000110001100111010111 P(
b11000000100 2)
b1011010111110000110001100110000 R)
b1011010111110000110001100101111 4*
#3897
b10000000101110101001111001110 b
b1001100111000110001100111010111 f#
b10010000011001110111001000111 .'
b1111010110001010111100010010 n'
b1001100111000110001100111011000 P(
b1011010111110000110001100110001 R)
b1011010111110000110001100110000 4*
#3898
b1001100111000110001100111011000 f#
b1011010111110000110001100110001 4*
#3899
b1001100111000110001100111011001 P(
b10111111100 2)
b1011010111110000110001100110010 R)
#3900
b1001100111000110001100111011001 f#
b11000000000 2)
b1011010111110000110001100110011 R)
b1011010111110000110001100110010 4*
#3901
b10000100011100110101110101000 &#
b1111010110001010111100010011 H$
b1111101010110010010100110010 L&
b1001100111000110001100111011010 P(
b11000000100 2)
b1011010111110000110001100110100 R)
b1011010111110000110001100110011 4*
#3902
b10000000101110101001111001111 b
b1001100111000110001100111011010 f#
b10010000011001110111001001000 .'
b1111010110001010111100010011 n'
b1001100111000110001100111011011 P(
b1011010111110000110001100110101 R)
b1011010111110000110001100110100 4*
#3903
b1001100111000110001100111011011 f#
b1011010111110000110001100110101 4*
#3904
b1001100111000110001100111011100 P(
b10111111100 2)
b1011010111110000110001100110110 R)
#3905
b1001100111000110001100111011100 f#
b11000000000 2)
b1011010111110000110001100110111 R)
b1011010111110000110001100110110 4*
#3906
b10000100011100110101110101001 &#
b1111010110001010111100010100 H$
b1111101010110010010100110011 L&
b1001100111000110001100111011101 P(
b11000000100 2)
b1011010111110000110001100111000 R)
b1011010111110000110001100110111 4*
#3907
b10000000101110101001111010000 b
b1001100111000110001100111011101 f#
b10010000011001110111001001001 .'
b1111010110001010111100010100 n'
b1001100111000110001100111011110 P(
b1011010111110000110001100111001 R)
b1011010111110000110001100111000 4*
#3908
b1001100111000110001100111011110 f#
b1011010111110000110001100111001 4*
#3909
b1001100111000110001100111011111 P(
b10111111100 2)
b1011010111110000110001100111010 R)
#3910
b1001100111000110001100111011111 f#
b11000000000 2)
b1011010111110000110001100111011 R)
b1011010111110000110001100111010 4*
#3911
b10000100011100110101110101010 &#
b1111010110001010111100010101 H$
b1111101010110010010100110100 L&
b1001100111000110001100111100000 P(
b11000000100 2)
b1011010111110000110001100111100 R)
b1011010111110000110001100111011 4*
#3912
b10000000101110101001111010001 b
b1001100111000110001100111100000 f#
b10010000011001110111001001010 .'
b1111010110001010111100010101 n'
b1001100111000110001100111100001 P(
b1011010111110000110001100111101 R)
b1011010111110000110001100111100 4*
#3913
b1001100111000110001100111100001 f#
b1011010111110000110001100111101 4*
#3914
b1001100111000110001100111100010 P(
b10111111100 2)
b1011010111110000110001100111110 R)
#3915
b1001100111000110001100111100010 f#
b11000000000 2)
b1011010111110000110001100111111 R)
b1011010111110000110001100111110 4*
#3916
b10000100011100110101110101011 &#
b1111010110001010111100010110 H$
b1111101010110010010100110101 L&
b1001100111000110001100111100011 P(
b11000000100 2)
b1011010111110000110001101000000 R)
b1011010111110000110001100111111 4*
#3917
b10000000101110101001111010010 b
b1001100111000110001100111100011 f#
b10010000011001110111001001011 .'
b1111010110001010111100010110 n'
b1001100111000110001100111100100 P(
b1011010111110000110001101000001 R)
b1011010111110000110001101000000 4*
#3918
b1001100111000110001100111100100 f#
b1011010111110000110001101000001 4*
#3919
b1001100111000110001100111100101 P(
b10111111100 2)
b1011010111110000110001101000010 R)
#3920
b1001100111000110001100111100101 f#
b11000000000 2)
b1011010111110000110001101000011 R)
b1011010111110000110001101000010 4*
#3921
b10000100011100110101110101100 &#
b1111010110001010111100010111 H$
b1111101010110010010100110110 L&
b1001100111000110001100111100110 P(
b11000000100 2)
b1011010111110000110001101000100 R)
b1011010111110000110001101000011 4*
#3922
b10000000101110101001111010011 b
b1001100111000110001100111100110 f#
b10010000011001110111001001100 .'
b1111010110001010111100010111 n'
b1001100111000110001100111100111 P(
b1011010111110000110001101000101 R)
b1011010111110000110001101000100 4*
#3923
b1001100111000110001100111100111 f#
b1011010111110000110001101000101 4*
#3924
b1001100111000110001100111101000 P(
b10111111100 2)
b1011010111110000110001101000110 R)
#3925
b1001100111000110001100111101000 f#
b11000000000 2)
b1011010111110000110001101000111 R)
b1011010111110000110001101000110 4*
#3926
b10000100011100110101110101101 &#
b1111010110001010111100011000 H$
b1111101010110010010100110111 L&
b1001100111000110001100111101001 P(
b11000000100 2)
b1011010111110000110001101001000 R)
b1011010111110000110001101000111 4*
#3927
b10000000101110101001111010100 b
b1001100111000110001100111101001 f#
b10010000011001110111001001101 .'
b1111010110001010111100011000 n'
b1001100111000110001100111101010 P(
b1011010111110000110001101001001 R)
b1011010111110000110001101001000 4*
#3928
b1001100111000110001100111101010 f#
b1011010111110000110001101001001 4*
#3929
b1001100111000110001100111101011 P(
b10111111100 2)
b1011010111110000110001101001010 R)
#3930
b1001100111000110001100111101011 f#
b11000000000 2)
b1011010111110000110001101001011 R)
b1011010111110000110001101001010 4*
#3931
b10000100011100110101110101110 &#
b1111010110001010111100011001 H$
b1111101010110010010100111000 L&
b1001100111000110001100111101100 P(
b11000000100 2)
b1011010111110000110001101001100 R)
b1011010111110000110001101001011 4*
#3932
b10000000101110101001111010101 b
b1001100111000110001100111101100 f#
b10010000011001110111001001110 .'
b1111010110001010111100011001 n'
b1001100111000110001100111101101 P(
b1011010111110000110001101001101 R)
b1011010111110000110001101001100 4*
#3933
b1001100111000110001100111101101 f#
b1011010111110000110001101001101 4*
#3934
b1001100111000110001100111101110 P(
b10111111100 2)
b1011010111110000110001101001110 R)
#3935
b1001100111000110001100111101110 f#
b11000000000 2)
b1011010111110000110001101001111 R)
b1011010111110000110001101001110 4*
#3936
b10000100011100110101110101111 &#
b1111010110001010111100011010 H$
b1111101010110010010100111001 L&
b1001100111000110001100111101111 P(
b11000000100 2)
b1011010111110000110001101010000 R)
b1011010111110000110001101001111 4*
#3937
b10000000101110101001111010110 b
b1001100111000110001100111101111 f#
b10010000011001110111001001111 .'
b1111010110001010111100011010 n'
b1001100111000110001100111110000 P(
b1011010111110000110001101010001 R)
b1011010111110000110001101010000 4*
#3938
b1001100111000110001100111110000 f#
b1011010111110000110001101010001 4*
#3939
b1001100111000110001100111110001 P(
b10111111100 2)
b1011010111110000110001101010010 R)
#3940
b1001100111000110001100111110001 f#
b11000000000 2)
b1011010111110000110001101010011 R)
b1011010111110000110001101010010 4*
#3941
b10000100011100110101110110000 &#
b1111010110001010111100011011 H$
b1111101010110010010100111010 L&
b1001100111000110001100111110010 P(
b11000000100 2)
b1011010111110000110001101010100 R)
b1011010111110000110001101010011 4*
#3942
b10000000101110101001111010111 b
b1001100111000110001100111110010 f#
b10010000011001110111001010000 .'
b1111010110001010111100011011 n'
b1001100111000110001100111110011 P(
b1011010111110000110001101010101 R)
b1011010111110000110001101010100 4*
#3943
b1001100111000110001100111110011 f#
b1011010111110000110001101010101 4*
#3944
b1001100111000110001100111110100 P(
b10111111100 2)
b1011010111110000110001101010110 R)
#3945
b1001100111000110001100111110100 f#
b11000000000 2)
b1011010111110000110001101010111 R)
b1011010111110000110001101010110 4*
#3946
b10000100011100110101110110001 &#
b1111010110001010111100011100 H$
b1111101010110010010100111011 L&
b1001100111000110001100111110101 P(
b11000000100 2)
b1011010111110000110001101011000 R)
b1011010111110000110001101010111 4*
#3947
b10000000101110101001111011000 b
b1001100111000110001100111110101 f#
b10010000011001110111001010001 .'
b1111010110001010111100011100 n'
b1001100111000110001100111110110 P(
b1011010111110000110001101011001 R)
b1011010111110000110001101011000 4*
#3948
b1001100111000110001100111110110 f#
b1011010111110000110001101011001 4*
#3949
b1001100111000110001100111110111 P(
b10111111100 2)
b1011010111110000110001101011010 R)
#3950
b1001100111000110001100111110111 f#
b11000000000 2)
b1011010111110000110001101011011 R)
b1011010111110000110001101011010 4*
#3951
b10000100011100110101110110010 &#
b1111010110001010111100011101 H$
b1111101010110010010100111100 L&
b1001100111000110001100111111000 P(
b11000000100 2)
b1011010111110000110001101011100 R)
b1011010111110000110001101011011 4*
#3952
b10000000101110101001111011001 b
b1001100111000110001100111111000 f#
b10010000011001110111001010010 .'
b1111010110001010111100011101 n'
b1001100111000110001100111111001 P(
b1011010111110000110001101011101 R)
b1011010111110000110001101011100 4*
#3953
b1001100111000110001100111111001 f#
b1011010111110000110001101011101 4*
#3954
b1001100111000110001100111111010 P(
b10111111100 2)
b1011010111110000110001101011110 R)
#3955
b1001100111000110001100111111010 f#
b11000000000 2)
b1011010111110000110001101011111 R)
b1011010111110000110001101011110 4*
#3956
b10000100011100110101110110011 &#
b1111010110001010111100011110 H$
b1111101010110010010100111101 L&
b1001100111000110001100111111011 P(
b11000000100 2)
b1011010111110000110001101100000 R)
b1011010111110000110001101011111 4*
#3957
b10000000101110101001111011010 b
b1001100111000110001100111111011 f#
b10010000011001110111001010011 .'
b1111010110001010111100011110 n'
b1001100111000110001100111111100 P(
b1011010111110000110001101100001 R)
b1011010111110000110001101100000 4*
#3958
b1001100111000110001100111111100 f#
b1011010111110000110001101100001 4*
#3959
b1001100111000110001100111111101 P(
b10111111100 2)
b1011010111110000110001101100010 R)
#3960
b1001100111000110001100111111101 f#
b11000000000 2)
b1011010111110000110001101100011 R)
b1011010111110000110001101100010 4*
#3961
b10000100011100110101110110100 &#
b1111010110001010111100011111 H$
b1111101010110010010100111110 L&
b1001100111000110001100111111110 P(
b11000000100 2)
b1011010111110000110001101100100 R)
b1011010111110000110001101100011 4*
#3962
b10000000101110101001111011011 b
b1001100111000110001100111111110 f#
b10010000011001110111001010100 .'
b1111010110001010111100011111 n'
b1001100111000110001100111111111 P(
b1011010111110000110001101100101 R)
b1011010111110000110001101100100 4*
#3963
b1001100111000110001100111111111 f#
b1011010111110000110001101100101 4*
#3964
b1001100111000110001101000000000 P(
b10111111100 2)
b1011010111110000110001101100110 R)
#3965
b1001100111000110001101000000000 f#
b11000000000 2)
b1011010111110000110001101100111 R)
b1011010111110000110001101100110 4*
#3966
b10000100011100110101110110101 &#
b1111010110001010111100100000 H$
b1111101010110010010100111111 L&
b1001100111000110001101000000001 P(
b11000000100 2)
b1011010111110000110001101101000 R)
b1011010111110000110001101100111 4*
#3967
b10000000101110101001111011100 b
b1001100111000110001101000000001 f#
b10010000011001110111001010101 .'
b1111010110001010111100100000 n'
b1001100111000110001101000000010 P(
b1011010111110000110001101101001 R)
b1011010111110000110001101101000 4*
#3968
b1001100111000110001101000000010 f#
b1011010111110000110001101101001 4*
#3969
b1001100111000110001101000000011 P(
b10111111100 2)
b1011010111110000110001101101010 R)
#3970
b1001100111000110001101000000011 f#
b11000000000 2)
b1011010111110000110001101101011 R)
b1011010111110000110001101101010 4*
#3971
b10000100011100110101110110110 &#
b1111010110001010111100100001 H$
b1111101010110010010101000000 L&
b1001100111000110001101000000100 P(
b11000000100 2)
b1011010111110000110001101101100 R)
b1011010111110000110001101101011 4*
#3972
b10000000101110101001111011101 b
b1001100111000110001101000000100 f#
b10010000011001110111001010110 .'
b1111010110001010111100100001 n'
b1001100111000110001101000000101 P(
b1011010111110000110001101101101 R)
b1011010111110000110001101101100 4*
#3973
b1001100111000110001101000000101 f#
b1011010111110000110001101101101 4*
#3974
b1001100111000110001101000000110 P(
b10111111100 2)
b1011010111110000110001101101110 R)
#3975
b1001100111000110001101000000110 f#
b11000000000 2)
b1011010111110000110001101101111 R)
b1011010111110000110001101101110 4*
#3976
b10000100011100110101110110111 &#
b1111010110001010111100100010 H$
b1111101010110010010101000001 L&
b1001100111000110001101000000111 P(
b11000000100 2)
b1011010111110000110001101110000 R)
b1011010111110000110001101101111 4*
#3977
b10000000101110101001111011110 b
b1001100111000110001101000000111 f#
b10010000011001110111001010111 .'
b1111010110001010111100100010 n'
b1001100111000110001101000001000 P(
b1011010111110000110001101110001 R)
b1011010111110000110001101110000 4*
#3978
b1001100111000110001101000001000 f#
b1011010111110000110001101110001 4*
#3979
b1001100111000110001101000001001 P(
b10111111100 2)
b1011010111110000110001101110010 R)
#3980
b1001100111000110001101000001001 f#
b11000000000 2)
b1011010111110000110001101110011 R)
b1011010111110000110001101110010 4*
#3981
b10000100011100110101110111000 &#
b1111010110001010111100100011 H$
b1111101010110010010101000010 L&
b1001100111000110001101000001010 P(
b11000000100 2)
b1011010111110000110001101110100 R)
b1011010111110000110001101110011 4*
#3982
b10000000101110101001111011111 b
b1001100111000110001101000001010 f#
b10010000011001110111001011000 .'
b1111010110001010111100100011 n'
b1001100111000110001101000001011 P(
b1011010111110000110001101110101 R)
b1011010111110000110001101110100 4*
#3983
b1001100111000110001101000001011 f#
b1011010111110000110001101110101 4*
#3984
b1001100111000110001101000001100 P(
b10111111100 2)
b1011010111110000110001101110110 R)
#3985
b1001100111000110001101000001100 f#
b11000000000 2)
b1011010111110000110001101110111 R)
b1011010111110000110001101110110 4*
#3986
b10000100011100110101110111001 &#
b1111010110001010111100100100 H$
b1111101010110010010101000011 L&
b1001100111000110001101000001101 P(
b11000000100 2)
b1011010111110000110001101111000 R)
b1011010111110000110001101110111 4*
#3987
b10000000101110101001111100000 b
b1001100111000110001101000001101 f#
b10010000011001110111001011001 .'
b1111010110001010111100100100 n'
b1001100111000110001101000001110 P(
b1011010111110000110001101111001 R)
b1011010111110000110001101111000 4*
#3988
b1001100111000110001101000001110 f#
b1011010111110000110001101111001 4*
#3989
b1001100111000110001101000001111 P(
b10111111100 2)
b1011010111110000110001101111010 R)
#3990
b1001100111000110001101000001111 f#
b11000000000 2)
b1011010111110000110001101111011 R)
b1011010111110000110001101111010 4*
#3991
b10000100011100110101110111010 &#
b1111010110001010111100100101 H$
b1111101010110010010101000100 L&
b1001100111000110001101000010000 P(
b11000000100 2)
b1011010111110000110001101111100 R)
b1011010111110000110001101111011 4*
#3992
b10000000101110101001111100001 b
b1001100111000110001101000010000 f#
b10010000011001110111001011010 .'
b1111010110001010111100100101 n'
b1001100111000110001101000010001 P(
b1011010111110000110001101111101 R)
b1011010111110000110001101111100 4*
#3993
b1001100111000110001101000010001 f#
b1011010111110000110001101111101 4*
#3994
b1001100111000110001101000010010 P(
b10111111100 2)
b1011010111110000110001101111110 R)
#3995
b1001100111000110001101000010010 f#
b11000000000 2)
b1011010111110000110001101111111 R)
b1011010111110000110001101111110 4*
#3996
b10000100011100110101110111011 &#
b1111010110001010111100100110 H$
b1111101010110010010101000101 L&
b1001100111000110001101000010011 P(
b11000000100 2)
b1011010111110000110001110000000 R)
b1011010111110000110001101111111 4*
#3997
b10000000101110101001111100010 b
b1001100111000110001101000010011 f#
b10010000011001110111001011011 .'
b1111010110001010111100100110 n'
b1001100111000110001101000010100 P(
b1011010111110000110001110000001 R)
b1011010111110000110001110000000 4*
#3998
b1001100111000110001101000010100 f#
b1011010111110000110001110000001 4*
#3999
b1001100111000110001101000010101 P(
b10111111100 2)
b1011010111110000110001110000010 R)
#4000
b1001100111000110001101000010101 f#
b11000000000 2)
b1011010111110000110001110000011 R)
b1011010111110000110001110000010 4*
#4001
b10000100011100110101110111100 &#
b1111010110001010111100100111 H$
b1111101010110010010101000110 L&
b1001100111000110001101000010110 P(
b11000000100 2)
b1011010111110000110001110000100 R)
b1011010111110000110001110000011 4*
#4002
b10000000101110101001111100011 b
b1001100111000110001101000010110 f#
b10010000011001110111001011100 .'
b1111010110001010111100100111 n'
b1001100111000110001101000010111 P(
b1011010111110000110001110000101 R)
b1011010111110000110001110000100 4*
#4003
b1001100111000110001101000010111 f#
b1011010111110000110001110000101 4*
#4004
b1001100111000110001101000011000 P(
b10111111100 2)
b1011010111110000110001110000110 R)
#4005
b1001100111000110001101000011000 f#
b11000000000 2)
b1011010111110000110001110000111 R)
b1011010111110000110001110000110 4*
#4006
b10000100011100110101110111101 &#
b1111010110001010111100101000 H$
b1111101010110010010101000111 L&
b1001100111000110001101000011001 P(
b11000000100 2)
b1011010111110000110001110001000 R)
b1011010111110000110001110000111 4*
#4007
b10000000101110101001111100100 b
b1001100111000110001101000011001 f#
b10010000011001110111001011101 .'
b1111010110001010111100101000 n'
b1001100111000110001101000011010 P(
b1011010111110000110001110001001 R)
b1011010111110000110001110001000 4*
#4008
b1001100111000110001101000011010 f#
b1011010111110000110001110001001 4*
#4009
b1001100111000110001101000011011 P(
b10111111100 2)
b1011010111110000110001110001010 R)
#4010
b1001100111000110001101000011011 f#
b11000000000 2)
b1011010111110000110001110001011 R)
b1011010111110000110001110001010 4*
#4011
b10000100011100110101110111110 &#
b1111010110001010111100101001 H$
b1111101010110010010101001000 L&
b1001100111000110001101000011100 P(
b11000000100 2)
b1011010111110000110001110001100 R)
b1011010111110000110001110001011 4*
#4012
b10000000101110101001111100101 b
b1001100111000110001101000011100 f#
b10010000011001110111001011110 .'
b1111010110001010111100101001 n'
b1001100111000110001101000011101 P(
b1011010111110000110001110001101 R)
b1011010111110000110001110001100 4*
#4013
b1001100111000110001101000011101 f#
b1011010111110000110001110001101 4*
#4014
b1001100111000110001101000011110 P(
b10111111100 2)
b1011010111110000110001110001110 R)
#4015
b1001100111000110001101000011110 f#
b11000000000 2)
b1011010111110000110001110001111 R)
b1011010111110000110001110001110 4*
#4016
b10000100011100110101110111111 &#
b1111010110001010111100101010 H$
b1111101010110010010101001001 L&
b1001100111000110001101000011111 P(
b11000000100 2)
b1011010111110000110001110010000 R)
b1011010111110000110001110001111 4*
#4017
b10000000101110101001111100110 b
b1001100111000110001101000011111 f#
b10010000011001110111001011111 .'
b1111010110001010111100101010 n'
b1001100111000110001101000100000 P(
b1011010111110000110001110010001 R)
b1011010111110000110001110010000 4*
#4018
b1001100111000110001101000100000 f#
b1011010111110000110001110010001 4*
#4019
b1001100111000110001101000100001 P(
b10111111100 2)
b1011010111110000110001110010010 R)
#4020
b1001100111000110001101000100001 f#
b11000000000 2)
b1011010111110000110001110010011 R)
b1011010111110000110001110010010 4*
#4021
b10000100011100110101111000000 &#
b1111010110001010111100101011 H$
b1111101010110010010101001010 L&
b1001100111000110001101000100010 P(
b11000000100 2)
b1011010111110000110001110010100 R)
b1011010111110000110001110010011 4*
#4022
b10000000101110101001111100111 b
b1001100111000110001101000100010 f#
b10010000011001110111001100000 .'
b1111010110001010111100101011 n'
b1001100111000110001101000100011 P(
b1011010111110000110001110010101 R)
b1011010111110000110001110010100 4*
#4023
b1001100111000110001101000100011 f#
b1011010111110000110001110010101 4*
#4024
b1001100111000110001101000100100 P(
b10111111100 2)
b1011010111110000110001110010110 R)
#4025
b1001100111000110001101000100100 f#
b11000000000 2)
b1011010111110000110001110010111 R)
b1011010111110000110001110010110 4*
#4026
b10000100011100110101111000001 &#
b1111010110001010111100101100 H$
b1111101010110010010101001011 L&
b1001100111000110001101000100101 P(
b11000000100 2)
b1011010111110000110001110011000 R)
b1011010111110000110001110010111 4*
#4027
b10000000101110101001111101000 b
b1001100111000110001101000100101 f#
b10010000011001110111001100001 .'
b1111010110001010111100101100 n'
b1001100111000110001101000100110 P(
b1011010111110000110001110011001 R)
b1011010111110000110001110011000 4*
#4028
b1001100111000110001101000100110 f#
b1011010111110000110001110011001 4*
#4029
b1001100111000110001101000100111 P(
b10111111100 2)
b1011010111110000110001110011010 R)
#4030
b1001100111000110001101000100111 f#
b11000000000 2)
b1011010111110000110001110011011 R)
b1011010111110000110001110011010 4*
#4031
b10000100011100110101111000010 &#
b1111010110001010111100101101 H$
b1111101010110010010101001100 L&
b1001100111000110001101000101000 P(
b11000000100 2)
b1011010111110000110001110011100 R)
b1011010111110000110001110011011 4*
#4032
b10000000101110101001111101001 b
b1001100111000110001101000101000 f#
b10010000011001110111001100010 .'
b1111010110001010111100101101 n'
b1001100111000110001101000101001 P(
b1011010111110000110001110011101 R)
b1011010111110000110001110011100 4*
#4033
b1001100111000110001101000101001 f#
b1011010111110000110001110011101 4*
#4034
b1001100111000110001101000101010 P(
b10111111100 2)
b1011010111110000110001110011110 R)
#4035
b1001100111000110001101000101010 f#
b11000000000 2)
b1011010111110000110001110011111 R)
b1011010111110000110001110011110 4*
#4036
b10000100011100110101111000011 &#
b1111010110001010111100101110 H$
b1111101010110010010101001101 L&
b1001100111000110001101000101011 P(
b11000000100 2)
b1011010111110000110001110100000 R)
b1011010111110000110001110011111 4*
#4037
b10000000101110101001111101010 b
b1001100111000110001101000101011 f#
b10010000011001110111001100011 .'
b1111010110001010111100101110 n'
b1001100111000110001101000101100 P(
b1011010111110000110001110100001 R)
b1011010111110000110001110100000 4*
#4038
b1001100111000110001101000101100 f#
b1011010111110000110001110100001 4*
#4039
b1001100111000110001101000101101 P(
b10111111100 2)
b1011010111110000110001110100010 R)
#4040
b1001100111000110001101000101101 f#
b11000000000 2)
b1011010111110000110001110100011 R)
b1011010111110000110001110100010 4*
#4041
b10000100011100110101111000100 &#
b1111010110001010111100101111 H$
b1111101010110010010101001110 L&
b1001100111000110001101000101110 P(
b11000000100 2)
b1011010111110000110001110100100 R)
b1011010111110000110001110100011 4*
#4042
b10000000101110101001111101011 b
b1001100111000110001101000101110 f#
b10010000011001110111001100100 .'
b1111010110001010111100101111 n'
b1001100111000110001101000101111 P(
b1011010111110000110001110100101 R)
b1011010111110000110001110100100 4*
#4043
b1001100111000110001101000101111 f#
b1011010111110000110001110100101 4*
#4044
b1001100111000110001101000110000 P(
b10111111100 2)
b1011010111110000110001110100110 R)
#4045
b1001100111000110001101000110000 f#
b11000000000 2)
b1011010111110000110001110100111 R)
b1011010111110000110001110100110 4*
#4046
b10000100011100110101111000101 &#
b1111010110001010111100110000 H$
b1111101010110010010101001111 L&
b1001100111000110001101000110001 P(
b11000000100 2)
b1011010111110000110001110101000 R)
b1011010111110000110001110100111 4*
#4047
b10000000101110101001111101100 b
b1001100111000110001101000110001 f#
b10010000011001110111001100101 .'
b1111010110001010111100110000 n'
b1001100111000110001101000110010 P(
b1011010111110000110001110101001 R)
b1011010111110000110001110101000 4*
#4048
b1001100111000110001101000110010 f#
b1011010111110000110001110101001 4*
#4049
b1001100111000110001101000110011 P(
b10111111100 2)
b1011010111110000110001110101010 R)
#4050
b1001100111000110001101000110011 f#
b11000000000 2)
b1011010111110000110001110101011 R)
b1011010111110000110001110101010 4*
#4051
b10000100011100110101111000110 &#
b1111010110001010111100110001 H$
b1111101010110010010101010000 L&
b1001100111000110001101000110100 P(
b11000000100 2)
b1011010111110000110001110101100 R)
b1011010111110000110001110101011 4*
#4052
b10000000101110101001111101101 b
b1001100111000110001101000110100 f#
b10010000011001110111001100110 .'
b1111010110001010111100110001 n'
b1001100111000110001101000110101 P(
b1011010111110000110001110101101 R)
b1011010111110000110001110101100 4*
#4053
b1001100111000110001101000110101 f#
b1011010111110000110001110101101 4*
#4054
b1001100111000110001101000110110 P(
b10111111100 2)
b1011010111110000110001110101110 R)
#4055
b1001100111000110001101000110110 f#
b11000000000 2)
b1011010111110000110001110101111 R)
b1011010111110000110001110101110 4*
#4056
b10000100011100110101111000111 &#
b1111010110001010111100110010 H$
b1111101010110010010101010001 L&
b1001100111000110001101000110111 P(
b11000000100 2)
b1011010111110000110001110110000 R)
b1011010111110000110001110101111 4*
#4057
b10000000101110101001111101110 b
b1001100111000110001101000110111 f#
b10010000011001110111001100111 .'
b1111010110001010111100110010 n'
b1001100111000110001101000111000 P(
b1011010111110000110001110110001 R)
b1011010111110000110001110110000 4*
#4058
b1001100111000110001101000111000 f#
b1011010111110000110001110110001 4*
#4059
b1001100111000110001101000111001 P(
b10111111100 2)
b1011010111110000110001110110010 R)
#4060
b1001100111000110001101000111001 f#
b11000000000 2)
b1011010111110000110001110110011 R)
b1011010111110000110001110110010 4*
#4061
b10000100011100110101111001000 &#
b1111010110001010111100110011 H$
b1111101010110010010101010010 L&
b1001100111000110001101000111010 P(
b11000000100 2)
b1011010111110000110001110110100 R)
b1011010111110000110001110110011 4*
#4062
b10000000101110101001111101111 b
b1001100111000110001101000111010 f#
b10010000011001110111001101000 .'
b1111010110001010111100110011 n'
b1001100111000110001101000111011 P(
b1011010111110000110001110110101 R)
b1011010111110000110001110110100 4*
#4063
b1001100111000110001101000111011 f#
b1011010111110000110001110110101 4*
#4064
b1001100111000110001101000111100 P(
b10111111100 2)
b1011010111110000110001110110110 R)
#4065
b1001100111000110001101000111100 f#
b11000000000 2)
b1011010111110000110001110110111 R)
b1011010111110000110001110110110 4*
#4066
b10000100011100110101111001001 &#
b1111010110001010111100110100 H$
b1111101010110010010101010011 L&
b1001100111000110001101000111101 P(
b11000000100 2)
b1011010111110000110001110111000 R)
b1011010111110000110001110110111 4*
#4067
b10000000101110101001111110000 b
b1001100111000110001101000111101 f#
b10010000011001110111001101001 .'
b1111010110001010111100110100 n'
b1001100111000110001101000111110 P(
b1011010111110000110001110111001 R)
b1011010111110000110001110111000 4*
#4068
b1001100111000110001101000111110 f#
b1011010111110000110001110111001 4*
#4069
b1001100111000110001101000111111 P(
b10111111100 2)
b1011010111110000110001110111010 R)
#4070
b1001100111000110001101000111111 f#
b11000000000 2)
b1011010111110000110001110111011 R)
b1011010111110000110001110111010 4*
#4071
b10000100011100110101111001010 &#
b1111010110001010111100110101 H$
b1111101010110010010101010100 L&
b1001100111000110001101001000000 P(
b11000000100 2)
b1011010111110000110001110111100 R)
b1011010111110000110001110111011 4*
#4072
b10000000101110101001111110001 b
b1001100111000110001101001000000 f#
b10010000011001110111001101010 .'
b1111010110001010111100110101 n'
b1001100111000110001101001000001 P(
b1011010111110000110001110111101 R)
b1011010111110000110001110111100 4*
#4073
b1001100111000110001101001000001 f#
b1011010111110000110001110111101 4*
#4074
b1001100111000110001101001000010 P(
b10111111100 2)
b1011010111110000110001110111110 R)
#4075
b1001100111000110001101001000010 f#
b11000000000 2)
b1011010111110000110001110111111 R)
b1011010111110000110001110111110 4*
#4076
b10000100011100110101111001011 &#
b1111010110001010111100110110 H$
b1111101010110010010101010101 L&
b1001100111000110001101001000011 P(
b11000000100 2)
b1011010111110000110001111000000 R)
b1011010111110000110001110111111 4*
#4077
b10000000101110101001111110010 b
b1001100111000110001101001000011 f#
b10010000011001110111001101011 .'
b1111010110001010111100110110 n'
b1001100111000110001101001000100 P(
b1011010111110000110001111000001 R)
b1011010111110000110001111000000 4*
#4078
b1001100111000110001101001000100 f#
b1011010111110000110001111000001 4*
#4079
b1001100111000110001101001000101 P(
b10111111100 2)
b1011010111110000110001111000010 R)
#4080
b1001100111000110001101001000101 f#
b11000000000 2)
b1011010111110000110001111000011 R)
b1011010111110000110001111000010 4*
#4081
b10000100011100110101111001100 &#
b1111010110001010111100110111 H$
b1111101010110010010101010110 L&
b1001100111000110001101001000110 P(
b11000000100 2)
b1011010111110000110001111000100 R)
b1011010111110000110001111000011 4*
#4082
b10000000101110101001111110011 b
b1001100111000110001101001000110 f#
b10010000011001110111001101100 .'
b1111010110001010111100110111 n'
b1001100111000110001101001000111 P(
b1011010111110000110001111000101 R)
b1011010111110000110001111000100 4*
#4083
b1001100111000110001101001000111 f#
b1011010111110000110001111000101 4*
#4084
b1001100111000110001101001001000 P(
b10111111100 2)
b1011010111110000110001111000110 R)
#4085
b1001100111000110001101001001000 f#
b11000000000 2)
b1011010111110000110001111000111 R)
b1011010111110000110001111000110 4*
#4086
b10000100011100110101111001101 &#
b1111010110001010111100111000 H$
b1111101010110010010101010111 L&
b1001100111000110001101001001001 P(
b11000000100 2)
b1011010111110000110001111001000 R)
b1011010111110000110001111000111 4*
#4087
b10000000101110101001111110100 b
b1001100111000110001101001001001 f#
b10010000011001110111001101101 .'
b1111010110001010111100111000 n'
b1001100111000110001101001001010 P(
b1011010111110000110001111001001 R)
b1011010111110000110001111001000 4*
#4088
b1001100111000110001101001001010 f#
b1011010111110000110001111001001 4*
#4089
b1001100111000110001101001001011 P(
b10111111100 2)
b1011010111110000110001111001010 R)
#4090
b1001100111000110001101001001011 f#
b11000000000 2)
b1011010111110000110001111001011 R)
b1011010111110000110001111001010 4*
#4091
b10000100011100110101111001110 &#
b1111010110001010111100111001 H$
b1111101010110010010101011000 L&
b1001100111000110001101001001100 P(
b11000000100 2)
b1011010111110000110001111001100 R)
b1011010111110000110001111001011 4*
#4092
b10000000101110101001111110101 b
b1001100111000110001101001001100 f#
b10010000011001110111001101110 .'
b1111010110001010111100111001 n'
b1001100111000110001101001001101 P(
b1011010111110000110001111001101 R)
b1011010111110000110001111001100 4*
#4093
b1001100111000110001101001001101 f#
b1011010111110000110001111001101 4*
#4094
b1001100111000110001101001001110 P(
b10111111100 2)
b1011010111110000110001111001110 R)
#4095
b1001100111000110001101001001110 f#
b11000000000 2)
b1011010111110000110001111001111 R)
b1011010111110000110001111001110 4*
