#-----------------------------------------------------------
# Vivado v2024.1 (64-bit)
# SW Build 5076996 on Wed May 22 18:36:09 MDT 2024
# IP Build 5075265 on Wed May 22 21:45:21 MDT 2024
# SharedData Build 5076995 on Wed May 22 18:29:18 MDT 2024
# Start of session at: Tue Oct 21 22:50:31 2025
# Process ID: 126074
# Current directory: /home/johnny/MPD/aquila_build/aquila_ap
# Command line: vivado aquila_ap.xpr
# Log file: /home/johnny/MPD/aquila_build/aquila_ap/vivado.log
# Journal file: /home/johnny/MPD/aquila_build/aquila_ap/vivado.jou
# Running On        :johnny-VMware-Virtual-Platform
# Platform          :Ubuntu
# Operating System  :Ubuntu 24.04.3 LTS
# Processor Detail  :Intel(R) Core(TM) i5-1038NG7 CPU @ 2.00GHz
# CPU Frequency     :1996.800 MHz
# CPU Physical cores:4
# CPU Logical cores :4
# Host memory       :10378 MB
# Swap memory       :8589 MB
# Total Virtual     :18968 MB
# Available Virtual :14195 MB
#-----------------------------------------------------------
start_gui
open_project aquila_ap.xpr
WARNING: [Board 49-26] cannot add Board Part xilinx.com:kc705:part0:1.6 available at /tools/Xilinx/Vivado/2024.1/data/xhub/boards/XilinxBoardStore/boards/Xilinx/kc705/1.6/board.xml as part xc7k325tffg900-2 specified in board_part file is either invalid or not available
WARNING: [Board 49-26] cannot add Board Part xilinx.com:kcu105:part0:1.6 available at /tools/Xilinx/Vivado/2024.1/data/xhub/boards/XilinxBoardStore/boards/Xilinx/kcu105/1.6/board.xml as part xcku040-ffva1156-2-e specified in board_part file is either invalid or not available
WARNING: [Board 49-26] cannot add Board Part xilinx.com:kcu105:part0:1.7 available at /tools/Xilinx/Vivado/2024.1/data/xhub/boards/XilinxBoardStore/boards/Xilinx/kcu105/1.7/board.xml as part xcku040-ffva1156-2-e specified in board_part file is either invalid or not available
WARNING: [Board 49-26] cannot add Board Part xilinx.com:kcu1500:part0:1.2 available at /tools/Xilinx/Vivado/2024.1/data/xhub/boards/XilinxBoardStore/boards/Xilinx/kcu1500/1.2/board.xml as part xcku115-flvb2104-2-e specified in board_part file is either invalid or not available
WARNING: [Board 49-26] cannot add Board Part xilinx.com:vc707:part0:1.4 available at /tools/Xilinx/Vivado/2024.1/data/xhub/boards/XilinxBoardStore/boards/Xilinx/vc707/1.4/board.xml as part xc7vx485tffg1761-2 specified in board_part file is either invalid or not available
WARNING: [Board 49-26] cannot add Board Part xilinx.com:vc709:part0:1.8 available at /tools/Xilinx/Vivado/2024.1/data/xhub/boards/XilinxBoardStore/boards/Xilinx/vc709/1.8/board.xml as part xc7vx690tffg1761-2 specified in board_part file is either invalid or not available
WARNING: [Board 49-26] cannot add Board Part xilinx.com:vck190:part0:2.2 available at /tools/Xilinx/Vivado/2024.1/data/xhub/boards/XilinxBoardStore/boards/Xilinx/vck190/production/2.2/board.xml as part xcvc1902-vsva2197-2mp-e-s specified in board_part file is either invalid or not available
WARNING: [Board 49-26] cannot add Board Part xilinx.com:vck190:part0:3.0 available at /tools/Xilinx/Vivado/2024.1/data/xhub/boards/XilinxBoardStore/boards/Xilinx/vck190/production/3.0/board.xml as part xcvc1902-vsva2197-2mp-e-s specified in board_part file is either invalid or not available
WARNING: [Board 49-26] cannot add Board Part xilinx.com:vck190:part0:3.1 available at /tools/Xilinx/Vivado/2024.1/data/xhub/boards/XilinxBoardStore/boards/Xilinx/vck190/production/3.1/board.xml as part xcvc1902-vsva2197-2mp-e-s specified in board_part file is either invalid or not available
WARNING: [Board 49-26] cannot add Board Part xilinx.com:vck190:part0:3.2 available at /tools/Xilinx/Vivado/2024.1/data/xhub/boards/XilinxBoardStore/boards/Xilinx/vck190/production/3.2/board.xml as part xcvc1902-vsva2197-2mp-e-s specified in board_part file is either invalid or not available
WARNING: [Board 49-26] cannot add Board Part xilinx.com:vck190:part0:3.3 available at /tools/Xilinx/Vivado/2024.1/data/xhub/boards/XilinxBoardStore/boards/Xilinx/vck190/production/3.3/board.xml as part xcvc1902-vsva2197-2mp-e-s specified in board_part file is either invalid or not available
WARNING: [Board 49-26] cannot add Board Part xilinx.com:vck190_newl:part0:1.0 available at /tools/Xilinx/Vivado/2024.1/data/xhub/boards/XilinxBoardStore/boards/Xilinx/vck190_newl/production/1.0/board.xml as part xcvc1902-vsva2197-2mp-e-s specified in board_part file is either invalid or not available
WARNING: [Board 49-26] cannot add Board Part xilinx.com:vck190_newl:part0:1.1 available at /tools/Xilinx/Vivado/2024.1/data/xhub/boards/XilinxBoardStore/boards/Xilinx/vck190_newl/production/1.1/board.xml as part xcvc1902-vsva2197-2mp-e-s specified in board_part file is either invalid or not available
WARNING: [Board 49-26] cannot add Board Part xilinx.com:vck190_newl:part0:1.2 available at /tools/Xilinx/Vivado/2024.1/data/xhub/boards/XilinxBoardStore/boards/Xilinx/vck190_newl/production/1.2/board.xml as part xcvc1902-vsva2197-2mp-e-s specified in board_part file is either invalid or not available
WARNING: [Board 49-26] cannot add Board Part xilinx.com:vcu108:part0:1.6 available at /tools/Xilinx/Vivado/2024.1/data/xhub/boards/XilinxBoardStore/boards/Xilinx/vcu108/1.6/board.xml as part xcvu095-ffva2104-2-e specified in board_part file is either invalid or not available
WARNING: [Board 49-26] cannot add Board Part xilinx.com:vcu108:part0:1.7 available at /tools/Xilinx/Vivado/2024.1/data/xhub/boards/XilinxBoardStore/boards/Xilinx/vcu108/1.7/board.xml as part xcvu095-ffva2104-2-e specified in board_part file is either invalid or not available
WARNING: [Board 49-26] cannot add Board Part xilinx.com:vcu110:part0:1.4 available at /tools/Xilinx/Vivado/2024.1/data/xhub/boards/XilinxBoardStore/boards/Xilinx/vcu110/1.4/board.xml as part xcvu190-flgc2104-2-e specified in board_part file is either invalid or not available
WARNING: [Board 49-26] cannot add Board Part xilinx.com:vcu118:part0:2.0 available at /tools/Xilinx/Vivado/2024.1/data/xhub/boards/XilinxBoardStore/boards/Xilinx/vcu118/2.0/board.xml as part xcvu9p-flga2104-2l-e specified in board_part file is either invalid or not available
WARNING: [Board 49-26] cannot add Board Part xilinx.com:vcu118:part0:2.3 available at /tools/Xilinx/Vivado/2024.1/data/xhub/boards/XilinxBoardStore/boards/Xilinx/vcu118/2.3/board.xml as part xcvu9p-flga2104-2l-e specified in board_part file is either invalid or not available
WARNING: [Board 49-26] cannot add Board Part xilinx.com:vcu118:part0:2.4 available at /tools/Xilinx/Vivado/2024.1/data/xhub/boards/XilinxBoardStore/boards/Xilinx/vcu118/2.4/board.xml as part xcvu9p-flga2104-2l-e specified in board_part file is either invalid or not available
WARNING: [Board 49-26] cannot add Board Part xilinx.com:vcu129:part0:1.0 available at /tools/Xilinx/Vivado/2024.1/data/xhub/boards/XilinxBoardStore/boards/Xilinx/vcu129/production/1.0/board.xml as part xcvu29p-fsga2577-2l-e specified in board_part file is either invalid or not available
WARNING: [Board 49-26] cannot add Board Part xilinx.com:vcu1525:part0:1.3 available at /tools/Xilinx/Vivado/2024.1/data/xhub/boards/XilinxBoardStore/boards/Xilinx/vcu1525/1.3/board.xml as part xcvu9p-fsgd2104-2l-e specified in board_part file is either invalid or not available
WARNING: [Board 49-26] cannot add Board Part xilinx.com:vek280:part0:1.0 available at /tools/Xilinx/Vivado/2024.1/data/xhub/boards/XilinxBoardStore/boards/Xilinx/vek280/production/1.0/board.xml as part xcve2802-vsvh1760-2mp-e-s specified in board_part file is either invalid or not available
WARNING: [Board 49-26] cannot add Board Part xilinx.com:vek280:part0:1.1 available at /tools/Xilinx/Vivado/2024.1/data/xhub/boards/XilinxBoardStore/boards/Xilinx/vek280/production/1.1/board.xml as part xcve2802-vsvh1760-2mp-e-s specified in board_part file is either invalid or not available
WARNING: [Board 49-26] cannot add Board Part xilinx.com:vek280:part0:1.2 available at /tools/Xilinx/Vivado/2024.1/data/xhub/boards/XilinxBoardStore/boards/Xilinx/vek280/production/1.2/board.xml as part xcve2802-vsvh1760-2mp-e-s specified in board_part file is either invalid or not available
WARNING: [Board 49-26] cannot add Board Part xilinx.com:vek280_es:part0:1.0 available at /tools/Xilinx/Vivado/2024.1/data/xhub/boards/XilinxBoardStore/boards/Xilinx/vek280/es/rev_a/1.0/board.xml as part xcve2802-vsvh1760-2lp-e-s-es1 specified in board_part file is either invalid or not available
WARNING: [Board 49-26] cannot add Board Part xilinx.com:vek280_es:part0:1.1 available at /tools/Xilinx/Vivado/2024.1/data/xhub/boards/XilinxBoardStore/boards/Xilinx/vek280/es/rev_a/1.1/board.xml as part xcve2802-vsvh1760-2lp-e-s-es1 specified in board_part file is either invalid or not available
WARNING: [Board 49-26] cannot add Board Part xilinx.com:vek280_es_revb:part0:1.0 available at /tools/Xilinx/Vivado/2024.1/data/xhub/boards/XilinxBoardStore/boards/Xilinx/vek280/es/rev_b/1.0/board.xml as part xcve2802-vsvh1760-2mp-e-s-es1 specified in board_part file is either invalid or not available
WARNING: [Board 49-26] cannot add Board Part xilinx.com:vek280_es_revb:part0:1.1 available at /tools/Xilinx/Vivado/2024.1/data/xhub/boards/XilinxBoardStore/boards/Xilinx/vek280/es/rev_b/1.1/board.xml as part xcve2802-vsvh1760-2mp-e-s-es1 specified in board_part file is either invalid or not available
WARNING: [Board 49-26] cannot add Board Part xilinx.com:vermeo_t1_mpsoc:part0:1.0 available at /tools/Xilinx/Vivado/2024.1/data/xhub/boards/XilinxBoardStore/boards/Xilinx/vermeo_t1_mpsoc/1.0/board.xml as part xczu19eg-ffvd1760-2l-e specified in board_part file is either invalid or not available
WARNING: [Board 49-26] cannot add Board Part xilinx.com:vermeo_t1_rfsoc:part0:1.0 available at /tools/Xilinx/Vivado/2024.1/data/xhub/boards/XilinxBoardStore/boards/Xilinx/vermeo_t1_rfsoc/1.0/board.xml as part xczu21dr-ffvd1156-2l-e specified in board_part file is either invalid or not available
WARNING: [Board 49-26] cannot add Board Part xilinx.com:vhk158:part0:1.0 available at /tools/Xilinx/Vivado/2024.1/data/xhub/boards/XilinxBoardStore/boards/Xilinx/vhk158/production/1.0/board.xml as part xcvh1582-vsva3697-2mp-e-s specified in board_part file is either invalid or not available
WARNING: [Board 49-26] cannot add Board Part xilinx.com:vhk158:part0:1.1 available at /tools/Xilinx/Vivado/2024.1/data/xhub/boards/XilinxBoardStore/boards/Xilinx/vhk158/production/1.1/board.xml as part xcvh1582-vsva3697-2mp-e-s specified in board_part file is either invalid or not available
WARNING: [Board 49-26] cannot add Board Part xilinx.com:vhk158_es:part0:1.0 available at /tools/Xilinx/Vivado/2024.1/data/xhub/boards/XilinxBoardStore/boards/Xilinx/vhk158/es/1.0/board.xml as part xcvh1582-vsva3697-2mp-e-s-es1 specified in board_part file is either invalid or not available
WARNING: [Board 49-26] cannot add Board Part xilinx.com:vhk158_es:part0:1.1 available at /tools/Xilinx/Vivado/2024.1/data/xhub/boards/XilinxBoardStore/boards/Xilinx/vhk158/es/1.1/board.xml as part xcvh1582-vsva3697-2mp-e-s-es1 specified in board_part file is either invalid or not available
WARNING: [Board 49-26] cannot add Board Part xilinx.com:vmk180:part0:2.2 available at /tools/Xilinx/Vivado/2024.1/data/xhub/boards/XilinxBoardStore/boards/Xilinx/vmk180/production/2.2/board.xml as part xcvm1802-vsva2197-2mp-e-s specified in board_part file is either invalid or not available
WARNING: [Board 49-26] cannot add Board Part xilinx.com:vmk180:part0:3.0 available at /tools/Xilinx/Vivado/2024.1/data/xhub/boards/XilinxBoardStore/boards/Xilinx/vmk180/production/3.0/board.xml as part xcvm1802-vsva2197-2mp-e-s specified in board_part file is either invalid or not available
WARNING: [Board 49-26] cannot add Board Part xilinx.com:vmk180:part0:3.1 available at /tools/Xilinx/Vivado/2024.1/data/xhub/boards/XilinxBoardStore/boards/Xilinx/vmk180/production/3.1/board.xml as part xcvm1802-vsva2197-2mp-e-s specified in board_part file is either invalid or not available
WARNING: [Board 49-26] cannot add Board Part xilinx.com:vmk180:part0:3.2 available at /tools/Xilinx/Vivado/2024.1/data/xhub/boards/XilinxBoardStore/boards/Xilinx/vmk180/production/3.2/board.xml as part xcvm1802-vsva2197-2mp-e-s specified in board_part file is either invalid or not available
WARNING: [Board 49-26] cannot add Board Part xilinx.com:vmk180_newl:part0:1.0 available at /tools/Xilinx/Vivado/2024.1/data/xhub/boards/XilinxBoardStore/boards/Xilinx/vmk180_newl/production/1.0/board.xml as part xcvm1802-vsva2197-2mp-e-s specified in board_part file is either invalid or not available
WARNING: [Board 49-26] cannot add Board Part xilinx.com:vmk180_newl:part0:1.1 available at /tools/Xilinx/Vivado/2024.1/data/xhub/boards/XilinxBoardStore/boards/Xilinx/vmk180_newl/production/1.1/board.xml as part xcvm1802-vsva2197-2mp-e-s specified in board_part file is either invalid or not available
WARNING: [Board 49-26] cannot add Board Part xilinx.com:vpk120:part0:1.0 available at /tools/Xilinx/Vivado/2024.1/data/xhub/boards/XilinxBoardStore/boards/Xilinx/vpk120/production/1.0/board.xml as part xcvp1202-vsva2785-2mp-e-s specified in board_part file is either invalid or not available
WARNING: [Board 49-26] cannot add Board Part xilinx.com:vpk120:part0:1.1 available at /tools/Xilinx/Vivado/2024.1/data/xhub/boards/XilinxBoardStore/boards/Xilinx/vpk120/production/1.1/board.xml as part xcvp1202-vsva2785-2mp-e-s specified in board_part file is either invalid or not available
WARNING: [Board 49-26] cannot add Board Part xilinx.com:vpk120:part0:1.2 available at /tools/Xilinx/Vivado/2024.1/data/xhub/boards/XilinxBoardStore/boards/Xilinx/vpk120/production/1.2/board.xml as part xcvp1202-vsva2785-2mp-e-s specified in board_part file is either invalid or not available
WARNING: [Board 49-26] cannot add Board Part xilinx.com:vpk180:part0:1.0 available at /tools/Xilinx/Vivado/2024.1/data/xhub/boards/XilinxBoardStore/boards/Xilinx/vpk180/production/1.0/board.xml as part xcvp1802-lsvc4072-2mp-e-s specified in board_part file is either invalid or not available
WARNING: [Board 49-26] cannot add Board Part xilinx.com:vpk180:part0:1.1 available at /tools/Xilinx/Vivado/2024.1/data/xhub/boards/XilinxBoardStore/boards/Xilinx/vpk180/production/1.1/board.xml as part xcvp1802-lsvc4072-2mp-e-s specified in board_part file is either invalid or not available
WARNING: [Board 49-26] cannot add Board Part xilinx.com:vpk180:part0:1.2 available at /tools/Xilinx/Vivado/2024.1/data/xhub/boards/XilinxBoardStore/boards/Xilinx/vpk180/production/1.2/board.xml as part xcvp1802-lsvc4072-2mp-e-s specified in board_part file is either invalid or not available
WARNING: [Board 49-26] cannot add Board Part xilinx.com:zc706:part0:1.4 available at /tools/Xilinx/Vivado/2024.1/data/xhub/boards/XilinxBoardStore/boards/Xilinx/zc706/1.4/board.xml as part xc7z045ffg900-2 specified in board_part file is either invalid or not available
WARNING: [Board 49-26] cannot add Board Part xilinx.com:zcu102:part0:3.3 available at /tools/Xilinx/Vivado/2024.1/data/xhub/boards/XilinxBoardStore/boards/Xilinx/zcu102/3.3/board.xml as part xczu9eg-ffvb1156-2-e specified in board_part file is either invalid or not available
WARNING: [Board 49-26] cannot add Board Part xilinx.com:zcu102:part0:3.4 available at /tools/Xilinx/Vivado/2024.1/data/xhub/boards/XilinxBoardStore/boards/Xilinx/zcu102/3.4/board.xml as part xczu9eg-ffvb1156-2-e specified in board_part file is either invalid or not available
WARNING: [Board 49-26] cannot add Board Part xilinx.com:zcu111:part0:1.2 available at /tools/Xilinx/Vivado/2024.1/data/xhub/boards/XilinxBoardStore/boards/Xilinx/zcu111/1.2/board.xml as part xczu28dr-ffvg1517-2-e specified in board_part file is either invalid or not available
WARNING: [Board 49-26] cannot add Board Part xilinx.com:zcu111:part0:1.3 available at /tools/Xilinx/Vivado/2024.1/data/xhub/boards/XilinxBoardStore/boards/Xilinx/zcu111/1.3/board.xml as part xczu28dr-ffvg1517-2-e specified in board_part file is either invalid or not available
WARNING: [Board 49-26] cannot add Board Part xilinx.com:zcu111:part0:1.4 available at /tools/Xilinx/Vivado/2024.1/data/xhub/boards/XilinxBoardStore/boards/Xilinx/zcu111/1.4/board.xml as part xczu28dr-ffvg1517-2-e specified in board_part file is either invalid or not available
WARNING: [Board 49-26] cannot add Board Part xilinx.com:zcu1275:part0:1.0 available at /tools/Xilinx/Vivado/2024.1/data/xhub/boards/XilinxBoardStore/boards/Xilinx/zcu1275/1.0/board.xml as part xczu29dr-ffvf1760-2-e specified in board_part file is either invalid or not available
WARNING: [Board 49-26] cannot add Board Part xilinx.com:zcu1285:part0:1.0 available at /tools/Xilinx/Vivado/2024.1/data/xhub/boards/XilinxBoardStore/boards/Xilinx/zcu1285/1.0/board.xml as part xczu39dr-ffvf1760-2-i specified in board_part file is either invalid or not available
WARNING: [Board 49-26] cannot add Board Part xilinx.com:zcu208:part0:2.0 available at /tools/Xilinx/Vivado/2024.1/data/xhub/boards/XilinxBoardStore/boards/Xilinx/zcu208/production/2.0/board.xml as part xczu48dr-fsvg1517-2-e specified in board_part file is either invalid or not available
WARNING: [Board 49-26] cannot add Board Part xilinx.com:zcu208ld:part0:2.0 available at /tools/Xilinx/Vivado/2024.1/data/xhub/boards/XilinxBoardStore/boards/Xilinx/zcu208ld/production/2.0/board.xml as part xczu58dr-fsvg1517-2-i specified in board_part file is either invalid or not available
WARNING: [Board 49-26] cannot add Board Part xilinx.com:zcu216:part0:2.0 available at /tools/Xilinx/Vivado/2024.1/data/xhub/boards/XilinxBoardStore/boards/Xilinx/zcu216/production/2.0/board.xml as part xczu49dr-ffvf1760-2-e specified in board_part file is either invalid or not available
WARNING: [Board 49-26] cannot add Board Part xilinx.com:zcu216ld:part0:2.0 available at /tools/Xilinx/Vivado/2024.1/data/xhub/boards/XilinxBoardStore/boards/Xilinx/zcu216ld/production/2.0/board.xml as part xczu59dr-ffvf1760-2-i specified in board_part file is either invalid or not available
WARNING: [Board 49-26] cannot add Board Part xilinx.com:zcu670:part0:2.0 available at /tools/Xilinx/Vivado/2024.1/data/xhub/boards/XilinxBoardStore/boards/Xilinx/zcu670/2.0/board.xml as part xczu67dr-fsve1156-2-i specified in board_part file is either invalid or not available
WARNING: [Board 49-26] cannot add Board Part xilinx.com:zcu670ld:part0:1.0 available at /tools/Xilinx/Vivado/2024.1/data/xhub/boards/XilinxBoardStore/boards/Xilinx/zcu670ld/1.0/board.xml as part xczu57dr-fsve1156-2-i specified in board_part file is either invalid or not available
Scanning sources...
Finished scanning sources
INFO: [IP_Flow 19-234] Refreshing IP repositories
INFO: [IP_Flow 19-1704] No user IP repositories specified
INFO: [IP_Flow 19-2313] Loaded Vivado IP repository '/tools/Xilinx/Vivado/2024.1/data/ip'.
open_project: Time (s): cpu = 00:00:39 ; elapsed = 00:00:27 . Memory (MB): peak = 7972.844 ; gain = 498.359 ; free physical = 2779 ; free virtual = 12543
update_compile_order -fileset sources_1
reset_run synth_1
INFO: [Project 1-1161] Replacing file /home/johnny/MPD/aquila_build/aquila_ap/aquila_ap.srcs/utils_1/imports/synth_1/soc_top.dcp with file /home/johnny/MPD/aquila_build/aquila_ap/aquila_ap.runs/synth_1/soc_top.dcp
launch_runs synth_1 -jobs 4
[Tue Oct 21 22:52:04 2025] Launched synth_1...
Run output will be captured here: /home/johnny/MPD/aquila_build/aquila_ap/aquila_ap.runs/synth_1/runme.log
open_run synth_1 -name synth_1
Design is defaulting to impl run constrset: constrs_1
Design is defaulting to synth run part: xc7a100tcsg324-1
INFO: [Device 21-403] Loading part xc7a100tcsg324-1
INFO: [Device 21-9227] Part: xc7a100tcsg324-1 does not have CEAM library.
INFO: [Project 1-454] Reading design checkpoint '/home/johnny/MPD/aquila_build/aquila_ap/aquila_ap.gen/sources_1/ip/clk_wiz_0/clk_wiz_0.dcp' for cell 'Clock_Generator'
INFO: [Project 1-454] Reading design checkpoint '/home/johnny/MPD/aquila_build/aquila_ap/aquila_ap.gen/sources_1/ip/axi_quad_spi_0/axi_quad_spi_0.dcp' for cell 'SD_Card_Controller'
Netlist sorting complete. Time (s): cpu = 00:00:00.06 ; elapsed = 00:00:00.06 . Memory (MB): peak = 8345.070 ; gain = 0.000 ; free physical = 2516 ; free virtual = 12253
INFO: [Netlist 29-17] Analyzing 868 Unisim elements for replacement
INFO: [Netlist 29-28] Unisim Transformation completed in 0 CPU seconds
INFO: [Project 1-479] Netlist was created with Vivado 2024.1
INFO: [Project 1-570] Preparing netlist for logic optimization
Parsing XDC File [/home/johnny/MPD/aquila_build/aquila_ap/aquila_ap.gen/sources_1/ip/axi_quad_spi_0/axi_quad_spi_0_board.xdc] for cell 'SD_Card_Controller/U0'
Finished Parsing XDC File [/home/johnny/MPD/aquila_build/aquila_ap/aquila_ap.gen/sources_1/ip/axi_quad_spi_0/axi_quad_spi_0_board.xdc] for cell 'SD_Card_Controller/U0'
Parsing XDC File [/home/johnny/MPD/aquila_build/aquila_ap/aquila_ap.gen/sources_1/ip/axi_quad_spi_0/axi_quad_spi_0.xdc] for cell 'SD_Card_Controller/U0'
Finished Parsing XDC File [/home/johnny/MPD/aquila_build/aquila_ap/aquila_ap.gen/sources_1/ip/axi_quad_spi_0/axi_quad_spi_0.xdc] for cell 'SD_Card_Controller/U0'
Parsing XDC File [/home/johnny/MPD/aquila_build/aquila_ap/aquila_ap.gen/sources_1/ip/clk_wiz_0/clk_wiz_0_board.xdc] for cell 'Clock_Generator/inst'
Finished Parsing XDC File [/home/johnny/MPD/aquila_build/aquila_ap/aquila_ap.gen/sources_1/ip/clk_wiz_0/clk_wiz_0_board.xdc] for cell 'Clock_Generator/inst'
Parsing XDC File [/home/johnny/MPD/aquila_build/aquila_ap/aquila_ap.gen/sources_1/ip/clk_wiz_0/clk_wiz_0.xdc] for cell 'Clock_Generator/inst'
INFO: [Timing 38-35] Done setting XDC timing constraints. [/home/johnny/MPD/aquila_build/aquila_ap/aquila_ap.gen/sources_1/ip/clk_wiz_0/clk_wiz_0.xdc:54]
INFO: [Timing 38-2] Deriving generated clocks [/home/johnny/MPD/aquila_build/aquila_ap/aquila_ap.gen/sources_1/ip/clk_wiz_0/clk_wiz_0.xdc:54]
Finished Parsing XDC File [/home/johnny/MPD/aquila_build/aquila_ap/aquila_ap.gen/sources_1/ip/clk_wiz_0/clk_wiz_0.xdc] for cell 'Clock_Generator/inst'
Parsing XDC File [/home/johnny/MPD/aquila_build/src/xdc/arty.xdc]
WARNING: [Vivado 12-507] No nets matched 'Aquila_SoC/PROFILER/func1_cycles_debug[0]'. [/home/johnny/MPD/aquila_build/src/xdc/arty.xdc:178]
WARNING: [Vivado 12-507] No nets matched 'Aquila_SoC/PROFILER/func1_cycles_debug[1]'. [/home/johnny/MPD/aquila_build/src/xdc/arty.xdc:178]
WARNING: [Vivado 12-507] No nets matched 'Aquila_SoC/PROFILER/func1_cycles_debug[2]'. [/home/johnny/MPD/aquila_build/src/xdc/arty.xdc:178]
WARNING: [Vivado 12-507] No nets matched 'Aquila_SoC/PROFILER/func1_cycles_debug[3]'. [/home/johnny/MPD/aquila_build/src/xdc/arty.xdc:178]
WARNING: [Vivado 12-507] No nets matched 'Aquila_SoC/PROFILER/func1_cycles_debug[4]'. [/home/johnny/MPD/aquila_build/src/xdc/arty.xdc:178]
WARNING: [Vivado 12-507] No nets matched 'Aquila_SoC/PROFILER/func1_cycles_debug[5]'. [/home/johnny/MPD/aquila_build/src/xdc/arty.xdc:178]
WARNING: [Vivado 12-507] No nets matched 'Aquila_SoC/PROFILER/func1_cycles_debug[6]'. [/home/johnny/MPD/aquila_build/src/xdc/arty.xdc:178]
WARNING: [Vivado 12-507] No nets matched 'Aquila_SoC/PROFILER/func1_cycles_debug[7]'. [/home/johnny/MPD/aquila_build/src/xdc/arty.xdc:178]
WARNING: [Vivado 12-507] No nets matched 'Aquila_SoC/PROFILER/func1_cycles_debug[8]'. [/home/johnny/MPD/aquila_build/src/xdc/arty.xdc:178]
WARNING: [Vivado 12-507] No nets matched 'Aquila_SoC/PROFILER/func1_cycles_debug[9]'. [/home/johnny/MPD/aquila_build/src/xdc/arty.xdc:178]
WARNING: [Vivado 12-507] No nets matched 'Aquila_SoC/PROFILER/func1_cycles_debug[10]'. [/home/johnny/MPD/aquila_build/src/xdc/arty.xdc:178]
WARNING: [Vivado 12-507] No nets matched 'Aquila_SoC/PROFILER/func1_cycles_debug[11]'. [/home/johnny/MPD/aquila_build/src/xdc/arty.xdc:178]
WARNING: [Vivado 12-507] No nets matched 'Aquila_SoC/PROFILER/func1_cycles_debug[12]'. [/home/johnny/MPD/aquila_build/src/xdc/arty.xdc:178]
WARNING: [Vivado 12-507] No nets matched 'Aquila_SoC/PROFILER/func1_cycles_debug[13]'. [/home/johnny/MPD/aquila_build/src/xdc/arty.xdc:178]
WARNING: [Vivado 12-507] No nets matched 'Aquila_SoC/PROFILER/func1_cycles_debug[14]'. [/home/johnny/MPD/aquila_build/src/xdc/arty.xdc:178]
WARNING: [Vivado 12-507] No nets matched 'Aquila_SoC/PROFILER/func1_cycles_debug[15]'. [/home/johnny/MPD/aquila_build/src/xdc/arty.xdc:178]
WARNING: [Vivado 12-507] No nets matched 'Aquila_SoC/PROFILER/func1_cycles_debug[16]'. [/home/johnny/MPD/aquila_build/src/xdc/arty.xdc:178]
WARNING: [Vivado 12-507] No nets matched 'Aquila_SoC/PROFILER/func1_cycles_debug[17]'. [/home/johnny/MPD/aquila_build/src/xdc/arty.xdc:178]
WARNING: [Vivado 12-507] No nets matched 'Aquila_SoC/PROFILER/func1_cycles_debug[18]'. [/home/johnny/MPD/aquila_build/src/xdc/arty.xdc:178]
WARNING: [Vivado 12-507] No nets matched 'Aquila_SoC/PROFILER/func1_cycles_debug[19]'. [/home/johnny/MPD/aquila_build/src/xdc/arty.xdc:178]
WARNING: [Vivado 12-507] No nets matched 'Aquila_SoC/PROFILER/func1_cycles_debug[20]'. [/home/johnny/MPD/aquila_build/src/xdc/arty.xdc:178]
WARNING: [Vivado 12-507] No nets matched 'Aquila_SoC/PROFILER/func1_cycles_debug[21]'. [/home/johnny/MPD/aquila_build/src/xdc/arty.xdc:178]
WARNING: [Vivado 12-507] No nets matched 'Aquila_SoC/PROFILER/func1_cycles_debug[22]'. [/home/johnny/MPD/aquila_build/src/xdc/arty.xdc:178]
WARNING: [Vivado 12-507] No nets matched 'Aquila_SoC/PROFILER/func1_cycles_debug[23]'. [/home/johnny/MPD/aquila_build/src/xdc/arty.xdc:178]
WARNING: [Vivado 12-507] No nets matched 'Aquila_SoC/PROFILER/func1_cycles_debug[24]'. [/home/johnny/MPD/aquila_build/src/xdc/arty.xdc:178]
WARNING: [Vivado 12-507] No nets matched 'Aquila_SoC/PROFILER/func1_cycles_debug[25]'. [/home/johnny/MPD/aquila_build/src/xdc/arty.xdc:178]
WARNING: [Vivado 12-507] No nets matched 'Aquila_SoC/PROFILER/func1_cycles_debug[26]'. [/home/johnny/MPD/aquila_build/src/xdc/arty.xdc:178]
WARNING: [Vivado 12-507] No nets matched 'Aquila_SoC/PROFILER/func1_cycles_debug[27]'. [/home/johnny/MPD/aquila_build/src/xdc/arty.xdc:178]
WARNING: [Vivado 12-507] No nets matched 'Aquila_SoC/PROFILER/func1_cycles_debug[28]'. [/home/johnny/MPD/aquila_build/src/xdc/arty.xdc:178]
WARNING: [Vivado 12-507] No nets matched 'Aquila_SoC/PROFILER/func1_cycles_debug[29]'. [/home/johnny/MPD/aquila_build/src/xdc/arty.xdc:178]
WARNING: [Vivado 12-507] No nets matched 'Aquila_SoC/PROFILER/func1_cycles_debug[30]'. [/home/johnny/MPD/aquila_build/src/xdc/arty.xdc:178]
WARNING: [Vivado 12-507] No nets matched 'Aquila_SoC/PROFILER/func1_cycles_debug[31]'. [/home/johnny/MPD/aquila_build/src/xdc/arty.xdc:178]
WARNING: [Vivado 12-507] No nets matched 'Aquila_SoC/PROFILER/func1_cycles_debug[32]'. [/home/johnny/MPD/aquila_build/src/xdc/arty.xdc:178]
WARNING: [Vivado 12-507] No nets matched 'Aquila_SoC/PROFILER/func1_cycles_debug[33]'. [/home/johnny/MPD/aquila_build/src/xdc/arty.xdc:178]
WARNING: [Vivado 12-507] No nets matched 'Aquila_SoC/PROFILER/func1_cycles_debug[34]'. [/home/johnny/MPD/aquila_build/src/xdc/arty.xdc:178]
WARNING: [Vivado 12-507] No nets matched 'Aquila_SoC/PROFILER/func1_cycles_debug[35]'. [/home/johnny/MPD/aquila_build/src/xdc/arty.xdc:178]
WARNING: [Vivado 12-507] No nets matched 'Aquila_SoC/PROFILER/func1_cycles_debug[36]'. [/home/johnny/MPD/aquila_build/src/xdc/arty.xdc:178]
WARNING: [Vivado 12-507] No nets matched 'Aquila_SoC/PROFILER/func1_cycles_debug[37]'. [/home/johnny/MPD/aquila_build/src/xdc/arty.xdc:178]
WARNING: [Vivado 12-507] No nets matched 'Aquila_SoC/PROFILER/func1_cycles_debug[38]'. [/home/johnny/MPD/aquila_build/src/xdc/arty.xdc:178]
WARNING: [Vivado 12-507] No nets matched 'Aquila_SoC/PROFILER/func1_cycles_debug[39]'. [/home/johnny/MPD/aquila_build/src/xdc/arty.xdc:178]
WARNING: [Vivado 12-507] No nets matched 'Aquila_SoC/PROFILER/func1_cycles_debug[40]'. [/home/johnny/MPD/aquila_build/src/xdc/arty.xdc:178]
WARNING: [Vivado 12-507] No nets matched 'Aquila_SoC/PROFILER/func1_cycles_debug[41]'. [/home/johnny/MPD/aquila_build/src/xdc/arty.xdc:178]
WARNING: [Vivado 12-507] No nets matched 'Aquila_SoC/PROFILER/func1_cycles_debug[42]'. [/home/johnny/MPD/aquila_build/src/xdc/arty.xdc:178]
WARNING: [Vivado 12-507] No nets matched 'Aquila_SoC/PROFILER/func1_cycles_debug[43]'. [/home/johnny/MPD/aquila_build/src/xdc/arty.xdc:178]
WARNING: [Vivado 12-507] No nets matched 'Aquila_SoC/PROFILER/func1_cycles_debug[44]'. [/home/johnny/MPD/aquila_build/src/xdc/arty.xdc:178]
WARNING: [Vivado 12-507] No nets matched 'Aquila_SoC/PROFILER/func1_cycles_debug[45]'. [/home/johnny/MPD/aquila_build/src/xdc/arty.xdc:178]
WARNING: [Vivado 12-507] No nets matched 'Aquila_SoC/PROFILER/func1_cycles_debug[46]'. [/home/johnny/MPD/aquila_build/src/xdc/arty.xdc:178]
WARNING: [Vivado 12-507] No nets matched 'Aquila_SoC/PROFILER/func1_cycles_debug[47]'. [/home/johnny/MPD/aquila_build/src/xdc/arty.xdc:178]
WARNING: [Vivado 12-507] No nets matched 'Aquila_SoC/PROFILER/func1_cycles_debug[48]'. [/home/johnny/MPD/aquila_build/src/xdc/arty.xdc:178]
WARNING: [Vivado 12-507] No nets matched 'Aquila_SoC/PROFILER/func1_cycles_debug[49]'. [/home/johnny/MPD/aquila_build/src/xdc/arty.xdc:178]
WARNING: [Vivado 12-507] No nets matched 'Aquila_SoC/PROFILER/func1_cycles_debug[50]'. [/home/johnny/MPD/aquila_build/src/xdc/arty.xdc:178]
WARNING: [Vivado 12-507] No nets matched 'Aquila_SoC/PROFILER/func1_cycles_debug[51]'. [/home/johnny/MPD/aquila_build/src/xdc/arty.xdc:178]
WARNING: [Vivado 12-507] No nets matched 'Aquila_SoC/PROFILER/func1_cycles_debug[52]'. [/home/johnny/MPD/aquila_build/src/xdc/arty.xdc:178]
WARNING: [Vivado 12-507] No nets matched 'Aquila_SoC/PROFILER/func1_cycles_debug[53]'. [/home/johnny/MPD/aquila_build/src/xdc/arty.xdc:178]
WARNING: [Vivado 12-507] No nets matched 'Aquila_SoC/PROFILER/func1_cycles_debug[54]'. [/home/johnny/MPD/aquila_build/src/xdc/arty.xdc:178]
WARNING: [Vivado 12-507] No nets matched 'Aquila_SoC/PROFILER/func1_cycles_debug[55]'. [/home/johnny/MPD/aquila_build/src/xdc/arty.xdc:178]
WARNING: [Vivado 12-507] No nets matched 'Aquila_SoC/PROFILER/func1_cycles_debug[56]'. [/home/johnny/MPD/aquila_build/src/xdc/arty.xdc:178]
WARNING: [Vivado 12-507] No nets matched 'Aquila_SoC/PROFILER/func1_cycles_debug[57]'. [/home/johnny/MPD/aquila_build/src/xdc/arty.xdc:178]
WARNING: [Vivado 12-507] No nets matched 'Aquila_SoC/PROFILER/func1_cycles_debug[58]'. [/home/johnny/MPD/aquila_build/src/xdc/arty.xdc:178]
WARNING: [Vivado 12-507] No nets matched 'Aquila_SoC/PROFILER/func1_cycles_debug[59]'. [/home/johnny/MPD/aquila_build/src/xdc/arty.xdc:178]
WARNING: [Vivado 12-507] No nets matched 'Aquila_SoC/PROFILER/func1_cycles_debug[60]'. [/home/johnny/MPD/aquila_build/src/xdc/arty.xdc:178]
WARNING: [Vivado 12-507] No nets matched 'Aquila_SoC/PROFILER/func1_cycles_debug[61]'. [/home/johnny/MPD/aquila_build/src/xdc/arty.xdc:178]
WARNING: [Vivado 12-507] No nets matched 'Aquila_SoC/PROFILER/func1_cycles_debug[62]'. [/home/johnny/MPD/aquila_build/src/xdc/arty.xdc:178]
WARNING: [Vivado 12-507] No nets matched 'Aquila_SoC/PROFILER/func1_cycles_debug[63]'. [/home/johnny/MPD/aquila_build/src/xdc/arty.xdc:178]
CRITICAL WARNING: [Vivado 12-1419] Debug core 'u_ila_0' was not found. [/home/johnny/MPD/aquila_build/src/xdc/arty.xdc:178]
WARNING: [Vivado 12-507] No nets matched 'Aquila_SoC/PROFILER/func3_cycles_debug[0]'. [/home/johnny/MPD/aquila_build/src/xdc/arty.xdc:179]
WARNING: [Vivado 12-507] No nets matched 'Aquila_SoC/PROFILER/func3_cycles_debug[1]'. [/home/johnny/MPD/aquila_build/src/xdc/arty.xdc:179]
WARNING: [Vivado 12-507] No nets matched 'Aquila_SoC/PROFILER/func3_cycles_debug[2]'. [/home/johnny/MPD/aquila_build/src/xdc/arty.xdc:179]
WARNING: [Vivado 12-507] No nets matched 'Aquila_SoC/PROFILER/func3_cycles_debug[3]'. [/home/johnny/MPD/aquila_build/src/xdc/arty.xdc:179]
WARNING: [Vivado 12-507] No nets matched 'Aquila_SoC/PROFILER/func3_cycles_debug[4]'. [/home/johnny/MPD/aquila_build/src/xdc/arty.xdc:179]
WARNING: [Vivado 12-507] No nets matched 'Aquila_SoC/PROFILER/func3_cycles_debug[5]'. [/home/johnny/MPD/aquila_build/src/xdc/arty.xdc:179]
WARNING: [Vivado 12-507] No nets matched 'Aquila_SoC/PROFILER/func3_cycles_debug[6]'. [/home/johnny/MPD/aquila_build/src/xdc/arty.xdc:179]
WARNING: [Vivado 12-507] No nets matched 'Aquila_SoC/PROFILER/func3_cycles_debug[7]'. [/home/johnny/MPD/aquila_build/src/xdc/arty.xdc:179]
WARNING: [Vivado 12-507] No nets matched 'Aquila_SoC/PROFILER/func3_cycles_debug[8]'. [/home/johnny/MPD/aquila_build/src/xdc/arty.xdc:179]
WARNING: [Vivado 12-507] No nets matched 'Aquila_SoC/PROFILER/func3_cycles_debug[9]'. [/home/johnny/MPD/aquila_build/src/xdc/arty.xdc:179]
WARNING: [Vivado 12-507] No nets matched 'Aquila_SoC/PROFILER/func3_cycles_debug[10]'. [/home/johnny/MPD/aquila_build/src/xdc/arty.xdc:179]
WARNING: [Vivado 12-507] No nets matched 'Aquila_SoC/PROFILER/func3_cycles_debug[11]'. [/home/johnny/MPD/aquila_build/src/xdc/arty.xdc:179]
WARNING: [Vivado 12-507] No nets matched 'Aquila_SoC/PROFILER/func3_cycles_debug[12]'. [/home/johnny/MPD/aquila_build/src/xdc/arty.xdc:179]
WARNING: [Vivado 12-507] No nets matched 'Aquila_SoC/PROFILER/func3_cycles_debug[13]'. [/home/johnny/MPD/aquila_build/src/xdc/arty.xdc:179]
WARNING: [Vivado 12-507] No nets matched 'Aquila_SoC/PROFILER/func3_cycles_debug[14]'. [/home/johnny/MPD/aquila_build/src/xdc/arty.xdc:179]
WARNING: [Vivado 12-507] No nets matched 'Aquila_SoC/PROFILER/func3_cycles_debug[15]'. [/home/johnny/MPD/aquila_build/src/xdc/arty.xdc:179]
WARNING: [Vivado 12-507] No nets matched 'Aquila_SoC/PROFILER/func3_cycles_debug[16]'. [/home/johnny/MPD/aquila_build/src/xdc/arty.xdc:179]
WARNING: [Vivado 12-507] No nets matched 'Aquila_SoC/PROFILER/func3_cycles_debug[17]'. [/home/johnny/MPD/aquila_build/src/xdc/arty.xdc:179]
WARNING: [Vivado 12-507] No nets matched 'Aquila_SoC/PROFILER/func3_cycles_debug[18]'. [/home/johnny/MPD/aquila_build/src/xdc/arty.xdc:179]
WARNING: [Vivado 12-507] No nets matched 'Aquila_SoC/PROFILER/func3_cycles_debug[19]'. [/home/johnny/MPD/aquila_build/src/xdc/arty.xdc:179]
WARNING: [Vivado 12-507] No nets matched 'Aquila_SoC/PROFILER/func3_cycles_debug[20]'. [/home/johnny/MPD/aquila_build/src/xdc/arty.xdc:179]
WARNING: [Vivado 12-507] No nets matched 'Aquila_SoC/PROFILER/func3_cycles_debug[21]'. [/home/johnny/MPD/aquila_build/src/xdc/arty.xdc:179]
WARNING: [Vivado 12-507] No nets matched 'Aquila_SoC/PROFILER/func3_cycles_debug[22]'. [/home/johnny/MPD/aquila_build/src/xdc/arty.xdc:179]
WARNING: [Vivado 12-507] No nets matched 'Aquila_SoC/PROFILER/func3_cycles_debug[23]'. [/home/johnny/MPD/aquila_build/src/xdc/arty.xdc:179]
WARNING: [Vivado 12-507] No nets matched 'Aquila_SoC/PROFILER/func3_cycles_debug[24]'. [/home/johnny/MPD/aquila_build/src/xdc/arty.xdc:179]
WARNING: [Vivado 12-507] No nets matched 'Aquila_SoC/PROFILER/func3_cycles_debug[25]'. [/home/johnny/MPD/aquila_build/src/xdc/arty.xdc:179]
WARNING: [Vivado 12-507] No nets matched 'Aquila_SoC/PROFILER/func3_cycles_debug[26]'. [/home/johnny/MPD/aquila_build/src/xdc/arty.xdc:179]
WARNING: [Vivado 12-507] No nets matched 'Aquila_SoC/PROFILER/func3_cycles_debug[27]'. [/home/johnny/MPD/aquila_build/src/xdc/arty.xdc:179]
WARNING: [Vivado 12-507] No nets matched 'Aquila_SoC/PROFILER/func3_cycles_debug[28]'. [/home/johnny/MPD/aquila_build/src/xdc/arty.xdc:179]
WARNING: [Vivado 12-507] No nets matched 'Aquila_SoC/PROFILER/func3_cycles_debug[29]'. [/home/johnny/MPD/aquila_build/src/xdc/arty.xdc:179]
WARNING: [Vivado 12-507] No nets matched 'Aquila_SoC/PROFILER/func3_cycles_debug[30]'. [/home/johnny/MPD/aquila_build/src/xdc/arty.xdc:179]
WARNING: [Vivado 12-507] No nets matched 'Aquila_SoC/PROFILER/func3_cycles_debug[31]'. [/home/johnny/MPD/aquila_build/src/xdc/arty.xdc:179]
WARNING: [Vivado 12-507] No nets matched 'Aquila_SoC/PROFILER/func3_cycles_debug[32]'. [/home/johnny/MPD/aquila_build/src/xdc/arty.xdc:179]
WARNING: [Vivado 12-507] No nets matched 'Aquila_SoC/PROFILER/func3_cycles_debug[33]'. [/home/johnny/MPD/aquila_build/src/xdc/arty.xdc:179]
WARNING: [Vivado 12-507] No nets matched 'Aquila_SoC/PROFILER/func3_cycles_debug[34]'. [/home/johnny/MPD/aquila_build/src/xdc/arty.xdc:179]
WARNING: [Vivado 12-507] No nets matched 'Aquila_SoC/PROFILER/func3_cycles_debug[35]'. [/home/johnny/MPD/aquila_build/src/xdc/arty.xdc:179]
INFO: [Common 17-14] Message 'Vivado 12-507' appears 100 times and further instances of the messages will be disabled. Use the Tcl command set_msg_config to change the current settings. [/home/johnny/MPD/aquila_build/src/xdc/arty.xdc:179]
CRITICAL WARNING: [Vivado 12-1419] Debug core 'u_ila_0' was not found. [/home/johnny/MPD/aquila_build/src/xdc/arty.xdc:179]
CRITICAL WARNING: [Vivado 12-1419] Debug core 'u_ila_0' was not found. [/home/johnny/MPD/aquila_build/src/xdc/arty.xdc:180]
CRITICAL WARNING: [Vivado 12-1419] Debug core 'u_ila_0' was not found. [/home/johnny/MPD/aquila_build/src/xdc/arty.xdc:181]
CRITICAL WARNING: [Vivado 12-1419] Debug core 'u_ila_0' was not found. [/home/johnny/MPD/aquila_build/src/xdc/arty.xdc:182]
CRITICAL WARNING: [Vivado 12-1419] Debug core 'u_ila_0' was not found. [/home/johnny/MPD/aquila_build/src/xdc/arty.xdc:183]
CRITICAL WARNING: [Vivado 12-1419] Debug core 'u_ila_0' was not found. [/home/johnny/MPD/aquila_build/src/xdc/arty.xdc:184]
CRITICAL WARNING: [Vivado 12-1419] Debug core 'u_ila_0' was not found. [/home/johnny/MPD/aquila_build/src/xdc/arty.xdc:185]
CRITICAL WARNING: [Vivado 12-1419] Debug core 'u_ila_0' was not found. [/home/johnny/MPD/aquila_build/src/xdc/arty.xdc:186]
CRITICAL WARNING: [Vivado 12-1419] Debug core 'u_ila_0' was not found. [/home/johnny/MPD/aquila_build/src/xdc/arty.xdc:187]
CRITICAL WARNING: [Vivado 12-1419] Debug core 'u_ila_0' was not found. [/home/johnny/MPD/aquila_build/src/xdc/arty.xdc:188]
CRITICAL WARNING: [Vivado 12-1419] Debug core 'u_ila_0' was not found. [/home/johnny/MPD/aquila_build/src/xdc/arty.xdc:189]
CRITICAL WARNING: [Vivado 12-1419] Debug core 'u_ila_0' was not found. [/home/johnny/MPD/aquila_build/src/xdc/arty.xdc:190]
CRITICAL WARNING: [Vivado 12-1419] Debug core 'u_ila_0' was not found. [/home/johnny/MPD/aquila_build/src/xdc/arty.xdc:191]
CRITICAL WARNING: [Vivado 12-1419] Debug core 'u_ila_0' was not found. [/home/johnny/MPD/aquila_build/src/xdc/arty.xdc:192]
CRITICAL WARNING: [Vivado 12-1419] Debug core 'u_ila_0' was not found. [/home/johnny/MPD/aquila_build/src/xdc/arty.xdc:193]
CRITICAL WARNING: [Vivado 12-1419] Debug core 'u_ila_0' was not found. [/home/johnny/MPD/aquila_build/src/xdc/arty.xdc:194]
CRITICAL WARNING: [Vivado 12-1419] Debug core 'u_ila_0' was not found. [/home/johnny/MPD/aquila_build/src/xdc/arty.xdc:195]
CRITICAL WARNING: [Vivado 12-1419] Debug core 'u_ila_0' was not found. [/home/johnny/MPD/aquila_build/src/xdc/arty.xdc:196]
Finished Parsing XDC File [/home/johnny/MPD/aquila_build/src/xdc/arty.xdc]
Parsing XDC File [/home/johnny/MPD/aquila_build/aquila_ap/aquila_ap.gen/sources_1/ip/axi_quad_spi_0/axi_quad_spi_0_clocks.xdc] for cell 'SD_Card_Controller/U0'
Finished Parsing XDC File [/home/johnny/MPD/aquila_build/aquila_ap/aquila_ap.gen/sources_1/ip/axi_quad_spi_0/axi_quad_spi_0_clocks.xdc] for cell 'SD_Card_Controller/U0'
WARNING: [XPM_CDC_GRAY: TCL-1000] The source and destination clocks are the same. 
     Instance: SD_Card_Controller/U0/NO_DUAL_QUAD_MODE.QSPI_NORMAL/QSPI_LEGACY_MD_GEN.QSPI_CORE_INTERFACE_I/FIFO_EXISTS.TX_FIFO_II/xpm_fifo_instance.xpm_fifo_async_inst/gnuram_async_fifo.xpm_fifo_base_inst/gen_cdc_pntr.rd_pntr_cdc_inst 
  This will add unnecessary latency to the design. Please check the design for the following: 
 1) Manually instantiated XPM_CDC modules: AMD recommends that you remove these modules. 
 2) AMD IP that contains XPM_CDC modules: Verify the connections to the IP to determine whether you can safely ignore this message.
 [/tools/Xilinx/Vivado/2024.1/data/ip/xpm/xpm_cdc/tcl/xpm_cdc_gray.tcl:16]
WARNING: [XPM_CDC_GRAY: TCL-1000] The source and destination clocks are the same. 
     Instance: SD_Card_Controller/U0/NO_DUAL_QUAD_MODE.QSPI_NORMAL/QSPI_LEGACY_MD_GEN.QSPI_CORE_INTERFACE_I/FIFO_EXISTS.RX_FIFO_II/gnuram_async_fifo.xpm_fifo_base_inst/gen_cdc_pntr.wr_pntr_cdc_inst 
  This will add unnecessary latency to the design. Please check the design for the following: 
 1) Manually instantiated XPM_CDC modules: AMD recommends that you remove these modules. 
 2) AMD IP that contains XPM_CDC modules: Verify the connections to the IP to determine whether you can safely ignore this message.
 [/tools/Xilinx/Vivado/2024.1/data/ip/xpm/xpm_cdc/tcl/xpm_cdc_gray.tcl:16]
WARNING: [XPM_CDC_GRAY: TCL-1000] The source and destination clocks are the same. 
     Instance: SD_Card_Controller/U0/NO_DUAL_QUAD_MODE.QSPI_NORMAL/QSPI_LEGACY_MD_GEN.QSPI_CORE_INTERFACE_I/FIFO_EXISTS.RX_FIFO_II/gnuram_async_fifo.xpm_fifo_base_inst/gen_cdc_pntr.rd_pntr_cdc_inst 
  This will add unnecessary latency to the design. Please check the design for the following: 
 1) Manually instantiated XPM_CDC modules: AMD recommends that you remove these modules. 
 2) AMD IP that contains XPM_CDC modules: Verify the connections to the IP to determine whether you can safely ignore this message.
 [/tools/Xilinx/Vivado/2024.1/data/ip/xpm/xpm_cdc/tcl/xpm_cdc_gray.tcl:16]
WARNING: [XPM_CDC_GRAY: TCL-1000] The source and destination clocks are the same. 
     Instance: SD_Card_Controller/U0/NO_DUAL_QUAD_MODE.QSPI_NORMAL/QSPI_LEGACY_MD_GEN.QSPI_CORE_INTERFACE_I/FIFO_EXISTS.TX_FIFO_II/xpm_fifo_instance.xpm_fifo_async_inst/gnuram_async_fifo.xpm_fifo_base_inst/gen_cdc_pntr.wr_pntr_cdc_inst 
  This will add unnecessary latency to the design. Please check the design for the following: 
 1) Manually instantiated XPM_CDC modules: AMD recommends that you remove these modules. 
 2) AMD IP that contains XPM_CDC modules: Verify the connections to the IP to determine whether you can safely ignore this message.
 [/tools/Xilinx/Vivado/2024.1/data/ip/xpm/xpm_cdc/tcl/xpm_cdc_gray.tcl:16]
WARNING: [XPM_CDC_GRAY: TCL-1000] The source and destination clocks are the same. 
     Instance: SD_Card_Controller/U0/NO_DUAL_QUAD_MODE.QSPI_NORMAL/QSPI_LEGACY_MD_GEN.QSPI_CORE_INTERFACE_I/FIFO_EXISTS.TX_FIFO_II/xpm_fifo_instance.xpm_fifo_async_inst/gnuram_async_fifo.xpm_fifo_base_inst/gen_cdc_pntr.wr_pntr_cdc_dc_inst 
  This will add unnecessary latency to the design. Please check the design for the following: 
 1) Manually instantiated XPM_CDC modules: AMD recommends that you remove these modules. 
 2) AMD IP that contains XPM_CDC modules: Verify the connections to the IP to determine whether you can safely ignore this message.
 [/tools/Xilinx/Vivado/2024.1/data/ip/xpm/xpm_cdc/tcl/xpm_cdc_gray.tcl:16]
WARNING: [XPM_CDC_GRAY: TCL-1000] The source and destination clocks are the same. 
     Instance: SD_Card_Controller/U0/NO_DUAL_QUAD_MODE.QSPI_NORMAL/QSPI_LEGACY_MD_GEN.QSPI_CORE_INTERFACE_I/FIFO_EXISTS.RX_FIFO_II/gnuram_async_fifo.xpm_fifo_base_inst/gen_cdc_pntr.wr_pntr_cdc_dc_inst 
  This will add unnecessary latency to the design. Please check the design for the following: 
 1) Manually instantiated XPM_CDC modules: AMD recommends that you remove these modules. 
 2) AMD IP that contains XPM_CDC modules: Verify the connections to the IP to determine whether you can safely ignore this message.
 [/tools/Xilinx/Vivado/2024.1/data/ip/xpm/xpm_cdc/tcl/xpm_cdc_gray.tcl:16]
WARNING: [XPM_CDC_GRAY: TCL-1000] The source and destination clocks are the same. 
     Instance: SD_Card_Controller/U0/NO_DUAL_QUAD_MODE.QSPI_NORMAL/QSPI_LEGACY_MD_GEN.QSPI_CORE_INTERFACE_I/FIFO_EXISTS.TX_FIFO_II/xpm_fifo_instance.xpm_fifo_async_inst/gnuram_async_fifo.xpm_fifo_base_inst/gen_cdc_pntr.rd_pntr_cdc_dc_inst 
  This will add unnecessary latency to the design. Please check the design for the following: 
 1) Manually instantiated XPM_CDC modules: AMD recommends that you remove these modules. 
 2) AMD IP that contains XPM_CDC modules: Verify the connections to the IP to determine whether you can safely ignore this message.
 [/tools/Xilinx/Vivado/2024.1/data/ip/xpm/xpm_cdc/tcl/xpm_cdc_gray.tcl:16]
WARNING: [XPM_CDC_GRAY: TCL-1000] The source and destination clocks are the same. 
     Instance: SD_Card_Controller/U0/NO_DUAL_QUAD_MODE.QSPI_NORMAL/QSPI_LEGACY_MD_GEN.QSPI_CORE_INTERFACE_I/FIFO_EXISTS.RX_FIFO_II/gnuram_async_fifo.xpm_fifo_base_inst/gen_cdc_pntr.rd_pntr_cdc_dc_inst 
  This will add unnecessary latency to the design. Please check the design for the following: 
 1) Manually instantiated XPM_CDC modules: AMD recommends that you remove these modules. 
 2) AMD IP that contains XPM_CDC modules: Verify the connections to the IP to determine whether you can safely ignore this message.
 [/tools/Xilinx/Vivado/2024.1/data/ip/xpm/xpm_cdc/tcl/xpm_cdc_gray.tcl:16]
INFO: [Project 1-1714] 14 XPM XDC files have been applied to the design.
INFO: [Opt 31-138] Pushed 0 inverter(s) to 0 load pin(s).
WARNING: [Constraints 18-5572] Instance SD_Card_Controller/U0/NO_DUAL_QUAD_MODE.QSPI_NORMAL/IO0_I_REG has IOB constraint set, However, the instance does not seem to have valid I/O connection to be placed into I/O. The constraint on the instance will be ignored.
INFO: [Project 1-1687] 4 scoped IP constraints or related sub-commands were skipped due to synthesis logic optimizations usually triggered by constant connectivity or unconnected output pins. To review the skipped constraints and messages, run the command 'set_param netlist.IPMsgFiltering false' before opening the design.
Netlist sorting complete. Time (s): cpu = 00:00:00.01 ; elapsed = 00:00:00.01 . Memory (MB): peak = 9045.484 ; gain = 0.000 ; free physical = 1988 ; free virtual = 11725
INFO: [Project 1-111] Unisim Transformation Summary:
  A total of 11 instances were transformed.
  RAM32M => RAM32M (RAMD32(x6), RAMS32(x2)): 11 instances

open_run: Time (s): cpu = 00:00:33 ; elapsed = 00:00:27 . Memory (MB): peak = 9109.227 ; gain = 1067.477 ; free physical = 1859 ; free virtual = 11608
delete_debug_core [get_debug_cores {u_ila_0 }]
create_debug_core u_ila_0 ila
set_property C_DATA_DEPTH 4096 [get_debug_cores u_ila_0]
set_property C_TRIGIN_EN false [get_debug_cores u_ila_0]
set_property C_TRIGOUT_EN false [get_debug_cores u_ila_0]
set_property C_ADV_TRIGGER false [get_debug_cores u_ila_0]
set_property C_INPUT_PIPE_STAGES 0 [get_debug_cores u_ila_0]
set_property C_EN_STRG_QUAL false [get_debug_cores u_ila_0]
set_property ALL_PROBE_SAME_MU true [get_debug_cores u_ila_0]
set_property ALL_PROBE_SAME_MU_CNT 1 [get_debug_cores u_ila_0]
startgroup 
set_property C_EN_STRG_QUAL true [get_debug_cores u_ila_0 ]
set_property C_ADV_TRIGGER true [get_debug_cores u_ila_0 ]
set_property ALL_PROBE_SAME_MU true [get_debug_cores u_ila_0 ]
set_property ALL_PROBE_SAME_MU_CNT 4 [get_debug_cores u_ila_0 ]
endgroup
connect_debug_port u_ila_0/clk [get_nets [list Clock_Generator/inst/clk_out1 ]]
set_property port_width 64 [get_debug_ports u_ila_0/probe0]
set_property PROBE_TYPE DATA_AND_TRIGGER [get_debug_ports u_ila_0/probe0]
connect_debug_port u_ila_0/probe0 [get_nets [list {Aquila_SoC/RISCV_CORE0/BPU_Profiler/bht_hit_rate_denominator_debug[0]} {Aquila_SoC/RISCV_CORE0/BPU_Profiler/bht_hit_rate_denominator_debug[1]} {Aquila_SoC/RISCV_CORE0/BPU_Profiler/bht_hit_rate_denominator_debug[2]} {Aquila_SoC/RISCV_CORE0/BPU_Profiler/bht_hit_rate_denominator_debug[3]} {Aquila_SoC/RISCV_CORE0/BPU_Profiler/bht_hit_rate_denominator_debug[4]} {Aquila_SoC/RISCV_CORE0/BPU_Profiler/bht_hit_rate_denominator_debug[5]} {Aquila_SoC/RISCV_CORE0/BPU_Profiler/bht_hit_rate_denominator_debug[6]} {Aquila_SoC/RISCV_CORE0/BPU_Profiler/bht_hit_rate_denominator_debug[7]} {Aquila_SoC/RISCV_CORE0/BPU_Profiler/bht_hit_rate_denominator_debug[8]} {Aquila_SoC/RISCV_CORE0/BPU_Profiler/bht_hit_rate_denominator_debug[9]} {Aquila_SoC/RISCV_CORE0/BPU_Profiler/bht_hit_rate_denominator_debug[10]} {Aquila_SoC/RISCV_CORE0/BPU_Profiler/bht_hit_rate_denominator_debug[11]} {Aquila_SoC/RISCV_CORE0/BPU_Profiler/bht_hit_rate_denominator_debug[12]} {Aquila_SoC/RISCV_CORE0/BPU_Profiler/bht_hit_rate_denominator_debug[13]} {Aquila_SoC/RISCV_CORE0/BPU_Profiler/bht_hit_rate_denominator_debug[14]} {Aquila_SoC/RISCV_CORE0/BPU_Profiler/bht_hit_rate_denominator_debug[15]} {Aquila_SoC/RISCV_CORE0/BPU_Profiler/bht_hit_rate_denominator_debug[16]} {Aquila_SoC/RISCV_CORE0/BPU_Profiler/bht_hit_rate_denominator_debug[17]} {Aquila_SoC/RISCV_CORE0/BPU_Profiler/bht_hit_rate_denominator_debug[18]} {Aquila_SoC/RISCV_CORE0/BPU_Profiler/bht_hit_rate_denominator_debug[19]} {Aquila_SoC/RISCV_CORE0/BPU_Profiler/bht_hit_rate_denominator_debug[20]} {Aquila_SoC/RISCV_CORE0/BPU_Profiler/bht_hit_rate_denominator_debug[21]} {Aquila_SoC/RISCV_CORE0/BPU_Profiler/bht_hit_rate_denominator_debug[22]} {Aquila_SoC/RISCV_CORE0/BPU_Profiler/bht_hit_rate_denominator_debug[23]} {Aquila_SoC/RISCV_CORE0/BPU_Profiler/bht_hit_rate_denominator_debug[24]} {Aquila_SoC/RISCV_CORE0/BPU_Profiler/bht_hit_rate_denominator_debug[25]} {Aquila_SoC/RISCV_CORE0/BPU_Profiler/bht_hit_rate_denominator_debug[26]} {Aquila_SoC/RISCV_CORE0/BPU_Profiler/bht_hit_rate_denominator_debug[27]} {Aquila_SoC/RISCV_CORE0/BPU_Profiler/bht_hit_rate_denominator_debug[28]} {Aquila_SoC/RISCV_CORE0/BPU_Profiler/bht_hit_rate_denominator_debug[29]} {Aquila_SoC/RISCV_CORE0/BPU_Profiler/bht_hit_rate_denominator_debug[30]} {Aquila_SoC/RISCV_CORE0/BPU_Profiler/bht_hit_rate_denominator_debug[31]} {Aquila_SoC/RISCV_CORE0/BPU_Profiler/bht_hit_rate_denominator_debug[32]} {Aquila_SoC/RISCV_CORE0/BPU_Profiler/bht_hit_rate_denominator_debug[33]} {Aquila_SoC/RISCV_CORE0/BPU_Profiler/bht_hit_rate_denominator_debug[34]} {Aquila_SoC/RISCV_CORE0/BPU_Profiler/bht_hit_rate_denominator_debug[35]} {Aquila_SoC/RISCV_CORE0/BPU_Profiler/bht_hit_rate_denominator_debug[36]} {Aquila_SoC/RISCV_CORE0/BPU_Profiler/bht_hit_rate_denominator_debug[37]} {Aquila_SoC/RISCV_CORE0/BPU_Profiler/bht_hit_rate_denominator_debug[38]} {Aquila_SoC/RISCV_CORE0/BPU_Profiler/bht_hit_rate_denominator_debug[39]} {Aquila_SoC/RISCV_CORE0/BPU_Profiler/bht_hit_rate_denominator_debug[40]} {Aquila_SoC/RISCV_CORE0/BPU_Profiler/bht_hit_rate_denominator_debug[41]} {Aquila_SoC/RISCV_CORE0/BPU_Profiler/bht_hit_rate_denominator_debug[42]} {Aquila_SoC/RISCV_CORE0/BPU_Profiler/bht_hit_rate_denominator_debug[43]} {Aquila_SoC/RISCV_CORE0/BPU_Profiler/bht_hit_rate_denominator_debug[44]} {Aquila_SoC/RISCV_CORE0/BPU_Profiler/bht_hit_rate_denominator_debug[45]} {Aquila_SoC/RISCV_CORE0/BPU_Profiler/bht_hit_rate_denominator_debug[46]} {Aquila_SoC/RISCV_CORE0/BPU_Profiler/bht_hit_rate_denominator_debug[47]} {Aquila_SoC/RISCV_CORE0/BPU_Profiler/bht_hit_rate_denominator_debug[48]} {Aquila_SoC/RISCV_CORE0/BPU_Profiler/bht_hit_rate_denominator_debug[49]} {Aquila_SoC/RISCV_CORE0/BPU_Profiler/bht_hit_rate_denominator_debug[50]} {Aquila_SoC/RISCV_CORE0/BPU_Profiler/bht_hit_rate_denominator_debug[51]} {Aquila_SoC/RISCV_CORE0/BPU_Profiler/bht_hit_rate_denominator_debug[52]} {Aquila_SoC/RISCV_CORE0/BPU_Profiler/bht_hit_rate_denominator_debug[53]} {Aquila_SoC/RISCV_CORE0/BPU_Profiler/bht_hit_rate_denominator_debug[54]} {Aquila_SoC/RISCV_CORE0/BPU_Profiler/bht_hit_rate_denominator_debug[55]} {Aquila_SoC/RISCV_CORE0/BPU_Profiler/bht_hit_rate_denominator_debug[56]} {Aquila_SoC/RISCV_CORE0/BPU_Profiler/bht_hit_rate_denominator_debug[57]} {Aquila_SoC/RISCV_CORE0/BPU_Profiler/bht_hit_rate_denominator_debug[58]} {Aquila_SoC/RISCV_CORE0/BPU_Profiler/bht_hit_rate_denominator_debug[59]} {Aquila_SoC/RISCV_CORE0/BPU_Profiler/bht_hit_rate_denominator_debug[60]} {Aquila_SoC/RISCV_CORE0/BPU_Profiler/bht_hit_rate_denominator_debug[61]} {Aquila_SoC/RISCV_CORE0/BPU_Profiler/bht_hit_rate_denominator_debug[62]} {Aquila_SoC/RISCV_CORE0/BPU_Profiler/bht_hit_rate_denominator_debug[63]} ]]
create_debug_port u_ila_0 probe
set_property port_width 64 [get_debug_ports u_ila_0/probe1]
set_property PROBE_TYPE DATA_AND_TRIGGER [get_debug_ports u_ila_0/probe1]
connect_debug_port u_ila_0/probe1 [get_nets [list {Aquila_SoC/RISCV_CORE0/BPU_Profiler/bht_misses_debug[0]} {Aquila_SoC/RISCV_CORE0/BPU_Profiler/bht_misses_debug[1]} {Aquila_SoC/RISCV_CORE0/BPU_Profiler/bht_misses_debug[2]} {Aquila_SoC/RISCV_CORE0/BPU_Profiler/bht_misses_debug[3]} {Aquila_SoC/RISCV_CORE0/BPU_Profiler/bht_misses_debug[4]} {Aquila_SoC/RISCV_CORE0/BPU_Profiler/bht_misses_debug[5]} {Aquila_SoC/RISCV_CORE0/BPU_Profiler/bht_misses_debug[6]} {Aquila_SoC/RISCV_CORE0/BPU_Profiler/bht_misses_debug[7]} {Aquila_SoC/RISCV_CORE0/BPU_Profiler/bht_misses_debug[8]} {Aquila_SoC/RISCV_CORE0/BPU_Profiler/bht_misses_debug[9]} {Aquila_SoC/RISCV_CORE0/BPU_Profiler/bht_misses_debug[10]} {Aquila_SoC/RISCV_CORE0/BPU_Profiler/bht_misses_debug[11]} {Aquila_SoC/RISCV_CORE0/BPU_Profiler/bht_misses_debug[12]} {Aquila_SoC/RISCV_CORE0/BPU_Profiler/bht_misses_debug[13]} {Aquila_SoC/RISCV_CORE0/BPU_Profiler/bht_misses_debug[14]} {Aquila_SoC/RISCV_CORE0/BPU_Profiler/bht_misses_debug[15]} {Aquila_SoC/RISCV_CORE0/BPU_Profiler/bht_misses_debug[16]} {Aquila_SoC/RISCV_CORE0/BPU_Profiler/bht_misses_debug[17]} {Aquila_SoC/RISCV_CORE0/BPU_Profiler/bht_misses_debug[18]} {Aquila_SoC/RISCV_CORE0/BPU_Profiler/bht_misses_debug[19]} {Aquila_SoC/RISCV_CORE0/BPU_Profiler/bht_misses_debug[20]} {Aquila_SoC/RISCV_CORE0/BPU_Profiler/bht_misses_debug[21]} {Aquila_SoC/RISCV_CORE0/BPU_Profiler/bht_misses_debug[22]} {Aquila_SoC/RISCV_CORE0/BPU_Profiler/bht_misses_debug[23]} {Aquila_SoC/RISCV_CORE0/BPU_Profiler/bht_misses_debug[24]} {Aquila_SoC/RISCV_CORE0/BPU_Profiler/bht_misses_debug[25]} {Aquila_SoC/RISCV_CORE0/BPU_Profiler/bht_misses_debug[26]} {Aquila_SoC/RISCV_CORE0/BPU_Profiler/bht_misses_debug[27]} {Aquila_SoC/RISCV_CORE0/BPU_Profiler/bht_misses_debug[28]} {Aquila_SoC/RISCV_CORE0/BPU_Profiler/bht_misses_debug[29]} {Aquila_SoC/RISCV_CORE0/BPU_Profiler/bht_misses_debug[30]} {Aquila_SoC/RISCV_CORE0/BPU_Profiler/bht_misses_debug[31]} {Aquila_SoC/RISCV_CORE0/BPU_Profiler/bht_misses_debug[32]} {Aquila_SoC/RISCV_CORE0/BPU_Profiler/bht_misses_debug[33]} {Aquila_SoC/RISCV_CORE0/BPU_Profiler/bht_misses_debug[34]} {Aquila_SoC/RISCV_CORE0/BPU_Profiler/bht_misses_debug[35]} {Aquila_SoC/RISCV_CORE0/BPU_Profiler/bht_misses_debug[36]} {Aquila_SoC/RISCV_CORE0/BPU_Profiler/bht_misses_debug[37]} {Aquila_SoC/RISCV_CORE0/BPU_Profiler/bht_misses_debug[38]} {Aquila_SoC/RISCV_CORE0/BPU_Profiler/bht_misses_debug[39]} {Aquila_SoC/RISCV_CORE0/BPU_Profiler/bht_misses_debug[40]} {Aquila_SoC/RISCV_CORE0/BPU_Profiler/bht_misses_debug[41]} {Aquila_SoC/RISCV_CORE0/BPU_Profiler/bht_misses_debug[42]} {Aquila_SoC/RISCV_CORE0/BPU_Profiler/bht_misses_debug[43]} {Aquila_SoC/RISCV_CORE0/BPU_Profiler/bht_misses_debug[44]} {Aquila_SoC/RISCV_CORE0/BPU_Profiler/bht_misses_debug[45]} {Aquila_SoC/RISCV_CORE0/BPU_Profiler/bht_misses_debug[46]} {Aquila_SoC/RISCV_CORE0/BPU_Profiler/bht_misses_debug[47]} {Aquila_SoC/RISCV_CORE0/BPU_Profiler/bht_misses_debug[48]} {Aquila_SoC/RISCV_CORE0/BPU_Profiler/bht_misses_debug[49]} {Aquila_SoC/RISCV_CORE0/BPU_Profiler/bht_misses_debug[50]} {Aquila_SoC/RISCV_CORE0/BPU_Profiler/bht_misses_debug[51]} {Aquila_SoC/RISCV_CORE0/BPU_Profiler/bht_misses_debug[52]} {Aquila_SoC/RISCV_CORE0/BPU_Profiler/bht_misses_debug[53]} {Aquila_SoC/RISCV_CORE0/BPU_Profiler/bht_misses_debug[54]} {Aquila_SoC/RISCV_CORE0/BPU_Profiler/bht_misses_debug[55]} {Aquila_SoC/RISCV_CORE0/BPU_Profiler/bht_misses_debug[56]} {Aquila_SoC/RISCV_CORE0/BPU_Profiler/bht_misses_debug[57]} {Aquila_SoC/RISCV_CORE0/BPU_Profiler/bht_misses_debug[58]} {Aquila_SoC/RISCV_CORE0/BPU_Profiler/bht_misses_debug[59]} {Aquila_SoC/RISCV_CORE0/BPU_Profiler/bht_misses_debug[60]} {Aquila_SoC/RISCV_CORE0/BPU_Profiler/bht_misses_debug[61]} {Aquila_SoC/RISCV_CORE0/BPU_Profiler/bht_misses_debug[62]} {Aquila_SoC/RISCV_CORE0/BPU_Profiler/bht_misses_debug[63]} ]]
create_debug_port u_ila_0 probe
set_property port_width 64 [get_debug_ports u_ila_0/probe2]
set_property PROBE_TYPE DATA_AND_TRIGGER [get_debug_ports u_ila_0/probe2]
connect_debug_port u_ila_0/probe2 [get_nets [list {Aquila_SoC/RISCV_CORE0/BPU_Profiler/bht_hit_rate_numerator_debug[0]} {Aquila_SoC/RISCV_CORE0/BPU_Profiler/bht_hit_rate_numerator_debug[1]} {Aquila_SoC/RISCV_CORE0/BPU_Profiler/bht_hit_rate_numerator_debug[2]} {Aquila_SoC/RISCV_CORE0/BPU_Profiler/bht_hit_rate_numerator_debug[3]} {Aquila_SoC/RISCV_CORE0/BPU_Profiler/bht_hit_rate_numerator_debug[4]} {Aquila_SoC/RISCV_CORE0/BPU_Profiler/bht_hit_rate_numerator_debug[5]} {Aquila_SoC/RISCV_CORE0/BPU_Profiler/bht_hit_rate_numerator_debug[6]} {Aquila_SoC/RISCV_CORE0/BPU_Profiler/bht_hit_rate_numerator_debug[7]} {Aquila_SoC/RISCV_CORE0/BPU_Profiler/bht_hit_rate_numerator_debug[8]} {Aquila_SoC/RISCV_CORE0/BPU_Profiler/bht_hit_rate_numerator_debug[9]} {Aquila_SoC/RISCV_CORE0/BPU_Profiler/bht_hit_rate_numerator_debug[10]} {Aquila_SoC/RISCV_CORE0/BPU_Profiler/bht_hit_rate_numerator_debug[11]} {Aquila_SoC/RISCV_CORE0/BPU_Profiler/bht_hit_rate_numerator_debug[12]} {Aquila_SoC/RISCV_CORE0/BPU_Profiler/bht_hit_rate_numerator_debug[13]} {Aquila_SoC/RISCV_CORE0/BPU_Profiler/bht_hit_rate_numerator_debug[14]} {Aquila_SoC/RISCV_CORE0/BPU_Profiler/bht_hit_rate_numerator_debug[15]} {Aquila_SoC/RISCV_CORE0/BPU_Profiler/bht_hit_rate_numerator_debug[16]} {Aquila_SoC/RISCV_CORE0/BPU_Profiler/bht_hit_rate_numerator_debug[17]} {Aquila_SoC/RISCV_CORE0/BPU_Profiler/bht_hit_rate_numerator_debug[18]} {Aquila_SoC/RISCV_CORE0/BPU_Profiler/bht_hit_rate_numerator_debug[19]} {Aquila_SoC/RISCV_CORE0/BPU_Profiler/bht_hit_rate_numerator_debug[20]} {Aquila_SoC/RISCV_CORE0/BPU_Profiler/bht_hit_rate_numerator_debug[21]} {Aquila_SoC/RISCV_CORE0/BPU_Profiler/bht_hit_rate_numerator_debug[22]} {Aquila_SoC/RISCV_CORE0/BPU_Profiler/bht_hit_rate_numerator_debug[23]} {Aquila_SoC/RISCV_CORE0/BPU_Profiler/bht_hit_rate_numerator_debug[24]} {Aquila_SoC/RISCV_CORE0/BPU_Profiler/bht_hit_rate_numerator_debug[25]} {Aquila_SoC/RISCV_CORE0/BPU_Profiler/bht_hit_rate_numerator_debug[26]} {Aquila_SoC/RISCV_CORE0/BPU_Profiler/bht_hit_rate_numerator_debug[27]} {Aquila_SoC/RISCV_CORE0/BPU_Profiler/bht_hit_rate_numerator_debug[28]} {Aquila_SoC/RISCV_CORE0/BPU_Profiler/bht_hit_rate_numerator_debug[29]} {Aquila_SoC/RISCV_CORE0/BPU_Profiler/bht_hit_rate_numerator_debug[30]} {Aquila_SoC/RISCV_CORE0/BPU_Profiler/bht_hit_rate_numerator_debug[31]} {Aquila_SoC/RISCV_CORE0/BPU_Profiler/bht_hit_rate_numerator_debug[32]} {Aquila_SoC/RISCV_CORE0/BPU_Profiler/bht_hit_rate_numerator_debug[33]} {Aquila_SoC/RISCV_CORE0/BPU_Profiler/bht_hit_rate_numerator_debug[34]} {Aquila_SoC/RISCV_CORE0/BPU_Profiler/bht_hit_rate_numerator_debug[35]} {Aquila_SoC/RISCV_CORE0/BPU_Profiler/bht_hit_rate_numerator_debug[36]} {Aquila_SoC/RISCV_CORE0/BPU_Profiler/bht_hit_rate_numerator_debug[37]} {Aquila_SoC/RISCV_CORE0/BPU_Profiler/bht_hit_rate_numerator_debug[38]} {Aquila_SoC/RISCV_CORE0/BPU_Profiler/bht_hit_rate_numerator_debug[39]} {Aquila_SoC/RISCV_CORE0/BPU_Profiler/bht_hit_rate_numerator_debug[40]} {Aquila_SoC/RISCV_CORE0/BPU_Profiler/bht_hit_rate_numerator_debug[41]} {Aquila_SoC/RISCV_CORE0/BPU_Profiler/bht_hit_rate_numerator_debug[42]} {Aquila_SoC/RISCV_CORE0/BPU_Profiler/bht_hit_rate_numerator_debug[43]} {Aquila_SoC/RISCV_CORE0/BPU_Profiler/bht_hit_rate_numerator_debug[44]} {Aquila_SoC/RISCV_CORE0/BPU_Profiler/bht_hit_rate_numerator_debug[45]} {Aquila_SoC/RISCV_CORE0/BPU_Profiler/bht_hit_rate_numerator_debug[46]} {Aquila_SoC/RISCV_CORE0/BPU_Profiler/bht_hit_rate_numerator_debug[47]} {Aquila_SoC/RISCV_CORE0/BPU_Profiler/bht_hit_rate_numerator_debug[48]} {Aquila_SoC/RISCV_CORE0/BPU_Profiler/bht_hit_rate_numerator_debug[49]} {Aquila_SoC/RISCV_CORE0/BPU_Profiler/bht_hit_rate_numerator_debug[50]} {Aquila_SoC/RISCV_CORE0/BPU_Profiler/bht_hit_rate_numerator_debug[51]} {Aquila_SoC/RISCV_CORE0/BPU_Profiler/bht_hit_rate_numerator_debug[52]} {Aquila_SoC/RISCV_CORE0/BPU_Profiler/bht_hit_rate_numerator_debug[53]} {Aquila_SoC/RISCV_CORE0/BPU_Profiler/bht_hit_rate_numerator_debug[54]} {Aquila_SoC/RISCV_CORE0/BPU_Profiler/bht_hit_rate_numerator_debug[55]} {Aquila_SoC/RISCV_CORE0/BPU_Profiler/bht_hit_rate_numerator_debug[56]} {Aquila_SoC/RISCV_CORE0/BPU_Profiler/bht_hit_rate_numerator_debug[57]} {Aquila_SoC/RISCV_CORE0/BPU_Profiler/bht_hit_rate_numerator_debug[58]} {Aquila_SoC/RISCV_CORE0/BPU_Profiler/bht_hit_rate_numerator_debug[59]} {Aquila_SoC/RISCV_CORE0/BPU_Profiler/bht_hit_rate_numerator_debug[60]} {Aquila_SoC/RISCV_CORE0/BPU_Profiler/bht_hit_rate_numerator_debug[61]} {Aquila_SoC/RISCV_CORE0/BPU_Profiler/bht_hit_rate_numerator_debug[62]} {Aquila_SoC/RISCV_CORE0/BPU_Profiler/bht_hit_rate_numerator_debug[63]} ]]
create_debug_port u_ila_0 probe
set_property port_width 64 [get_debug_ports u_ila_0/probe3]
set_property PROBE_TYPE DATA_AND_TRIGGER [get_debug_ports u_ila_0/probe3]
connect_debug_port u_ila_0/probe3 [get_nets [list {Aquila_SoC/RISCV_CORE0/BPU_Profiler/bht_hits_debug[0]} {Aquila_SoC/RISCV_CORE0/BPU_Profiler/bht_hits_debug[1]} {Aquila_SoC/RISCV_CORE0/BPU_Profiler/bht_hits_debug[2]} {Aquila_SoC/RISCV_CORE0/BPU_Profiler/bht_hits_debug[3]} {Aquila_SoC/RISCV_CORE0/BPU_Profiler/bht_hits_debug[4]} {Aquila_SoC/RISCV_CORE0/BPU_Profiler/bht_hits_debug[5]} {Aquila_SoC/RISCV_CORE0/BPU_Profiler/bht_hits_debug[6]} {Aquila_SoC/RISCV_CORE0/BPU_Profiler/bht_hits_debug[7]} {Aquila_SoC/RISCV_CORE0/BPU_Profiler/bht_hits_debug[8]} {Aquila_SoC/RISCV_CORE0/BPU_Profiler/bht_hits_debug[9]} {Aquila_SoC/RISCV_CORE0/BPU_Profiler/bht_hits_debug[10]} {Aquila_SoC/RISCV_CORE0/BPU_Profiler/bht_hits_debug[11]} {Aquila_SoC/RISCV_CORE0/BPU_Profiler/bht_hits_debug[12]} {Aquila_SoC/RISCV_CORE0/BPU_Profiler/bht_hits_debug[13]} {Aquila_SoC/RISCV_CORE0/BPU_Profiler/bht_hits_debug[14]} {Aquila_SoC/RISCV_CORE0/BPU_Profiler/bht_hits_debug[15]} {Aquila_SoC/RISCV_CORE0/BPU_Profiler/bht_hits_debug[16]} {Aquila_SoC/RISCV_CORE0/BPU_Profiler/bht_hits_debug[17]} {Aquila_SoC/RISCV_CORE0/BPU_Profiler/bht_hits_debug[18]} {Aquila_SoC/RISCV_CORE0/BPU_Profiler/bht_hits_debug[19]} {Aquila_SoC/RISCV_CORE0/BPU_Profiler/bht_hits_debug[20]} {Aquila_SoC/RISCV_CORE0/BPU_Profiler/bht_hits_debug[21]} {Aquila_SoC/RISCV_CORE0/BPU_Profiler/bht_hits_debug[22]} {Aquila_SoC/RISCV_CORE0/BPU_Profiler/bht_hits_debug[23]} {Aquila_SoC/RISCV_CORE0/BPU_Profiler/bht_hits_debug[24]} {Aquila_SoC/RISCV_CORE0/BPU_Profiler/bht_hits_debug[25]} {Aquila_SoC/RISCV_CORE0/BPU_Profiler/bht_hits_debug[26]} {Aquila_SoC/RISCV_CORE0/BPU_Profiler/bht_hits_debug[27]} {Aquila_SoC/RISCV_CORE0/BPU_Profiler/bht_hits_debug[28]} {Aquila_SoC/RISCV_CORE0/BPU_Profiler/bht_hits_debug[29]} {Aquila_SoC/RISCV_CORE0/BPU_Profiler/bht_hits_debug[30]} {Aquila_SoC/RISCV_CORE0/BPU_Profiler/bht_hits_debug[31]} {Aquila_SoC/RISCV_CORE0/BPU_Profiler/bht_hits_debug[32]} {Aquila_SoC/RISCV_CORE0/BPU_Profiler/bht_hits_debug[33]} {Aquila_SoC/RISCV_CORE0/BPU_Profiler/bht_hits_debug[34]} {Aquila_SoC/RISCV_CORE0/BPU_Profiler/bht_hits_debug[35]} {Aquila_SoC/RISCV_CORE0/BPU_Profiler/bht_hits_debug[36]} {Aquila_SoC/RISCV_CORE0/BPU_Profiler/bht_hits_debug[37]} {Aquila_SoC/RISCV_CORE0/BPU_Profiler/bht_hits_debug[38]} {Aquila_SoC/RISCV_CORE0/BPU_Profiler/bht_hits_debug[39]} {Aquila_SoC/RISCV_CORE0/BPU_Profiler/bht_hits_debug[40]} {Aquila_SoC/RISCV_CORE0/BPU_Profiler/bht_hits_debug[41]} {Aquila_SoC/RISCV_CORE0/BPU_Profiler/bht_hits_debug[42]} {Aquila_SoC/RISCV_CORE0/BPU_Profiler/bht_hits_debug[43]} {Aquila_SoC/RISCV_CORE0/BPU_Profiler/bht_hits_debug[44]} {Aquila_SoC/RISCV_CORE0/BPU_Profiler/bht_hits_debug[45]} {Aquila_SoC/RISCV_CORE0/BPU_Profiler/bht_hits_debug[46]} {Aquila_SoC/RISCV_CORE0/BPU_Profiler/bht_hits_debug[47]} {Aquila_SoC/RISCV_CORE0/BPU_Profiler/bht_hits_debug[48]} {Aquila_SoC/RISCV_CORE0/BPU_Profiler/bht_hits_debug[49]} {Aquila_SoC/RISCV_CORE0/BPU_Profiler/bht_hits_debug[50]} {Aquila_SoC/RISCV_CORE0/BPU_Profiler/bht_hits_debug[51]} {Aquila_SoC/RISCV_CORE0/BPU_Profiler/bht_hits_debug[52]} {Aquila_SoC/RISCV_CORE0/BPU_Profiler/bht_hits_debug[53]} {Aquila_SoC/RISCV_CORE0/BPU_Profiler/bht_hits_debug[54]} {Aquila_SoC/RISCV_CORE0/BPU_Profiler/bht_hits_debug[55]} {Aquila_SoC/RISCV_CORE0/BPU_Profiler/bht_hits_debug[56]} {Aquila_SoC/RISCV_CORE0/BPU_Profiler/bht_hits_debug[57]} {Aquila_SoC/RISCV_CORE0/BPU_Profiler/bht_hits_debug[58]} {Aquila_SoC/RISCV_CORE0/BPU_Profiler/bht_hits_debug[59]} {Aquila_SoC/RISCV_CORE0/BPU_Profiler/bht_hits_debug[60]} {Aquila_SoC/RISCV_CORE0/BPU_Profiler/bht_hits_debug[61]} {Aquila_SoC/RISCV_CORE0/BPU_Profiler/bht_hits_debug[62]} {Aquila_SoC/RISCV_CORE0/BPU_Profiler/bht_hits_debug[63]} ]]
create_debug_port u_ila_0 probe
set_property port_width 64 [get_debug_ports u_ila_0/probe4]
set_property PROBE_TYPE DATA_AND_TRIGGER [get_debug_ports u_ila_0/probe4]
connect_debug_port u_ila_0/probe4 [get_nets [list {Aquila_SoC/RISCV_CORE0/BPU_Profiler/correct_predictions_debug[0]} {Aquila_SoC/RISCV_CORE0/BPU_Profiler/correct_predictions_debug[1]} {Aquila_SoC/RISCV_CORE0/BPU_Profiler/correct_predictions_debug[2]} {Aquila_SoC/RISCV_CORE0/BPU_Profiler/correct_predictions_debug[3]} {Aquila_SoC/RISCV_CORE0/BPU_Profiler/correct_predictions_debug[4]} {Aquila_SoC/RISCV_CORE0/BPU_Profiler/correct_predictions_debug[5]} {Aquila_SoC/RISCV_CORE0/BPU_Profiler/correct_predictions_debug[6]} {Aquila_SoC/RISCV_CORE0/BPU_Profiler/correct_predictions_debug[7]} {Aquila_SoC/RISCV_CORE0/BPU_Profiler/correct_predictions_debug[8]} {Aquila_SoC/RISCV_CORE0/BPU_Profiler/correct_predictions_debug[9]} {Aquila_SoC/RISCV_CORE0/BPU_Profiler/correct_predictions_debug[10]} {Aquila_SoC/RISCV_CORE0/BPU_Profiler/correct_predictions_debug[11]} {Aquila_SoC/RISCV_CORE0/BPU_Profiler/correct_predictions_debug[12]} {Aquila_SoC/RISCV_CORE0/BPU_Profiler/correct_predictions_debug[13]} {Aquila_SoC/RISCV_CORE0/BPU_Profiler/correct_predictions_debug[14]} {Aquila_SoC/RISCV_CORE0/BPU_Profiler/correct_predictions_debug[15]} {Aquila_SoC/RISCV_CORE0/BPU_Profiler/correct_predictions_debug[16]} {Aquila_SoC/RISCV_CORE0/BPU_Profiler/correct_predictions_debug[17]} {Aquila_SoC/RISCV_CORE0/BPU_Profiler/correct_predictions_debug[18]} {Aquila_SoC/RISCV_CORE0/BPU_Profiler/correct_predictions_debug[19]} {Aquila_SoC/RISCV_CORE0/BPU_Profiler/correct_predictions_debug[20]} {Aquila_SoC/RISCV_CORE0/BPU_Profiler/correct_predictions_debug[21]} {Aquila_SoC/RISCV_CORE0/BPU_Profiler/correct_predictions_debug[22]} {Aquila_SoC/RISCV_CORE0/BPU_Profiler/correct_predictions_debug[23]} {Aquila_SoC/RISCV_CORE0/BPU_Profiler/correct_predictions_debug[24]} {Aquila_SoC/RISCV_CORE0/BPU_Profiler/correct_predictions_debug[25]} {Aquila_SoC/RISCV_CORE0/BPU_Profiler/correct_predictions_debug[26]} {Aquila_SoC/RISCV_CORE0/BPU_Profiler/correct_predictions_debug[27]} {Aquila_SoC/RISCV_CORE0/BPU_Profiler/correct_predictions_debug[28]} {Aquila_SoC/RISCV_CORE0/BPU_Profiler/correct_predictions_debug[29]} {Aquila_SoC/RISCV_CORE0/BPU_Profiler/correct_predictions_debug[30]} {Aquila_SoC/RISCV_CORE0/BPU_Profiler/correct_predictions_debug[31]} {Aquila_SoC/RISCV_CORE0/BPU_Profiler/correct_predictions_debug[32]} {Aquila_SoC/RISCV_CORE0/BPU_Profiler/correct_predictions_debug[33]} {Aquila_SoC/RISCV_CORE0/BPU_Profiler/correct_predictions_debug[34]} {Aquila_SoC/RISCV_CORE0/BPU_Profiler/correct_predictions_debug[35]} {Aquila_SoC/RISCV_CORE0/BPU_Profiler/correct_predictions_debug[36]} {Aquila_SoC/RISCV_CORE0/BPU_Profiler/correct_predictions_debug[37]} {Aquila_SoC/RISCV_CORE0/BPU_Profiler/correct_predictions_debug[38]} {Aquila_SoC/RISCV_CORE0/BPU_Profiler/correct_predictions_debug[39]} {Aquila_SoC/RISCV_CORE0/BPU_Profiler/correct_predictions_debug[40]} {Aquila_SoC/RISCV_CORE0/BPU_Profiler/correct_predictions_debug[41]} {Aquila_SoC/RISCV_CORE0/BPU_Profiler/correct_predictions_debug[42]} {Aquila_SoC/RISCV_CORE0/BPU_Profiler/correct_predictions_debug[43]} {Aquila_SoC/RISCV_CORE0/BPU_Profiler/correct_predictions_debug[44]} {Aquila_SoC/RISCV_CORE0/BPU_Profiler/correct_predictions_debug[45]} {Aquila_SoC/RISCV_CORE0/BPU_Profiler/correct_predictions_debug[46]} {Aquila_SoC/RISCV_CORE0/BPU_Profiler/correct_predictions_debug[47]} {Aquila_SoC/RISCV_CORE0/BPU_Profiler/correct_predictions_debug[48]} {Aquila_SoC/RISCV_CORE0/BPU_Profiler/correct_predictions_debug[49]} {Aquila_SoC/RISCV_CORE0/BPU_Profiler/correct_predictions_debug[50]} {Aquila_SoC/RISCV_CORE0/BPU_Profiler/correct_predictions_debug[51]} {Aquila_SoC/RISCV_CORE0/BPU_Profiler/correct_predictions_debug[52]} {Aquila_SoC/RISCV_CORE0/BPU_Profiler/correct_predictions_debug[53]} {Aquila_SoC/RISCV_CORE0/BPU_Profiler/correct_predictions_debug[54]} {Aquila_SoC/RISCV_CORE0/BPU_Profiler/correct_predictions_debug[55]} {Aquila_SoC/RISCV_CORE0/BPU_Profiler/correct_predictions_debug[56]} {Aquila_SoC/RISCV_CORE0/BPU_Profiler/correct_predictions_debug[57]} {Aquila_SoC/RISCV_CORE0/BPU_Profiler/correct_predictions_debug[58]} {Aquila_SoC/RISCV_CORE0/BPU_Profiler/correct_predictions_debug[59]} {Aquila_SoC/RISCV_CORE0/BPU_Profiler/correct_predictions_debug[60]} {Aquila_SoC/RISCV_CORE0/BPU_Profiler/correct_predictions_debug[61]} {Aquila_SoC/RISCV_CORE0/BPU_Profiler/correct_predictions_debug[62]} {Aquila_SoC/RISCV_CORE0/BPU_Profiler/correct_predictions_debug[63]} ]]
create_debug_port u_ila_0 probe
set_property port_width 64 [get_debug_ports u_ila_0/probe5]
set_property PROBE_TYPE DATA_AND_TRIGGER [get_debug_ports u_ila_0/probe5]
connect_debug_port u_ila_0/probe5 [get_nets [list {Aquila_SoC/RISCV_CORE0/BPU_Profiler/cpi_denominator_debug[0]} {Aquila_SoC/RISCV_CORE0/BPU_Profiler/cpi_denominator_debug[1]} {Aquila_SoC/RISCV_CORE0/BPU_Profiler/cpi_denominator_debug[2]} {Aquila_SoC/RISCV_CORE0/BPU_Profiler/cpi_denominator_debug[3]} {Aquila_SoC/RISCV_CORE0/BPU_Profiler/cpi_denominator_debug[4]} {Aquila_SoC/RISCV_CORE0/BPU_Profiler/cpi_denominator_debug[5]} {Aquila_SoC/RISCV_CORE0/BPU_Profiler/cpi_denominator_debug[6]} {Aquila_SoC/RISCV_CORE0/BPU_Profiler/cpi_denominator_debug[7]} {Aquila_SoC/RISCV_CORE0/BPU_Profiler/cpi_denominator_debug[8]} {Aquila_SoC/RISCV_CORE0/BPU_Profiler/cpi_denominator_debug[9]} {Aquila_SoC/RISCV_CORE0/BPU_Profiler/cpi_denominator_debug[10]} {Aquila_SoC/RISCV_CORE0/BPU_Profiler/cpi_denominator_debug[11]} {Aquila_SoC/RISCV_CORE0/BPU_Profiler/cpi_denominator_debug[12]} {Aquila_SoC/RISCV_CORE0/BPU_Profiler/cpi_denominator_debug[13]} {Aquila_SoC/RISCV_CORE0/BPU_Profiler/cpi_denominator_debug[14]} {Aquila_SoC/RISCV_CORE0/BPU_Profiler/cpi_denominator_debug[15]} {Aquila_SoC/RISCV_CORE0/BPU_Profiler/cpi_denominator_debug[16]} {Aquila_SoC/RISCV_CORE0/BPU_Profiler/cpi_denominator_debug[17]} {Aquila_SoC/RISCV_CORE0/BPU_Profiler/cpi_denominator_debug[18]} {Aquila_SoC/RISCV_CORE0/BPU_Profiler/cpi_denominator_debug[19]} {Aquila_SoC/RISCV_CORE0/BPU_Profiler/cpi_denominator_debug[20]} {Aquila_SoC/RISCV_CORE0/BPU_Profiler/cpi_denominator_debug[21]} {Aquila_SoC/RISCV_CORE0/BPU_Profiler/cpi_denominator_debug[22]} {Aquila_SoC/RISCV_CORE0/BPU_Profiler/cpi_denominator_debug[23]} {Aquila_SoC/RISCV_CORE0/BPU_Profiler/cpi_denominator_debug[24]} {Aquila_SoC/RISCV_CORE0/BPU_Profiler/cpi_denominator_debug[25]} {Aquila_SoC/RISCV_CORE0/BPU_Profiler/cpi_denominator_debug[26]} {Aquila_SoC/RISCV_CORE0/BPU_Profiler/cpi_denominator_debug[27]} {Aquila_SoC/RISCV_CORE0/BPU_Profiler/cpi_denominator_debug[28]} {Aquila_SoC/RISCV_CORE0/BPU_Profiler/cpi_denominator_debug[29]} {Aquila_SoC/RISCV_CORE0/BPU_Profiler/cpi_denominator_debug[30]} {Aquila_SoC/RISCV_CORE0/BPU_Profiler/cpi_denominator_debug[31]} {Aquila_SoC/RISCV_CORE0/BPU_Profiler/cpi_denominator_debug[32]} {Aquila_SoC/RISCV_CORE0/BPU_Profiler/cpi_denominator_debug[33]} {Aquila_SoC/RISCV_CORE0/BPU_Profiler/cpi_denominator_debug[34]} {Aquila_SoC/RISCV_CORE0/BPU_Profiler/cpi_denominator_debug[35]} {Aquila_SoC/RISCV_CORE0/BPU_Profiler/cpi_denominator_debug[36]} {Aquila_SoC/RISCV_CORE0/BPU_Profiler/cpi_denominator_debug[37]} {Aquila_SoC/RISCV_CORE0/BPU_Profiler/cpi_denominator_debug[38]} {Aquila_SoC/RISCV_CORE0/BPU_Profiler/cpi_denominator_debug[39]} {Aquila_SoC/RISCV_CORE0/BPU_Profiler/cpi_denominator_debug[40]} {Aquila_SoC/RISCV_CORE0/BPU_Profiler/cpi_denominator_debug[41]} {Aquila_SoC/RISCV_CORE0/BPU_Profiler/cpi_denominator_debug[42]} {Aquila_SoC/RISCV_CORE0/BPU_Profiler/cpi_denominator_debug[43]} {Aquila_SoC/RISCV_CORE0/BPU_Profiler/cpi_denominator_debug[44]} {Aquila_SoC/RISCV_CORE0/BPU_Profiler/cpi_denominator_debug[45]} {Aquila_SoC/RISCV_CORE0/BPU_Profiler/cpi_denominator_debug[46]} {Aquila_SoC/RISCV_CORE0/BPU_Profiler/cpi_denominator_debug[47]} {Aquila_SoC/RISCV_CORE0/BPU_Profiler/cpi_denominator_debug[48]} {Aquila_SoC/RISCV_CORE0/BPU_Profiler/cpi_denominator_debug[49]} {Aquila_SoC/RISCV_CORE0/BPU_Profiler/cpi_denominator_debug[50]} {Aquila_SoC/RISCV_CORE0/BPU_Profiler/cpi_denominator_debug[51]} {Aquila_SoC/RISCV_CORE0/BPU_Profiler/cpi_denominator_debug[52]} {Aquila_SoC/RISCV_CORE0/BPU_Profiler/cpi_denominator_debug[53]} {Aquila_SoC/RISCV_CORE0/BPU_Profiler/cpi_denominator_debug[54]} {Aquila_SoC/RISCV_CORE0/BPU_Profiler/cpi_denominator_debug[55]} {Aquila_SoC/RISCV_CORE0/BPU_Profiler/cpi_denominator_debug[56]} {Aquila_SoC/RISCV_CORE0/BPU_Profiler/cpi_denominator_debug[57]} {Aquila_SoC/RISCV_CORE0/BPU_Profiler/cpi_denominator_debug[58]} {Aquila_SoC/RISCV_CORE0/BPU_Profiler/cpi_denominator_debug[59]} {Aquila_SoC/RISCV_CORE0/BPU_Profiler/cpi_denominator_debug[60]} {Aquila_SoC/RISCV_CORE0/BPU_Profiler/cpi_denominator_debug[61]} {Aquila_SoC/RISCV_CORE0/BPU_Profiler/cpi_denominator_debug[62]} {Aquila_SoC/RISCV_CORE0/BPU_Profiler/cpi_denominator_debug[63]} ]]
create_debug_port u_ila_0 probe
set_property port_width 64 [get_debug_ports u_ila_0/probe6]
set_property PROBE_TYPE DATA_AND_TRIGGER [get_debug_ports u_ila_0/probe6]
connect_debug_port u_ila_0/probe6 [get_nets [list {Aquila_SoC/RISCV_CORE0/BPU_Profiler/cpi_numerator_debug[0]} {Aquila_SoC/RISCV_CORE0/BPU_Profiler/cpi_numerator_debug[1]} {Aquila_SoC/RISCV_CORE0/BPU_Profiler/cpi_numerator_debug[2]} {Aquila_SoC/RISCV_CORE0/BPU_Profiler/cpi_numerator_debug[3]} {Aquila_SoC/RISCV_CORE0/BPU_Profiler/cpi_numerator_debug[4]} {Aquila_SoC/RISCV_CORE0/BPU_Profiler/cpi_numerator_debug[5]} {Aquila_SoC/RISCV_CORE0/BPU_Profiler/cpi_numerator_debug[6]} {Aquila_SoC/RISCV_CORE0/BPU_Profiler/cpi_numerator_debug[7]} {Aquila_SoC/RISCV_CORE0/BPU_Profiler/cpi_numerator_debug[8]} {Aquila_SoC/RISCV_CORE0/BPU_Profiler/cpi_numerator_debug[9]} {Aquila_SoC/RISCV_CORE0/BPU_Profiler/cpi_numerator_debug[10]} {Aquila_SoC/RISCV_CORE0/BPU_Profiler/cpi_numerator_debug[11]} {Aquila_SoC/RISCV_CORE0/BPU_Profiler/cpi_numerator_debug[12]} {Aquila_SoC/RISCV_CORE0/BPU_Profiler/cpi_numerator_debug[13]} {Aquila_SoC/RISCV_CORE0/BPU_Profiler/cpi_numerator_debug[14]} {Aquila_SoC/RISCV_CORE0/BPU_Profiler/cpi_numerator_debug[15]} {Aquila_SoC/RISCV_CORE0/BPU_Profiler/cpi_numerator_debug[16]} {Aquila_SoC/RISCV_CORE0/BPU_Profiler/cpi_numerator_debug[17]} {Aquila_SoC/RISCV_CORE0/BPU_Profiler/cpi_numerator_debug[18]} {Aquila_SoC/RISCV_CORE0/BPU_Profiler/cpi_numerator_debug[19]} {Aquila_SoC/RISCV_CORE0/BPU_Profiler/cpi_numerator_debug[20]} {Aquila_SoC/RISCV_CORE0/BPU_Profiler/cpi_numerator_debug[21]} {Aquila_SoC/RISCV_CORE0/BPU_Profiler/cpi_numerator_debug[22]} {Aquila_SoC/RISCV_CORE0/BPU_Profiler/cpi_numerator_debug[23]} {Aquila_SoC/RISCV_CORE0/BPU_Profiler/cpi_numerator_debug[24]} {Aquila_SoC/RISCV_CORE0/BPU_Profiler/cpi_numerator_debug[25]} {Aquila_SoC/RISCV_CORE0/BPU_Profiler/cpi_numerator_debug[26]} {Aquila_SoC/RISCV_CORE0/BPU_Profiler/cpi_numerator_debug[27]} {Aquila_SoC/RISCV_CORE0/BPU_Profiler/cpi_numerator_debug[28]} {Aquila_SoC/RISCV_CORE0/BPU_Profiler/cpi_numerator_debug[29]} {Aquila_SoC/RISCV_CORE0/BPU_Profiler/cpi_numerator_debug[30]} {Aquila_SoC/RISCV_CORE0/BPU_Profiler/cpi_numerator_debug[31]} {Aquila_SoC/RISCV_CORE0/BPU_Profiler/cpi_numerator_debug[32]} {Aquila_SoC/RISCV_CORE0/BPU_Profiler/cpi_numerator_debug[33]} {Aquila_SoC/RISCV_CORE0/BPU_Profiler/cpi_numerator_debug[34]} {Aquila_SoC/RISCV_CORE0/BPU_Profiler/cpi_numerator_debug[35]} {Aquila_SoC/RISCV_CORE0/BPU_Profiler/cpi_numerator_debug[36]} {Aquila_SoC/RISCV_CORE0/BPU_Profiler/cpi_numerator_debug[37]} {Aquila_SoC/RISCV_CORE0/BPU_Profiler/cpi_numerator_debug[38]} {Aquila_SoC/RISCV_CORE0/BPU_Profiler/cpi_numerator_debug[39]} {Aquila_SoC/RISCV_CORE0/BPU_Profiler/cpi_numerator_debug[40]} {Aquila_SoC/RISCV_CORE0/BPU_Profiler/cpi_numerator_debug[41]} {Aquila_SoC/RISCV_CORE0/BPU_Profiler/cpi_numerator_debug[42]} {Aquila_SoC/RISCV_CORE0/BPU_Profiler/cpi_numerator_debug[43]} {Aquila_SoC/RISCV_CORE0/BPU_Profiler/cpi_numerator_debug[44]} {Aquila_SoC/RISCV_CORE0/BPU_Profiler/cpi_numerator_debug[45]} {Aquila_SoC/RISCV_CORE0/BPU_Profiler/cpi_numerator_debug[46]} {Aquila_SoC/RISCV_CORE0/BPU_Profiler/cpi_numerator_debug[47]} {Aquila_SoC/RISCV_CORE0/BPU_Profiler/cpi_numerator_debug[48]} {Aquila_SoC/RISCV_CORE0/BPU_Profiler/cpi_numerator_debug[49]} {Aquila_SoC/RISCV_CORE0/BPU_Profiler/cpi_numerator_debug[50]} {Aquila_SoC/RISCV_CORE0/BPU_Profiler/cpi_numerator_debug[51]} {Aquila_SoC/RISCV_CORE0/BPU_Profiler/cpi_numerator_debug[52]} {Aquila_SoC/RISCV_CORE0/BPU_Profiler/cpi_numerator_debug[53]} {Aquila_SoC/RISCV_CORE0/BPU_Profiler/cpi_numerator_debug[54]} {Aquila_SoC/RISCV_CORE0/BPU_Profiler/cpi_numerator_debug[55]} {Aquila_SoC/RISCV_CORE0/BPU_Profiler/cpi_numerator_debug[56]} {Aquila_SoC/RISCV_CORE0/BPU_Profiler/cpi_numerator_debug[57]} {Aquila_SoC/RISCV_CORE0/BPU_Profiler/cpi_numerator_debug[58]} {Aquila_SoC/RISCV_CORE0/BPU_Profiler/cpi_numerator_debug[59]} {Aquila_SoC/RISCV_CORE0/BPU_Profiler/cpi_numerator_debug[60]} {Aquila_SoC/RISCV_CORE0/BPU_Profiler/cpi_numerator_debug[61]} {Aquila_SoC/RISCV_CORE0/BPU_Profiler/cpi_numerator_debug[62]} {Aquila_SoC/RISCV_CORE0/BPU_Profiler/cpi_numerator_debug[63]} ]]
create_debug_port u_ila_0 probe
set_property port_width 64 [get_debug_ports u_ila_0/probe7]
set_property PROBE_TYPE DATA_AND_TRIGGER [get_debug_ports u_ila_0/probe7]
connect_debug_port u_ila_0/probe7 [get_nets [list {Aquila_SoC/RISCV_CORE0/BPU_Profiler/execution_cycles_debug[0]} {Aquila_SoC/RISCV_CORE0/BPU_Profiler/execution_cycles_debug[1]} {Aquila_SoC/RISCV_CORE0/BPU_Profiler/execution_cycles_debug[2]} {Aquila_SoC/RISCV_CORE0/BPU_Profiler/execution_cycles_debug[3]} {Aquila_SoC/RISCV_CORE0/BPU_Profiler/execution_cycles_debug[4]} {Aquila_SoC/RISCV_CORE0/BPU_Profiler/execution_cycles_debug[5]} {Aquila_SoC/RISCV_CORE0/BPU_Profiler/execution_cycles_debug[6]} {Aquila_SoC/RISCV_CORE0/BPU_Profiler/execution_cycles_debug[7]} {Aquila_SoC/RISCV_CORE0/BPU_Profiler/execution_cycles_debug[8]} {Aquila_SoC/RISCV_CORE0/BPU_Profiler/execution_cycles_debug[9]} {Aquila_SoC/RISCV_CORE0/BPU_Profiler/execution_cycles_debug[10]} {Aquila_SoC/RISCV_CORE0/BPU_Profiler/execution_cycles_debug[11]} {Aquila_SoC/RISCV_CORE0/BPU_Profiler/execution_cycles_debug[12]} {Aquila_SoC/RISCV_CORE0/BPU_Profiler/execution_cycles_debug[13]} {Aquila_SoC/RISCV_CORE0/BPU_Profiler/execution_cycles_debug[14]} {Aquila_SoC/RISCV_CORE0/BPU_Profiler/execution_cycles_debug[15]} {Aquila_SoC/RISCV_CORE0/BPU_Profiler/execution_cycles_debug[16]} {Aquila_SoC/RISCV_CORE0/BPU_Profiler/execution_cycles_debug[17]} {Aquila_SoC/RISCV_CORE0/BPU_Profiler/execution_cycles_debug[18]} {Aquila_SoC/RISCV_CORE0/BPU_Profiler/execution_cycles_debug[19]} {Aquila_SoC/RISCV_CORE0/BPU_Profiler/execution_cycles_debug[20]} {Aquila_SoC/RISCV_CORE0/BPU_Profiler/execution_cycles_debug[21]} {Aquila_SoC/RISCV_CORE0/BPU_Profiler/execution_cycles_debug[22]} {Aquila_SoC/RISCV_CORE0/BPU_Profiler/execution_cycles_debug[23]} {Aquila_SoC/RISCV_CORE0/BPU_Profiler/execution_cycles_debug[24]} {Aquila_SoC/RISCV_CORE0/BPU_Profiler/execution_cycles_debug[25]} {Aquila_SoC/RISCV_CORE0/BPU_Profiler/execution_cycles_debug[26]} {Aquila_SoC/RISCV_CORE0/BPU_Profiler/execution_cycles_debug[27]} {Aquila_SoC/RISCV_CORE0/BPU_Profiler/execution_cycles_debug[28]} {Aquila_SoC/RISCV_CORE0/BPU_Profiler/execution_cycles_debug[29]} {Aquila_SoC/RISCV_CORE0/BPU_Profiler/execution_cycles_debug[30]} {Aquila_SoC/RISCV_CORE0/BPU_Profiler/execution_cycles_debug[31]} {Aquila_SoC/RISCV_CORE0/BPU_Profiler/execution_cycles_debug[32]} {Aquila_SoC/RISCV_CORE0/BPU_Profiler/execution_cycles_debug[33]} {Aquila_SoC/RISCV_CORE0/BPU_Profiler/execution_cycles_debug[34]} {Aquila_SoC/RISCV_CORE0/BPU_Profiler/execution_cycles_debug[35]} {Aquila_SoC/RISCV_CORE0/BPU_Profiler/execution_cycles_debug[36]} {Aquila_SoC/RISCV_CORE0/BPU_Profiler/execution_cycles_debug[37]} {Aquila_SoC/RISCV_CORE0/BPU_Profiler/execution_cycles_debug[38]} {Aquila_SoC/RISCV_CORE0/BPU_Profiler/execution_cycles_debug[39]} {Aquila_SoC/RISCV_CORE0/BPU_Profiler/execution_cycles_debug[40]} {Aquila_SoC/RISCV_CORE0/BPU_Profiler/execution_cycles_debug[41]} {Aquila_SoC/RISCV_CORE0/BPU_Profiler/execution_cycles_debug[42]} {Aquila_SoC/RISCV_CORE0/BPU_Profiler/execution_cycles_debug[43]} {Aquila_SoC/RISCV_CORE0/BPU_Profiler/execution_cycles_debug[44]} {Aquila_SoC/RISCV_CORE0/BPU_Profiler/execution_cycles_debug[45]} {Aquila_SoC/RISCV_CORE0/BPU_Profiler/execution_cycles_debug[46]} {Aquila_SoC/RISCV_CORE0/BPU_Profiler/execution_cycles_debug[47]} {Aquila_SoC/RISCV_CORE0/BPU_Profiler/execution_cycles_debug[48]} {Aquila_SoC/RISCV_CORE0/BPU_Profiler/execution_cycles_debug[49]} {Aquila_SoC/RISCV_CORE0/BPU_Profiler/execution_cycles_debug[50]} {Aquila_SoC/RISCV_CORE0/BPU_Profiler/execution_cycles_debug[51]} {Aquila_SoC/RISCV_CORE0/BPU_Profiler/execution_cycles_debug[52]} {Aquila_SoC/RISCV_CORE0/BPU_Profiler/execution_cycles_debug[53]} {Aquila_SoC/RISCV_CORE0/BPU_Profiler/execution_cycles_debug[54]} {Aquila_SoC/RISCV_CORE0/BPU_Profiler/execution_cycles_debug[55]} {Aquila_SoC/RISCV_CORE0/BPU_Profiler/execution_cycles_debug[56]} {Aquila_SoC/RISCV_CORE0/BPU_Profiler/execution_cycles_debug[57]} {Aquila_SoC/RISCV_CORE0/BPU_Profiler/execution_cycles_debug[58]} {Aquila_SoC/RISCV_CORE0/BPU_Profiler/execution_cycles_debug[59]} {Aquila_SoC/RISCV_CORE0/BPU_Profiler/execution_cycles_debug[60]} {Aquila_SoC/RISCV_CORE0/BPU_Profiler/execution_cycles_debug[61]} {Aquila_SoC/RISCV_CORE0/BPU_Profiler/execution_cycles_debug[62]} {Aquila_SoC/RISCV_CORE0/BPU_Profiler/execution_cycles_debug[63]} ]]
create_debug_port u_ila_0 probe
set_property port_width 32 [get_debug_ports u_ila_0/probe8]
set_property PROBE_TYPE DATA_AND_TRIGGER [get_debug_ports u_ila_0/probe8]
connect_debug_port u_ila_0/probe8 [get_nets [list {Aquila_SoC/RISCV_CORE0/BPU_Profiler/fetch_pc_debug[0]} {Aquila_SoC/RISCV_CORE0/BPU_Profiler/fetch_pc_debug[1]} {Aquila_SoC/RISCV_CORE0/BPU_Profiler/fetch_pc_debug[2]} {Aquila_SoC/RISCV_CORE0/BPU_Profiler/fetch_pc_debug[3]} {Aquila_SoC/RISCV_CORE0/BPU_Profiler/fetch_pc_debug[4]} {Aquila_SoC/RISCV_CORE0/BPU_Profiler/fetch_pc_debug[5]} {Aquila_SoC/RISCV_CORE0/BPU_Profiler/fetch_pc_debug[6]} {Aquila_SoC/RISCV_CORE0/BPU_Profiler/fetch_pc_debug[7]} {Aquila_SoC/RISCV_CORE0/BPU_Profiler/fetch_pc_debug[8]} {Aquila_SoC/RISCV_CORE0/BPU_Profiler/fetch_pc_debug[9]} {Aquila_SoC/RISCV_CORE0/BPU_Profiler/fetch_pc_debug[10]} {Aquila_SoC/RISCV_CORE0/BPU_Profiler/fetch_pc_debug[11]} {Aquila_SoC/RISCV_CORE0/BPU_Profiler/fetch_pc_debug[12]} {Aquila_SoC/RISCV_CORE0/BPU_Profiler/fetch_pc_debug[13]} {Aquila_SoC/RISCV_CORE0/BPU_Profiler/fetch_pc_debug[14]} {Aquila_SoC/RISCV_CORE0/BPU_Profiler/fetch_pc_debug[15]} {Aquila_SoC/RISCV_CORE0/BPU_Profiler/fetch_pc_debug[16]} {Aquila_SoC/RISCV_CORE0/BPU_Profiler/fetch_pc_debug[17]} {Aquila_SoC/RISCV_CORE0/BPU_Profiler/fetch_pc_debug[18]} {Aquila_SoC/RISCV_CORE0/BPU_Profiler/fetch_pc_debug[19]} {Aquila_SoC/RISCV_CORE0/BPU_Profiler/fetch_pc_debug[20]} {Aquila_SoC/RISCV_CORE0/BPU_Profiler/fetch_pc_debug[21]} {Aquila_SoC/RISCV_CORE0/BPU_Profiler/fetch_pc_debug[22]} {Aquila_SoC/RISCV_CORE0/BPU_Profiler/fetch_pc_debug[23]} {Aquila_SoC/RISCV_CORE0/BPU_Profiler/fetch_pc_debug[24]} {Aquila_SoC/RISCV_CORE0/BPU_Profiler/fetch_pc_debug[25]} {Aquila_SoC/RISCV_CORE0/BPU_Profiler/fetch_pc_debug[26]} {Aquila_SoC/RISCV_CORE0/BPU_Profiler/fetch_pc_debug[27]} {Aquila_SoC/RISCV_CORE0/BPU_Profiler/fetch_pc_debug[28]} {Aquila_SoC/RISCV_CORE0/BPU_Profiler/fetch_pc_debug[29]} {Aquila_SoC/RISCV_CORE0/BPU_Profiler/fetch_pc_debug[30]} {Aquila_SoC/RISCV_CORE0/BPU_Profiler/fetch_pc_debug[31]} ]]
create_debug_port u_ila_0 probe
set_property port_width 64 [get_debug_ports u_ila_0/probe9]
set_property PROBE_TYPE DATA_AND_TRIGGER [get_debug_ports u_ila_0/probe9]
connect_debug_port u_ila_0/probe9 [get_nets [list {Aquila_SoC/RISCV_CORE0/BPU_Profiler/incorrect_predictions_debug[0]} {Aquila_SoC/RISCV_CORE0/BPU_Profiler/incorrect_predictions_debug[1]} {Aquila_SoC/RISCV_CORE0/BPU_Profiler/incorrect_predictions_debug[2]} {Aquila_SoC/RISCV_CORE0/BPU_Profiler/incorrect_predictions_debug[3]} {Aquila_SoC/RISCV_CORE0/BPU_Profiler/incorrect_predictions_debug[4]} {Aquila_SoC/RISCV_CORE0/BPU_Profiler/incorrect_predictions_debug[5]} {Aquila_SoC/RISCV_CORE0/BPU_Profiler/incorrect_predictions_debug[6]} {Aquila_SoC/RISCV_CORE0/BPU_Profiler/incorrect_predictions_debug[7]} {Aquila_SoC/RISCV_CORE0/BPU_Profiler/incorrect_predictions_debug[8]} {Aquila_SoC/RISCV_CORE0/BPU_Profiler/incorrect_predictions_debug[9]} {Aquila_SoC/RISCV_CORE0/BPU_Profiler/incorrect_predictions_debug[10]} {Aquila_SoC/RISCV_CORE0/BPU_Profiler/incorrect_predictions_debug[11]} {Aquila_SoC/RISCV_CORE0/BPU_Profiler/incorrect_predictions_debug[12]} {Aquila_SoC/RISCV_CORE0/BPU_Profiler/incorrect_predictions_debug[13]} {Aquila_SoC/RISCV_CORE0/BPU_Profiler/incorrect_predictions_debug[14]} {Aquila_SoC/RISCV_CORE0/BPU_Profiler/incorrect_predictions_debug[15]} {Aquila_SoC/RISCV_CORE0/BPU_Profiler/incorrect_predictions_debug[16]} {Aquila_SoC/RISCV_CORE0/BPU_Profiler/incorrect_predictions_debug[17]} {Aquila_SoC/RISCV_CORE0/BPU_Profiler/incorrect_predictions_debug[18]} {Aquila_SoC/RISCV_CORE0/BPU_Profiler/incorrect_predictions_debug[19]} {Aquila_SoC/RISCV_CORE0/BPU_Profiler/incorrect_predictions_debug[20]} {Aquila_SoC/RISCV_CORE0/BPU_Profiler/incorrect_predictions_debug[21]} {Aquila_SoC/RISCV_CORE0/BPU_Profiler/incorrect_predictions_debug[22]} {Aquila_SoC/RISCV_CORE0/BPU_Profiler/incorrect_predictions_debug[23]} {Aquila_SoC/RISCV_CORE0/BPU_Profiler/incorrect_predictions_debug[24]} {Aquila_SoC/RISCV_CORE0/BPU_Profiler/incorrect_predictions_debug[25]} {Aquila_SoC/RISCV_CORE0/BPU_Profiler/incorrect_predictions_debug[26]} {Aquila_SoC/RISCV_CORE0/BPU_Profiler/incorrect_predictions_debug[27]} {Aquila_SoC/RISCV_CORE0/BPU_Profiler/incorrect_predictions_debug[28]} {Aquila_SoC/RISCV_CORE0/BPU_Profiler/incorrect_predictions_debug[29]} {Aquila_SoC/RISCV_CORE0/BPU_Profiler/incorrect_predictions_debug[30]} {Aquila_SoC/RISCV_CORE0/BPU_Profiler/incorrect_predictions_debug[31]} {Aquila_SoC/RISCV_CORE0/BPU_Profiler/incorrect_predictions_debug[32]} {Aquila_SoC/RISCV_CORE0/BPU_Profiler/incorrect_predictions_debug[33]} {Aquila_SoC/RISCV_CORE0/BPU_Profiler/incorrect_predictions_debug[34]} {Aquila_SoC/RISCV_CORE0/BPU_Profiler/incorrect_predictions_debug[35]} {Aquila_SoC/RISCV_CORE0/BPU_Profiler/incorrect_predictions_debug[36]} {Aquila_SoC/RISCV_CORE0/BPU_Profiler/incorrect_predictions_debug[37]} {Aquila_SoC/RISCV_CORE0/BPU_Profiler/incorrect_predictions_debug[38]} {Aquila_SoC/RISCV_CORE0/BPU_Profiler/incorrect_predictions_debug[39]} {Aquila_SoC/RISCV_CORE0/BPU_Profiler/incorrect_predictions_debug[40]} {Aquila_SoC/RISCV_CORE0/BPU_Profiler/incorrect_predictions_debug[41]} {Aquila_SoC/RISCV_CORE0/BPU_Profiler/incorrect_predictions_debug[42]} {Aquila_SoC/RISCV_CORE0/BPU_Profiler/incorrect_predictions_debug[43]} {Aquila_SoC/RISCV_CORE0/BPU_Profiler/incorrect_predictions_debug[44]} {Aquila_SoC/RISCV_CORE0/BPU_Profiler/incorrect_predictions_debug[45]} {Aquila_SoC/RISCV_CORE0/BPU_Profiler/incorrect_predictions_debug[46]} {Aquila_SoC/RISCV_CORE0/BPU_Profiler/incorrect_predictions_debug[47]} {Aquila_SoC/RISCV_CORE0/BPU_Profiler/incorrect_predictions_debug[48]} {Aquila_SoC/RISCV_CORE0/BPU_Profiler/incorrect_predictions_debug[49]} {Aquila_SoC/RISCV_CORE0/BPU_Profiler/incorrect_predictions_debug[50]} {Aquila_SoC/RISCV_CORE0/BPU_Profiler/incorrect_predictions_debug[51]} {Aquila_SoC/RISCV_CORE0/BPU_Profiler/incorrect_predictions_debug[52]} {Aquila_SoC/RISCV_CORE0/BPU_Profiler/incorrect_predictions_debug[53]} {Aquila_SoC/RISCV_CORE0/BPU_Profiler/incorrect_predictions_debug[54]} {Aquila_SoC/RISCV_CORE0/BPU_Profiler/incorrect_predictions_debug[55]} {Aquila_SoC/RISCV_CORE0/BPU_Profiler/incorrect_predictions_debug[56]} {Aquila_SoC/RISCV_CORE0/BPU_Profiler/incorrect_predictions_debug[57]} {Aquila_SoC/RISCV_CORE0/BPU_Profiler/incorrect_predictions_debug[58]} {Aquila_SoC/RISCV_CORE0/BPU_Profiler/incorrect_predictions_debug[59]} {Aquila_SoC/RISCV_CORE0/BPU_Profiler/incorrect_predictions_debug[60]} {Aquila_SoC/RISCV_CORE0/BPU_Profiler/incorrect_predictions_debug[61]} {Aquila_SoC/RISCV_CORE0/BPU_Profiler/incorrect_predictions_debug[62]} {Aquila_SoC/RISCV_CORE0/BPU_Profiler/incorrect_predictions_debug[63]} ]]
create_debug_port u_ila_0 probe
set_property port_width 64 [get_debug_ports u_ila_0/probe10]
set_property PROBE_TYPE DATA_AND_TRIGGER [get_debug_ports u_ila_0/probe10]
connect_debug_port u_ila_0/probe10 [get_nets [list {Aquila_SoC/RISCV_CORE0/BPU_Profiler/instruction_completed_debug[0]} {Aquila_SoC/RISCV_CORE0/BPU_Profiler/instruction_completed_debug[1]} {Aquila_SoC/RISCV_CORE0/BPU_Profiler/instruction_completed_debug[2]} {Aquila_SoC/RISCV_CORE0/BPU_Profiler/instruction_completed_debug[3]} {Aquila_SoC/RISCV_CORE0/BPU_Profiler/instruction_completed_debug[4]} {Aquila_SoC/RISCV_CORE0/BPU_Profiler/instruction_completed_debug[5]} {Aquila_SoC/RISCV_CORE0/BPU_Profiler/instruction_completed_debug[6]} {Aquila_SoC/RISCV_CORE0/BPU_Profiler/instruction_completed_debug[7]} {Aquila_SoC/RISCV_CORE0/BPU_Profiler/instruction_completed_debug[8]} {Aquila_SoC/RISCV_CORE0/BPU_Profiler/instruction_completed_debug[9]} {Aquila_SoC/RISCV_CORE0/BPU_Profiler/instruction_completed_debug[10]} {Aquila_SoC/RISCV_CORE0/BPU_Profiler/instruction_completed_debug[11]} {Aquila_SoC/RISCV_CORE0/BPU_Profiler/instruction_completed_debug[12]} {Aquila_SoC/RISCV_CORE0/BPU_Profiler/instruction_completed_debug[13]} {Aquila_SoC/RISCV_CORE0/BPU_Profiler/instruction_completed_debug[14]} {Aquila_SoC/RISCV_CORE0/BPU_Profiler/instruction_completed_debug[15]} {Aquila_SoC/RISCV_CORE0/BPU_Profiler/instruction_completed_debug[16]} {Aquila_SoC/RISCV_CORE0/BPU_Profiler/instruction_completed_debug[17]} {Aquila_SoC/RISCV_CORE0/BPU_Profiler/instruction_completed_debug[18]} {Aquila_SoC/RISCV_CORE0/BPU_Profiler/instruction_completed_debug[19]} {Aquila_SoC/RISCV_CORE0/BPU_Profiler/instruction_completed_debug[20]} {Aquila_SoC/RISCV_CORE0/BPU_Profiler/instruction_completed_debug[21]} {Aquila_SoC/RISCV_CORE0/BPU_Profiler/instruction_completed_debug[22]} {Aquila_SoC/RISCV_CORE0/BPU_Profiler/instruction_completed_debug[23]} {Aquila_SoC/RISCV_CORE0/BPU_Profiler/instruction_completed_debug[24]} {Aquila_SoC/RISCV_CORE0/BPU_Profiler/instruction_completed_debug[25]} {Aquila_SoC/RISCV_CORE0/BPU_Profiler/instruction_completed_debug[26]} {Aquila_SoC/RISCV_CORE0/BPU_Profiler/instruction_completed_debug[27]} {Aquila_SoC/RISCV_CORE0/BPU_Profiler/instruction_completed_debug[28]} {Aquila_SoC/RISCV_CORE0/BPU_Profiler/instruction_completed_debug[29]} {Aquila_SoC/RISCV_CORE0/BPU_Profiler/instruction_completed_debug[30]} {Aquila_SoC/RISCV_CORE0/BPU_Profiler/instruction_completed_debug[31]} {Aquila_SoC/RISCV_CORE0/BPU_Profiler/instruction_completed_debug[32]} {Aquila_SoC/RISCV_CORE0/BPU_Profiler/instruction_completed_debug[33]} {Aquila_SoC/RISCV_CORE0/BPU_Profiler/instruction_completed_debug[34]} {Aquila_SoC/RISCV_CORE0/BPU_Profiler/instruction_completed_debug[35]} {Aquila_SoC/RISCV_CORE0/BPU_Profiler/instruction_completed_debug[36]} {Aquila_SoC/RISCV_CORE0/BPU_Profiler/instruction_completed_debug[37]} {Aquila_SoC/RISCV_CORE0/BPU_Profiler/instruction_completed_debug[38]} {Aquila_SoC/RISCV_CORE0/BPU_Profiler/instruction_completed_debug[39]} {Aquila_SoC/RISCV_CORE0/BPU_Profiler/instruction_completed_debug[40]} {Aquila_SoC/RISCV_CORE0/BPU_Profiler/instruction_completed_debug[41]} {Aquila_SoC/RISCV_CORE0/BPU_Profiler/instruction_completed_debug[42]} {Aquila_SoC/RISCV_CORE0/BPU_Profiler/instruction_completed_debug[43]} {Aquila_SoC/RISCV_CORE0/BPU_Profiler/instruction_completed_debug[44]} {Aquila_SoC/RISCV_CORE0/BPU_Profiler/instruction_completed_debug[45]} {Aquila_SoC/RISCV_CORE0/BPU_Profiler/instruction_completed_debug[46]} {Aquila_SoC/RISCV_CORE0/BPU_Profiler/instruction_completed_debug[47]} {Aquila_SoC/RISCV_CORE0/BPU_Profiler/instruction_completed_debug[48]} {Aquila_SoC/RISCV_CORE0/BPU_Profiler/instruction_completed_debug[49]} {Aquila_SoC/RISCV_CORE0/BPU_Profiler/instruction_completed_debug[50]} {Aquila_SoC/RISCV_CORE0/BPU_Profiler/instruction_completed_debug[51]} {Aquila_SoC/RISCV_CORE0/BPU_Profiler/instruction_completed_debug[52]} {Aquila_SoC/RISCV_CORE0/BPU_Profiler/instruction_completed_debug[53]} {Aquila_SoC/RISCV_CORE0/BPU_Profiler/instruction_completed_debug[54]} {Aquila_SoC/RISCV_CORE0/BPU_Profiler/instruction_completed_debug[55]} {Aquila_SoC/RISCV_CORE0/BPU_Profiler/instruction_completed_debug[56]} {Aquila_SoC/RISCV_CORE0/BPU_Profiler/instruction_completed_debug[57]} {Aquila_SoC/RISCV_CORE0/BPU_Profiler/instruction_completed_debug[58]} {Aquila_SoC/RISCV_CORE0/BPU_Profiler/instruction_completed_debug[59]} {Aquila_SoC/RISCV_CORE0/BPU_Profiler/instruction_completed_debug[60]} {Aquila_SoC/RISCV_CORE0/BPU_Profiler/instruction_completed_debug[61]} {Aquila_SoC/RISCV_CORE0/BPU_Profiler/instruction_completed_debug[62]} {Aquila_SoC/RISCV_CORE0/BPU_Profiler/instruction_completed_debug[63]} ]]
create_debug_port u_ila_0 probe
set_property port_width 64 [get_debug_ports u_ila_0/probe11]
set_property PROBE_TYPE DATA_AND_TRIGGER [get_debug_ports u_ila_0/probe11]
connect_debug_port u_ila_0/probe11 [get_nets [list {Aquila_SoC/RISCV_CORE0/BPU_Profiler/mispred_penalty_debug[0]} {Aquila_SoC/RISCV_CORE0/BPU_Profiler/mispred_penalty_debug[1]} {Aquila_SoC/RISCV_CORE0/BPU_Profiler/mispred_penalty_debug[2]} {Aquila_SoC/RISCV_CORE0/BPU_Profiler/mispred_penalty_debug[3]} {Aquila_SoC/RISCV_CORE0/BPU_Profiler/mispred_penalty_debug[4]} {Aquila_SoC/RISCV_CORE0/BPU_Profiler/mispred_penalty_debug[5]} {Aquila_SoC/RISCV_CORE0/BPU_Profiler/mispred_penalty_debug[6]} {Aquila_SoC/RISCV_CORE0/BPU_Profiler/mispred_penalty_debug[7]} {Aquila_SoC/RISCV_CORE0/BPU_Profiler/mispred_penalty_debug[8]} {Aquila_SoC/RISCV_CORE0/BPU_Profiler/mispred_penalty_debug[9]} {Aquila_SoC/RISCV_CORE0/BPU_Profiler/mispred_penalty_debug[10]} {Aquila_SoC/RISCV_CORE0/BPU_Profiler/mispred_penalty_debug[11]} {Aquila_SoC/RISCV_CORE0/BPU_Profiler/mispred_penalty_debug[12]} {Aquila_SoC/RISCV_CORE0/BPU_Profiler/mispred_penalty_debug[13]} {Aquila_SoC/RISCV_CORE0/BPU_Profiler/mispred_penalty_debug[14]} {Aquila_SoC/RISCV_CORE0/BPU_Profiler/mispred_penalty_debug[15]} {Aquila_SoC/RISCV_CORE0/BPU_Profiler/mispred_penalty_debug[16]} {Aquila_SoC/RISCV_CORE0/BPU_Profiler/mispred_penalty_debug[17]} {Aquila_SoC/RISCV_CORE0/BPU_Profiler/mispred_penalty_debug[18]} {Aquila_SoC/RISCV_CORE0/BPU_Profiler/mispred_penalty_debug[19]} {Aquila_SoC/RISCV_CORE0/BPU_Profiler/mispred_penalty_debug[20]} {Aquila_SoC/RISCV_CORE0/BPU_Profiler/mispred_penalty_debug[21]} {Aquila_SoC/RISCV_CORE0/BPU_Profiler/mispred_penalty_debug[22]} {Aquila_SoC/RISCV_CORE0/BPU_Profiler/mispred_penalty_debug[23]} {Aquila_SoC/RISCV_CORE0/BPU_Profiler/mispred_penalty_debug[24]} {Aquila_SoC/RISCV_CORE0/BPU_Profiler/mispred_penalty_debug[25]} {Aquila_SoC/RISCV_CORE0/BPU_Profiler/mispred_penalty_debug[26]} {Aquila_SoC/RISCV_CORE0/BPU_Profiler/mispred_penalty_debug[27]} {Aquila_SoC/RISCV_CORE0/BPU_Profiler/mispred_penalty_debug[28]} {Aquila_SoC/RISCV_CORE0/BPU_Profiler/mispred_penalty_debug[29]} {Aquila_SoC/RISCV_CORE0/BPU_Profiler/mispred_penalty_debug[30]} {Aquila_SoC/RISCV_CORE0/BPU_Profiler/mispred_penalty_debug[31]} {Aquila_SoC/RISCV_CORE0/BPU_Profiler/mispred_penalty_debug[32]} {Aquila_SoC/RISCV_CORE0/BPU_Profiler/mispred_penalty_debug[33]} {Aquila_SoC/RISCV_CORE0/BPU_Profiler/mispred_penalty_debug[34]} {Aquila_SoC/RISCV_CORE0/BPU_Profiler/mispred_penalty_debug[35]} {Aquila_SoC/RISCV_CORE0/BPU_Profiler/mispred_penalty_debug[36]} {Aquila_SoC/RISCV_CORE0/BPU_Profiler/mispred_penalty_debug[37]} {Aquila_SoC/RISCV_CORE0/BPU_Profiler/mispred_penalty_debug[38]} {Aquila_SoC/RISCV_CORE0/BPU_Profiler/mispred_penalty_debug[39]} {Aquila_SoC/RISCV_CORE0/BPU_Profiler/mispred_penalty_debug[40]} {Aquila_SoC/RISCV_CORE0/BPU_Profiler/mispred_penalty_debug[41]} {Aquila_SoC/RISCV_CORE0/BPU_Profiler/mispred_penalty_debug[42]} {Aquila_SoC/RISCV_CORE0/BPU_Profiler/mispred_penalty_debug[43]} {Aquila_SoC/RISCV_CORE0/BPU_Profiler/mispred_penalty_debug[44]} {Aquila_SoC/RISCV_CORE0/BPU_Profiler/mispred_penalty_debug[45]} {Aquila_SoC/RISCV_CORE0/BPU_Profiler/mispred_penalty_debug[46]} {Aquila_SoC/RISCV_CORE0/BPU_Profiler/mispred_penalty_debug[47]} {Aquila_SoC/RISCV_CORE0/BPU_Profiler/mispred_penalty_debug[48]} {Aquila_SoC/RISCV_CORE0/BPU_Profiler/mispred_penalty_debug[49]} {Aquila_SoC/RISCV_CORE0/BPU_Profiler/mispred_penalty_debug[50]} {Aquila_SoC/RISCV_CORE0/BPU_Profiler/mispred_penalty_debug[51]} {Aquila_SoC/RISCV_CORE0/BPU_Profiler/mispred_penalty_debug[52]} {Aquila_SoC/RISCV_CORE0/BPU_Profiler/mispred_penalty_debug[53]} {Aquila_SoC/RISCV_CORE0/BPU_Profiler/mispred_penalty_debug[54]} {Aquila_SoC/RISCV_CORE0/BPU_Profiler/mispred_penalty_debug[55]} {Aquila_SoC/RISCV_CORE0/BPU_Profiler/mispred_penalty_debug[56]} {Aquila_SoC/RISCV_CORE0/BPU_Profiler/mispred_penalty_debug[57]} {Aquila_SoC/RISCV_CORE0/BPU_Profiler/mispred_penalty_debug[58]} {Aquila_SoC/RISCV_CORE0/BPU_Profiler/mispred_penalty_debug[59]} {Aquila_SoC/RISCV_CORE0/BPU_Profiler/mispred_penalty_debug[60]} {Aquila_SoC/RISCV_CORE0/BPU_Profiler/mispred_penalty_debug[61]} {Aquila_SoC/RISCV_CORE0/BPU_Profiler/mispred_penalty_debug[62]} {Aquila_SoC/RISCV_CORE0/BPU_Profiler/mispred_penalty_debug[63]} ]]
create_debug_port u_ila_0 probe
set_property port_width 64 [get_debug_ports u_ila_0/probe12]
set_property PROBE_TYPE DATA_AND_TRIGGER [get_debug_ports u_ila_0/probe12]
connect_debug_port u_ila_0/probe12 [get_nets [list {Aquila_SoC/RISCV_CORE0/BPU_Profiler/total_branches_debug[0]} {Aquila_SoC/RISCV_CORE0/BPU_Profiler/total_branches_debug[1]} {Aquila_SoC/RISCV_CORE0/BPU_Profiler/total_branches_debug[2]} {Aquila_SoC/RISCV_CORE0/BPU_Profiler/total_branches_debug[3]} {Aquila_SoC/RISCV_CORE0/BPU_Profiler/total_branches_debug[4]} {Aquila_SoC/RISCV_CORE0/BPU_Profiler/total_branches_debug[5]} {Aquila_SoC/RISCV_CORE0/BPU_Profiler/total_branches_debug[6]} {Aquila_SoC/RISCV_CORE0/BPU_Profiler/total_branches_debug[7]} {Aquila_SoC/RISCV_CORE0/BPU_Profiler/total_branches_debug[8]} {Aquila_SoC/RISCV_CORE0/BPU_Profiler/total_branches_debug[9]} {Aquila_SoC/RISCV_CORE0/BPU_Profiler/total_branches_debug[10]} {Aquila_SoC/RISCV_CORE0/BPU_Profiler/total_branches_debug[11]} {Aquila_SoC/RISCV_CORE0/BPU_Profiler/total_branches_debug[12]} {Aquila_SoC/RISCV_CORE0/BPU_Profiler/total_branches_debug[13]} {Aquila_SoC/RISCV_CORE0/BPU_Profiler/total_branches_debug[14]} {Aquila_SoC/RISCV_CORE0/BPU_Profiler/total_branches_debug[15]} {Aquila_SoC/RISCV_CORE0/BPU_Profiler/total_branches_debug[16]} {Aquila_SoC/RISCV_CORE0/BPU_Profiler/total_branches_debug[17]} {Aquila_SoC/RISCV_CORE0/BPU_Profiler/total_branches_debug[18]} {Aquila_SoC/RISCV_CORE0/BPU_Profiler/total_branches_debug[19]} {Aquila_SoC/RISCV_CORE0/BPU_Profiler/total_branches_debug[20]} {Aquila_SoC/RISCV_CORE0/BPU_Profiler/total_branches_debug[21]} {Aquila_SoC/RISCV_CORE0/BPU_Profiler/total_branches_debug[22]} {Aquila_SoC/RISCV_CORE0/BPU_Profiler/total_branches_debug[23]} {Aquila_SoC/RISCV_CORE0/BPU_Profiler/total_branches_debug[24]} {Aquila_SoC/RISCV_CORE0/BPU_Profiler/total_branches_debug[25]} {Aquila_SoC/RISCV_CORE0/BPU_Profiler/total_branches_debug[26]} {Aquila_SoC/RISCV_CORE0/BPU_Profiler/total_branches_debug[27]} {Aquila_SoC/RISCV_CORE0/BPU_Profiler/total_branches_debug[28]} {Aquila_SoC/RISCV_CORE0/BPU_Profiler/total_branches_debug[29]} {Aquila_SoC/RISCV_CORE0/BPU_Profiler/total_branches_debug[30]} {Aquila_SoC/RISCV_CORE0/BPU_Profiler/total_branches_debug[31]} {Aquila_SoC/RISCV_CORE0/BPU_Profiler/total_branches_debug[32]} {Aquila_SoC/RISCV_CORE0/BPU_Profiler/total_branches_debug[33]} {Aquila_SoC/RISCV_CORE0/BPU_Profiler/total_branches_debug[34]} {Aquila_SoC/RISCV_CORE0/BPU_Profiler/total_branches_debug[35]} {Aquila_SoC/RISCV_CORE0/BPU_Profiler/total_branches_debug[36]} {Aquila_SoC/RISCV_CORE0/BPU_Profiler/total_branches_debug[37]} {Aquila_SoC/RISCV_CORE0/BPU_Profiler/total_branches_debug[38]} {Aquila_SoC/RISCV_CORE0/BPU_Profiler/total_branches_debug[39]} {Aquila_SoC/RISCV_CORE0/BPU_Profiler/total_branches_debug[40]} {Aquila_SoC/RISCV_CORE0/BPU_Profiler/total_branches_debug[41]} {Aquila_SoC/RISCV_CORE0/BPU_Profiler/total_branches_debug[42]} {Aquila_SoC/RISCV_CORE0/BPU_Profiler/total_branches_debug[43]} {Aquila_SoC/RISCV_CORE0/BPU_Profiler/total_branches_debug[44]} {Aquila_SoC/RISCV_CORE0/BPU_Profiler/total_branches_debug[45]} {Aquila_SoC/RISCV_CORE0/BPU_Profiler/total_branches_debug[46]} {Aquila_SoC/RISCV_CORE0/BPU_Profiler/total_branches_debug[47]} {Aquila_SoC/RISCV_CORE0/BPU_Profiler/total_branches_debug[48]} {Aquila_SoC/RISCV_CORE0/BPU_Profiler/total_branches_debug[49]} {Aquila_SoC/RISCV_CORE0/BPU_Profiler/total_branches_debug[50]} {Aquila_SoC/RISCV_CORE0/BPU_Profiler/total_branches_debug[51]} {Aquila_SoC/RISCV_CORE0/BPU_Profiler/total_branches_debug[52]} {Aquila_SoC/RISCV_CORE0/BPU_Profiler/total_branches_debug[53]} {Aquila_SoC/RISCV_CORE0/BPU_Profiler/total_branches_debug[54]} {Aquila_SoC/RISCV_CORE0/BPU_Profiler/total_branches_debug[55]} {Aquila_SoC/RISCV_CORE0/BPU_Profiler/total_branches_debug[56]} {Aquila_SoC/RISCV_CORE0/BPU_Profiler/total_branches_debug[57]} {Aquila_SoC/RISCV_CORE0/BPU_Profiler/total_branches_debug[58]} {Aquila_SoC/RISCV_CORE0/BPU_Profiler/total_branches_debug[59]} {Aquila_SoC/RISCV_CORE0/BPU_Profiler/total_branches_debug[60]} {Aquila_SoC/RISCV_CORE0/BPU_Profiler/total_branches_debug[61]} {Aquila_SoC/RISCV_CORE0/BPU_Profiler/total_branches_debug[62]} {Aquila_SoC/RISCV_CORE0/BPU_Profiler/total_branches_debug[63]} ]]
create_debug_port u_ila_0 probe
set_property port_width 64 [get_debug_ports u_ila_0/probe13]
set_property PROBE_TYPE DATA_AND_TRIGGER [get_debug_ports u_ila_0/probe13]
connect_debug_port u_ila_0/probe13 [get_nets [list {Aquila_SoC/RISCV_CORE0/BPU_Profiler/prediction_accuracy_denominator_debug[0]} {Aquila_SoC/RISCV_CORE0/BPU_Profiler/prediction_accuracy_denominator_debug[1]} {Aquila_SoC/RISCV_CORE0/BPU_Profiler/prediction_accuracy_denominator_debug[2]} {Aquila_SoC/RISCV_CORE0/BPU_Profiler/prediction_accuracy_denominator_debug[3]} {Aquila_SoC/RISCV_CORE0/BPU_Profiler/prediction_accuracy_denominator_debug[4]} {Aquila_SoC/RISCV_CORE0/BPU_Profiler/prediction_accuracy_denominator_debug[5]} {Aquila_SoC/RISCV_CORE0/BPU_Profiler/prediction_accuracy_denominator_debug[6]} {Aquila_SoC/RISCV_CORE0/BPU_Profiler/prediction_accuracy_denominator_debug[7]} {Aquila_SoC/RISCV_CORE0/BPU_Profiler/prediction_accuracy_denominator_debug[8]} {Aquila_SoC/RISCV_CORE0/BPU_Profiler/prediction_accuracy_denominator_debug[9]} {Aquila_SoC/RISCV_CORE0/BPU_Profiler/prediction_accuracy_denominator_debug[10]} {Aquila_SoC/RISCV_CORE0/BPU_Profiler/prediction_accuracy_denominator_debug[11]} {Aquila_SoC/RISCV_CORE0/BPU_Profiler/prediction_accuracy_denominator_debug[12]} {Aquila_SoC/RISCV_CORE0/BPU_Profiler/prediction_accuracy_denominator_debug[13]} {Aquila_SoC/RISCV_CORE0/BPU_Profiler/prediction_accuracy_denominator_debug[14]} {Aquila_SoC/RISCV_CORE0/BPU_Profiler/prediction_accuracy_denominator_debug[15]} {Aquila_SoC/RISCV_CORE0/BPU_Profiler/prediction_accuracy_denominator_debug[16]} {Aquila_SoC/RISCV_CORE0/BPU_Profiler/prediction_accuracy_denominator_debug[17]} {Aquila_SoC/RISCV_CORE0/BPU_Profiler/prediction_accuracy_denominator_debug[18]} {Aquila_SoC/RISCV_CORE0/BPU_Profiler/prediction_accuracy_denominator_debug[19]} {Aquila_SoC/RISCV_CORE0/BPU_Profiler/prediction_accuracy_denominator_debug[20]} {Aquila_SoC/RISCV_CORE0/BPU_Profiler/prediction_accuracy_denominator_debug[21]} {Aquila_SoC/RISCV_CORE0/BPU_Profiler/prediction_accuracy_denominator_debug[22]} {Aquila_SoC/RISCV_CORE0/BPU_Profiler/prediction_accuracy_denominator_debug[23]} {Aquila_SoC/RISCV_CORE0/BPU_Profiler/prediction_accuracy_denominator_debug[24]} {Aquila_SoC/RISCV_CORE0/BPU_Profiler/prediction_accuracy_denominator_debug[25]} {Aquila_SoC/RISCV_CORE0/BPU_Profiler/prediction_accuracy_denominator_debug[26]} {Aquila_SoC/RISCV_CORE0/BPU_Profiler/prediction_accuracy_denominator_debug[27]} {Aquila_SoC/RISCV_CORE0/BPU_Profiler/prediction_accuracy_denominator_debug[28]} {Aquila_SoC/RISCV_CORE0/BPU_Profiler/prediction_accuracy_denominator_debug[29]} {Aquila_SoC/RISCV_CORE0/BPU_Profiler/prediction_accuracy_denominator_debug[30]} {Aquila_SoC/RISCV_CORE0/BPU_Profiler/prediction_accuracy_denominator_debug[31]} {Aquila_SoC/RISCV_CORE0/BPU_Profiler/prediction_accuracy_denominator_debug[32]} {Aquila_SoC/RISCV_CORE0/BPU_Profiler/prediction_accuracy_denominator_debug[33]} {Aquila_SoC/RISCV_CORE0/BPU_Profiler/prediction_accuracy_denominator_debug[34]} {Aquila_SoC/RISCV_CORE0/BPU_Profiler/prediction_accuracy_denominator_debug[35]} {Aquila_SoC/RISCV_CORE0/BPU_Profiler/prediction_accuracy_denominator_debug[36]} {Aquila_SoC/RISCV_CORE0/BPU_Profiler/prediction_accuracy_denominator_debug[37]} {Aquila_SoC/RISCV_CORE0/BPU_Profiler/prediction_accuracy_denominator_debug[38]} {Aquila_SoC/RISCV_CORE0/BPU_Profiler/prediction_accuracy_denominator_debug[39]} {Aquila_SoC/RISCV_CORE0/BPU_Profiler/prediction_accuracy_denominator_debug[40]} {Aquila_SoC/RISCV_CORE0/BPU_Profiler/prediction_accuracy_denominator_debug[41]} {Aquila_SoC/RISCV_CORE0/BPU_Profiler/prediction_accuracy_denominator_debug[42]} {Aquila_SoC/RISCV_CORE0/BPU_Profiler/prediction_accuracy_denominator_debug[43]} {Aquila_SoC/RISCV_CORE0/BPU_Profiler/prediction_accuracy_denominator_debug[44]} {Aquila_SoC/RISCV_CORE0/BPU_Profiler/prediction_accuracy_denominator_debug[45]} {Aquila_SoC/RISCV_CORE0/BPU_Profiler/prediction_accuracy_denominator_debug[46]} {Aquila_SoC/RISCV_CORE0/BPU_Profiler/prediction_accuracy_denominator_debug[47]} {Aquila_SoC/RISCV_CORE0/BPU_Profiler/prediction_accuracy_denominator_debug[48]} {Aquila_SoC/RISCV_CORE0/BPU_Profiler/prediction_accuracy_denominator_debug[49]} {Aquila_SoC/RISCV_CORE0/BPU_Profiler/prediction_accuracy_denominator_debug[50]} {Aquila_SoC/RISCV_CORE0/BPU_Profiler/prediction_accuracy_denominator_debug[51]} {Aquila_SoC/RISCV_CORE0/BPU_Profiler/prediction_accuracy_denominator_debug[52]} {Aquila_SoC/RISCV_CORE0/BPU_Profiler/prediction_accuracy_denominator_debug[53]} {Aquila_SoC/RISCV_CORE0/BPU_Profiler/prediction_accuracy_denominator_debug[54]} {Aquila_SoC/RISCV_CORE0/BPU_Profiler/prediction_accuracy_denominator_debug[55]} {Aquila_SoC/RISCV_CORE0/BPU_Profiler/prediction_accuracy_denominator_debug[56]} {Aquila_SoC/RISCV_CORE0/BPU_Profiler/prediction_accuracy_denominator_debug[57]} {Aquila_SoC/RISCV_CORE0/BPU_Profiler/prediction_accuracy_denominator_debug[58]} {Aquila_SoC/RISCV_CORE0/BPU_Profiler/prediction_accuracy_denominator_debug[59]} {Aquila_SoC/RISCV_CORE0/BPU_Profiler/prediction_accuracy_denominator_debug[60]} {Aquila_SoC/RISCV_CORE0/BPU_Profiler/prediction_accuracy_denominator_debug[61]} {Aquila_SoC/RISCV_CORE0/BPU_Profiler/prediction_accuracy_denominator_debug[62]} {Aquila_SoC/RISCV_CORE0/BPU_Profiler/prediction_accuracy_denominator_debug[63]} ]]
create_debug_port u_ila_0 probe
set_property port_width 64 [get_debug_ports u_ila_0/probe14]
set_property PROBE_TYPE DATA_AND_TRIGGER [get_debug_ports u_ila_0/probe14]
connect_debug_port u_ila_0/probe14 [get_nets [list {Aquila_SoC/RISCV_CORE0/BPU_Profiler/prediction_accuracy_numerator_debug[0]} {Aquila_SoC/RISCV_CORE0/BPU_Profiler/prediction_accuracy_numerator_debug[1]} {Aquila_SoC/RISCV_CORE0/BPU_Profiler/prediction_accuracy_numerator_debug[2]} {Aquila_SoC/RISCV_CORE0/BPU_Profiler/prediction_accuracy_numerator_debug[3]} {Aquila_SoC/RISCV_CORE0/BPU_Profiler/prediction_accuracy_numerator_debug[4]} {Aquila_SoC/RISCV_CORE0/BPU_Profiler/prediction_accuracy_numerator_debug[5]} {Aquila_SoC/RISCV_CORE0/BPU_Profiler/prediction_accuracy_numerator_debug[6]} {Aquila_SoC/RISCV_CORE0/BPU_Profiler/prediction_accuracy_numerator_debug[7]} {Aquila_SoC/RISCV_CORE0/BPU_Profiler/prediction_accuracy_numerator_debug[8]} {Aquila_SoC/RISCV_CORE0/BPU_Profiler/prediction_accuracy_numerator_debug[9]} {Aquila_SoC/RISCV_CORE0/BPU_Profiler/prediction_accuracy_numerator_debug[10]} {Aquila_SoC/RISCV_CORE0/BPU_Profiler/prediction_accuracy_numerator_debug[11]} {Aquila_SoC/RISCV_CORE0/BPU_Profiler/prediction_accuracy_numerator_debug[12]} {Aquila_SoC/RISCV_CORE0/BPU_Profiler/prediction_accuracy_numerator_debug[13]} {Aquila_SoC/RISCV_CORE0/BPU_Profiler/prediction_accuracy_numerator_debug[14]} {Aquila_SoC/RISCV_CORE0/BPU_Profiler/prediction_accuracy_numerator_debug[15]} {Aquila_SoC/RISCV_CORE0/BPU_Profiler/prediction_accuracy_numerator_debug[16]} {Aquila_SoC/RISCV_CORE0/BPU_Profiler/prediction_accuracy_numerator_debug[17]} {Aquila_SoC/RISCV_CORE0/BPU_Profiler/prediction_accuracy_numerator_debug[18]} {Aquila_SoC/RISCV_CORE0/BPU_Profiler/prediction_accuracy_numerator_debug[19]} {Aquila_SoC/RISCV_CORE0/BPU_Profiler/prediction_accuracy_numerator_debug[20]} {Aquila_SoC/RISCV_CORE0/BPU_Profiler/prediction_accuracy_numerator_debug[21]} {Aquila_SoC/RISCV_CORE0/BPU_Profiler/prediction_accuracy_numerator_debug[22]} {Aquila_SoC/RISCV_CORE0/BPU_Profiler/prediction_accuracy_numerator_debug[23]} {Aquila_SoC/RISCV_CORE0/BPU_Profiler/prediction_accuracy_numerator_debug[24]} {Aquila_SoC/RISCV_CORE0/BPU_Profiler/prediction_accuracy_numerator_debug[25]} {Aquila_SoC/RISCV_CORE0/BPU_Profiler/prediction_accuracy_numerator_debug[26]} {Aquila_SoC/RISCV_CORE0/BPU_Profiler/prediction_accuracy_numerator_debug[27]} {Aquila_SoC/RISCV_CORE0/BPU_Profiler/prediction_accuracy_numerator_debug[28]} {Aquila_SoC/RISCV_CORE0/BPU_Profiler/prediction_accuracy_numerator_debug[29]} {Aquila_SoC/RISCV_CORE0/BPU_Profiler/prediction_accuracy_numerator_debug[30]} {Aquila_SoC/RISCV_CORE0/BPU_Profiler/prediction_accuracy_numerator_debug[31]} {Aquila_SoC/RISCV_CORE0/BPU_Profiler/prediction_accuracy_numerator_debug[32]} {Aquila_SoC/RISCV_CORE0/BPU_Profiler/prediction_accuracy_numerator_debug[33]} {Aquila_SoC/RISCV_CORE0/BPU_Profiler/prediction_accuracy_numerator_debug[34]} {Aquila_SoC/RISCV_CORE0/BPU_Profiler/prediction_accuracy_numerator_debug[35]} {Aquila_SoC/RISCV_CORE0/BPU_Profiler/prediction_accuracy_numerator_debug[36]} {Aquila_SoC/RISCV_CORE0/BPU_Profiler/prediction_accuracy_numerator_debug[37]} {Aquila_SoC/RISCV_CORE0/BPU_Profiler/prediction_accuracy_numerator_debug[38]} {Aquila_SoC/RISCV_CORE0/BPU_Profiler/prediction_accuracy_numerator_debug[39]} {Aquila_SoC/RISCV_CORE0/BPU_Profiler/prediction_accuracy_numerator_debug[40]} {Aquila_SoC/RISCV_CORE0/BPU_Profiler/prediction_accuracy_numerator_debug[41]} {Aquila_SoC/RISCV_CORE0/BPU_Profiler/prediction_accuracy_numerator_debug[42]} {Aquila_SoC/RISCV_CORE0/BPU_Profiler/prediction_accuracy_numerator_debug[43]} {Aquila_SoC/RISCV_CORE0/BPU_Profiler/prediction_accuracy_numerator_debug[44]} {Aquila_SoC/RISCV_CORE0/BPU_Profiler/prediction_accuracy_numerator_debug[45]} {Aquila_SoC/RISCV_CORE0/BPU_Profiler/prediction_accuracy_numerator_debug[46]} {Aquila_SoC/RISCV_CORE0/BPU_Profiler/prediction_accuracy_numerator_debug[47]} {Aquila_SoC/RISCV_CORE0/BPU_Profiler/prediction_accuracy_numerator_debug[48]} {Aquila_SoC/RISCV_CORE0/BPU_Profiler/prediction_accuracy_numerator_debug[49]} {Aquila_SoC/RISCV_CORE0/BPU_Profiler/prediction_accuracy_numerator_debug[50]} {Aquila_SoC/RISCV_CORE0/BPU_Profiler/prediction_accuracy_numerator_debug[51]} {Aquila_SoC/RISCV_CORE0/BPU_Profiler/prediction_accuracy_numerator_debug[52]} {Aquila_SoC/RISCV_CORE0/BPU_Profiler/prediction_accuracy_numerator_debug[53]} {Aquila_SoC/RISCV_CORE0/BPU_Profiler/prediction_accuracy_numerator_debug[54]} {Aquila_SoC/RISCV_CORE0/BPU_Profiler/prediction_accuracy_numerator_debug[55]} {Aquila_SoC/RISCV_CORE0/BPU_Profiler/prediction_accuracy_numerator_debug[56]} {Aquila_SoC/RISCV_CORE0/BPU_Profiler/prediction_accuracy_numerator_debug[57]} {Aquila_SoC/RISCV_CORE0/BPU_Profiler/prediction_accuracy_numerator_debug[58]} {Aquila_SoC/RISCV_CORE0/BPU_Profiler/prediction_accuracy_numerator_debug[59]} {Aquila_SoC/RISCV_CORE0/BPU_Profiler/prediction_accuracy_numerator_debug[60]} {Aquila_SoC/RISCV_CORE0/BPU_Profiler/prediction_accuracy_numerator_debug[61]} {Aquila_SoC/RISCV_CORE0/BPU_Profiler/prediction_accuracy_numerator_debug[62]} {Aquila_SoC/RISCV_CORE0/BPU_Profiler/prediction_accuracy_numerator_debug[63]} ]]
create_debug_port u_ila_0 probe
set_property port_width 1 [get_debug_ports u_ila_0/probe15]
set_property PROBE_TYPE DATA_AND_TRIGGER [get_debug_ports u_ila_0/probe15]
connect_debug_port u_ila_0/probe15 [get_nets [list Aquila_SoC/RISCV_CORE0/BPU_Profiler/penalty_counting_debug ]]
save_constraints
launch_runs impl_1 -jobs 4
INFO: [Timing 38-480] Writing timing data to binary archive.
Wrote PlaceDB: Time (s): cpu = 00:00:00.04 ; elapsed = 00:00:00.02 . Memory (MB): peak = 9109.227 ; gain = 0.000 ; free physical = 1820 ; free virtual = 11565
Wrote PulsedLatchDB: Time (s): cpu = 00:00:00 ; elapsed = 00:00:00 . Memory (MB): peak = 9109.227 ; gain = 0.000 ; free physical = 1816 ; free virtual = 11564
Write ShapeDB Complete: Time (s): cpu = 00:00:00.08 ; elapsed = 00:00:00.04 . Memory (MB): peak = 9109.227 ; gain = 0.000 ; free physical = 1816 ; free virtual = 11564
Writing XDEF routing.
Writing XDEF routing logical nets.
Writing XDEF routing special nets.
Wrote RouteStorage: Time (s): cpu = 00:00:00.16 ; elapsed = 00:00:00.06 . Memory (MB): peak = 9109.227 ; gain = 0.000 ; free physical = 1816 ; free virtual = 11562
Wrote Netlist Cache: Time (s): cpu = 00:00:00 ; elapsed = 00:00:00 . Memory (MB): peak = 9109.227 ; gain = 0.000 ; free physical = 1816 ; free virtual = 11562
Wrote Device Cache: Time (s): cpu = 00:00:00.04 ; elapsed = 00:00:00.02 . Memory (MB): peak = 9109.227 ; gain = 0.000 ; free physical = 1814 ; free virtual = 11561
Write Physdb Complete: Time (s): cpu = 00:00:00.31 ; elapsed = 00:00:00.12 . Memory (MB): peak = 9109.227 ; gain = 0.000 ; free physical = 1814 ; free virtual = 11561
[Tue Oct 21 22:59:13 2025] Launched impl_1...
Run output will be captured here: /home/johnny/MPD/aquila_build/aquila_ap/aquila_ap.runs/impl_1/runme.log
close_design
INFO: [Common 17-41] Interrupt caught. Command should exit soon.
close_design: Time (s): cpu = 00:00:25 ; elapsed = 00:00:20 . Memory (MB): peak = 9109.227 ; gain = 0.000 ; free physical = 4819 ; free virtual = 11618
INFO: [Common 17-344] 'close_design' was cancelled
open_run impl_1
Netlist sorting complete. Time (s): cpu = 00:00:00.37 ; elapsed = 00:00:00.36 . Memory (MB): peak = 9109.227 ; gain = 0.000 ; free physical = 4809 ; free virtual = 11609
INFO: [Netlist 29-17] Analyzing 5240 Unisim elements for replacement
INFO: [Netlist 29-28] Unisim Transformation completed in 1 CPU seconds
INFO: [Project 1-479] Netlist was created with Vivado 2024.1
INFO: [Project 1-570] Preparing netlist for logic optimization
Read ShapeDB Complete: Time (s): cpu = 00:00:00.14 ; elapsed = 00:00:00.14 . Memory (MB): peak = 9109.227 ; gain = 0.000 ; free physical = 4810 ; free virtual = 11610
INFO: [Timing 38-478] Restoring timing data from binary archive.
INFO: [Timing 38-479] Binary timing data restore complete.
INFO: [Project 1-856] Restoring constraints from binary archive.
INFO: [Project 1-853] Binary constraint restore complete.
INFO: [Designutils 20-5722] Start Reading Physical Databases.
Reading placement.
Read Netlist Cache: Time (s): cpu = 00:00:00.04 ; elapsed = 00:00:00.03 . Memory (MB): peak = 9244.535 ; gain = 0.000 ; free physical = 4658 ; free virtual = 11458
Reading placer database...
Read Device Cache: Time (s): cpu = 00:00:00.01 ; elapsed = 00:00:00 . Memory (MB): peak = 9244.535 ; gain = 0.000 ; free physical = 4658 ; free virtual = 11458
Read PlaceDB: Time (s): cpu = 00:00:03 ; elapsed = 00:00:03 . Memory (MB): peak = 9258.535 ; gain = 14.000 ; free physical = 4639 ; free virtual = 11439
Read PulsedLatchDB: Time (s): cpu = 00:00:00 ; elapsed = 00:00:00 . Memory (MB): peak = 9258.535 ; gain = 0.000 ; free physical = 4639 ; free virtual = 11439
Reading routing.
Read RouteStorage: Time (s): cpu = 00:00:02 ; elapsed = 00:00:00.8 . Memory (MB): peak = 9271.535 ; gain = 13.000 ; free physical = 4615 ; free virtual = 11415
Read Physdb Files: Time (s): cpu = 00:00:05 ; elapsed = 00:00:04 . Memory (MB): peak = 9271.535 ; gain = 27.000 ; free physical = 4615 ; free virtual = 11415
Restored from archive | CPU: 5.030000 secs | Memory: 45.668777 MB |
Finished XDEF File Restore: Time (s): cpu = 00:00:05 ; elapsed = 00:00:04 . Memory (MB): peak = 9271.535 ; gain = 27.000 ; free physical = 4615 ; free virtual = 11415
Netlist sorting complete. Time (s): cpu = 00:00:00.01 ; elapsed = 00:00:00 . Memory (MB): peak = 9271.535 ; gain = 0.000 ; free physical = 4615 ; free virtual = 11415
INFO: [Project 1-111] Unisim Transformation Summary:
  A total of 3001 instances were transformed.
  CFGLUT5 => CFGLUT5 (SRL16E, SRLC32E): 2952 instances
  RAM32M => RAM32M (RAMD32(x6), RAMS32(x2)): 17 instances
  RAM64M => RAM64M (RAMD64E(x4)): 32 instances

open_run: Time (s): cpu = 00:01:13 ; elapsed = 00:00:45 . Memory (MB): peak = 9460.621 ; gain = 351.395 ; free physical = 4425 ; free virtual = 11232
open_report: Time (s): cpu = 00:00:11 ; elapsed = 00:00:06 . Memory (MB): peak = 9487.684 ; gain = 20.406 ; free physical = 4291 ; free virtual = 11095
WARNING: [Timing 38-436] There are set_bus_skew constraint(s) in this design. Please run report_bus_skew to ensure that bus skew requirements are met.
launch_runs impl_1 -to_step write_bitstream -jobs 4
[Tue Oct 21 23:18:18 2025] Launched impl_1...
Run output will be captured here: /home/johnny/MPD/aquila_build/aquila_ap/aquila_ap.runs/impl_1/runme.log
open_hw_manager
connect_hw_server -allow_non_jtag
INFO: [Labtools 27-2285] Connecting to hw_server url TCP:localhost:3121
INFO: [Labtools 27-2222] Launching hw_server...
INFO: [Labtools 27-2221] Launch Output:

****** Xilinx hw_server v2024.1
  **** Build date : May 22 2024 at 19:19:01
    ** Copyright 1986-2022 Xilinx, Inc. All Rights Reserved.


INFO: [Labtools 27-3415] Connecting to cs_server url TCP:localhost:0
INFO: [Labtools 27-3417] Launching cs_server...
INFO: [Labtools 27-2221] Launch Output:


******** Xilinx cs_server v2024.1.0
  ****** Build date   : Apr 27 2024-09:40:49
    **** Build number : 2024.1.1714182049
      ** Copyright 2017-2022 Xilinx, Inc. All Rights Reserved.
      ** Copyright 2022-2025 Advanced Micro Devices, Inc. All Rights Reserved.



connect_hw_server: Time (s): cpu = 00:00:02 ; elapsed = 00:00:06 . Memory (MB): peak = 9538.902 ; gain = 0.000 ; free physical = 4018 ; free virtual = 10988
open_hw_target
INFO: [Labtoolstcl 44-466] Opening hw_target localhost:3121/xilinx_tcf/Digilent/210319B26E54A
set_property PROGRAM.FILE {/home/johnny/MPD/aquila_build/aquila_ap/aquila_ap.runs/impl_1/soc_top.bit} [get_hw_devices xc7a100t_0]
set_property PROBES.FILE {/home/johnny/MPD/aquila_build/aquila_ap/aquila_ap.runs/impl_1/soc_top.ltx} [get_hw_devices xc7a100t_0]
set_property FULL_PROBES.FILE {/home/johnny/MPD/aquila_build/aquila_ap/aquila_ap.runs/impl_1/soc_top.ltx} [get_hw_devices xc7a100t_0]
current_hw_device [get_hw_devices xc7a100t_0]
refresh_hw_device [lindex [get_hw_devices xc7a100t_0] 0]
INFO: [Labtools 27-2302] Device xc7a100t (JTAG device index = 0) is programmed with a design that has 1 ILA core(s).
WARNING: [Labtools 27-3222] Mismatch between the design programmed into the device xc7a100t (JTAG device index = 0) and the probes file(s) /home/johnny/MPD/aquila_build/aquila_ap/aquila_ap.runs/impl_1/soc_top.ltx.
 The hw_probe  in the probes file has port index 11. This port does not exist in the ILA core at location (uuid_23E7D65A79BC59F7BC47406C1714DFAE).
set_property PROBES.FILE {/home/johnny/MPD/aquila_build/aquila_ap/aquila_ap.runs/impl_1/soc_top.ltx} [get_hw_devices xc7a100t_0]
set_property FULL_PROBES.FILE {/home/johnny/MPD/aquila_build/aquila_ap/aquila_ap.runs/impl_1/soc_top.ltx} [get_hw_devices xc7a100t_0]
set_property PROGRAM.FILE {/home/johnny/MPD/aquila_build/aquila_ap/aquila_ap.runs/impl_1/soc_top.bit} [get_hw_devices xc7a100t_0]
program_hw_devices [get_hw_devices xc7a100t_0]
INFO: [Labtools 27-3164] End of startup status: HIGH
refresh_hw_device [lindex [get_hw_devices xc7a100t_0] 0]
INFO: [Labtools 27-2302] Device xc7a100t (JTAG device index = 0) is programmed with a design that has 1 ILA core(s).
display_hw_ila_data [ get_hw_ila_data hw_ila_data_1 -of_objects [get_hw_ilas -of_objects [get_hw_devices xc7a100t_0] -filter {CELL_NAME=~"u_ila_0"}]]
set_property TRIGGER_COMPARE_VALUE gteq32'h0000_19D8 [get_hw_probes Aquila_SoC/RISCV_CORE0/BPU_Profiler/fetch_pc_debug -of_objects [get_hw_ilas -of_objects [get_hw_devices xc7a100t_0] -filter {CELL_NAME=~"u_ila_0"}]]
run_hw_ila [get_hw_ilas -of_objects [get_hw_devices xc7a100t_0] -filter {CELL_NAME=~"u_ila_0"}]
INFO: [Labtools 27-1964] The ILA core 'hw_ila_1' trigger was armed at 2025-Oct-21 23:25:12
wait_on_hw_ila [get_hw_ilas -of_objects [get_hw_devices xc7a100t_0] -filter {CELL_NAME=~"u_ila_0"}]
display_hw_ila_data [upload_hw_ila_data [get_hw_ilas -of_objects [get_hw_devices xc7a100t_0] -filter {CELL_NAME=~"u_ila_0"}]]
INFO: [Labtools 27-1966] The ILA core 'hw_ila_1' triggered at 2025-Oct-21 23:25:22
INFO: [Labtools 27-3304] ILA Waveform data saved to file /home/johnny/MPD/aquila_build/aquila_ap/aquila_ap.hw/backup/hw_ila_data_1.ila. Use Tcl command 'read_hw_ila_data' or Vivado File->Import->Import ILA Data menu item to import the previously saved data.
run_hw_ila [get_hw_ilas -of_objects [get_hw_devices xc7a100t_0] -filter {CELL_NAME=~"u_ila_0"}]
INFO: [Labtools 27-1964] The ILA core 'hw_ila_1' trigger was armed at 2025-Oct-21 23:25:41
wait_on_hw_ila [get_hw_ilas -of_objects [get_hw_devices xc7a100t_0] -filter {CELL_NAME=~"u_ila_0"}]
display_hw_ila_data [upload_hw_ila_data [get_hw_ilas -of_objects [get_hw_devices xc7a100t_0] -filter {CELL_NAME=~"u_ila_0"}]]
INFO: [Labtools 27-1966] The ILA core 'hw_ila_1' triggered at 2025-Oct-21 23:25:41
INFO: [Labtools 27-3304] ILA Waveform data saved to file /home/johnny/MPD/aquila_build/aquila_ap/aquila_ap.hw/backup/hw_ila_data_1.ila. Use Tcl command 'read_hw_ila_data' or Vivado File->Import->Import ILA Data menu item to import the previously saved data.
run_hw_ila [get_hw_ilas -of_objects [get_hw_devices xc7a100t_0] -filter {CELL_NAME=~"u_ila_0"}]
INFO: [Labtools 27-1964] The ILA core 'hw_ila_1' trigger was armed at 2025-Oct-21 23:25:47
wait_on_hw_ila [get_hw_ilas -of_objects [get_hw_devices xc7a100t_0] -filter {CELL_NAME=~"u_ila_0"}]
display_hw_ila_data [upload_hw_ila_data [get_hw_ilas -of_objects [get_hw_devices xc7a100t_0] -filter {CELL_NAME=~"u_ila_0"}]]
INFO: [Labtools 27-1966] The ILA core 'hw_ila_1' triggered at 2025-Oct-21 23:25:47
INFO: [Labtools 27-3304] ILA Waveform data saved to file /home/johnny/MPD/aquila_build/aquila_ap/aquila_ap.hw/backup/hw_ila_data_1.ila. Use Tcl command 'read_hw_ila_data' or Vivado File->Import->Import ILA Data menu item to import the previously saved data.
run_hw_ila [get_hw_ilas -of_objects [get_hw_devices xc7a100t_0] -filter {CELL_NAME=~"u_ila_0"}]
INFO: [Labtools 27-1964] The ILA core 'hw_ila_1' trigger was armed at 2025-Oct-21 23:25:52
wait_on_hw_ila [get_hw_ilas -of_objects [get_hw_devices xc7a100t_0] -filter {CELL_NAME=~"u_ila_0"}]
display_hw_ila_data [upload_hw_ila_data [get_hw_ilas -of_objects [get_hw_devices xc7a100t_0] -filter {CELL_NAME=~"u_ila_0"}]]
INFO: [Labtools 27-1966] The ILA core 'hw_ila_1' triggered at 2025-Oct-21 23:25:52
INFO: [Labtools 27-3304] ILA Waveform data saved to file /home/johnny/MPD/aquila_build/aquila_ap/aquila_ap.hw/backup/hw_ila_data_1.ila. Use Tcl command 'read_hw_ila_data' or Vivado File->Import->Import ILA Data menu item to import the previously saved data.
set_property TRIGGER_COMPARE_VALUE eq32'h0000_19D8 [get_hw_probes Aquila_SoC/RISCV_CORE0/BPU_Profiler/fetch_pc_debug -of_objects [get_hw_ilas -of_objects [get_hw_devices xc7a100t_0] -filter {CELL_NAME=~"u_ila_0"}]]
run_hw_ila [get_hw_ilas -of_objects [get_hw_devices xc7a100t_0] -filter {CELL_NAME=~"u_ila_0"}]
INFO: [Labtools 27-1964] The ILA core 'hw_ila_1' trigger was armed at 2025-Oct-21 23:29:28
ERROR: [Xicom 50-38] xicom: Unable to connect to debug core(s) on the target device. Check cable connectivity and that the target board is powered up then use the disconnect_hw_server and connect_hw_server to re-initialize the hardware target. Use open_hw_target to re-register the hardware device.
ERROR: [Xicom 50-38] xicom: Unable to connect to debug core(s) on the target device. Check cable connectivity and that the target board is powered up then use the disconnect_hw_server and connect_hw_server to re-initialize the hardware target. Use open_hw_target to re-register the hardware device.
ERROR: [Xicom 50-38] xicom: Unable to connect to debug core(s) on the target device. Check cable connectivity and that the target board is powered up then use the disconnect_hw_server and connect_hw_server to re-initialize the hardware target. Use open_hw_target to re-register the hardware device.
ERROR: [Xicom 50-38] xicom: Unable to connect to debug core(s) on the target device. Check cable connectivity and that the target board is powered up then use the disconnect_hw_server and connect_hw_server to re-initialize the hardware target. Use open_hw_target to re-register the hardware device.
ERROR: [Xicom 50-38] xicom: Unable to connect to debug core(s) on the target device. Check cable connectivity and that the target board is powered up then use the disconnect_hw_server and connect_hw_server to re-initialize the hardware target. Use open_hw_target to re-register the hardware device.
ERROR: [Xicom 50-38] xicom: Unable to connect to debug core(s) on the target device. Check cable connectivity and that the target board is powered up then use the disconnect_hw_server and connect_hw_server to re-initialize the hardware target. Use open_hw_target to re-register the hardware device.
ERROR: [Xicom 50-38] xicom: Unable to connect to debug core(s) on the target device. Check cable connectivity and that the target board is powered up then use the disconnect_hw_server and connect_hw_server to re-initialize the hardware target. Use open_hw_target to re-register the hardware device.
ERROR: [Xicom 50-38] xicom: Unable to connect to debug core(s) on the target device. Check cable connectivity and that the target board is powered up then use the disconnect_hw_server and connect_hw_server to re-initialize the hardware target. Use open_hw_target to re-register the hardware device.
ERROR: [Xicom 50-38] xicom: Unable to connect to debug core(s) on the target device. Check cable connectivity and that the target board is powered up then use the disconnect_hw_server and connect_hw_server to re-initialize the hardware target. Use open_hw_target to re-register the hardware device.
ERROR: [Xicom 50-38] xicom: Unable to connect to debug core(s) on the target device. Check cable connectivity and that the target board is powered up then use the disconnect_hw_server and connect_hw_server to re-initialize the hardware target. Use open_hw_target to re-register the hardware device.
ERROR: [Xicom 50-38] xicom: Unable to connect to debug core(s) on the target device. Check cable connectivity and that the target board is powered up then use the disconnect_hw_server and connect_hw_server to re-initialize the hardware target. Use open_hw_target to re-register the hardware device.
ERROR: [Xicom 50-38] xicom: Unable to connect to debug core(s) on the target device. Check cable connectivity and that the target board is powered up then use the disconnect_hw_server and connect_hw_server to re-initialize the hardware target. Use open_hw_target to re-register the hardware device.
ERROR: [Xicom 50-38] xicom: Unable to connect to debug core(s) on the target device. Check cable connectivity and that the target board is powered up then use the disconnect_hw_server and connect_hw_server to re-initialize the hardware target. Use open_hw_target to re-register the hardware device.
ERROR: [Xicom 50-38] xicom: Unable to connect to debug core(s) on the target device. Check cable connectivity and that the target board is powered up then use the disconnect_hw_server and connect_hw_server to re-initialize the hardware target. Use open_hw_target to re-register the hardware device.
ERROR: [Xicom 50-38] xicom: Unable to connect to debug core(s) on the target device. Check cable connectivity and that the target board is powered up then use the disconnect_hw_server and connect_hw_server to re-initialize the hardware target. Use open_hw_target to re-register the hardware device.
ERROR: [Xicom 50-38] xicom: Unable to connect to debug core(s) on the target device. Check cable connectivity and that the target board is powered up then use the disconnect_hw_server and connect_hw_server to re-initialize the hardware target. Use open_hw_target to re-register the hardware device.
ERROR: [Xicom 50-38] xicom: Unable to connect to debug core(s) on the target device. Check cable connectivity and that the target board is powered up then use the disconnect_hw_server and connect_hw_server to re-initialize the hardware target. Use open_hw_target to re-register the hardware device.
ERROR: [Xicom 50-38] xicom: Unable to connect to debug core(s) on the target device. Check cable connectivity and that the target board is powered up then use the disconnect_hw_server and connect_hw_server to re-initialize the hardware target. Use open_hw_target to re-register the hardware device.
ERROR: [Xicom 50-38] xicom: Unable to connect to debug core(s) on the target device. Check cable connectivity and that the target board is powered up then use the disconnect_hw_server and connect_hw_server to re-initialize the hardware target. Use open_hw_target to re-register the hardware device.
ERROR: [Xicom 50-38] xicom: Unable to connect to debug core(s) on the target device. Check cable connectivity and that the target board is powered up then use the disconnect_hw_server and connect_hw_server to re-initialize the hardware target. Use open_hw_target to re-register the hardware device.
ERROR: [Xicom 50-38] xicom: Unable to connect to debug core(s) on the target device. Check cable connectivity and that the target board is powered up then use the disconnect_hw_server and connect_hw_server to re-initialize the hardware target. Use open_hw_target to re-register the hardware device.
ERROR: [Xicom 50-38] xicom: Unable to connect to debug core(s) on the target device. Check cable connectivity and that the target board is powered up then use the disconnect_hw_server and connect_hw_server to re-initialize the hardware target. Use open_hw_target to re-register the hardware device.
ERROR: [Xicom 50-38] xicom: Unable to connect to debug core(s) on the target device. Check cable connectivity and that the target board is powered up then use the disconnect_hw_server and connect_hw_server to re-initialize the hardware target. Use open_hw_target to re-register the hardware device.
ERROR: [Xicom 50-38] xicom: Unable to connect to debug core(s) on the target device. Check cable connectivity and that the target board is powered up then use the disconnect_hw_server and connect_hw_server to re-initialize the hardware target. Use open_hw_target to re-register the hardware device.
ERROR: [Xicom 50-38] xicom: Unable to connect to debug core(s) on the target device. Check cable connectivity and that the target board is powered up then use the disconnect_hw_server and connect_hw_server to re-initialize the hardware target. Use open_hw_target to re-register the hardware device.
ERROR: [Xicom 50-38] xicom: Unable to connect to debug core(s) on the target device. Check cable connectivity and that the target board is powered up then use the disconnect_hw_server and connect_hw_server to re-initialize the hardware target. Use open_hw_target to re-register the hardware device.
ERROR: [Xicom 50-38] xicom: Unable to connect to debug core(s) on the target device. Check cable connectivity and that the target board is powered up then use the disconnect_hw_server and connect_hw_server to re-initialize the hardware target. Use open_hw_target to re-register the hardware device.
ERROR: [Xicom 50-38] xicom: Unable to connect to debug core(s) on the target device. Check cable connectivity and that the target board is powered up then use the disconnect_hw_server and connect_hw_server to re-initialize the hardware target. Use open_hw_target to re-register the hardware device.
ERROR: [Xicom 50-38] xicom: Unable to connect to debug core(s) on the target device. Check cable connectivity and that the target board is powered up then use the disconnect_hw_server and connect_hw_server to re-initialize the hardware target. Use open_hw_target to re-register the hardware device.
ERROR: [Xicom 50-38] xicom: Unable to connect to debug core(s) on the target device. Check cable connectivity and that the target board is powered up then use the disconnect_hw_server and connect_hw_server to re-initialize the hardware target. Use open_hw_target to re-register the hardware device.
ERROR: [Xicom 50-38] xicom: Unable to connect to debug core(s) on the target device. Check cable connectivity and that the target board is powered up then use the disconnect_hw_server and connect_hw_server to re-initialize the hardware target. Use open_hw_target to re-register the hardware device.
ERROR: [Xicom 50-38] xicom: Unable to connect to debug core(s) on the target device. Check cable connectivity and that the target board is powered up then use the disconnect_hw_server and connect_hw_server to re-initialize the hardware target. Use open_hw_target to re-register the hardware device.
ERROR: [Xicom 50-38] xicom: Unable to connect to debug core(s) on the target device. Check cable connectivity and that the target board is powered up then use the disconnect_hw_server and connect_hw_server to re-initialize the hardware target. Use open_hw_target to re-register the hardware device.
ERROR: [Xicom 50-38] xicom: Unable to connect to debug core(s) on the target device. Check cable connectivity and that the target board is powered up then use the disconnect_hw_server and connect_hw_server to re-initialize the hardware target. Use open_hw_target to re-register the hardware device.
ERROR: [Xicom 50-38] xicom: Unable to connect to debug core(s) on the target device. Check cable connectivity and that the target board is powered up then use the disconnect_hw_server and connect_hw_server to re-initialize the hardware target. Use open_hw_target to re-register the hardware device.
ERROR: [Xicom 50-38] xicom: Unable to connect to debug core(s) on the target device. Check cable connectivity and that the target board is powered up then use the disconnect_hw_server and connect_hw_server to re-initialize the hardware target. Use open_hw_target to re-register the hardware device.
ERROR: [Xicom 50-38] xicom: Unable to connect to debug core(s) on the target device. Check cable connectivity and that the target board is powered up then use the disconnect_hw_server and connect_hw_server to re-initialize the hardware target. Use open_hw_target to re-register the hardware device.
ERROR: [Xicom 50-38] xicom: Unable to connect to debug core(s) on the target device. Check cable connectivity and that the target board is powered up then use the disconnect_hw_server and connect_hw_server to re-initialize the hardware target. Use open_hw_target to re-register the hardware device.
ERROR: [Xicom 50-38] xicom: Unable to connect to debug core(s) on the target device. Check cable connectivity and that the target board is powered up then use the disconnect_hw_server and connect_hw_server to re-initialize the hardware target. Use open_hw_target to re-register the hardware device.
ERROR: [Xicom 50-38] xicom: Unable to connect to debug core(s) on the target device. Check cable connectivity and that the target board is powered up then use the disconnect_hw_server and connect_hw_server to re-initialize the hardware target. Use open_hw_target to re-register the hardware device.
ERROR: [Xicom 50-38] xicom: Unable to connect to debug core(s) on the target device. Check cable connectivity and that the target board is powered up then use the disconnect_hw_server and connect_hw_server to re-initialize the hardware target. Use open_hw_target to re-register the hardware device.
ERROR: [Xicom 50-38] xicom: Unable to connect to debug core(s) on the target device. Check cable connectivity and that the target board is powered up then use the disconnect_hw_server and connect_hw_server to re-initialize the hardware target. Use open_hw_target to re-register the hardware device.
ERROR: [Xicom 50-38] xicom: Unable to connect to debug core(s) on the target device. Check cable connectivity and that the target board is powered up then use the disconnect_hw_server and connect_hw_server to re-initialize the hardware target. Use open_hw_target to re-register the hardware device.
ERROR: [Xicom 50-38] xicom: Unable to connect to debug core(s) on the target device. Check cable connectivity and that the target board is powered up then use the disconnect_hw_server and connect_hw_server to re-initialize the hardware target. Use open_hw_target to re-register the hardware device.
ERROR: [Xicom 50-38] xicom: Unable to connect to debug core(s) on the target device. Check cable connectivity and that the target board is powered up then use the disconnect_hw_server and connect_hw_server to re-initialize the hardware target. Use open_hw_target to re-register the hardware device.
ERROR: [Xicom 50-38] xicom: Unable to connect to debug core(s) on the target device. Check cable connectivity and that the target board is powered up then use the disconnect_hw_server and connect_hw_server to re-initialize the hardware target. Use open_hw_target to re-register the hardware device.
ERROR: [Xicom 50-38] xicom: Unable to connect to debug core(s) on the target device. Check cable connectivity and that the target board is powered up then use the disconnect_hw_server and connect_hw_server to re-initialize the hardware target. Use open_hw_target to re-register the hardware device.
ERROR: [Xicom 50-38] xicom: Unable to connect to debug core(s) on the target device. Check cable connectivity and that the target board is powered up then use the disconnect_hw_server and connect_hw_server to re-initialize the hardware target. Use open_hw_target to re-register the hardware device.
ERROR: [Xicom 50-38] xicom: Unable to connect to debug core(s) on the target device. Check cable connectivity and that the target board is powered up then use the disconnect_hw_server and connect_hw_server to re-initialize the hardware target. Use open_hw_target to re-register the hardware device.
ERROR: [Xicom 50-38] xicom: Unable to connect to debug core(s) on the target device. Check cable connectivity and that the target board is powered up then use the disconnect_hw_server and connect_hw_server to re-initialize the hardware target. Use open_hw_target to re-register the hardware device.
ERROR: [Xicom 50-38] xicom: Unable to connect to debug core(s) on the target device. Check cable connectivity and that the target board is powered up then use the disconnect_hw_server and connect_hw_server to re-initialize the hardware target. Use open_hw_target to re-register the hardware device.
ERROR: [Xicom 50-38] xicom: Unable to connect to debug core(s) on the target device. Check cable connectivity and that the target board is powered up then use the disconnect_hw_server and connect_hw_server to re-initialize the hardware target. Use open_hw_target to re-register the hardware device.
ERROR: [Xicom 50-38] xicom: Unable to connect to debug core(s) on the target device. Check cable connectivity and that the target board is powered up then use the disconnect_hw_server and connect_hw_server to re-initialize the hardware target. Use open_hw_target to re-register the hardware device.
ERROR: [Xicom 50-38] xicom: Unable to connect to debug core(s) on the target device. Check cable connectivity and that the target board is powered up then use the disconnect_hw_server and connect_hw_server to re-initialize the hardware target. Use open_hw_target to re-register the hardware device.
ERROR: [Xicom 50-38] xicom: Unable to connect to debug core(s) on the target device. Check cable connectivity and that the target board is powered up then use the disconnect_hw_server and connect_hw_server to re-initialize the hardware target. Use open_hw_target to re-register the hardware device.
ERROR: [Xicom 50-38] xicom: Unable to connect to debug core(s) on the target device. Check cable connectivity and that the target board is powered up then use the disconnect_hw_server and connect_hw_server to re-initialize the hardware target. Use open_hw_target to re-register the hardware device.
ERROR: [Xicom 50-38] xicom: Unable to connect to debug core(s) on the target device. Check cable connectivity and that the target board is powered up then use the disconnect_hw_server and connect_hw_server to re-initialize the hardware target. Use open_hw_target to re-register the hardware device.
ERROR: [Xicom 50-38] xicom: Unable to connect to debug core(s) on the target device. Check cable connectivity and that the target board is powered up then use the disconnect_hw_server and connect_hw_server to re-initialize the hardware target. Use open_hw_target to re-register the hardware device.
ERROR: [Xicom 50-38] xicom: Unable to connect to debug core(s) on the target device. Check cable connectivity and that the target board is powered up then use the disconnect_hw_server and connect_hw_server to re-initialize the hardware target. Use open_hw_target to re-register the hardware device.
ERROR: [Xicom 50-38] xicom: Unable to connect to debug core(s) on the target device. Check cable connectivity and that the target board is powered up then use the disconnect_hw_server and connect_hw_server to re-initialize the hardware target. Use open_hw_target to re-register the hardware device.
ERROR: [Xicom 50-38] xicom: Unable to connect to debug core(s) on the target device. Check cable connectivity and that the target board is powered up then use the disconnect_hw_server and connect_hw_server to re-initialize the hardware target. Use open_hw_target to re-register the hardware device.
ERROR: [Xicom 50-38] xicom: Unable to connect to debug core(s) on the target device. Check cable connectivity and that the target board is powered up then use the disconnect_hw_server and connect_hw_server to re-initialize the hardware target. Use open_hw_target to re-register the hardware device.
ERROR: [Xicom 50-38] xicom: Unable to connect to debug core(s) on the target device. Check cable connectivity and that the target board is powered up then use the disconnect_hw_server and connect_hw_server to re-initialize the hardware target. Use open_hw_target to re-register the hardware device.
ERROR: [Xicom 50-38] xicom: Unable to connect to debug core(s) on the target device. Check cable connectivity and that the target board is powered up then use the disconnect_hw_server and connect_hw_server to re-initialize the hardware target. Use open_hw_target to re-register the hardware device.
ERROR: [Xicom 50-38] xicom: Unable to connect to debug core(s) on the target device. Check cable connectivity and that the target board is powered up then use the disconnect_hw_server and connect_hw_server to re-initialize the hardware target. Use open_hw_target to re-register the hardware device.
ERROR: [Xicom 50-38] xicom: Unable to connect to debug core(s) on the target device. Check cable connectivity and that the target board is powered up then use the disconnect_hw_server and connect_hw_server to re-initialize the hardware target. Use open_hw_target to re-register the hardware device.
ERROR: [Xicom 50-38] xicom: Unable to connect to debug core(s) on the target device. Check cable connectivity and that the target board is powered up then use the disconnect_hw_server and connect_hw_server to re-initialize the hardware target. Use open_hw_target to re-register the hardware device.
ERROR: [Xicom 50-38] xicom: Unable to connect to debug core(s) on the target device. Check cable connectivity and that the target board is powered up then use the disconnect_hw_server and connect_hw_server to re-initialize the hardware target. Use open_hw_target to re-register the hardware device.
ERROR: [Xicom 50-38] xicom: Unable to connect to debug core(s) on the target device. Check cable connectivity and that the target board is powered up then use the disconnect_hw_server and connect_hw_server to re-initialize the hardware target. Use open_hw_target to re-register the hardware device.
ERROR: [Xicom 50-38] xicom: Unable to connect to debug core(s) on the target device. Check cable connectivity and that the target board is powered up then use the disconnect_hw_server and connect_hw_server to re-initialize the hardware target. Use open_hw_target to re-register the hardware device.
ERROR: [Xicom 50-38] xicom: Unable to connect to debug core(s) on the target device. Check cable connectivity and that the target board is powered up then use the disconnect_hw_server and connect_hw_server to re-initialize the hardware target. Use open_hw_target to re-register the hardware device.
ERROR: [Xicom 50-38] xicom: Unable to connect to debug core(s) on the target device. Check cable connectivity and that the target board is powered up then use the disconnect_hw_server and connect_hw_server to re-initialize the hardware target. Use open_hw_target to re-register the hardware device.
ERROR: [Xicom 50-38] xicom: Unable to connect to debug core(s) on the target device. Check cable connectivity and that the target board is powered up then use the disconnect_hw_server and connect_hw_server to re-initialize the hardware target. Use open_hw_target to re-register the hardware device.
ERROR: [Xicom 50-38] xicom: Unable to connect to debug core(s) on the target device. Check cable connectivity and that the target board is powered up then use the disconnect_hw_server and connect_hw_server to re-initialize the hardware target. Use open_hw_target to re-register the hardware device.
ERROR: [Xicom 50-38] xicom: Unable to connect to debug core(s) on the target device. Check cable connectivity and that the target board is powered up then use the disconnect_hw_server and connect_hw_server to re-initialize the hardware target. Use open_hw_target to re-register the hardware device.
ERROR: [Xicom 50-38] xicom: Unable to connect to debug core(s) on the target device. Check cable connectivity and that the target board is powered up then use the disconnect_hw_server and connect_hw_server to re-initialize the hardware target. Use open_hw_target to re-register the hardware device.
ERROR: [Xicom 50-38] xicom: Unable to connect to debug core(s) on the target device. Check cable connectivity and that the target board is powered up then use the disconnect_hw_server and connect_hw_server to re-initialize the hardware target. Use open_hw_target to re-register the hardware device.
ERROR: [Xicom 50-38] xicom: Unable to connect to debug core(s) on the target device. Check cable connectivity and that the target board is powered up then use the disconnect_hw_server and connect_hw_server to re-initialize the hardware target. Use open_hw_target to re-register the hardware device.
ERROR: [Xicom 50-38] xicom: Unable to connect to debug core(s) on the target device. Check cable connectivity and that the target board is powered up then use the disconnect_hw_server and connect_hw_server to re-initialize the hardware target. Use open_hw_target to re-register the hardware device.
ERROR: [Xicom 50-38] xicom: Unable to connect to debug core(s) on the target device. Check cable connectivity and that the target board is powered up then use the disconnect_hw_server and connect_hw_server to re-initialize the hardware target. Use open_hw_target to re-register the hardware device.
ERROR: [Xicom 50-38] xicom: Unable to connect to debug core(s) on the target device. Check cable connectivity and that the target board is powered up then use the disconnect_hw_server and connect_hw_server to re-initialize the hardware target. Use open_hw_target to re-register the hardware device.
ERROR: [Xicom 50-38] xicom: Unable to connect to debug core(s) on the target device. Check cable connectivity and that the target board is powered up then use the disconnect_hw_server and connect_hw_server to re-initialize the hardware target. Use open_hw_target to re-register the hardware device.
ERROR: [Xicom 50-38] xicom: Unable to connect to debug core(s) on the target device. Check cable connectivity and that the target board is powered up then use the disconnect_hw_server and connect_hw_server to re-initialize the hardware target. Use open_hw_target to re-register the hardware device.
ERROR: [Xicom 50-38] xicom: Unable to connect to debug core(s) on the target device. Check cable connectivity and that the target board is powered up then use the disconnect_hw_server and connect_hw_server to re-initialize the hardware target. Use open_hw_target to re-register the hardware device.
ERROR: [Xicom 50-38] xicom: Unable to connect to debug core(s) on the target device. Check cable connectivity and that the target board is powered up then use the disconnect_hw_server and connect_hw_server to re-initialize the hardware target. Use open_hw_target to re-register the hardware device.
ERROR: [Xicom 50-38] xicom: Unable to connect to debug core(s) on the target device. Check cable connectivity and that the target board is powered up then use the disconnect_hw_server and connect_hw_server to re-initialize the hardware target. Use open_hw_target to re-register the hardware device.
ERROR: [Xicom 50-38] xicom: Unable to connect to debug core(s) on the target device. Check cable connectivity and that the target board is powered up then use the disconnect_hw_server and connect_hw_server to re-initialize the hardware target. Use open_hw_target to re-register the hardware device.
ERROR: [Xicom 50-38] xicom: Unable to connect to debug core(s) on the target device. Check cable connectivity and that the target board is powered up then use the disconnect_hw_server and connect_hw_server to re-initialize the hardware target. Use open_hw_target to re-register the hardware device.
ERROR: [Xicom 50-38] xicom: Unable to connect to debug core(s) on the target device. Check cable connectivity and that the target board is powered up then use the disconnect_hw_server and connect_hw_server to re-initialize the hardware target. Use open_hw_target to re-register the hardware device.
ERROR: [Xicom 50-38] xicom: Unable to connect to debug core(s) on the target device. Check cable connectivity and that the target board is powered up then use the disconnect_hw_server and connect_hw_server to re-initialize the hardware target. Use open_hw_target to re-register the hardware device.
ERROR: [Xicom 50-38] xicom: Unable to connect to debug core(s) on the target device. Check cable connectivity and that the target board is powered up then use the disconnect_hw_server and connect_hw_server to re-initialize the hardware target. Use open_hw_target to re-register the hardware device.
ERROR: [Xicom 50-38] xicom: Unable to connect to debug core(s) on the target device. Check cable connectivity and that the target board is powered up then use the disconnect_hw_server and connect_hw_server to re-initialize the hardware target. Use open_hw_target to re-register the hardware device.
ERROR: [Xicom 50-38] xicom: Unable to connect to debug core(s) on the target device. Check cable connectivity and that the target board is powered up then use the disconnect_hw_server and connect_hw_server to re-initialize the hardware target. Use open_hw_target to re-register the hardware device.
ERROR: [Xicom 50-38] xicom: Unable to connect to debug core(s) on the target device. Check cable connectivity and that the target board is powered up then use the disconnect_hw_server and connect_hw_server to re-initialize the hardware target. Use open_hw_target to re-register the hardware device.
ERROR: [Xicom 50-38] xicom: Unable to connect to debug core(s) on the target device. Check cable connectivity and that the target board is powered up then use the disconnect_hw_server and connect_hw_server to re-initialize the hardware target. Use open_hw_target to re-register the hardware device.
ERROR: [Xicom 50-38] xicom: Unable to connect to debug core(s) on the target device. Check cable connectivity and that the target board is powered up then use the disconnect_hw_server and connect_hw_server to re-initialize the hardware target. Use open_hw_target to re-register the hardware device.
ERROR: [Xicom 50-38] xicom: Unable to connect to debug core(s) on the target device. Check cable connectivity and that the target board is powered up then use the disconnect_hw_server and connect_hw_server to re-initialize the hardware target. Use open_hw_target to re-register the hardware device.
ERROR: [Xicom 50-38] xicom: Unable to connect to debug core(s) on the target device. Check cable connectivity and that the target board is powered up then use the disconnect_hw_server and connect_hw_server to re-initialize the hardware target. Use open_hw_target to re-register the hardware device.
ERROR: [Xicom 50-38] xicom: Unable to connect to debug core(s) on the target device. Check cable connectivity and that the target board is powered up then use the disconnect_hw_server and connect_hw_server to re-initialize the hardware target. Use open_hw_target to re-register the hardware device.
ERROR: [Xicom 50-38] xicom: Unable to connect to debug core(s) on the target device. Check cable connectivity and that the target board is powered up then use the disconnect_hw_server and connect_hw_server to re-initialize the hardware target. Use open_hw_target to re-register the hardware device.
INFO: [Common 17-14] Message 'Xicom 50-38' appears 100 times and further instances of the messages will be disabled. Use the Tcl command set_msg_config to change the current settings.
ERROR: [Labtoolstcl 44-513] HW Target shutdown. Closing target: localhost:3121/xilinx_tcf/Digilent/210319B26E54A
INFO: [Labtoolstcl 44-466] Opening hw_target localhost:3121/xilinx_tcf/Digilent/210319B26E54A
INFO: [Labtools 27-1434] Device xc7a100t (JTAG device index = 0) is programmed with a design that has no supported debug core(s) in it.
WARNING: [Labtools 27-3361] The debug hub core was not detected.
Resolution: 
1. Make sure the clock connected to the debug hub (dbg_hub) core is a free running clock and is active.
2. Make sure the BSCAN_SWITCH_USER_MASK device property in Vivado Hardware Manager reflects the user scan chain setting in the design and refresh the device.  To determine the user scan chain setting in the design, open the implemented design and use 'get_property C_USER_SCAN_CHAIN [get_debug_cores dbg_hub]'.
For more details on setting the scan chain property, consult the Vivado Debug and Programming User Guide (UG908).
WARNING: [Labtools 27-3413] Dropping logic core with cellname:'u_ila_0' at location 'uuid_23E7D65A79BC59F7BC47406C1714DFAE' from probes file, since it cannot be found on the programmed device.
WARNING: [Labtoolstcl 44-129] No matching hw_ila_data was found.
set_property PROBES.FILE {/home/johnny/MPD/aquila_build/aquila_ap/aquila_ap.runs/impl_1/soc_top.ltx} [get_hw_devices xc7a100t_0]
set_property FULL_PROBES.FILE {/home/johnny/MPD/aquila_build/aquila_ap/aquila_ap.runs/impl_1/soc_top.ltx} [get_hw_devices xc7a100t_0]
set_property PROGRAM.FILE {/home/johnny/MPD/aquila_build/aquila_ap/aquila_ap.runs/impl_1/soc_top.bit} [get_hw_devices xc7a100t_0]
program_hw_devices [get_hw_devices xc7a100t_0]
INFO: [Labtools 27-3164] End of startup status: HIGH
refresh_hw_device [lindex [get_hw_devices xc7a100t_0] 0]
INFO: [Labtools 27-2302] Device xc7a100t (JTAG device index = 0) is programmed with a design that has 1 ILA core(s).
display_hw_ila_data [ get_hw_ila_data hw_ila_data_1 -of_objects [get_hw_ilas -of_objects [get_hw_devices xc7a100t_0] -filter {CELL_NAME=~"u_ila_0"}]]
run_hw_ila [get_hw_ilas -of_objects [get_hw_devices xc7a100t_0] -filter {CELL_NAME=~"u_ila_0"}]
INFO: [Labtools 27-1964] The ILA core 'hw_ila_1' trigger was armed at 2025-Oct-21 23:32:04
wait_on_hw_ila -timeout 0 [get_hw_ilas -of_objects [get_hw_devices xc7a100t_0] -filter {CELL_NAME=~"u_ila_0"}]
upload_hw_ila_data [get_hw_ilas -of_objects [get_hw_devices xc7a100t_0] -filter {CELL_NAME=~"u_ila_0"}]
INFO: [Labtools 27-1965] The ILA core 'hw_ila_1' trigger was stopped by user at 2025-Oct-21 23:33:00
WARNING: [Labtools 27-157] hw_ila [hw_ila_1] stopped. No data to upload.
run_hw_ila [get_hw_ilas -of_objects [get_hw_devices xc7a100t_0] -filter {CELL_NAME=~"u_ila_0"}] -trigger_now
INFO: [Labtools 27-1964] The ILA core 'hw_ila_1' trigger was armed at 2025-Oct-21 23:33:01
wait_on_hw_ila [get_hw_ilas -of_objects [get_hw_devices xc7a100t_0] -filter {CELL_NAME=~"u_ila_0"}]
display_hw_ila_data [upload_hw_ila_data [get_hw_ilas -of_objects [get_hw_devices xc7a100t_0] -filter {CELL_NAME=~"u_ila_0"}]]
INFO: [Labtools 27-1966] The ILA core 'hw_ila_1' triggered at 2025-Oct-21 23:33:01
INFO: [Labtools 27-3304] ILA Waveform data saved to file /home/johnny/MPD/aquila_build/aquila_ap/aquila_ap.hw/backup/hw_ila_data_1.ila. Use Tcl command 'read_hw_ila_data' or Vivado File->Import->Import ILA Data menu item to import the previously saved data.
set_property TRIGGER_COMPARE_VALUE eq32'h0000_182C [get_hw_probes Aquila_SoC/RISCV_CORE0/BPU_Profiler/fetch_pc_debug -of_objects [get_hw_ilas -of_objects [get_hw_devices xc7a100t_0] -filter {CELL_NAME=~"u_ila_0"}]]
run_hw_ila [get_hw_ilas -of_objects [get_hw_devices xc7a100t_0] -filter {CELL_NAME=~"u_ila_0"}]
INFO: [Labtools 27-1964] The ILA core 'hw_ila_1' trigger was armed at 2025-Oct-21 23:33:43
wait_on_hw_ila -timeout 0 [get_hw_ilas -of_objects [get_hw_devices xc7a100t_0] -filter {CELL_NAME=~"u_ila_0"}]
upload_hw_ila_data [get_hw_ilas -of_objects [get_hw_devices xc7a100t_0] -filter {CELL_NAME=~"u_ila_0"}]
INFO: [Labtools 27-1965] The ILA core 'hw_ila_1' trigger was stopped by user at 2025-Oct-21 23:34:25
WARNING: [Labtools 27-157] hw_ila [hw_ila_1] stopped. No data to upload.
run_hw_ila [get_hw_ilas -of_objects [get_hw_devices xc7a100t_0] -filter {CELL_NAME=~"u_ila_0"}]
INFO: [Labtools 27-1964] The ILA core 'hw_ila_1' trigger was armed at 2025-Oct-21 23:34:26
wait_on_hw_ila [get_hw_ilas -of_objects [get_hw_devices xc7a100t_0] -filter {CELL_NAME=~"u_ila_0"}]
display_hw_ila_data [upload_hw_ila_data [get_hw_ilas -of_objects [get_hw_devices xc7a100t_0] -filter {CELL_NAME=~"u_ila_0"}]]
INFO: [Labtools 27-1966] The ILA core 'hw_ila_1' triggered at 2025-Oct-21 23:35:05
INFO: [Labtools 27-3304] ILA Waveform data saved to file /home/johnny/MPD/aquila_build/aquila_ap/aquila_ap.hw/backup/hw_ila_data_1.ila. Use Tcl command 'read_hw_ila_data' or Vivado File->Import->Import ILA Data menu item to import the previously saved data.
reset_run synth_1
INFO: [Project 1-1161] Replacing file /home/johnny/MPD/aquila_build/aquila_ap/aquila_ap.srcs/utils_1/imports/synth_1/soc_top.dcp with file /home/johnny/MPD/aquila_build/aquila_ap/aquila_ap.runs/synth_1/soc_top.dcp
launch_runs impl_1 -to_step write_bitstream -jobs 4
[Tue Oct 21 23:38:02 2025] Launched synth_1...
Run output will be captured here: /home/johnny/MPD/aquila_build/aquila_ap/aquila_ap.runs/synth_1/runme.log
[Tue Oct 21 23:38:02 2025] Launched impl_1...
Run output will be captured here: /home/johnny/MPD/aquila_build/aquila_ap/aquila_ap.runs/impl_1/runme.log
reset_run synth_1
launch_runs impl_1 -to_step write_bitstream -jobs 4
[Tue Oct 21 23:40:35 2025] Launched synth_1...
Run output will be captured here: /home/johnny/MPD/aquila_build/aquila_ap/aquila_ap.runs/synth_1/runme.log
[Tue Oct 21 23:40:35 2025] Launched impl_1...
Run output will be captured here: /home/johnny/MPD/aquila_build/aquila_ap/aquila_ap.runs/impl_1/runme.log
reset_run impl_1
WARNING: [Vivado 12-1017] Problems encountered:
1. Attempt to kill process failed

open_run synth_1 -name synth_1
Design is defaulting to impl run constrset: constrs_1
Design is defaulting to synth run part: xc7a100tcsg324-1
INFO: [Project 1-454] Reading design checkpoint '/home/johnny/MPD/aquila_build/aquila_ap/aquila_ap.gen/sources_1/ip/clk_wiz_0/clk_wiz_0.dcp' for cell 'Clock_Generator'
INFO: [Project 1-454] Reading design checkpoint '/home/johnny/MPD/aquila_build/aquila_ap/aquila_ap.gen/sources_1/ip/axi_quad_spi_0/axi_quad_spi_0.dcp' for cell 'SD_Card_Controller'
Netlist sorting complete. Time (s): cpu = 00:00:00.16 ; elapsed = 00:00:00.23 . Memory (MB): peak = 9797.270 ; gain = 0.000 ; free physical = 1362 ; free virtual = 8679
INFO: [Netlist 29-17] Analyzing 865 Unisim elements for replacement
INFO: [Netlist 29-28] Unisim Transformation completed in 0 CPU seconds
INFO: [Project 1-479] Netlist was created with Vivado 2024.1
INFO: [Project 1-570] Preparing netlist for logic optimization
Parsing XDC File [/home/johnny/MPD/aquila_build/aquila_ap/aquila_ap.gen/sources_1/ip/axi_quad_spi_0/axi_quad_spi_0_board.xdc] for cell 'SD_Card_Controller/U0'
Finished Parsing XDC File [/home/johnny/MPD/aquila_build/aquila_ap/aquila_ap.gen/sources_1/ip/axi_quad_spi_0/axi_quad_spi_0_board.xdc] for cell 'SD_Card_Controller/U0'
Parsing XDC File [/home/johnny/MPD/aquila_build/aquila_ap/aquila_ap.gen/sources_1/ip/axi_quad_spi_0/axi_quad_spi_0.xdc] for cell 'SD_Card_Controller/U0'
Finished Parsing XDC File [/home/johnny/MPD/aquila_build/aquila_ap/aquila_ap.gen/sources_1/ip/axi_quad_spi_0/axi_quad_spi_0.xdc] for cell 'SD_Card_Controller/U0'
Parsing XDC File [/home/johnny/MPD/aquila_build/aquila_ap/aquila_ap.gen/sources_1/ip/clk_wiz_0/clk_wiz_0_board.xdc] for cell 'Clock_Generator/inst'
Finished Parsing XDC File [/home/johnny/MPD/aquila_build/aquila_ap/aquila_ap.gen/sources_1/ip/clk_wiz_0/clk_wiz_0_board.xdc] for cell 'Clock_Generator/inst'
Parsing XDC File [/home/johnny/MPD/aquila_build/aquila_ap/aquila_ap.gen/sources_1/ip/clk_wiz_0/clk_wiz_0.xdc] for cell 'Clock_Generator/inst'
INFO: [Timing 38-35] Done setting XDC timing constraints. [/home/johnny/MPD/aquila_build/aquila_ap/aquila_ap.gen/sources_1/ip/clk_wiz_0/clk_wiz_0.xdc:54]
INFO: [Timing 38-2] Deriving generated clocks [/home/johnny/MPD/aquila_build/aquila_ap/aquila_ap.gen/sources_1/ip/clk_wiz_0/clk_wiz_0.xdc:54]
Finished Parsing XDC File [/home/johnny/MPD/aquila_build/aquila_ap/aquila_ap.gen/sources_1/ip/clk_wiz_0/clk_wiz_0.xdc] for cell 'Clock_Generator/inst'
Parsing XDC File [/home/johnny/MPD/aquila_build/src/xdc/arty.xdc]
WARNING: [Vivado 12-507] No nets matched 'Aquila_SoC/PROFILER/func1_cycles_debug[0]'. [/home/johnny/MPD/aquila_build/src/xdc/arty.xdc:178]
WARNING: [Vivado 12-507] No nets matched 'Aquila_SoC/PROFILER/func1_cycles_debug[1]'. [/home/johnny/MPD/aquila_build/src/xdc/arty.xdc:178]
WARNING: [Vivado 12-507] No nets matched 'Aquila_SoC/PROFILER/func1_cycles_debug[2]'. [/home/johnny/MPD/aquila_build/src/xdc/arty.xdc:178]
WARNING: [Vivado 12-507] No nets matched 'Aquila_SoC/PROFILER/func1_cycles_debug[3]'. [/home/johnny/MPD/aquila_build/src/xdc/arty.xdc:178]
WARNING: [Vivado 12-507] No nets matched 'Aquila_SoC/PROFILER/func1_cycles_debug[4]'. [/home/johnny/MPD/aquila_build/src/xdc/arty.xdc:178]
WARNING: [Vivado 12-507] No nets matched 'Aquila_SoC/PROFILER/func1_cycles_debug[5]'. [/home/johnny/MPD/aquila_build/src/xdc/arty.xdc:178]
WARNING: [Vivado 12-507] No nets matched 'Aquila_SoC/PROFILER/func1_cycles_debug[6]'. [/home/johnny/MPD/aquila_build/src/xdc/arty.xdc:178]
WARNING: [Vivado 12-507] No nets matched 'Aquila_SoC/PROFILER/func1_cycles_debug[7]'. [/home/johnny/MPD/aquila_build/src/xdc/arty.xdc:178]
WARNING: [Vivado 12-507] No nets matched 'Aquila_SoC/PROFILER/func1_cycles_debug[8]'. [/home/johnny/MPD/aquila_build/src/xdc/arty.xdc:178]
WARNING: [Vivado 12-507] No nets matched 'Aquila_SoC/PROFILER/func1_cycles_debug[9]'. [/home/johnny/MPD/aquila_build/src/xdc/arty.xdc:178]
WARNING: [Vivado 12-507] No nets matched 'Aquila_SoC/PROFILER/func1_cycles_debug[10]'. [/home/johnny/MPD/aquila_build/src/xdc/arty.xdc:178]
WARNING: [Vivado 12-507] No nets matched 'Aquila_SoC/PROFILER/func1_cycles_debug[11]'. [/home/johnny/MPD/aquila_build/src/xdc/arty.xdc:178]
WARNING: [Vivado 12-507] No nets matched 'Aquila_SoC/PROFILER/func1_cycles_debug[12]'. [/home/johnny/MPD/aquila_build/src/xdc/arty.xdc:178]
WARNING: [Vivado 12-507] No nets matched 'Aquila_SoC/PROFILER/func1_cycles_debug[13]'. [/home/johnny/MPD/aquila_build/src/xdc/arty.xdc:178]
WARNING: [Vivado 12-507] No nets matched 'Aquila_SoC/PROFILER/func1_cycles_debug[14]'. [/home/johnny/MPD/aquila_build/src/xdc/arty.xdc:178]
WARNING: [Vivado 12-507] No nets matched 'Aquila_SoC/PROFILER/func1_cycles_debug[15]'. [/home/johnny/MPD/aquila_build/src/xdc/arty.xdc:178]
WARNING: [Vivado 12-507] No nets matched 'Aquila_SoC/PROFILER/func1_cycles_debug[16]'. [/home/johnny/MPD/aquila_build/src/xdc/arty.xdc:178]
WARNING: [Vivado 12-507] No nets matched 'Aquila_SoC/PROFILER/func1_cycles_debug[17]'. [/home/johnny/MPD/aquila_build/src/xdc/arty.xdc:178]
WARNING: [Vivado 12-507] No nets matched 'Aquila_SoC/PROFILER/func1_cycles_debug[18]'. [/home/johnny/MPD/aquila_build/src/xdc/arty.xdc:178]
WARNING: [Vivado 12-507] No nets matched 'Aquila_SoC/PROFILER/func1_cycles_debug[19]'. [/home/johnny/MPD/aquila_build/src/xdc/arty.xdc:178]
WARNING: [Vivado 12-507] No nets matched 'Aquila_SoC/PROFILER/func1_cycles_debug[20]'. [/home/johnny/MPD/aquila_build/src/xdc/arty.xdc:178]
WARNING: [Vivado 12-507] No nets matched 'Aquila_SoC/PROFILER/func1_cycles_debug[21]'. [/home/johnny/MPD/aquila_build/src/xdc/arty.xdc:178]
WARNING: [Vivado 12-507] No nets matched 'Aquila_SoC/PROFILER/func1_cycles_debug[22]'. [/home/johnny/MPD/aquila_build/src/xdc/arty.xdc:178]
WARNING: [Vivado 12-507] No nets matched 'Aquila_SoC/PROFILER/func1_cycles_debug[23]'. [/home/johnny/MPD/aquila_build/src/xdc/arty.xdc:178]
WARNING: [Vivado 12-507] No nets matched 'Aquila_SoC/PROFILER/func1_cycles_debug[24]'. [/home/johnny/MPD/aquila_build/src/xdc/arty.xdc:178]
WARNING: [Vivado 12-507] No nets matched 'Aquila_SoC/PROFILER/func1_cycles_debug[25]'. [/home/johnny/MPD/aquila_build/src/xdc/arty.xdc:178]
WARNING: [Vivado 12-507] No nets matched 'Aquila_SoC/PROFILER/func1_cycles_debug[26]'. [/home/johnny/MPD/aquila_build/src/xdc/arty.xdc:178]
WARNING: [Vivado 12-507] No nets matched 'Aquila_SoC/PROFILER/func1_cycles_debug[27]'. [/home/johnny/MPD/aquila_build/src/xdc/arty.xdc:178]
WARNING: [Vivado 12-507] No nets matched 'Aquila_SoC/PROFILER/func1_cycles_debug[28]'. [/home/johnny/MPD/aquila_build/src/xdc/arty.xdc:178]
WARNING: [Vivado 12-507] No nets matched 'Aquila_SoC/PROFILER/func1_cycles_debug[29]'. [/home/johnny/MPD/aquila_build/src/xdc/arty.xdc:178]
WARNING: [Vivado 12-507] No nets matched 'Aquila_SoC/PROFILER/func1_cycles_debug[30]'. [/home/johnny/MPD/aquila_build/src/xdc/arty.xdc:178]
WARNING: [Vivado 12-507] No nets matched 'Aquila_SoC/PROFILER/func1_cycles_debug[31]'. [/home/johnny/MPD/aquila_build/src/xdc/arty.xdc:178]
WARNING: [Vivado 12-507] No nets matched 'Aquila_SoC/PROFILER/func1_cycles_debug[32]'. [/home/johnny/MPD/aquila_build/src/xdc/arty.xdc:178]
WARNING: [Vivado 12-507] No nets matched 'Aquila_SoC/PROFILER/func1_cycles_debug[33]'. [/home/johnny/MPD/aquila_build/src/xdc/arty.xdc:178]
WARNING: [Vivado 12-507] No nets matched 'Aquila_SoC/PROFILER/func1_cycles_debug[34]'. [/home/johnny/MPD/aquila_build/src/xdc/arty.xdc:178]
WARNING: [Vivado 12-507] No nets matched 'Aquila_SoC/PROFILER/func1_cycles_debug[35]'. [/home/johnny/MPD/aquila_build/src/xdc/arty.xdc:178]
WARNING: [Vivado 12-507] No nets matched 'Aquila_SoC/PROFILER/func1_cycles_debug[36]'. [/home/johnny/MPD/aquila_build/src/xdc/arty.xdc:178]
WARNING: [Vivado 12-507] No nets matched 'Aquila_SoC/PROFILER/func1_cycles_debug[37]'. [/home/johnny/MPD/aquila_build/src/xdc/arty.xdc:178]
WARNING: [Vivado 12-507] No nets matched 'Aquila_SoC/PROFILER/func1_cycles_debug[38]'. [/home/johnny/MPD/aquila_build/src/xdc/arty.xdc:178]
WARNING: [Vivado 12-507] No nets matched 'Aquila_SoC/PROFILER/func1_cycles_debug[39]'. [/home/johnny/MPD/aquila_build/src/xdc/arty.xdc:178]
WARNING: [Vivado 12-507] No nets matched 'Aquila_SoC/PROFILER/func1_cycles_debug[40]'. [/home/johnny/MPD/aquila_build/src/xdc/arty.xdc:178]
WARNING: [Vivado 12-507] No nets matched 'Aquila_SoC/PROFILER/func1_cycles_debug[41]'. [/home/johnny/MPD/aquila_build/src/xdc/arty.xdc:178]
WARNING: [Vivado 12-507] No nets matched 'Aquila_SoC/PROFILER/func1_cycles_debug[42]'. [/home/johnny/MPD/aquila_build/src/xdc/arty.xdc:178]
WARNING: [Vivado 12-507] No nets matched 'Aquila_SoC/PROFILER/func1_cycles_debug[43]'. [/home/johnny/MPD/aquila_build/src/xdc/arty.xdc:178]
WARNING: [Vivado 12-507] No nets matched 'Aquila_SoC/PROFILER/func1_cycles_debug[44]'. [/home/johnny/MPD/aquila_build/src/xdc/arty.xdc:178]
WARNING: [Vivado 12-507] No nets matched 'Aquila_SoC/PROFILER/func1_cycles_debug[45]'. [/home/johnny/MPD/aquila_build/src/xdc/arty.xdc:178]
WARNING: [Vivado 12-507] No nets matched 'Aquila_SoC/PROFILER/func1_cycles_debug[46]'. [/home/johnny/MPD/aquila_build/src/xdc/arty.xdc:178]
WARNING: [Vivado 12-507] No nets matched 'Aquila_SoC/PROFILER/func1_cycles_debug[47]'. [/home/johnny/MPD/aquila_build/src/xdc/arty.xdc:178]
WARNING: [Vivado 12-507] No nets matched 'Aquila_SoC/PROFILER/func1_cycles_debug[48]'. [/home/johnny/MPD/aquila_build/src/xdc/arty.xdc:178]
WARNING: [Vivado 12-507] No nets matched 'Aquila_SoC/PROFILER/func1_cycles_debug[49]'. [/home/johnny/MPD/aquila_build/src/xdc/arty.xdc:178]
WARNING: [Vivado 12-507] No nets matched 'Aquila_SoC/PROFILER/func1_cycles_debug[50]'. [/home/johnny/MPD/aquila_build/src/xdc/arty.xdc:178]
WARNING: [Vivado 12-507] No nets matched 'Aquila_SoC/PROFILER/func1_cycles_debug[51]'. [/home/johnny/MPD/aquila_build/src/xdc/arty.xdc:178]
WARNING: [Vivado 12-507] No nets matched 'Aquila_SoC/PROFILER/func1_cycles_debug[52]'. [/home/johnny/MPD/aquila_build/src/xdc/arty.xdc:178]
WARNING: [Vivado 12-507] No nets matched 'Aquila_SoC/PROFILER/func1_cycles_debug[53]'. [/home/johnny/MPD/aquila_build/src/xdc/arty.xdc:178]
WARNING: [Vivado 12-507] No nets matched 'Aquila_SoC/PROFILER/func1_cycles_debug[54]'. [/home/johnny/MPD/aquila_build/src/xdc/arty.xdc:178]
WARNING: [Vivado 12-507] No nets matched 'Aquila_SoC/PROFILER/func1_cycles_debug[55]'. [/home/johnny/MPD/aquila_build/src/xdc/arty.xdc:178]
WARNING: [Vivado 12-507] No nets matched 'Aquila_SoC/PROFILER/func1_cycles_debug[56]'. [/home/johnny/MPD/aquila_build/src/xdc/arty.xdc:178]
WARNING: [Vivado 12-507] No nets matched 'Aquila_SoC/PROFILER/func1_cycles_debug[57]'. [/home/johnny/MPD/aquila_build/src/xdc/arty.xdc:178]
WARNING: [Vivado 12-507] No nets matched 'Aquila_SoC/PROFILER/func1_cycles_debug[58]'. [/home/johnny/MPD/aquila_build/src/xdc/arty.xdc:178]
WARNING: [Vivado 12-507] No nets matched 'Aquila_SoC/PROFILER/func1_cycles_debug[59]'. [/home/johnny/MPD/aquila_build/src/xdc/arty.xdc:178]
WARNING: [Vivado 12-507] No nets matched 'Aquila_SoC/PROFILER/func1_cycles_debug[60]'. [/home/johnny/MPD/aquila_build/src/xdc/arty.xdc:178]
WARNING: [Vivado 12-507] No nets matched 'Aquila_SoC/PROFILER/func1_cycles_debug[61]'. [/home/johnny/MPD/aquila_build/src/xdc/arty.xdc:178]
WARNING: [Vivado 12-507] No nets matched 'Aquila_SoC/PROFILER/func1_cycles_debug[62]'. [/home/johnny/MPD/aquila_build/src/xdc/arty.xdc:178]
WARNING: [Vivado 12-507] No nets matched 'Aquila_SoC/PROFILER/func1_cycles_debug[63]'. [/home/johnny/MPD/aquila_build/src/xdc/arty.xdc:178]
CRITICAL WARNING: [Vivado 12-1419] Debug core 'u_ila_0' was not found. [/home/johnny/MPD/aquila_build/src/xdc/arty.xdc:178]
WARNING: [Vivado 12-507] No nets matched 'Aquila_SoC/PROFILER/func3_cycles_debug[0]'. [/home/johnny/MPD/aquila_build/src/xdc/arty.xdc:179]
WARNING: [Vivado 12-507] No nets matched 'Aquila_SoC/PROFILER/func3_cycles_debug[1]'. [/home/johnny/MPD/aquila_build/src/xdc/arty.xdc:179]
WARNING: [Vivado 12-507] No nets matched 'Aquila_SoC/PROFILER/func3_cycles_debug[2]'. [/home/johnny/MPD/aquila_build/src/xdc/arty.xdc:179]
WARNING: [Vivado 12-507] No nets matched 'Aquila_SoC/PROFILER/func3_cycles_debug[3]'. [/home/johnny/MPD/aquila_build/src/xdc/arty.xdc:179]
WARNING: [Vivado 12-507] No nets matched 'Aquila_SoC/PROFILER/func3_cycles_debug[4]'. [/home/johnny/MPD/aquila_build/src/xdc/arty.xdc:179]
WARNING: [Vivado 12-507] No nets matched 'Aquila_SoC/PROFILER/func3_cycles_debug[5]'. [/home/johnny/MPD/aquila_build/src/xdc/arty.xdc:179]
WARNING: [Vivado 12-507] No nets matched 'Aquila_SoC/PROFILER/func3_cycles_debug[6]'. [/home/johnny/MPD/aquila_build/src/xdc/arty.xdc:179]
WARNING: [Vivado 12-507] No nets matched 'Aquila_SoC/PROFILER/func3_cycles_debug[7]'. [/home/johnny/MPD/aquila_build/src/xdc/arty.xdc:179]
WARNING: [Vivado 12-507] No nets matched 'Aquila_SoC/PROFILER/func3_cycles_debug[8]'. [/home/johnny/MPD/aquila_build/src/xdc/arty.xdc:179]
WARNING: [Vivado 12-507] No nets matched 'Aquila_SoC/PROFILER/func3_cycles_debug[9]'. [/home/johnny/MPD/aquila_build/src/xdc/arty.xdc:179]
WARNING: [Vivado 12-507] No nets matched 'Aquila_SoC/PROFILER/func3_cycles_debug[10]'. [/home/johnny/MPD/aquila_build/src/xdc/arty.xdc:179]
WARNING: [Vivado 12-507] No nets matched 'Aquila_SoC/PROFILER/func3_cycles_debug[11]'. [/home/johnny/MPD/aquila_build/src/xdc/arty.xdc:179]
WARNING: [Vivado 12-507] No nets matched 'Aquila_SoC/PROFILER/func3_cycles_debug[12]'. [/home/johnny/MPD/aquila_build/src/xdc/arty.xdc:179]
WARNING: [Vivado 12-507] No nets matched 'Aquila_SoC/PROFILER/func3_cycles_debug[13]'. [/home/johnny/MPD/aquila_build/src/xdc/arty.xdc:179]
WARNING: [Vivado 12-507] No nets matched 'Aquila_SoC/PROFILER/func3_cycles_debug[14]'. [/home/johnny/MPD/aquila_build/src/xdc/arty.xdc:179]
WARNING: [Vivado 12-507] No nets matched 'Aquila_SoC/PROFILER/func3_cycles_debug[15]'. [/home/johnny/MPD/aquila_build/src/xdc/arty.xdc:179]
WARNING: [Vivado 12-507] No nets matched 'Aquila_SoC/PROFILER/func3_cycles_debug[16]'. [/home/johnny/MPD/aquila_build/src/xdc/arty.xdc:179]
WARNING: [Vivado 12-507] No nets matched 'Aquila_SoC/PROFILER/func3_cycles_debug[17]'. [/home/johnny/MPD/aquila_build/src/xdc/arty.xdc:179]
WARNING: [Vivado 12-507] No nets matched 'Aquila_SoC/PROFILER/func3_cycles_debug[18]'. [/home/johnny/MPD/aquila_build/src/xdc/arty.xdc:179]
WARNING: [Vivado 12-507] No nets matched 'Aquila_SoC/PROFILER/func3_cycles_debug[19]'. [/home/johnny/MPD/aquila_build/src/xdc/arty.xdc:179]
WARNING: [Vivado 12-507] No nets matched 'Aquila_SoC/PROFILER/func3_cycles_debug[20]'. [/home/johnny/MPD/aquila_build/src/xdc/arty.xdc:179]
WARNING: [Vivado 12-507] No nets matched 'Aquila_SoC/PROFILER/func3_cycles_debug[21]'. [/home/johnny/MPD/aquila_build/src/xdc/arty.xdc:179]
WARNING: [Vivado 12-507] No nets matched 'Aquila_SoC/PROFILER/func3_cycles_debug[22]'. [/home/johnny/MPD/aquila_build/src/xdc/arty.xdc:179]
WARNING: [Vivado 12-507] No nets matched 'Aquila_SoC/PROFILER/func3_cycles_debug[23]'. [/home/johnny/MPD/aquila_build/src/xdc/arty.xdc:179]
WARNING: [Vivado 12-507] No nets matched 'Aquila_SoC/PROFILER/func3_cycles_debug[24]'. [/home/johnny/MPD/aquila_build/src/xdc/arty.xdc:179]
WARNING: [Vivado 12-507] No nets matched 'Aquila_SoC/PROFILER/func3_cycles_debug[25]'. [/home/johnny/MPD/aquila_build/src/xdc/arty.xdc:179]
WARNING: [Vivado 12-507] No nets matched 'Aquila_SoC/PROFILER/func3_cycles_debug[26]'. [/home/johnny/MPD/aquila_build/src/xdc/arty.xdc:179]
WARNING: [Vivado 12-507] No nets matched 'Aquila_SoC/PROFILER/func3_cycles_debug[27]'. [/home/johnny/MPD/aquila_build/src/xdc/arty.xdc:179]
WARNING: [Vivado 12-507] No nets matched 'Aquila_SoC/PROFILER/func3_cycles_debug[28]'. [/home/johnny/MPD/aquila_build/src/xdc/arty.xdc:179]
WARNING: [Vivado 12-507] No nets matched 'Aquila_SoC/PROFILER/func3_cycles_debug[29]'. [/home/johnny/MPD/aquila_build/src/xdc/arty.xdc:179]
WARNING: [Vivado 12-507] No nets matched 'Aquila_SoC/PROFILER/func3_cycles_debug[30]'. [/home/johnny/MPD/aquila_build/src/xdc/arty.xdc:179]
WARNING: [Vivado 12-507] No nets matched 'Aquila_SoC/PROFILER/func3_cycles_debug[31]'. [/home/johnny/MPD/aquila_build/src/xdc/arty.xdc:179]
WARNING: [Vivado 12-507] No nets matched 'Aquila_SoC/PROFILER/func3_cycles_debug[32]'. [/home/johnny/MPD/aquila_build/src/xdc/arty.xdc:179]
WARNING: [Vivado 12-507] No nets matched 'Aquila_SoC/PROFILER/func3_cycles_debug[33]'. [/home/johnny/MPD/aquila_build/src/xdc/arty.xdc:179]
WARNING: [Vivado 12-507] No nets matched 'Aquila_SoC/PROFILER/func3_cycles_debug[34]'. [/home/johnny/MPD/aquila_build/src/xdc/arty.xdc:179]
WARNING: [Vivado 12-507] No nets matched 'Aquila_SoC/PROFILER/func3_cycles_debug[35]'. [/home/johnny/MPD/aquila_build/src/xdc/arty.xdc:179]
INFO: [Common 17-14] Message 'Vivado 12-507' appears 100 times and further instances of the messages will be disabled. Use the Tcl command set_msg_config to change the current settings. [/home/johnny/MPD/aquila_build/src/xdc/arty.xdc:179]
CRITICAL WARNING: [Vivado 12-1419] Debug core 'u_ila_0' was not found. [/home/johnny/MPD/aquila_build/src/xdc/arty.xdc:179]
CRITICAL WARNING: [Vivado 12-1419] Debug core 'u_ila_0' was not found. [/home/johnny/MPD/aquila_build/src/xdc/arty.xdc:180]
CRITICAL WARNING: [Vivado 12-1419] Debug core 'u_ila_0' was not found. [/home/johnny/MPD/aquila_build/src/xdc/arty.xdc:181]
CRITICAL WARNING: [Vivado 12-1419] Debug core 'u_ila_0' was not found. [/home/johnny/MPD/aquila_build/src/xdc/arty.xdc:182]
CRITICAL WARNING: [Vivado 12-1419] Debug core 'u_ila_0' was not found. [/home/johnny/MPD/aquila_build/src/xdc/arty.xdc:183]
CRITICAL WARNING: [Vivado 12-1419] Debug core 'u_ila_0' was not found. [/home/johnny/MPD/aquila_build/src/xdc/arty.xdc:184]
CRITICAL WARNING: [Vivado 12-1419] Debug core 'u_ila_0' was not found. [/home/johnny/MPD/aquila_build/src/xdc/arty.xdc:185]
CRITICAL WARNING: [Vivado 12-1419] Debug core 'u_ila_0' was not found. [/home/johnny/MPD/aquila_build/src/xdc/arty.xdc:186]
CRITICAL WARNING: [Vivado 12-1419] Debug core 'u_ila_0' was not found. [/home/johnny/MPD/aquila_build/src/xdc/arty.xdc:187]
CRITICAL WARNING: [Vivado 12-1419] Debug core 'u_ila_0' was not found. [/home/johnny/MPD/aquila_build/src/xdc/arty.xdc:188]
CRITICAL WARNING: [Vivado 12-1419] Debug core 'u_ila_0' was not found. [/home/johnny/MPD/aquila_build/src/xdc/arty.xdc:189]
CRITICAL WARNING: [Vivado 12-1419] Debug core 'u_ila_0' was not found. [/home/johnny/MPD/aquila_build/src/xdc/arty.xdc:190]
CRITICAL WARNING: [Vivado 12-1419] Debug core 'u_ila_0' was not found. [/home/johnny/MPD/aquila_build/src/xdc/arty.xdc:191]
CRITICAL WARNING: [Vivado 12-1419] Debug core 'u_ila_0' was not found. [/home/johnny/MPD/aquila_build/src/xdc/arty.xdc:192]
CRITICAL WARNING: [Vivado 12-1419] Debug core 'u_ila_0' was not found. [/home/johnny/MPD/aquila_build/src/xdc/arty.xdc:193]
CRITICAL WARNING: [Vivado 12-1419] Debug core 'u_ila_0' was not found. [/home/johnny/MPD/aquila_build/src/xdc/arty.xdc:194]
CRITICAL WARNING: [Vivado 12-1419] Debug core 'u_ila_0' was not found. [/home/johnny/MPD/aquila_build/src/xdc/arty.xdc:195]
CRITICAL WARNING: [Vivado 12-1419] Debug core 'u_ila_0' was not found. [/home/johnny/MPD/aquila_build/src/xdc/arty.xdc:196]
Finished Parsing XDC File [/home/johnny/MPD/aquila_build/src/xdc/arty.xdc]
Parsing XDC File [/home/johnny/MPD/aquila_build/aquila_ap/aquila_ap.gen/sources_1/ip/axi_quad_spi_0/axi_quad_spi_0_clocks.xdc] for cell 'SD_Card_Controller/U0'
Finished Parsing XDC File [/home/johnny/MPD/aquila_build/aquila_ap/aquila_ap.gen/sources_1/ip/axi_quad_spi_0/axi_quad_spi_0_clocks.xdc] for cell 'SD_Card_Controller/U0'
WARNING: [XPM_CDC_GRAY: TCL-1000] The source and destination clocks are the same. 
     Instance: SD_Card_Controller/U0/NO_DUAL_QUAD_MODE.QSPI_NORMAL/QSPI_LEGACY_MD_GEN.QSPI_CORE_INTERFACE_I/FIFO_EXISTS.TX_FIFO_II/xpm_fifo_instance.xpm_fifo_async_inst/gnuram_async_fifo.xpm_fifo_base_inst/gen_cdc_pntr.rd_pntr_cdc_inst 
  This will add unnecessary latency to the design. Please check the design for the following: 
 1) Manually instantiated XPM_CDC modules: AMD recommends that you remove these modules. 
 2) AMD IP that contains XPM_CDC modules: Verify the connections to the IP to determine whether you can safely ignore this message.
 [/tools/Xilinx/Vivado/2024.1/data/ip/xpm/xpm_cdc/tcl/xpm_cdc_gray.tcl:16]
WARNING: [XPM_CDC_GRAY: TCL-1000] The source and destination clocks are the same. 
     Instance: SD_Card_Controller/U0/NO_DUAL_QUAD_MODE.QSPI_NORMAL/QSPI_LEGACY_MD_GEN.QSPI_CORE_INTERFACE_I/FIFO_EXISTS.RX_FIFO_II/gnuram_async_fifo.xpm_fifo_base_inst/gen_cdc_pntr.wr_pntr_cdc_inst 
  This will add unnecessary latency to the design. Please check the design for the following: 
 1) Manually instantiated XPM_CDC modules: AMD recommends that you remove these modules. 
 2) AMD IP that contains XPM_CDC modules: Verify the connections to the IP to determine whether you can safely ignore this message.
 [/tools/Xilinx/Vivado/2024.1/data/ip/xpm/xpm_cdc/tcl/xpm_cdc_gray.tcl:16]
WARNING: [XPM_CDC_GRAY: TCL-1000] The source and destination clocks are the same. 
     Instance: SD_Card_Controller/U0/NO_DUAL_QUAD_MODE.QSPI_NORMAL/QSPI_LEGACY_MD_GEN.QSPI_CORE_INTERFACE_I/FIFO_EXISTS.RX_FIFO_II/gnuram_async_fifo.xpm_fifo_base_inst/gen_cdc_pntr.rd_pntr_cdc_inst 
  This will add unnecessary latency to the design. Please check the design for the following: 
 1) Manually instantiated XPM_CDC modules: AMD recommends that you remove these modules. 
 2) AMD IP that contains XPM_CDC modules: Verify the connections to the IP to determine whether you can safely ignore this message.
 [/tools/Xilinx/Vivado/2024.1/data/ip/xpm/xpm_cdc/tcl/xpm_cdc_gray.tcl:16]
WARNING: [XPM_CDC_GRAY: TCL-1000] The source and destination clocks are the same. 
     Instance: SD_Card_Controller/U0/NO_DUAL_QUAD_MODE.QSPI_NORMAL/QSPI_LEGACY_MD_GEN.QSPI_CORE_INTERFACE_I/FIFO_EXISTS.TX_FIFO_II/xpm_fifo_instance.xpm_fifo_async_inst/gnuram_async_fifo.xpm_fifo_base_inst/gen_cdc_pntr.wr_pntr_cdc_inst 
  This will add unnecessary latency to the design. Please check the design for the following: 
 1) Manually instantiated XPM_CDC modules: AMD recommends that you remove these modules. 
 2) AMD IP that contains XPM_CDC modules: Verify the connections to the IP to determine whether you can safely ignore this message.
 [/tools/Xilinx/Vivado/2024.1/data/ip/xpm/xpm_cdc/tcl/xpm_cdc_gray.tcl:16]
WARNING: [XPM_CDC_GRAY: TCL-1000] The source and destination clocks are the same. 
     Instance: SD_Card_Controller/U0/NO_DUAL_QUAD_MODE.QSPI_NORMAL/QSPI_LEGACY_MD_GEN.QSPI_CORE_INTERFACE_I/FIFO_EXISTS.TX_FIFO_II/xpm_fifo_instance.xpm_fifo_async_inst/gnuram_async_fifo.xpm_fifo_base_inst/gen_cdc_pntr.wr_pntr_cdc_dc_inst 
  This will add unnecessary latency to the design. Please check the design for the following: 
 1) Manually instantiated XPM_CDC modules: AMD recommends that you remove these modules. 
 2) AMD IP that contains XPM_CDC modules: Verify the connections to the IP to determine whether you can safely ignore this message.
 [/tools/Xilinx/Vivado/2024.1/data/ip/xpm/xpm_cdc/tcl/xpm_cdc_gray.tcl:16]
WARNING: [XPM_CDC_GRAY: TCL-1000] The source and destination clocks are the same. 
     Instance: SD_Card_Controller/U0/NO_DUAL_QUAD_MODE.QSPI_NORMAL/QSPI_LEGACY_MD_GEN.QSPI_CORE_INTERFACE_I/FIFO_EXISTS.RX_FIFO_II/gnuram_async_fifo.xpm_fifo_base_inst/gen_cdc_pntr.wr_pntr_cdc_dc_inst 
  This will add unnecessary latency to the design. Please check the design for the following: 
 1) Manually instantiated XPM_CDC modules: AMD recommends that you remove these modules. 
 2) AMD IP that contains XPM_CDC modules: Verify the connections to the IP to determine whether you can safely ignore this message.
 [/tools/Xilinx/Vivado/2024.1/data/ip/xpm/xpm_cdc/tcl/xpm_cdc_gray.tcl:16]
WARNING: [XPM_CDC_GRAY: TCL-1000] The source and destination clocks are the same. 
     Instance: SD_Card_Controller/U0/NO_DUAL_QUAD_MODE.QSPI_NORMAL/QSPI_LEGACY_MD_GEN.QSPI_CORE_INTERFACE_I/FIFO_EXISTS.TX_FIFO_II/xpm_fifo_instance.xpm_fifo_async_inst/gnuram_async_fifo.xpm_fifo_base_inst/gen_cdc_pntr.rd_pntr_cdc_dc_inst 
  This will add unnecessary latency to the design. Please check the design for the following: 
 1) Manually instantiated XPM_CDC modules: AMD recommends that you remove these modules. 
 2) AMD IP that contains XPM_CDC modules: Verify the connections to the IP to determine whether you can safely ignore this message.
 [/tools/Xilinx/Vivado/2024.1/data/ip/xpm/xpm_cdc/tcl/xpm_cdc_gray.tcl:16]
WARNING: [XPM_CDC_GRAY: TCL-1000] The source and destination clocks are the same. 
     Instance: SD_Card_Controller/U0/NO_DUAL_QUAD_MODE.QSPI_NORMAL/QSPI_LEGACY_MD_GEN.QSPI_CORE_INTERFACE_I/FIFO_EXISTS.RX_FIFO_II/gnuram_async_fifo.xpm_fifo_base_inst/gen_cdc_pntr.rd_pntr_cdc_dc_inst 
  This will add unnecessary latency to the design. Please check the design for the following: 
 1) Manually instantiated XPM_CDC modules: AMD recommends that you remove these modules. 
 2) AMD IP that contains XPM_CDC modules: Verify the connections to the IP to determine whether you can safely ignore this message.
 [/tools/Xilinx/Vivado/2024.1/data/ip/xpm/xpm_cdc/tcl/xpm_cdc_gray.tcl:16]
INFO: [Project 1-1714] 14 XPM XDC files have been applied to the design.
INFO: [Opt 31-138] Pushed 0 inverter(s) to 0 load pin(s).
WARNING: [Constraints 18-5572] Instance SD_Card_Controller/U0/NO_DUAL_QUAD_MODE.QSPI_NORMAL/IO0_I_REG has IOB constraint set, However, the instance does not seem to have valid I/O connection to be placed into I/O. The constraint on the instance will be ignored.
INFO: [Project 1-1687] 4 scoped IP constraints or related sub-commands were skipped due to synthesis logic optimizations usually triggered by constant connectivity or unconnected output pins. To review the skipped constraints and messages, run the command 'set_param netlist.IPMsgFiltering false' before opening the design.
Netlist sorting complete. Time (s): cpu = 00:00:00 ; elapsed = 00:00:00 . Memory (MB): peak = 9916.652 ; gain = 0.000 ; free physical = 1254 ; free virtual = 8518
INFO: [Project 1-111] Unisim Transformation Summary:
  A total of 11 instances were transformed.
  RAM32M => RAM32M (RAMD32(x6), RAMS32(x2)): 11 instances

open_run: Time (s): cpu = 00:00:27 ; elapsed = 00:00:24 . Memory (MB): peak = 9942.660 ; gain = 145.391 ; free physical = 1252 ; free virtual = 8508
delete_debug_core [get_debug_cores {u_ila_0 }]
create_debug_core u_ila_0 ila
set_property C_DATA_DEPTH 4096 [get_debug_cores u_ila_0]
set_property C_TRIGIN_EN false [get_debug_cores u_ila_0]
set_property C_TRIGOUT_EN false [get_debug_cores u_ila_0]
set_property C_ADV_TRIGGER false [get_debug_cores u_ila_0]
set_property C_INPUT_PIPE_STAGES 0 [get_debug_cores u_ila_0]
set_property C_EN_STRG_QUAL false [get_debug_cores u_ila_0]
set_property ALL_PROBE_SAME_MU true [get_debug_cores u_ila_0]
set_property ALL_PROBE_SAME_MU_CNT 1 [get_debug_cores u_ila_0]
startgroup 
set_property C_EN_STRG_QUAL true [get_debug_cores u_ila_0 ]
set_property C_ADV_TRIGGER true [get_debug_cores u_ila_0 ]
set_property ALL_PROBE_SAME_MU true [get_debug_cores u_ila_0 ]
set_property ALL_PROBE_SAME_MU_CNT 4 [get_debug_cores u_ila_0 ]
endgroup
connect_debug_port u_ila_0/clk [get_nets [list Clock_Generator/inst/clk_out1 ]]
set_property port_width 64 [get_debug_ports u_ila_0/probe0]
set_property PROBE_TYPE DATA_AND_TRIGGER [get_debug_ports u_ila_0/probe0]
connect_debug_port u_ila_0/probe0 [get_nets [list {Aquila_SoC/RISCV_CORE0/BPU_Profiler/incorrect_predictions_debug[0]} {Aquila_SoC/RISCV_CORE0/BPU_Profiler/incorrect_predictions_debug[1]} {Aquila_SoC/RISCV_CORE0/BPU_Profiler/incorrect_predictions_debug[2]} {Aquila_SoC/RISCV_CORE0/BPU_Profiler/incorrect_predictions_debug[3]} {Aquila_SoC/RISCV_CORE0/BPU_Profiler/incorrect_predictions_debug[4]} {Aquila_SoC/RISCV_CORE0/BPU_Profiler/incorrect_predictions_debug[5]} {Aquila_SoC/RISCV_CORE0/BPU_Profiler/incorrect_predictions_debug[6]} {Aquila_SoC/RISCV_CORE0/BPU_Profiler/incorrect_predictions_debug[7]} {Aquila_SoC/RISCV_CORE0/BPU_Profiler/incorrect_predictions_debug[8]} {Aquila_SoC/RISCV_CORE0/BPU_Profiler/incorrect_predictions_debug[9]} {Aquila_SoC/RISCV_CORE0/BPU_Profiler/incorrect_predictions_debug[10]} {Aquila_SoC/RISCV_CORE0/BPU_Profiler/incorrect_predictions_debug[11]} {Aquila_SoC/RISCV_CORE0/BPU_Profiler/incorrect_predictions_debug[12]} {Aquila_SoC/RISCV_CORE0/BPU_Profiler/incorrect_predictions_debug[13]} {Aquila_SoC/RISCV_CORE0/BPU_Profiler/incorrect_predictions_debug[14]} {Aquila_SoC/RISCV_CORE0/BPU_Profiler/incorrect_predictions_debug[15]} {Aquila_SoC/RISCV_CORE0/BPU_Profiler/incorrect_predictions_debug[16]} {Aquila_SoC/RISCV_CORE0/BPU_Profiler/incorrect_predictions_debug[17]} {Aquila_SoC/RISCV_CORE0/BPU_Profiler/incorrect_predictions_debug[18]} {Aquila_SoC/RISCV_CORE0/BPU_Profiler/incorrect_predictions_debug[19]} {Aquila_SoC/RISCV_CORE0/BPU_Profiler/incorrect_predictions_debug[20]} {Aquila_SoC/RISCV_CORE0/BPU_Profiler/incorrect_predictions_debug[21]} {Aquila_SoC/RISCV_CORE0/BPU_Profiler/incorrect_predictions_debug[22]} {Aquila_SoC/RISCV_CORE0/BPU_Profiler/incorrect_predictions_debug[23]} {Aquila_SoC/RISCV_CORE0/BPU_Profiler/incorrect_predictions_debug[24]} {Aquila_SoC/RISCV_CORE0/BPU_Profiler/incorrect_predictions_debug[25]} {Aquila_SoC/RISCV_CORE0/BPU_Profiler/incorrect_predictions_debug[26]} {Aquila_SoC/RISCV_CORE0/BPU_Profiler/incorrect_predictions_debug[27]} {Aquila_SoC/RISCV_CORE0/BPU_Profiler/incorrect_predictions_debug[28]} {Aquila_SoC/RISCV_CORE0/BPU_Profiler/incorrect_predictions_debug[29]} {Aquila_SoC/RISCV_CORE0/BPU_Profiler/incorrect_predictions_debug[30]} {Aquila_SoC/RISCV_CORE0/BPU_Profiler/incorrect_predictions_debug[31]} {Aquila_SoC/RISCV_CORE0/BPU_Profiler/incorrect_predictions_debug[32]} {Aquila_SoC/RISCV_CORE0/BPU_Profiler/incorrect_predictions_debug[33]} {Aquila_SoC/RISCV_CORE0/BPU_Profiler/incorrect_predictions_debug[34]} {Aquila_SoC/RISCV_CORE0/BPU_Profiler/incorrect_predictions_debug[35]} {Aquila_SoC/RISCV_CORE0/BPU_Profiler/incorrect_predictions_debug[36]} {Aquila_SoC/RISCV_CORE0/BPU_Profiler/incorrect_predictions_debug[37]} {Aquila_SoC/RISCV_CORE0/BPU_Profiler/incorrect_predictions_debug[38]} {Aquila_SoC/RISCV_CORE0/BPU_Profiler/incorrect_predictions_debug[39]} {Aquila_SoC/RISCV_CORE0/BPU_Profiler/incorrect_predictions_debug[40]} {Aquila_SoC/RISCV_CORE0/BPU_Profiler/incorrect_predictions_debug[41]} {Aquila_SoC/RISCV_CORE0/BPU_Profiler/incorrect_predictions_debug[42]} {Aquila_SoC/RISCV_CORE0/BPU_Profiler/incorrect_predictions_debug[43]} {Aquila_SoC/RISCV_CORE0/BPU_Profiler/incorrect_predictions_debug[44]} {Aquila_SoC/RISCV_CORE0/BPU_Profiler/incorrect_predictions_debug[45]} {Aquila_SoC/RISCV_CORE0/BPU_Profiler/incorrect_predictions_debug[46]} {Aquila_SoC/RISCV_CORE0/BPU_Profiler/incorrect_predictions_debug[47]} {Aquila_SoC/RISCV_CORE0/BPU_Profiler/incorrect_predictions_debug[48]} {Aquila_SoC/RISCV_CORE0/BPU_Profiler/incorrect_predictions_debug[49]} {Aquila_SoC/RISCV_CORE0/BPU_Profiler/incorrect_predictions_debug[50]} {Aquila_SoC/RISCV_CORE0/BPU_Profiler/incorrect_predictions_debug[51]} {Aquila_SoC/RISCV_CORE0/BPU_Profiler/incorrect_predictions_debug[52]} {Aquila_SoC/RISCV_CORE0/BPU_Profiler/incorrect_predictions_debug[53]} {Aquila_SoC/RISCV_CORE0/BPU_Profiler/incorrect_predictions_debug[54]} {Aquila_SoC/RISCV_CORE0/BPU_Profiler/incorrect_predictions_debug[55]} {Aquila_SoC/RISCV_CORE0/BPU_Profiler/incorrect_predictions_debug[56]} {Aquila_SoC/RISCV_CORE0/BPU_Profiler/incorrect_predictions_debug[57]} {Aquila_SoC/RISCV_CORE0/BPU_Profiler/incorrect_predictions_debug[58]} {Aquila_SoC/RISCV_CORE0/BPU_Profiler/incorrect_predictions_debug[59]} {Aquila_SoC/RISCV_CORE0/BPU_Profiler/incorrect_predictions_debug[60]} {Aquila_SoC/RISCV_CORE0/BPU_Profiler/incorrect_predictions_debug[61]} {Aquila_SoC/RISCV_CORE0/BPU_Profiler/incorrect_predictions_debug[62]} {Aquila_SoC/RISCV_CORE0/BPU_Profiler/incorrect_predictions_debug[63]} ]]
create_debug_port u_ila_0 probe
set_property port_width 64 [get_debug_ports u_ila_0/probe1]
set_property PROBE_TYPE DATA_AND_TRIGGER [get_debug_ports u_ila_0/probe1]
connect_debug_port u_ila_0/probe1 [get_nets [list {Aquila_SoC/RISCV_CORE0/BPU_Profiler/prediction_accuracy_denominator_debug[0]} {Aquila_SoC/RISCV_CORE0/BPU_Profiler/prediction_accuracy_denominator_debug[1]} {Aquila_SoC/RISCV_CORE0/BPU_Profiler/prediction_accuracy_denominator_debug[2]} {Aquila_SoC/RISCV_CORE0/BPU_Profiler/prediction_accuracy_denominator_debug[3]} {Aquila_SoC/RISCV_CORE0/BPU_Profiler/prediction_accuracy_denominator_debug[4]} {Aquila_SoC/RISCV_CORE0/BPU_Profiler/prediction_accuracy_denominator_debug[5]} {Aquila_SoC/RISCV_CORE0/BPU_Profiler/prediction_accuracy_denominator_debug[6]} {Aquila_SoC/RISCV_CORE0/BPU_Profiler/prediction_accuracy_denominator_debug[7]} {Aquila_SoC/RISCV_CORE0/BPU_Profiler/prediction_accuracy_denominator_debug[8]} {Aquila_SoC/RISCV_CORE0/BPU_Profiler/prediction_accuracy_denominator_debug[9]} {Aquila_SoC/RISCV_CORE0/BPU_Profiler/prediction_accuracy_denominator_debug[10]} {Aquila_SoC/RISCV_CORE0/BPU_Profiler/prediction_accuracy_denominator_debug[11]} {Aquila_SoC/RISCV_CORE0/BPU_Profiler/prediction_accuracy_denominator_debug[12]} {Aquila_SoC/RISCV_CORE0/BPU_Profiler/prediction_accuracy_denominator_debug[13]} {Aquila_SoC/RISCV_CORE0/BPU_Profiler/prediction_accuracy_denominator_debug[14]} {Aquila_SoC/RISCV_CORE0/BPU_Profiler/prediction_accuracy_denominator_debug[15]} {Aquila_SoC/RISCV_CORE0/BPU_Profiler/prediction_accuracy_denominator_debug[16]} {Aquila_SoC/RISCV_CORE0/BPU_Profiler/prediction_accuracy_denominator_debug[17]} {Aquila_SoC/RISCV_CORE0/BPU_Profiler/prediction_accuracy_denominator_debug[18]} {Aquila_SoC/RISCV_CORE0/BPU_Profiler/prediction_accuracy_denominator_debug[19]} {Aquila_SoC/RISCV_CORE0/BPU_Profiler/prediction_accuracy_denominator_debug[20]} {Aquila_SoC/RISCV_CORE0/BPU_Profiler/prediction_accuracy_denominator_debug[21]} {Aquila_SoC/RISCV_CORE0/BPU_Profiler/prediction_accuracy_denominator_debug[22]} {Aquila_SoC/RISCV_CORE0/BPU_Profiler/prediction_accuracy_denominator_debug[23]} {Aquila_SoC/RISCV_CORE0/BPU_Profiler/prediction_accuracy_denominator_debug[24]} {Aquila_SoC/RISCV_CORE0/BPU_Profiler/prediction_accuracy_denominator_debug[25]} {Aquila_SoC/RISCV_CORE0/BPU_Profiler/prediction_accuracy_denominator_debug[26]} {Aquila_SoC/RISCV_CORE0/BPU_Profiler/prediction_accuracy_denominator_debug[27]} {Aquila_SoC/RISCV_CORE0/BPU_Profiler/prediction_accuracy_denominator_debug[28]} {Aquila_SoC/RISCV_CORE0/BPU_Profiler/prediction_accuracy_denominator_debug[29]} {Aquila_SoC/RISCV_CORE0/BPU_Profiler/prediction_accuracy_denominator_debug[30]} {Aquila_SoC/RISCV_CORE0/BPU_Profiler/prediction_accuracy_denominator_debug[31]} {Aquila_SoC/RISCV_CORE0/BPU_Profiler/prediction_accuracy_denominator_debug[32]} {Aquila_SoC/RISCV_CORE0/BPU_Profiler/prediction_accuracy_denominator_debug[33]} {Aquila_SoC/RISCV_CORE0/BPU_Profiler/prediction_accuracy_denominator_debug[34]} {Aquila_SoC/RISCV_CORE0/BPU_Profiler/prediction_accuracy_denominator_debug[35]} {Aquila_SoC/RISCV_CORE0/BPU_Profiler/prediction_accuracy_denominator_debug[36]} {Aquila_SoC/RISCV_CORE0/BPU_Profiler/prediction_accuracy_denominator_debug[37]} {Aquila_SoC/RISCV_CORE0/BPU_Profiler/prediction_accuracy_denominator_debug[38]} {Aquila_SoC/RISCV_CORE0/BPU_Profiler/prediction_accuracy_denominator_debug[39]} {Aquila_SoC/RISCV_CORE0/BPU_Profiler/prediction_accuracy_denominator_debug[40]} {Aquila_SoC/RISCV_CORE0/BPU_Profiler/prediction_accuracy_denominator_debug[41]} {Aquila_SoC/RISCV_CORE0/BPU_Profiler/prediction_accuracy_denominator_debug[42]} {Aquila_SoC/RISCV_CORE0/BPU_Profiler/prediction_accuracy_denominator_debug[43]} {Aquila_SoC/RISCV_CORE0/BPU_Profiler/prediction_accuracy_denominator_debug[44]} {Aquila_SoC/RISCV_CORE0/BPU_Profiler/prediction_accuracy_denominator_debug[45]} {Aquila_SoC/RISCV_CORE0/BPU_Profiler/prediction_accuracy_denominator_debug[46]} {Aquila_SoC/RISCV_CORE0/BPU_Profiler/prediction_accuracy_denominator_debug[47]} {Aquila_SoC/RISCV_CORE0/BPU_Profiler/prediction_accuracy_denominator_debug[48]} {Aquila_SoC/RISCV_CORE0/BPU_Profiler/prediction_accuracy_denominator_debug[49]} {Aquila_SoC/RISCV_CORE0/BPU_Profiler/prediction_accuracy_denominator_debug[50]} {Aquila_SoC/RISCV_CORE0/BPU_Profiler/prediction_accuracy_denominator_debug[51]} {Aquila_SoC/RISCV_CORE0/BPU_Profiler/prediction_accuracy_denominator_debug[52]} {Aquila_SoC/RISCV_CORE0/BPU_Profiler/prediction_accuracy_denominator_debug[53]} {Aquila_SoC/RISCV_CORE0/BPU_Profiler/prediction_accuracy_denominator_debug[54]} {Aquila_SoC/RISCV_CORE0/BPU_Profiler/prediction_accuracy_denominator_debug[55]} {Aquila_SoC/RISCV_CORE0/BPU_Profiler/prediction_accuracy_denominator_debug[56]} {Aquila_SoC/RISCV_CORE0/BPU_Profiler/prediction_accuracy_denominator_debug[57]} {Aquila_SoC/RISCV_CORE0/BPU_Profiler/prediction_accuracy_denominator_debug[58]} {Aquila_SoC/RISCV_CORE0/BPU_Profiler/prediction_accuracy_denominator_debug[59]} {Aquila_SoC/RISCV_CORE0/BPU_Profiler/prediction_accuracy_denominator_debug[60]} {Aquila_SoC/RISCV_CORE0/BPU_Profiler/prediction_accuracy_denominator_debug[61]} {Aquila_SoC/RISCV_CORE0/BPU_Profiler/prediction_accuracy_denominator_debug[62]} {Aquila_SoC/RISCV_CORE0/BPU_Profiler/prediction_accuracy_denominator_debug[63]} ]]
create_debug_port u_ila_0 probe
set_property port_width 64 [get_debug_ports u_ila_0/probe2]
set_property PROBE_TYPE DATA_AND_TRIGGER [get_debug_ports u_ila_0/probe2]
connect_debug_port u_ila_0/probe2 [get_nets [list {Aquila_SoC/RISCV_CORE0/BPU_Profiler/mispred_penalty_debug[0]} {Aquila_SoC/RISCV_CORE0/BPU_Profiler/mispred_penalty_debug[1]} {Aquila_SoC/RISCV_CORE0/BPU_Profiler/mispred_penalty_debug[2]} {Aquila_SoC/RISCV_CORE0/BPU_Profiler/mispred_penalty_debug[3]} {Aquila_SoC/RISCV_CORE0/BPU_Profiler/mispred_penalty_debug[4]} {Aquila_SoC/RISCV_CORE0/BPU_Profiler/mispred_penalty_debug[5]} {Aquila_SoC/RISCV_CORE0/BPU_Profiler/mispred_penalty_debug[6]} {Aquila_SoC/RISCV_CORE0/BPU_Profiler/mispred_penalty_debug[7]} {Aquila_SoC/RISCV_CORE0/BPU_Profiler/mispred_penalty_debug[8]} {Aquila_SoC/RISCV_CORE0/BPU_Profiler/mispred_penalty_debug[9]} {Aquila_SoC/RISCV_CORE0/BPU_Profiler/mispred_penalty_debug[10]} {Aquila_SoC/RISCV_CORE0/BPU_Profiler/mispred_penalty_debug[11]} {Aquila_SoC/RISCV_CORE0/BPU_Profiler/mispred_penalty_debug[12]} {Aquila_SoC/RISCV_CORE0/BPU_Profiler/mispred_penalty_debug[13]} {Aquila_SoC/RISCV_CORE0/BPU_Profiler/mispred_penalty_debug[14]} {Aquila_SoC/RISCV_CORE0/BPU_Profiler/mispred_penalty_debug[15]} {Aquila_SoC/RISCV_CORE0/BPU_Profiler/mispred_penalty_debug[16]} {Aquila_SoC/RISCV_CORE0/BPU_Profiler/mispred_penalty_debug[17]} {Aquila_SoC/RISCV_CORE0/BPU_Profiler/mispred_penalty_debug[18]} {Aquila_SoC/RISCV_CORE0/BPU_Profiler/mispred_penalty_debug[19]} {Aquila_SoC/RISCV_CORE0/BPU_Profiler/mispred_penalty_debug[20]} {Aquila_SoC/RISCV_CORE0/BPU_Profiler/mispred_penalty_debug[21]} {Aquila_SoC/RISCV_CORE0/BPU_Profiler/mispred_penalty_debug[22]} {Aquila_SoC/RISCV_CORE0/BPU_Profiler/mispred_penalty_debug[23]} {Aquila_SoC/RISCV_CORE0/BPU_Profiler/mispred_penalty_debug[24]} {Aquila_SoC/RISCV_CORE0/BPU_Profiler/mispred_penalty_debug[25]} {Aquila_SoC/RISCV_CORE0/BPU_Profiler/mispred_penalty_debug[26]} {Aquila_SoC/RISCV_CORE0/BPU_Profiler/mispred_penalty_debug[27]} {Aquila_SoC/RISCV_CORE0/BPU_Profiler/mispred_penalty_debug[28]} {Aquila_SoC/RISCV_CORE0/BPU_Profiler/mispred_penalty_debug[29]} {Aquila_SoC/RISCV_CORE0/BPU_Profiler/mispred_penalty_debug[30]} {Aquila_SoC/RISCV_CORE0/BPU_Profiler/mispred_penalty_debug[31]} {Aquila_SoC/RISCV_CORE0/BPU_Profiler/mispred_penalty_debug[32]} {Aquila_SoC/RISCV_CORE0/BPU_Profiler/mispred_penalty_debug[33]} {Aquila_SoC/RISCV_CORE0/BPU_Profiler/mispred_penalty_debug[34]} {Aquila_SoC/RISCV_CORE0/BPU_Profiler/mispred_penalty_debug[35]} {Aquila_SoC/RISCV_CORE0/BPU_Profiler/mispred_penalty_debug[36]} {Aquila_SoC/RISCV_CORE0/BPU_Profiler/mispred_penalty_debug[37]} {Aquila_SoC/RISCV_CORE0/BPU_Profiler/mispred_penalty_debug[38]} {Aquila_SoC/RISCV_CORE0/BPU_Profiler/mispred_penalty_debug[39]} {Aquila_SoC/RISCV_CORE0/BPU_Profiler/mispred_penalty_debug[40]} {Aquila_SoC/RISCV_CORE0/BPU_Profiler/mispred_penalty_debug[41]} {Aquila_SoC/RISCV_CORE0/BPU_Profiler/mispred_penalty_debug[42]} {Aquila_SoC/RISCV_CORE0/BPU_Profiler/mispred_penalty_debug[43]} {Aquila_SoC/RISCV_CORE0/BPU_Profiler/mispred_penalty_debug[44]} {Aquila_SoC/RISCV_CORE0/BPU_Profiler/mispred_penalty_debug[45]} {Aquila_SoC/RISCV_CORE0/BPU_Profiler/mispred_penalty_debug[46]} {Aquila_SoC/RISCV_CORE0/BPU_Profiler/mispred_penalty_debug[47]} {Aquila_SoC/RISCV_CORE0/BPU_Profiler/mispred_penalty_debug[48]} {Aquila_SoC/RISCV_CORE0/BPU_Profiler/mispred_penalty_debug[49]} {Aquila_SoC/RISCV_CORE0/BPU_Profiler/mispred_penalty_debug[50]} {Aquila_SoC/RISCV_CORE0/BPU_Profiler/mispred_penalty_debug[51]} {Aquila_SoC/RISCV_CORE0/BPU_Profiler/mispred_penalty_debug[52]} {Aquila_SoC/RISCV_CORE0/BPU_Profiler/mispred_penalty_debug[53]} {Aquila_SoC/RISCV_CORE0/BPU_Profiler/mispred_penalty_debug[54]} {Aquila_SoC/RISCV_CORE0/BPU_Profiler/mispred_penalty_debug[55]} {Aquila_SoC/RISCV_CORE0/BPU_Profiler/mispred_penalty_debug[56]} {Aquila_SoC/RISCV_CORE0/BPU_Profiler/mispred_penalty_debug[57]} {Aquila_SoC/RISCV_CORE0/BPU_Profiler/mispred_penalty_debug[58]} {Aquila_SoC/RISCV_CORE0/BPU_Profiler/mispred_penalty_debug[59]} {Aquila_SoC/RISCV_CORE0/BPU_Profiler/mispred_penalty_debug[60]} {Aquila_SoC/RISCV_CORE0/BPU_Profiler/mispred_penalty_debug[61]} {Aquila_SoC/RISCV_CORE0/BPU_Profiler/mispred_penalty_debug[62]} {Aquila_SoC/RISCV_CORE0/BPU_Profiler/mispred_penalty_debug[63]} ]]
create_debug_port u_ila_0 probe
set_property port_width 64 [get_debug_ports u_ila_0/probe3]
set_property PROBE_TYPE DATA_AND_TRIGGER [get_debug_ports u_ila_0/probe3]
connect_debug_port u_ila_0/probe3 [get_nets [list {Aquila_SoC/RISCV_CORE0/BPU_Profiler/total_branches_debug[0]} {Aquila_SoC/RISCV_CORE0/BPU_Profiler/total_branches_debug[1]} {Aquila_SoC/RISCV_CORE0/BPU_Profiler/total_branches_debug[2]} {Aquila_SoC/RISCV_CORE0/BPU_Profiler/total_branches_debug[3]} {Aquila_SoC/RISCV_CORE0/BPU_Profiler/total_branches_debug[4]} {Aquila_SoC/RISCV_CORE0/BPU_Profiler/total_branches_debug[5]} {Aquila_SoC/RISCV_CORE0/BPU_Profiler/total_branches_debug[6]} {Aquila_SoC/RISCV_CORE0/BPU_Profiler/total_branches_debug[7]} {Aquila_SoC/RISCV_CORE0/BPU_Profiler/total_branches_debug[8]} {Aquila_SoC/RISCV_CORE0/BPU_Profiler/total_branches_debug[9]} {Aquila_SoC/RISCV_CORE0/BPU_Profiler/total_branches_debug[10]} {Aquila_SoC/RISCV_CORE0/BPU_Profiler/total_branches_debug[11]} {Aquila_SoC/RISCV_CORE0/BPU_Profiler/total_branches_debug[12]} {Aquila_SoC/RISCV_CORE0/BPU_Profiler/total_branches_debug[13]} {Aquila_SoC/RISCV_CORE0/BPU_Profiler/total_branches_debug[14]} {Aquila_SoC/RISCV_CORE0/BPU_Profiler/total_branches_debug[15]} {Aquila_SoC/RISCV_CORE0/BPU_Profiler/total_branches_debug[16]} {Aquila_SoC/RISCV_CORE0/BPU_Profiler/total_branches_debug[17]} {Aquila_SoC/RISCV_CORE0/BPU_Profiler/total_branches_debug[18]} {Aquila_SoC/RISCV_CORE0/BPU_Profiler/total_branches_debug[19]} {Aquila_SoC/RISCV_CORE0/BPU_Profiler/total_branches_debug[20]} {Aquila_SoC/RISCV_CORE0/BPU_Profiler/total_branches_debug[21]} {Aquila_SoC/RISCV_CORE0/BPU_Profiler/total_branches_debug[22]} {Aquila_SoC/RISCV_CORE0/BPU_Profiler/total_branches_debug[23]} {Aquila_SoC/RISCV_CORE0/BPU_Profiler/total_branches_debug[24]} {Aquila_SoC/RISCV_CORE0/BPU_Profiler/total_branches_debug[25]} {Aquila_SoC/RISCV_CORE0/BPU_Profiler/total_branches_debug[26]} {Aquila_SoC/RISCV_CORE0/BPU_Profiler/total_branches_debug[27]} {Aquila_SoC/RISCV_CORE0/BPU_Profiler/total_branches_debug[28]} {Aquila_SoC/RISCV_CORE0/BPU_Profiler/total_branches_debug[29]} {Aquila_SoC/RISCV_CORE0/BPU_Profiler/total_branches_debug[30]} {Aquila_SoC/RISCV_CORE0/BPU_Profiler/total_branches_debug[31]} {Aquila_SoC/RISCV_CORE0/BPU_Profiler/total_branches_debug[32]} {Aquila_SoC/RISCV_CORE0/BPU_Profiler/total_branches_debug[33]} {Aquila_SoC/RISCV_CORE0/BPU_Profiler/total_branches_debug[34]} {Aquila_SoC/RISCV_CORE0/BPU_Profiler/total_branches_debug[35]} {Aquila_SoC/RISCV_CORE0/BPU_Profiler/total_branches_debug[36]} {Aquila_SoC/RISCV_CORE0/BPU_Profiler/total_branches_debug[37]} {Aquila_SoC/RISCV_CORE0/BPU_Profiler/total_branches_debug[38]} {Aquila_SoC/RISCV_CORE0/BPU_Profiler/total_branches_debug[39]} {Aquila_SoC/RISCV_CORE0/BPU_Profiler/total_branches_debug[40]} {Aquila_SoC/RISCV_CORE0/BPU_Profiler/total_branches_debug[41]} {Aquila_SoC/RISCV_CORE0/BPU_Profiler/total_branches_debug[42]} {Aquila_SoC/RISCV_CORE0/BPU_Profiler/total_branches_debug[43]} {Aquila_SoC/RISCV_CORE0/BPU_Profiler/total_branches_debug[44]} {Aquila_SoC/RISCV_CORE0/BPU_Profiler/total_branches_debug[45]} {Aquila_SoC/RISCV_CORE0/BPU_Profiler/total_branches_debug[46]} {Aquila_SoC/RISCV_CORE0/BPU_Profiler/total_branches_debug[47]} {Aquila_SoC/RISCV_CORE0/BPU_Profiler/total_branches_debug[48]} {Aquila_SoC/RISCV_CORE0/BPU_Profiler/total_branches_debug[49]} {Aquila_SoC/RISCV_CORE0/BPU_Profiler/total_branches_debug[50]} {Aquila_SoC/RISCV_CORE0/BPU_Profiler/total_branches_debug[51]} {Aquila_SoC/RISCV_CORE0/BPU_Profiler/total_branches_debug[52]} {Aquila_SoC/RISCV_CORE0/BPU_Profiler/total_branches_debug[53]} {Aquila_SoC/RISCV_CORE0/BPU_Profiler/total_branches_debug[54]} {Aquila_SoC/RISCV_CORE0/BPU_Profiler/total_branches_debug[55]} {Aquila_SoC/RISCV_CORE0/BPU_Profiler/total_branches_debug[56]} {Aquila_SoC/RISCV_CORE0/BPU_Profiler/total_branches_debug[57]} {Aquila_SoC/RISCV_CORE0/BPU_Profiler/total_branches_debug[58]} {Aquila_SoC/RISCV_CORE0/BPU_Profiler/total_branches_debug[59]} {Aquila_SoC/RISCV_CORE0/BPU_Profiler/total_branches_debug[60]} {Aquila_SoC/RISCV_CORE0/BPU_Profiler/total_branches_debug[61]} {Aquila_SoC/RISCV_CORE0/BPU_Profiler/total_branches_debug[62]} {Aquila_SoC/RISCV_CORE0/BPU_Profiler/total_branches_debug[63]} ]]
create_debug_port u_ila_0 probe
set_property port_width 64 [get_debug_ports u_ila_0/probe4]
set_property PROBE_TYPE DATA_AND_TRIGGER [get_debug_ports u_ila_0/probe4]
connect_debug_port u_ila_0/probe4 [get_nets [list {Aquila_SoC/RISCV_CORE0/BPU_Profiler/cpi_denominator_debug[0]} {Aquila_SoC/RISCV_CORE0/BPU_Profiler/cpi_denominator_debug[1]} {Aquila_SoC/RISCV_CORE0/BPU_Profiler/cpi_denominator_debug[2]} {Aquila_SoC/RISCV_CORE0/BPU_Profiler/cpi_denominator_debug[3]} {Aquila_SoC/RISCV_CORE0/BPU_Profiler/cpi_denominator_debug[4]} {Aquila_SoC/RISCV_CORE0/BPU_Profiler/cpi_denominator_debug[5]} {Aquila_SoC/RISCV_CORE0/BPU_Profiler/cpi_denominator_debug[6]} {Aquila_SoC/RISCV_CORE0/BPU_Profiler/cpi_denominator_debug[7]} {Aquila_SoC/RISCV_CORE0/BPU_Profiler/cpi_denominator_debug[8]} {Aquila_SoC/RISCV_CORE0/BPU_Profiler/cpi_denominator_debug[9]} {Aquila_SoC/RISCV_CORE0/BPU_Profiler/cpi_denominator_debug[10]} {Aquila_SoC/RISCV_CORE0/BPU_Profiler/cpi_denominator_debug[11]} {Aquila_SoC/RISCV_CORE0/BPU_Profiler/cpi_denominator_debug[12]} {Aquila_SoC/RISCV_CORE0/BPU_Profiler/cpi_denominator_debug[13]} {Aquila_SoC/RISCV_CORE0/BPU_Profiler/cpi_denominator_debug[14]} {Aquila_SoC/RISCV_CORE0/BPU_Profiler/cpi_denominator_debug[15]} {Aquila_SoC/RISCV_CORE0/BPU_Profiler/cpi_denominator_debug[16]} {Aquila_SoC/RISCV_CORE0/BPU_Profiler/cpi_denominator_debug[17]} {Aquila_SoC/RISCV_CORE0/BPU_Profiler/cpi_denominator_debug[18]} {Aquila_SoC/RISCV_CORE0/BPU_Profiler/cpi_denominator_debug[19]} {Aquila_SoC/RISCV_CORE0/BPU_Profiler/cpi_denominator_debug[20]} {Aquila_SoC/RISCV_CORE0/BPU_Profiler/cpi_denominator_debug[21]} {Aquila_SoC/RISCV_CORE0/BPU_Profiler/cpi_denominator_debug[22]} {Aquila_SoC/RISCV_CORE0/BPU_Profiler/cpi_denominator_debug[23]} {Aquila_SoC/RISCV_CORE0/BPU_Profiler/cpi_denominator_debug[24]} {Aquila_SoC/RISCV_CORE0/BPU_Profiler/cpi_denominator_debug[25]} {Aquila_SoC/RISCV_CORE0/BPU_Profiler/cpi_denominator_debug[26]} {Aquila_SoC/RISCV_CORE0/BPU_Profiler/cpi_denominator_debug[27]} {Aquila_SoC/RISCV_CORE0/BPU_Profiler/cpi_denominator_debug[28]} {Aquila_SoC/RISCV_CORE0/BPU_Profiler/cpi_denominator_debug[29]} {Aquila_SoC/RISCV_CORE0/BPU_Profiler/cpi_denominator_debug[30]} {Aquila_SoC/RISCV_CORE0/BPU_Profiler/cpi_denominator_debug[31]} {Aquila_SoC/RISCV_CORE0/BPU_Profiler/cpi_denominator_debug[32]} {Aquila_SoC/RISCV_CORE0/BPU_Profiler/cpi_denominator_debug[33]} {Aquila_SoC/RISCV_CORE0/BPU_Profiler/cpi_denominator_debug[34]} {Aquila_SoC/RISCV_CORE0/BPU_Profiler/cpi_denominator_debug[35]} {Aquila_SoC/RISCV_CORE0/BPU_Profiler/cpi_denominator_debug[36]} {Aquila_SoC/RISCV_CORE0/BPU_Profiler/cpi_denominator_debug[37]} {Aquila_SoC/RISCV_CORE0/BPU_Profiler/cpi_denominator_debug[38]} {Aquila_SoC/RISCV_CORE0/BPU_Profiler/cpi_denominator_debug[39]} {Aquila_SoC/RISCV_CORE0/BPU_Profiler/cpi_denominator_debug[40]} {Aquila_SoC/RISCV_CORE0/BPU_Profiler/cpi_denominator_debug[41]} {Aquila_SoC/RISCV_CORE0/BPU_Profiler/cpi_denominator_debug[42]} {Aquila_SoC/RISCV_CORE0/BPU_Profiler/cpi_denominator_debug[43]} {Aquila_SoC/RISCV_CORE0/BPU_Profiler/cpi_denominator_debug[44]} {Aquila_SoC/RISCV_CORE0/BPU_Profiler/cpi_denominator_debug[45]} {Aquila_SoC/RISCV_CORE0/BPU_Profiler/cpi_denominator_debug[46]} {Aquila_SoC/RISCV_CORE0/BPU_Profiler/cpi_denominator_debug[47]} {Aquila_SoC/RISCV_CORE0/BPU_Profiler/cpi_denominator_debug[48]} {Aquila_SoC/RISCV_CORE0/BPU_Profiler/cpi_denominator_debug[49]} {Aquila_SoC/RISCV_CORE0/BPU_Profiler/cpi_denominator_debug[50]} {Aquila_SoC/RISCV_CORE0/BPU_Profiler/cpi_denominator_debug[51]} {Aquila_SoC/RISCV_CORE0/BPU_Profiler/cpi_denominator_debug[52]} {Aquila_SoC/RISCV_CORE0/BPU_Profiler/cpi_denominator_debug[53]} {Aquila_SoC/RISCV_CORE0/BPU_Profiler/cpi_denominator_debug[54]} {Aquila_SoC/RISCV_CORE0/BPU_Profiler/cpi_denominator_debug[55]} {Aquila_SoC/RISCV_CORE0/BPU_Profiler/cpi_denominator_debug[56]} {Aquila_SoC/RISCV_CORE0/BPU_Profiler/cpi_denominator_debug[57]} {Aquila_SoC/RISCV_CORE0/BPU_Profiler/cpi_denominator_debug[58]} {Aquila_SoC/RISCV_CORE0/BPU_Profiler/cpi_denominator_debug[59]} {Aquila_SoC/RISCV_CORE0/BPU_Profiler/cpi_denominator_debug[60]} {Aquila_SoC/RISCV_CORE0/BPU_Profiler/cpi_denominator_debug[61]} {Aquila_SoC/RISCV_CORE0/BPU_Profiler/cpi_denominator_debug[62]} {Aquila_SoC/RISCV_CORE0/BPU_Profiler/cpi_denominator_debug[63]} ]]
create_debug_port u_ila_0 probe
set_property port_width 64 [get_debug_ports u_ila_0/probe5]
set_property PROBE_TYPE DATA_AND_TRIGGER [get_debug_ports u_ila_0/probe5]
connect_debug_port u_ila_0/probe5 [get_nets [list {Aquila_SoC/RISCV_CORE0/BPU_Profiler/correct_predictions_debug[0]} {Aquila_SoC/RISCV_CORE0/BPU_Profiler/correct_predictions_debug[1]} {Aquila_SoC/RISCV_CORE0/BPU_Profiler/correct_predictions_debug[2]} {Aquila_SoC/RISCV_CORE0/BPU_Profiler/correct_predictions_debug[3]} {Aquila_SoC/RISCV_CORE0/BPU_Profiler/correct_predictions_debug[4]} {Aquila_SoC/RISCV_CORE0/BPU_Profiler/correct_predictions_debug[5]} {Aquila_SoC/RISCV_CORE0/BPU_Profiler/correct_predictions_debug[6]} {Aquila_SoC/RISCV_CORE0/BPU_Profiler/correct_predictions_debug[7]} {Aquila_SoC/RISCV_CORE0/BPU_Profiler/correct_predictions_debug[8]} {Aquila_SoC/RISCV_CORE0/BPU_Profiler/correct_predictions_debug[9]} {Aquila_SoC/RISCV_CORE0/BPU_Profiler/correct_predictions_debug[10]} {Aquila_SoC/RISCV_CORE0/BPU_Profiler/correct_predictions_debug[11]} {Aquila_SoC/RISCV_CORE0/BPU_Profiler/correct_predictions_debug[12]} {Aquila_SoC/RISCV_CORE0/BPU_Profiler/correct_predictions_debug[13]} {Aquila_SoC/RISCV_CORE0/BPU_Profiler/correct_predictions_debug[14]} {Aquila_SoC/RISCV_CORE0/BPU_Profiler/correct_predictions_debug[15]} {Aquila_SoC/RISCV_CORE0/BPU_Profiler/correct_predictions_debug[16]} {Aquila_SoC/RISCV_CORE0/BPU_Profiler/correct_predictions_debug[17]} {Aquila_SoC/RISCV_CORE0/BPU_Profiler/correct_predictions_debug[18]} {Aquila_SoC/RISCV_CORE0/BPU_Profiler/correct_predictions_debug[19]} {Aquila_SoC/RISCV_CORE0/BPU_Profiler/correct_predictions_debug[20]} {Aquila_SoC/RISCV_CORE0/BPU_Profiler/correct_predictions_debug[21]} {Aquila_SoC/RISCV_CORE0/BPU_Profiler/correct_predictions_debug[22]} {Aquila_SoC/RISCV_CORE0/BPU_Profiler/correct_predictions_debug[23]} {Aquila_SoC/RISCV_CORE0/BPU_Profiler/correct_predictions_debug[24]} {Aquila_SoC/RISCV_CORE0/BPU_Profiler/correct_predictions_debug[25]} {Aquila_SoC/RISCV_CORE0/BPU_Profiler/correct_predictions_debug[26]} {Aquila_SoC/RISCV_CORE0/BPU_Profiler/correct_predictions_debug[27]} {Aquila_SoC/RISCV_CORE0/BPU_Profiler/correct_predictions_debug[28]} {Aquila_SoC/RISCV_CORE0/BPU_Profiler/correct_predictions_debug[29]} {Aquila_SoC/RISCV_CORE0/BPU_Profiler/correct_predictions_debug[30]} {Aquila_SoC/RISCV_CORE0/BPU_Profiler/correct_predictions_debug[31]} {Aquila_SoC/RISCV_CORE0/BPU_Profiler/correct_predictions_debug[32]} {Aquila_SoC/RISCV_CORE0/BPU_Profiler/correct_predictions_debug[33]} {Aquila_SoC/RISCV_CORE0/BPU_Profiler/correct_predictions_debug[34]} {Aquila_SoC/RISCV_CORE0/BPU_Profiler/correct_predictions_debug[35]} {Aquila_SoC/RISCV_CORE0/BPU_Profiler/correct_predictions_debug[36]} {Aquila_SoC/RISCV_CORE0/BPU_Profiler/correct_predictions_debug[37]} {Aquila_SoC/RISCV_CORE0/BPU_Profiler/correct_predictions_debug[38]} {Aquila_SoC/RISCV_CORE0/BPU_Profiler/correct_predictions_debug[39]} {Aquila_SoC/RISCV_CORE0/BPU_Profiler/correct_predictions_debug[40]} {Aquila_SoC/RISCV_CORE0/BPU_Profiler/correct_predictions_debug[41]} {Aquila_SoC/RISCV_CORE0/BPU_Profiler/correct_predictions_debug[42]} {Aquila_SoC/RISCV_CORE0/BPU_Profiler/correct_predictions_debug[43]} {Aquila_SoC/RISCV_CORE0/BPU_Profiler/correct_predictions_debug[44]} {Aquila_SoC/RISCV_CORE0/BPU_Profiler/correct_predictions_debug[45]} {Aquila_SoC/RISCV_CORE0/BPU_Profiler/correct_predictions_debug[46]} {Aquila_SoC/RISCV_CORE0/BPU_Profiler/correct_predictions_debug[47]} {Aquila_SoC/RISCV_CORE0/BPU_Profiler/correct_predictions_debug[48]} {Aquila_SoC/RISCV_CORE0/BPU_Profiler/correct_predictions_debug[49]} {Aquila_SoC/RISCV_CORE0/BPU_Profiler/correct_predictions_debug[50]} {Aquila_SoC/RISCV_CORE0/BPU_Profiler/correct_predictions_debug[51]} {Aquila_SoC/RISCV_CORE0/BPU_Profiler/correct_predictions_debug[52]} {Aquila_SoC/RISCV_CORE0/BPU_Profiler/correct_predictions_debug[53]} {Aquila_SoC/RISCV_CORE0/BPU_Profiler/correct_predictions_debug[54]} {Aquila_SoC/RISCV_CORE0/BPU_Profiler/correct_predictions_debug[55]} {Aquila_SoC/RISCV_CORE0/BPU_Profiler/correct_predictions_debug[56]} {Aquila_SoC/RISCV_CORE0/BPU_Profiler/correct_predictions_debug[57]} {Aquila_SoC/RISCV_CORE0/BPU_Profiler/correct_predictions_debug[58]} {Aquila_SoC/RISCV_CORE0/BPU_Profiler/correct_predictions_debug[59]} {Aquila_SoC/RISCV_CORE0/BPU_Profiler/correct_predictions_debug[60]} {Aquila_SoC/RISCV_CORE0/BPU_Profiler/correct_predictions_debug[61]} {Aquila_SoC/RISCV_CORE0/BPU_Profiler/correct_predictions_debug[62]} {Aquila_SoC/RISCV_CORE0/BPU_Profiler/correct_predictions_debug[63]} ]]
create_debug_port u_ila_0 probe
set_property port_width 64 [get_debug_ports u_ila_0/probe6]
set_property PROBE_TYPE DATA_AND_TRIGGER [get_debug_ports u_ila_0/probe6]
connect_debug_port u_ila_0/probe6 [get_nets [list {Aquila_SoC/RISCV_CORE0/BPU_Profiler/bht_hits_debug[0]} {Aquila_SoC/RISCV_CORE0/BPU_Profiler/bht_hits_debug[1]} {Aquila_SoC/RISCV_CORE0/BPU_Profiler/bht_hits_debug[2]} {Aquila_SoC/RISCV_CORE0/BPU_Profiler/bht_hits_debug[3]} {Aquila_SoC/RISCV_CORE0/BPU_Profiler/bht_hits_debug[4]} {Aquila_SoC/RISCV_CORE0/BPU_Profiler/bht_hits_debug[5]} {Aquila_SoC/RISCV_CORE0/BPU_Profiler/bht_hits_debug[6]} {Aquila_SoC/RISCV_CORE0/BPU_Profiler/bht_hits_debug[7]} {Aquila_SoC/RISCV_CORE0/BPU_Profiler/bht_hits_debug[8]} {Aquila_SoC/RISCV_CORE0/BPU_Profiler/bht_hits_debug[9]} {Aquila_SoC/RISCV_CORE0/BPU_Profiler/bht_hits_debug[10]} {Aquila_SoC/RISCV_CORE0/BPU_Profiler/bht_hits_debug[11]} {Aquila_SoC/RISCV_CORE0/BPU_Profiler/bht_hits_debug[12]} {Aquila_SoC/RISCV_CORE0/BPU_Profiler/bht_hits_debug[13]} {Aquila_SoC/RISCV_CORE0/BPU_Profiler/bht_hits_debug[14]} {Aquila_SoC/RISCV_CORE0/BPU_Profiler/bht_hits_debug[15]} {Aquila_SoC/RISCV_CORE0/BPU_Profiler/bht_hits_debug[16]} {Aquila_SoC/RISCV_CORE0/BPU_Profiler/bht_hits_debug[17]} {Aquila_SoC/RISCV_CORE0/BPU_Profiler/bht_hits_debug[18]} {Aquila_SoC/RISCV_CORE0/BPU_Profiler/bht_hits_debug[19]} {Aquila_SoC/RISCV_CORE0/BPU_Profiler/bht_hits_debug[20]} {Aquila_SoC/RISCV_CORE0/BPU_Profiler/bht_hits_debug[21]} {Aquila_SoC/RISCV_CORE0/BPU_Profiler/bht_hits_debug[22]} {Aquila_SoC/RISCV_CORE0/BPU_Profiler/bht_hits_debug[23]} {Aquila_SoC/RISCV_CORE0/BPU_Profiler/bht_hits_debug[24]} {Aquila_SoC/RISCV_CORE0/BPU_Profiler/bht_hits_debug[25]} {Aquila_SoC/RISCV_CORE0/BPU_Profiler/bht_hits_debug[26]} {Aquila_SoC/RISCV_CORE0/BPU_Profiler/bht_hits_debug[27]} {Aquila_SoC/RISCV_CORE0/BPU_Profiler/bht_hits_debug[28]} {Aquila_SoC/RISCV_CORE0/BPU_Profiler/bht_hits_debug[29]} {Aquila_SoC/RISCV_CORE0/BPU_Profiler/bht_hits_debug[30]} {Aquila_SoC/RISCV_CORE0/BPU_Profiler/bht_hits_debug[31]} {Aquila_SoC/RISCV_CORE0/BPU_Profiler/bht_hits_debug[32]} {Aquila_SoC/RISCV_CORE0/BPU_Profiler/bht_hits_debug[33]} {Aquila_SoC/RISCV_CORE0/BPU_Profiler/bht_hits_debug[34]} {Aquila_SoC/RISCV_CORE0/BPU_Profiler/bht_hits_debug[35]} {Aquila_SoC/RISCV_CORE0/BPU_Profiler/bht_hits_debug[36]} {Aquila_SoC/RISCV_CORE0/BPU_Profiler/bht_hits_debug[37]} {Aquila_SoC/RISCV_CORE0/BPU_Profiler/bht_hits_debug[38]} {Aquila_SoC/RISCV_CORE0/BPU_Profiler/bht_hits_debug[39]} {Aquila_SoC/RISCV_CORE0/BPU_Profiler/bht_hits_debug[40]} {Aquila_SoC/RISCV_CORE0/BPU_Profiler/bht_hits_debug[41]} {Aquila_SoC/RISCV_CORE0/BPU_Profiler/bht_hits_debug[42]} {Aquila_SoC/RISCV_CORE0/BPU_Profiler/bht_hits_debug[43]} {Aquila_SoC/RISCV_CORE0/BPU_Profiler/bht_hits_debug[44]} {Aquila_SoC/RISCV_CORE0/BPU_Profiler/bht_hits_debug[45]} {Aquila_SoC/RISCV_CORE0/BPU_Profiler/bht_hits_debug[46]} {Aquila_SoC/RISCV_CORE0/BPU_Profiler/bht_hits_debug[47]} {Aquila_SoC/RISCV_CORE0/BPU_Profiler/bht_hits_debug[48]} {Aquila_SoC/RISCV_CORE0/BPU_Profiler/bht_hits_debug[49]} {Aquila_SoC/RISCV_CORE0/BPU_Profiler/bht_hits_debug[50]} {Aquila_SoC/RISCV_CORE0/BPU_Profiler/bht_hits_debug[51]} {Aquila_SoC/RISCV_CORE0/BPU_Profiler/bht_hits_debug[52]} {Aquila_SoC/RISCV_CORE0/BPU_Profiler/bht_hits_debug[53]} {Aquila_SoC/RISCV_CORE0/BPU_Profiler/bht_hits_debug[54]} {Aquila_SoC/RISCV_CORE0/BPU_Profiler/bht_hits_debug[55]} {Aquila_SoC/RISCV_CORE0/BPU_Profiler/bht_hits_debug[56]} {Aquila_SoC/RISCV_CORE0/BPU_Profiler/bht_hits_debug[57]} {Aquila_SoC/RISCV_CORE0/BPU_Profiler/bht_hits_debug[58]} {Aquila_SoC/RISCV_CORE0/BPU_Profiler/bht_hits_debug[59]} {Aquila_SoC/RISCV_CORE0/BPU_Profiler/bht_hits_debug[60]} {Aquila_SoC/RISCV_CORE0/BPU_Profiler/bht_hits_debug[61]} {Aquila_SoC/RISCV_CORE0/BPU_Profiler/bht_hits_debug[62]} {Aquila_SoC/RISCV_CORE0/BPU_Profiler/bht_hits_debug[63]} ]]
create_debug_port u_ila_0 probe
set_property port_width 64 [get_debug_ports u_ila_0/probe7]
set_property PROBE_TYPE DATA_AND_TRIGGER [get_debug_ports u_ila_0/probe7]
connect_debug_port u_ila_0/probe7 [get_nets [list {Aquila_SoC/RISCV_CORE0/BPU_Profiler/bht_hit_rate_numerator_debug[0]} {Aquila_SoC/RISCV_CORE0/BPU_Profiler/bht_hit_rate_numerator_debug[1]} {Aquila_SoC/RISCV_CORE0/BPU_Profiler/bht_hit_rate_numerator_debug[2]} {Aquila_SoC/RISCV_CORE0/BPU_Profiler/bht_hit_rate_numerator_debug[3]} {Aquila_SoC/RISCV_CORE0/BPU_Profiler/bht_hit_rate_numerator_debug[4]} {Aquila_SoC/RISCV_CORE0/BPU_Profiler/bht_hit_rate_numerator_debug[5]} {Aquila_SoC/RISCV_CORE0/BPU_Profiler/bht_hit_rate_numerator_debug[6]} {Aquila_SoC/RISCV_CORE0/BPU_Profiler/bht_hit_rate_numerator_debug[7]} {Aquila_SoC/RISCV_CORE0/BPU_Profiler/bht_hit_rate_numerator_debug[8]} {Aquila_SoC/RISCV_CORE0/BPU_Profiler/bht_hit_rate_numerator_debug[9]} {Aquila_SoC/RISCV_CORE0/BPU_Profiler/bht_hit_rate_numerator_debug[10]} {Aquila_SoC/RISCV_CORE0/BPU_Profiler/bht_hit_rate_numerator_debug[11]} {Aquila_SoC/RISCV_CORE0/BPU_Profiler/bht_hit_rate_numerator_debug[12]} {Aquila_SoC/RISCV_CORE0/BPU_Profiler/bht_hit_rate_numerator_debug[13]} {Aquila_SoC/RISCV_CORE0/BPU_Profiler/bht_hit_rate_numerator_debug[14]} {Aquila_SoC/RISCV_CORE0/BPU_Profiler/bht_hit_rate_numerator_debug[15]} {Aquila_SoC/RISCV_CORE0/BPU_Profiler/bht_hit_rate_numerator_debug[16]} {Aquila_SoC/RISCV_CORE0/BPU_Profiler/bht_hit_rate_numerator_debug[17]} {Aquila_SoC/RISCV_CORE0/BPU_Profiler/bht_hit_rate_numerator_debug[18]} {Aquila_SoC/RISCV_CORE0/BPU_Profiler/bht_hit_rate_numerator_debug[19]} {Aquila_SoC/RISCV_CORE0/BPU_Profiler/bht_hit_rate_numerator_debug[20]} {Aquila_SoC/RISCV_CORE0/BPU_Profiler/bht_hit_rate_numerator_debug[21]} {Aquila_SoC/RISCV_CORE0/BPU_Profiler/bht_hit_rate_numerator_debug[22]} {Aquila_SoC/RISCV_CORE0/BPU_Profiler/bht_hit_rate_numerator_debug[23]} {Aquila_SoC/RISCV_CORE0/BPU_Profiler/bht_hit_rate_numerator_debug[24]} {Aquila_SoC/RISCV_CORE0/BPU_Profiler/bht_hit_rate_numerator_debug[25]} {Aquila_SoC/RISCV_CORE0/BPU_Profiler/bht_hit_rate_numerator_debug[26]} {Aquila_SoC/RISCV_CORE0/BPU_Profiler/bht_hit_rate_numerator_debug[27]} {Aquila_SoC/RISCV_CORE0/BPU_Profiler/bht_hit_rate_numerator_debug[28]} {Aquila_SoC/RISCV_CORE0/BPU_Profiler/bht_hit_rate_numerator_debug[29]} {Aquila_SoC/RISCV_CORE0/BPU_Profiler/bht_hit_rate_numerator_debug[30]} {Aquila_SoC/RISCV_CORE0/BPU_Profiler/bht_hit_rate_numerator_debug[31]} {Aquila_SoC/RISCV_CORE0/BPU_Profiler/bht_hit_rate_numerator_debug[32]} {Aquila_SoC/RISCV_CORE0/BPU_Profiler/bht_hit_rate_numerator_debug[33]} {Aquila_SoC/RISCV_CORE0/BPU_Profiler/bht_hit_rate_numerator_debug[34]} {Aquila_SoC/RISCV_CORE0/BPU_Profiler/bht_hit_rate_numerator_debug[35]} {Aquila_SoC/RISCV_CORE0/BPU_Profiler/bht_hit_rate_numerator_debug[36]} {Aquila_SoC/RISCV_CORE0/BPU_Profiler/bht_hit_rate_numerator_debug[37]} {Aquila_SoC/RISCV_CORE0/BPU_Profiler/bht_hit_rate_numerator_debug[38]} {Aquila_SoC/RISCV_CORE0/BPU_Profiler/bht_hit_rate_numerator_debug[39]} {Aquila_SoC/RISCV_CORE0/BPU_Profiler/bht_hit_rate_numerator_debug[40]} {Aquila_SoC/RISCV_CORE0/BPU_Profiler/bht_hit_rate_numerator_debug[41]} {Aquila_SoC/RISCV_CORE0/BPU_Profiler/bht_hit_rate_numerator_debug[42]} {Aquila_SoC/RISCV_CORE0/BPU_Profiler/bht_hit_rate_numerator_debug[43]} {Aquila_SoC/RISCV_CORE0/BPU_Profiler/bht_hit_rate_numerator_debug[44]} {Aquila_SoC/RISCV_CORE0/BPU_Profiler/bht_hit_rate_numerator_debug[45]} {Aquila_SoC/RISCV_CORE0/BPU_Profiler/bht_hit_rate_numerator_debug[46]} {Aquila_SoC/RISCV_CORE0/BPU_Profiler/bht_hit_rate_numerator_debug[47]} {Aquila_SoC/RISCV_CORE0/BPU_Profiler/bht_hit_rate_numerator_debug[48]} {Aquila_SoC/RISCV_CORE0/BPU_Profiler/bht_hit_rate_numerator_debug[49]} {Aquila_SoC/RISCV_CORE0/BPU_Profiler/bht_hit_rate_numerator_debug[50]} {Aquila_SoC/RISCV_CORE0/BPU_Profiler/bht_hit_rate_numerator_debug[51]} {Aquila_SoC/RISCV_CORE0/BPU_Profiler/bht_hit_rate_numerator_debug[52]} {Aquila_SoC/RISCV_CORE0/BPU_Profiler/bht_hit_rate_numerator_debug[53]} {Aquila_SoC/RISCV_CORE0/BPU_Profiler/bht_hit_rate_numerator_debug[54]} {Aquila_SoC/RISCV_CORE0/BPU_Profiler/bht_hit_rate_numerator_debug[55]} {Aquila_SoC/RISCV_CORE0/BPU_Profiler/bht_hit_rate_numerator_debug[56]} {Aquila_SoC/RISCV_CORE0/BPU_Profiler/bht_hit_rate_numerator_debug[57]} {Aquila_SoC/RISCV_CORE0/BPU_Profiler/bht_hit_rate_numerator_debug[58]} {Aquila_SoC/RISCV_CORE0/BPU_Profiler/bht_hit_rate_numerator_debug[59]} {Aquila_SoC/RISCV_CORE0/BPU_Profiler/bht_hit_rate_numerator_debug[60]} {Aquila_SoC/RISCV_CORE0/BPU_Profiler/bht_hit_rate_numerator_debug[61]} {Aquila_SoC/RISCV_CORE0/BPU_Profiler/bht_hit_rate_numerator_debug[62]} {Aquila_SoC/RISCV_CORE0/BPU_Profiler/bht_hit_rate_numerator_debug[63]} ]]
create_debug_port u_ila_0 probe
set_property port_width 64 [get_debug_ports u_ila_0/probe8]
set_property PROBE_TYPE DATA_AND_TRIGGER [get_debug_ports u_ila_0/probe8]
connect_debug_port u_ila_0/probe8 [get_nets [list {Aquila_SoC/RISCV_CORE0/BPU_Profiler/bht_misses_debug[0]} {Aquila_SoC/RISCV_CORE0/BPU_Profiler/bht_misses_debug[1]} {Aquila_SoC/RISCV_CORE0/BPU_Profiler/bht_misses_debug[2]} {Aquila_SoC/RISCV_CORE0/BPU_Profiler/bht_misses_debug[3]} {Aquila_SoC/RISCV_CORE0/BPU_Profiler/bht_misses_debug[4]} {Aquila_SoC/RISCV_CORE0/BPU_Profiler/bht_misses_debug[5]} {Aquila_SoC/RISCV_CORE0/BPU_Profiler/bht_misses_debug[6]} {Aquila_SoC/RISCV_CORE0/BPU_Profiler/bht_misses_debug[7]} {Aquila_SoC/RISCV_CORE0/BPU_Profiler/bht_misses_debug[8]} {Aquila_SoC/RISCV_CORE0/BPU_Profiler/bht_misses_debug[9]} {Aquila_SoC/RISCV_CORE0/BPU_Profiler/bht_misses_debug[10]} {Aquila_SoC/RISCV_CORE0/BPU_Profiler/bht_misses_debug[11]} {Aquila_SoC/RISCV_CORE0/BPU_Profiler/bht_misses_debug[12]} {Aquila_SoC/RISCV_CORE0/BPU_Profiler/bht_misses_debug[13]} {Aquila_SoC/RISCV_CORE0/BPU_Profiler/bht_misses_debug[14]} {Aquila_SoC/RISCV_CORE0/BPU_Profiler/bht_misses_debug[15]} {Aquila_SoC/RISCV_CORE0/BPU_Profiler/bht_misses_debug[16]} {Aquila_SoC/RISCV_CORE0/BPU_Profiler/bht_misses_debug[17]} {Aquila_SoC/RISCV_CORE0/BPU_Profiler/bht_misses_debug[18]} {Aquila_SoC/RISCV_CORE0/BPU_Profiler/bht_misses_debug[19]} {Aquila_SoC/RISCV_CORE0/BPU_Profiler/bht_misses_debug[20]} {Aquila_SoC/RISCV_CORE0/BPU_Profiler/bht_misses_debug[21]} {Aquila_SoC/RISCV_CORE0/BPU_Profiler/bht_misses_debug[22]} {Aquila_SoC/RISCV_CORE0/BPU_Profiler/bht_misses_debug[23]} {Aquila_SoC/RISCV_CORE0/BPU_Profiler/bht_misses_debug[24]} {Aquila_SoC/RISCV_CORE0/BPU_Profiler/bht_misses_debug[25]} {Aquila_SoC/RISCV_CORE0/BPU_Profiler/bht_misses_debug[26]} {Aquila_SoC/RISCV_CORE0/BPU_Profiler/bht_misses_debug[27]} {Aquila_SoC/RISCV_CORE0/BPU_Profiler/bht_misses_debug[28]} {Aquila_SoC/RISCV_CORE0/BPU_Profiler/bht_misses_debug[29]} {Aquila_SoC/RISCV_CORE0/BPU_Profiler/bht_misses_debug[30]} {Aquila_SoC/RISCV_CORE0/BPU_Profiler/bht_misses_debug[31]} {Aquila_SoC/RISCV_CORE0/BPU_Profiler/bht_misses_debug[32]} {Aquila_SoC/RISCV_CORE0/BPU_Profiler/bht_misses_debug[33]} {Aquila_SoC/RISCV_CORE0/BPU_Profiler/bht_misses_debug[34]} {Aquila_SoC/RISCV_CORE0/BPU_Profiler/bht_misses_debug[35]} {Aquila_SoC/RISCV_CORE0/BPU_Profiler/bht_misses_debug[36]} {Aquila_SoC/RISCV_CORE0/BPU_Profiler/bht_misses_debug[37]} {Aquila_SoC/RISCV_CORE0/BPU_Profiler/bht_misses_debug[38]} {Aquila_SoC/RISCV_CORE0/BPU_Profiler/bht_misses_debug[39]} {Aquila_SoC/RISCV_CORE0/BPU_Profiler/bht_misses_debug[40]} {Aquila_SoC/RISCV_CORE0/BPU_Profiler/bht_misses_debug[41]} {Aquila_SoC/RISCV_CORE0/BPU_Profiler/bht_misses_debug[42]} {Aquila_SoC/RISCV_CORE0/BPU_Profiler/bht_misses_debug[43]} {Aquila_SoC/RISCV_CORE0/BPU_Profiler/bht_misses_debug[44]} {Aquila_SoC/RISCV_CORE0/BPU_Profiler/bht_misses_debug[45]} {Aquila_SoC/RISCV_CORE0/BPU_Profiler/bht_misses_debug[46]} {Aquila_SoC/RISCV_CORE0/BPU_Profiler/bht_misses_debug[47]} {Aquila_SoC/RISCV_CORE0/BPU_Profiler/bht_misses_debug[48]} {Aquila_SoC/RISCV_CORE0/BPU_Profiler/bht_misses_debug[49]} {Aquila_SoC/RISCV_CORE0/BPU_Profiler/bht_misses_debug[50]} {Aquila_SoC/RISCV_CORE0/BPU_Profiler/bht_misses_debug[51]} {Aquila_SoC/RISCV_CORE0/BPU_Profiler/bht_misses_debug[52]} {Aquila_SoC/RISCV_CORE0/BPU_Profiler/bht_misses_debug[53]} {Aquila_SoC/RISCV_CORE0/BPU_Profiler/bht_misses_debug[54]} {Aquila_SoC/RISCV_CORE0/BPU_Profiler/bht_misses_debug[55]} {Aquila_SoC/RISCV_CORE0/BPU_Profiler/bht_misses_debug[56]} {Aquila_SoC/RISCV_CORE0/BPU_Profiler/bht_misses_debug[57]} {Aquila_SoC/RISCV_CORE0/BPU_Profiler/bht_misses_debug[58]} {Aquila_SoC/RISCV_CORE0/BPU_Profiler/bht_misses_debug[59]} {Aquila_SoC/RISCV_CORE0/BPU_Profiler/bht_misses_debug[60]} {Aquila_SoC/RISCV_CORE0/BPU_Profiler/bht_misses_debug[61]} {Aquila_SoC/RISCV_CORE0/BPU_Profiler/bht_misses_debug[62]} {Aquila_SoC/RISCV_CORE0/BPU_Profiler/bht_misses_debug[63]} ]]
create_debug_port u_ila_0 probe
set_property port_width 64 [get_debug_ports u_ila_0/probe9]
set_property PROBE_TYPE DATA_AND_TRIGGER [get_debug_ports u_ila_0/probe9]
connect_debug_port u_ila_0/probe9 [get_nets [list {Aquila_SoC/RISCV_CORE0/BPU_Profiler/bht_hit_rate_denominator_debug[0]} {Aquila_SoC/RISCV_CORE0/BPU_Profiler/bht_hit_rate_denominator_debug[1]} {Aquila_SoC/RISCV_CORE0/BPU_Profiler/bht_hit_rate_denominator_debug[2]} {Aquila_SoC/RISCV_CORE0/BPU_Profiler/bht_hit_rate_denominator_debug[3]} {Aquila_SoC/RISCV_CORE0/BPU_Profiler/bht_hit_rate_denominator_debug[4]} {Aquila_SoC/RISCV_CORE0/BPU_Profiler/bht_hit_rate_denominator_debug[5]} {Aquila_SoC/RISCV_CORE0/BPU_Profiler/bht_hit_rate_denominator_debug[6]} {Aquila_SoC/RISCV_CORE0/BPU_Profiler/bht_hit_rate_denominator_debug[7]} {Aquila_SoC/RISCV_CORE0/BPU_Profiler/bht_hit_rate_denominator_debug[8]} {Aquila_SoC/RISCV_CORE0/BPU_Profiler/bht_hit_rate_denominator_debug[9]} {Aquila_SoC/RISCV_CORE0/BPU_Profiler/bht_hit_rate_denominator_debug[10]} {Aquila_SoC/RISCV_CORE0/BPU_Profiler/bht_hit_rate_denominator_debug[11]} {Aquila_SoC/RISCV_CORE0/BPU_Profiler/bht_hit_rate_denominator_debug[12]} {Aquila_SoC/RISCV_CORE0/BPU_Profiler/bht_hit_rate_denominator_debug[13]} {Aquila_SoC/RISCV_CORE0/BPU_Profiler/bht_hit_rate_denominator_debug[14]} {Aquila_SoC/RISCV_CORE0/BPU_Profiler/bht_hit_rate_denominator_debug[15]} {Aquila_SoC/RISCV_CORE0/BPU_Profiler/bht_hit_rate_denominator_debug[16]} {Aquila_SoC/RISCV_CORE0/BPU_Profiler/bht_hit_rate_denominator_debug[17]} {Aquila_SoC/RISCV_CORE0/BPU_Profiler/bht_hit_rate_denominator_debug[18]} {Aquila_SoC/RISCV_CORE0/BPU_Profiler/bht_hit_rate_denominator_debug[19]} {Aquila_SoC/RISCV_CORE0/BPU_Profiler/bht_hit_rate_denominator_debug[20]} {Aquila_SoC/RISCV_CORE0/BPU_Profiler/bht_hit_rate_denominator_debug[21]} {Aquila_SoC/RISCV_CORE0/BPU_Profiler/bht_hit_rate_denominator_debug[22]} {Aquila_SoC/RISCV_CORE0/BPU_Profiler/bht_hit_rate_denominator_debug[23]} {Aquila_SoC/RISCV_CORE0/BPU_Profiler/bht_hit_rate_denominator_debug[24]} {Aquila_SoC/RISCV_CORE0/BPU_Profiler/bht_hit_rate_denominator_debug[25]} {Aquila_SoC/RISCV_CORE0/BPU_Profiler/bht_hit_rate_denominator_debug[26]} {Aquila_SoC/RISCV_CORE0/BPU_Profiler/bht_hit_rate_denominator_debug[27]} {Aquila_SoC/RISCV_CORE0/BPU_Profiler/bht_hit_rate_denominator_debug[28]} {Aquila_SoC/RISCV_CORE0/BPU_Profiler/bht_hit_rate_denominator_debug[29]} {Aquila_SoC/RISCV_CORE0/BPU_Profiler/bht_hit_rate_denominator_debug[30]} {Aquila_SoC/RISCV_CORE0/BPU_Profiler/bht_hit_rate_denominator_debug[31]} {Aquila_SoC/RISCV_CORE0/BPU_Profiler/bht_hit_rate_denominator_debug[32]} {Aquila_SoC/RISCV_CORE0/BPU_Profiler/bht_hit_rate_denominator_debug[33]} {Aquila_SoC/RISCV_CORE0/BPU_Profiler/bht_hit_rate_denominator_debug[34]} {Aquila_SoC/RISCV_CORE0/BPU_Profiler/bht_hit_rate_denominator_debug[35]} {Aquila_SoC/RISCV_CORE0/BPU_Profiler/bht_hit_rate_denominator_debug[36]} {Aquila_SoC/RISCV_CORE0/BPU_Profiler/bht_hit_rate_denominator_debug[37]} {Aquila_SoC/RISCV_CORE0/BPU_Profiler/bht_hit_rate_denominator_debug[38]} {Aquila_SoC/RISCV_CORE0/BPU_Profiler/bht_hit_rate_denominator_debug[39]} {Aquila_SoC/RISCV_CORE0/BPU_Profiler/bht_hit_rate_denominator_debug[40]} {Aquila_SoC/RISCV_CORE0/BPU_Profiler/bht_hit_rate_denominator_debug[41]} {Aquila_SoC/RISCV_CORE0/BPU_Profiler/bht_hit_rate_denominator_debug[42]} {Aquila_SoC/RISCV_CORE0/BPU_Profiler/bht_hit_rate_denominator_debug[43]} {Aquila_SoC/RISCV_CORE0/BPU_Profiler/bht_hit_rate_denominator_debug[44]} {Aquila_SoC/RISCV_CORE0/BPU_Profiler/bht_hit_rate_denominator_debug[45]} {Aquila_SoC/RISCV_CORE0/BPU_Profiler/bht_hit_rate_denominator_debug[46]} {Aquila_SoC/RISCV_CORE0/BPU_Profiler/bht_hit_rate_denominator_debug[47]} {Aquila_SoC/RISCV_CORE0/BPU_Profiler/bht_hit_rate_denominator_debug[48]} {Aquila_SoC/RISCV_CORE0/BPU_Profiler/bht_hit_rate_denominator_debug[49]} {Aquila_SoC/RISCV_CORE0/BPU_Profiler/bht_hit_rate_denominator_debug[50]} {Aquila_SoC/RISCV_CORE0/BPU_Profiler/bht_hit_rate_denominator_debug[51]} {Aquila_SoC/RISCV_CORE0/BPU_Profiler/bht_hit_rate_denominator_debug[52]} {Aquila_SoC/RISCV_CORE0/BPU_Profiler/bht_hit_rate_denominator_debug[53]} {Aquila_SoC/RISCV_CORE0/BPU_Profiler/bht_hit_rate_denominator_debug[54]} {Aquila_SoC/RISCV_CORE0/BPU_Profiler/bht_hit_rate_denominator_debug[55]} {Aquila_SoC/RISCV_CORE0/BPU_Profiler/bht_hit_rate_denominator_debug[56]} {Aquila_SoC/RISCV_CORE0/BPU_Profiler/bht_hit_rate_denominator_debug[57]} {Aquila_SoC/RISCV_CORE0/BPU_Profiler/bht_hit_rate_denominator_debug[58]} {Aquila_SoC/RISCV_CORE0/BPU_Profiler/bht_hit_rate_denominator_debug[59]} {Aquila_SoC/RISCV_CORE0/BPU_Profiler/bht_hit_rate_denominator_debug[60]} {Aquila_SoC/RISCV_CORE0/BPU_Profiler/bht_hit_rate_denominator_debug[61]} {Aquila_SoC/RISCV_CORE0/BPU_Profiler/bht_hit_rate_denominator_debug[62]} {Aquila_SoC/RISCV_CORE0/BPU_Profiler/bht_hit_rate_denominator_debug[63]} ]]
create_debug_port u_ila_0 probe
set_property port_width 64 [get_debug_ports u_ila_0/probe10]
set_property PROBE_TYPE DATA_AND_TRIGGER [get_debug_ports u_ila_0/probe10]
connect_debug_port u_ila_0/probe10 [get_nets [list {Aquila_SoC/RISCV_CORE0/BPU_Profiler/prediction_accuracy_numerator_debug[0]} {Aquila_SoC/RISCV_CORE0/BPU_Profiler/prediction_accuracy_numerator_debug[1]} {Aquila_SoC/RISCV_CORE0/BPU_Profiler/prediction_accuracy_numerator_debug[2]} {Aquila_SoC/RISCV_CORE0/BPU_Profiler/prediction_accuracy_numerator_debug[3]} {Aquila_SoC/RISCV_CORE0/BPU_Profiler/prediction_accuracy_numerator_debug[4]} {Aquila_SoC/RISCV_CORE0/BPU_Profiler/prediction_accuracy_numerator_debug[5]} {Aquila_SoC/RISCV_CORE0/BPU_Profiler/prediction_accuracy_numerator_debug[6]} {Aquila_SoC/RISCV_CORE0/BPU_Profiler/prediction_accuracy_numerator_debug[7]} {Aquila_SoC/RISCV_CORE0/BPU_Profiler/prediction_accuracy_numerator_debug[8]} {Aquila_SoC/RISCV_CORE0/BPU_Profiler/prediction_accuracy_numerator_debug[9]} {Aquila_SoC/RISCV_CORE0/BPU_Profiler/prediction_accuracy_numerator_debug[10]} {Aquila_SoC/RISCV_CORE0/BPU_Profiler/prediction_accuracy_numerator_debug[11]} {Aquila_SoC/RISCV_CORE0/BPU_Profiler/prediction_accuracy_numerator_debug[12]} {Aquila_SoC/RISCV_CORE0/BPU_Profiler/prediction_accuracy_numerator_debug[13]} {Aquila_SoC/RISCV_CORE0/BPU_Profiler/prediction_accuracy_numerator_debug[14]} {Aquila_SoC/RISCV_CORE0/BPU_Profiler/prediction_accuracy_numerator_debug[15]} {Aquila_SoC/RISCV_CORE0/BPU_Profiler/prediction_accuracy_numerator_debug[16]} {Aquila_SoC/RISCV_CORE0/BPU_Profiler/prediction_accuracy_numerator_debug[17]} {Aquila_SoC/RISCV_CORE0/BPU_Profiler/prediction_accuracy_numerator_debug[18]} {Aquila_SoC/RISCV_CORE0/BPU_Profiler/prediction_accuracy_numerator_debug[19]} {Aquila_SoC/RISCV_CORE0/BPU_Profiler/prediction_accuracy_numerator_debug[20]} {Aquila_SoC/RISCV_CORE0/BPU_Profiler/prediction_accuracy_numerator_debug[21]} {Aquila_SoC/RISCV_CORE0/BPU_Profiler/prediction_accuracy_numerator_debug[22]} {Aquila_SoC/RISCV_CORE0/BPU_Profiler/prediction_accuracy_numerator_debug[23]} {Aquila_SoC/RISCV_CORE0/BPU_Profiler/prediction_accuracy_numerator_debug[24]} {Aquila_SoC/RISCV_CORE0/BPU_Profiler/prediction_accuracy_numerator_debug[25]} {Aquila_SoC/RISCV_CORE0/BPU_Profiler/prediction_accuracy_numerator_debug[26]} {Aquila_SoC/RISCV_CORE0/BPU_Profiler/prediction_accuracy_numerator_debug[27]} {Aquila_SoC/RISCV_CORE0/BPU_Profiler/prediction_accuracy_numerator_debug[28]} {Aquila_SoC/RISCV_CORE0/BPU_Profiler/prediction_accuracy_numerator_debug[29]} {Aquila_SoC/RISCV_CORE0/BPU_Profiler/prediction_accuracy_numerator_debug[30]} {Aquila_SoC/RISCV_CORE0/BPU_Profiler/prediction_accuracy_numerator_debug[31]} {Aquila_SoC/RISCV_CORE0/BPU_Profiler/prediction_accuracy_numerator_debug[32]} {Aquila_SoC/RISCV_CORE0/BPU_Profiler/prediction_accuracy_numerator_debug[33]} {Aquila_SoC/RISCV_CORE0/BPU_Profiler/prediction_accuracy_numerator_debug[34]} {Aquila_SoC/RISCV_CORE0/BPU_Profiler/prediction_accuracy_numerator_debug[35]} {Aquila_SoC/RISCV_CORE0/BPU_Profiler/prediction_accuracy_numerator_debug[36]} {Aquila_SoC/RISCV_CORE0/BPU_Profiler/prediction_accuracy_numerator_debug[37]} {Aquila_SoC/RISCV_CORE0/BPU_Profiler/prediction_accuracy_numerator_debug[38]} {Aquila_SoC/RISCV_CORE0/BPU_Profiler/prediction_accuracy_numerator_debug[39]} {Aquila_SoC/RISCV_CORE0/BPU_Profiler/prediction_accuracy_numerator_debug[40]} {Aquila_SoC/RISCV_CORE0/BPU_Profiler/prediction_accuracy_numerator_debug[41]} {Aquila_SoC/RISCV_CORE0/BPU_Profiler/prediction_accuracy_numerator_debug[42]} {Aquila_SoC/RISCV_CORE0/BPU_Profiler/prediction_accuracy_numerator_debug[43]} {Aquila_SoC/RISCV_CORE0/BPU_Profiler/prediction_accuracy_numerator_debug[44]} {Aquila_SoC/RISCV_CORE0/BPU_Profiler/prediction_accuracy_numerator_debug[45]} {Aquila_SoC/RISCV_CORE0/BPU_Profiler/prediction_accuracy_numerator_debug[46]} {Aquila_SoC/RISCV_CORE0/BPU_Profiler/prediction_accuracy_numerator_debug[47]} {Aquila_SoC/RISCV_CORE0/BPU_Profiler/prediction_accuracy_numerator_debug[48]} {Aquila_SoC/RISCV_CORE0/BPU_Profiler/prediction_accuracy_numerator_debug[49]} {Aquila_SoC/RISCV_CORE0/BPU_Profiler/prediction_accuracy_numerator_debug[50]} {Aquila_SoC/RISCV_CORE0/BPU_Profiler/prediction_accuracy_numerator_debug[51]} {Aquila_SoC/RISCV_CORE0/BPU_Profiler/prediction_accuracy_numerator_debug[52]} {Aquila_SoC/RISCV_CORE0/BPU_Profiler/prediction_accuracy_numerator_debug[53]} {Aquila_SoC/RISCV_CORE0/BPU_Profiler/prediction_accuracy_numerator_debug[54]} {Aquila_SoC/RISCV_CORE0/BPU_Profiler/prediction_accuracy_numerator_debug[55]} {Aquila_SoC/RISCV_CORE0/BPU_Profiler/prediction_accuracy_numerator_debug[56]} {Aquila_SoC/RISCV_CORE0/BPU_Profiler/prediction_accuracy_numerator_debug[57]} {Aquila_SoC/RISCV_CORE0/BPU_Profiler/prediction_accuracy_numerator_debug[58]} {Aquila_SoC/RISCV_CORE0/BPU_Profiler/prediction_accuracy_numerator_debug[59]} {Aquila_SoC/RISCV_CORE0/BPU_Profiler/prediction_accuracy_numerator_debug[60]} {Aquila_SoC/RISCV_CORE0/BPU_Profiler/prediction_accuracy_numerator_debug[61]} {Aquila_SoC/RISCV_CORE0/BPU_Profiler/prediction_accuracy_numerator_debug[62]} {Aquila_SoC/RISCV_CORE0/BPU_Profiler/prediction_accuracy_numerator_debug[63]} ]]
create_debug_port u_ila_0 probe
set_property port_width 64 [get_debug_ports u_ila_0/probe11]
set_property PROBE_TYPE DATA_AND_TRIGGER [get_debug_ports u_ila_0/probe11]
connect_debug_port u_ila_0/probe11 [get_nets [list {Aquila_SoC/RISCV_CORE0/BPU_Profiler/instruction_completed_debug[0]} {Aquila_SoC/RISCV_CORE0/BPU_Profiler/instruction_completed_debug[1]} {Aquila_SoC/RISCV_CORE0/BPU_Profiler/instruction_completed_debug[2]} {Aquila_SoC/RISCV_CORE0/BPU_Profiler/instruction_completed_debug[3]} {Aquila_SoC/RISCV_CORE0/BPU_Profiler/instruction_completed_debug[4]} {Aquila_SoC/RISCV_CORE0/BPU_Profiler/instruction_completed_debug[5]} {Aquila_SoC/RISCV_CORE0/BPU_Profiler/instruction_completed_debug[6]} {Aquila_SoC/RISCV_CORE0/BPU_Profiler/instruction_completed_debug[7]} {Aquila_SoC/RISCV_CORE0/BPU_Profiler/instruction_completed_debug[8]} {Aquila_SoC/RISCV_CORE0/BPU_Profiler/instruction_completed_debug[9]} {Aquila_SoC/RISCV_CORE0/BPU_Profiler/instruction_completed_debug[10]} {Aquila_SoC/RISCV_CORE0/BPU_Profiler/instruction_completed_debug[11]} {Aquila_SoC/RISCV_CORE0/BPU_Profiler/instruction_completed_debug[12]} {Aquila_SoC/RISCV_CORE0/BPU_Profiler/instruction_completed_debug[13]} {Aquila_SoC/RISCV_CORE0/BPU_Profiler/instruction_completed_debug[14]} {Aquila_SoC/RISCV_CORE0/BPU_Profiler/instruction_completed_debug[15]} {Aquila_SoC/RISCV_CORE0/BPU_Profiler/instruction_completed_debug[16]} {Aquila_SoC/RISCV_CORE0/BPU_Profiler/instruction_completed_debug[17]} {Aquila_SoC/RISCV_CORE0/BPU_Profiler/instruction_completed_debug[18]} {Aquila_SoC/RISCV_CORE0/BPU_Profiler/instruction_completed_debug[19]} {Aquila_SoC/RISCV_CORE0/BPU_Profiler/instruction_completed_debug[20]} {Aquila_SoC/RISCV_CORE0/BPU_Profiler/instruction_completed_debug[21]} {Aquila_SoC/RISCV_CORE0/BPU_Profiler/instruction_completed_debug[22]} {Aquila_SoC/RISCV_CORE0/BPU_Profiler/instruction_completed_debug[23]} {Aquila_SoC/RISCV_CORE0/BPU_Profiler/instruction_completed_debug[24]} {Aquila_SoC/RISCV_CORE0/BPU_Profiler/instruction_completed_debug[25]} {Aquila_SoC/RISCV_CORE0/BPU_Profiler/instruction_completed_debug[26]} {Aquila_SoC/RISCV_CORE0/BPU_Profiler/instruction_completed_debug[27]} {Aquila_SoC/RISCV_CORE0/BPU_Profiler/instruction_completed_debug[28]} {Aquila_SoC/RISCV_CORE0/BPU_Profiler/instruction_completed_debug[29]} {Aquila_SoC/RISCV_CORE0/BPU_Profiler/instruction_completed_debug[30]} {Aquila_SoC/RISCV_CORE0/BPU_Profiler/instruction_completed_debug[31]} {Aquila_SoC/RISCV_CORE0/BPU_Profiler/instruction_completed_debug[32]} {Aquila_SoC/RISCV_CORE0/BPU_Profiler/instruction_completed_debug[33]} {Aquila_SoC/RISCV_CORE0/BPU_Profiler/instruction_completed_debug[34]} {Aquila_SoC/RISCV_CORE0/BPU_Profiler/instruction_completed_debug[35]} {Aquila_SoC/RISCV_CORE0/BPU_Profiler/instruction_completed_debug[36]} {Aquila_SoC/RISCV_CORE0/BPU_Profiler/instruction_completed_debug[37]} {Aquila_SoC/RISCV_CORE0/BPU_Profiler/instruction_completed_debug[38]} {Aquila_SoC/RISCV_CORE0/BPU_Profiler/instruction_completed_debug[39]} {Aquila_SoC/RISCV_CORE0/BPU_Profiler/instruction_completed_debug[40]} {Aquila_SoC/RISCV_CORE0/BPU_Profiler/instruction_completed_debug[41]} {Aquila_SoC/RISCV_CORE0/BPU_Profiler/instruction_completed_debug[42]} {Aquila_SoC/RISCV_CORE0/BPU_Profiler/instruction_completed_debug[43]} {Aquila_SoC/RISCV_CORE0/BPU_Profiler/instruction_completed_debug[44]} {Aquila_SoC/RISCV_CORE0/BPU_Profiler/instruction_completed_debug[45]} {Aquila_SoC/RISCV_CORE0/BPU_Profiler/instruction_completed_debug[46]} {Aquila_SoC/RISCV_CORE0/BPU_Profiler/instruction_completed_debug[47]} {Aquila_SoC/RISCV_CORE0/BPU_Profiler/instruction_completed_debug[48]} {Aquila_SoC/RISCV_CORE0/BPU_Profiler/instruction_completed_debug[49]} {Aquila_SoC/RISCV_CORE0/BPU_Profiler/instruction_completed_debug[50]} {Aquila_SoC/RISCV_CORE0/BPU_Profiler/instruction_completed_debug[51]} {Aquila_SoC/RISCV_CORE0/BPU_Profiler/instruction_completed_debug[52]} {Aquila_SoC/RISCV_CORE0/BPU_Profiler/instruction_completed_debug[53]} {Aquila_SoC/RISCV_CORE0/BPU_Profiler/instruction_completed_debug[54]} {Aquila_SoC/RISCV_CORE0/BPU_Profiler/instruction_completed_debug[55]} {Aquila_SoC/RISCV_CORE0/BPU_Profiler/instruction_completed_debug[56]} {Aquila_SoC/RISCV_CORE0/BPU_Profiler/instruction_completed_debug[57]} {Aquila_SoC/RISCV_CORE0/BPU_Profiler/instruction_completed_debug[58]} {Aquila_SoC/RISCV_CORE0/BPU_Profiler/instruction_completed_debug[59]} {Aquila_SoC/RISCV_CORE0/BPU_Profiler/instruction_completed_debug[60]} {Aquila_SoC/RISCV_CORE0/BPU_Profiler/instruction_completed_debug[61]} {Aquila_SoC/RISCV_CORE0/BPU_Profiler/instruction_completed_debug[62]} {Aquila_SoC/RISCV_CORE0/BPU_Profiler/instruction_completed_debug[63]} ]]
create_debug_port u_ila_0 probe
set_property port_width 32 [get_debug_ports u_ila_0/probe12]
set_property PROBE_TYPE DATA_AND_TRIGGER [get_debug_ports u_ila_0/probe12]
connect_debug_port u_ila_0/probe12 [get_nets [list {Aquila_SoC/RISCV_CORE0/BPU_Profiler/fetch_pc_debug[0]} {Aquila_SoC/RISCV_CORE0/BPU_Profiler/fetch_pc_debug[1]} {Aquila_SoC/RISCV_CORE0/BPU_Profiler/fetch_pc_debug[2]} {Aquila_SoC/RISCV_CORE0/BPU_Profiler/fetch_pc_debug[3]} {Aquila_SoC/RISCV_CORE0/BPU_Profiler/fetch_pc_debug[4]} {Aquila_SoC/RISCV_CORE0/BPU_Profiler/fetch_pc_debug[5]} {Aquila_SoC/RISCV_CORE0/BPU_Profiler/fetch_pc_debug[6]} {Aquila_SoC/RISCV_CORE0/BPU_Profiler/fetch_pc_debug[7]} {Aquila_SoC/RISCV_CORE0/BPU_Profiler/fetch_pc_debug[8]} {Aquila_SoC/RISCV_CORE0/BPU_Profiler/fetch_pc_debug[9]} {Aquila_SoC/RISCV_CORE0/BPU_Profiler/fetch_pc_debug[10]} {Aquila_SoC/RISCV_CORE0/BPU_Profiler/fetch_pc_debug[11]} {Aquila_SoC/RISCV_CORE0/BPU_Profiler/fetch_pc_debug[12]} {Aquila_SoC/RISCV_CORE0/BPU_Profiler/fetch_pc_debug[13]} {Aquila_SoC/RISCV_CORE0/BPU_Profiler/fetch_pc_debug[14]} {Aquila_SoC/RISCV_CORE0/BPU_Profiler/fetch_pc_debug[15]} {Aquila_SoC/RISCV_CORE0/BPU_Profiler/fetch_pc_debug[16]} {Aquila_SoC/RISCV_CORE0/BPU_Profiler/fetch_pc_debug[17]} {Aquila_SoC/RISCV_CORE0/BPU_Profiler/fetch_pc_debug[18]} {Aquila_SoC/RISCV_CORE0/BPU_Profiler/fetch_pc_debug[19]} {Aquila_SoC/RISCV_CORE0/BPU_Profiler/fetch_pc_debug[20]} {Aquila_SoC/RISCV_CORE0/BPU_Profiler/fetch_pc_debug[21]} {Aquila_SoC/RISCV_CORE0/BPU_Profiler/fetch_pc_debug[22]} {Aquila_SoC/RISCV_CORE0/BPU_Profiler/fetch_pc_debug[23]} {Aquila_SoC/RISCV_CORE0/BPU_Profiler/fetch_pc_debug[24]} {Aquila_SoC/RISCV_CORE0/BPU_Profiler/fetch_pc_debug[25]} {Aquila_SoC/RISCV_CORE0/BPU_Profiler/fetch_pc_debug[26]} {Aquila_SoC/RISCV_CORE0/BPU_Profiler/fetch_pc_debug[27]} {Aquila_SoC/RISCV_CORE0/BPU_Profiler/fetch_pc_debug[28]} {Aquila_SoC/RISCV_CORE0/BPU_Profiler/fetch_pc_debug[29]} {Aquila_SoC/RISCV_CORE0/BPU_Profiler/fetch_pc_debug[30]} {Aquila_SoC/RISCV_CORE0/BPU_Profiler/fetch_pc_debug[31]} ]]
create_debug_port u_ila_0 probe
set_property port_width 64 [get_debug_ports u_ila_0/probe13]
set_property PROBE_TYPE DATA_AND_TRIGGER [get_debug_ports u_ila_0/probe13]
connect_debug_port u_ila_0/probe13 [get_nets [list {Aquila_SoC/RISCV_CORE0/BPU_Profiler/execution_cycles_debug[0]} {Aquila_SoC/RISCV_CORE0/BPU_Profiler/execution_cycles_debug[1]} {Aquila_SoC/RISCV_CORE0/BPU_Profiler/execution_cycles_debug[2]} {Aquila_SoC/RISCV_CORE0/BPU_Profiler/execution_cycles_debug[3]} {Aquila_SoC/RISCV_CORE0/BPU_Profiler/execution_cycles_debug[4]} {Aquila_SoC/RISCV_CORE0/BPU_Profiler/execution_cycles_debug[5]} {Aquila_SoC/RISCV_CORE0/BPU_Profiler/execution_cycles_debug[6]} {Aquila_SoC/RISCV_CORE0/BPU_Profiler/execution_cycles_debug[7]} {Aquila_SoC/RISCV_CORE0/BPU_Profiler/execution_cycles_debug[8]} {Aquila_SoC/RISCV_CORE0/BPU_Profiler/execution_cycles_debug[9]} {Aquila_SoC/RISCV_CORE0/BPU_Profiler/execution_cycles_debug[10]} {Aquila_SoC/RISCV_CORE0/BPU_Profiler/execution_cycles_debug[11]} {Aquila_SoC/RISCV_CORE0/BPU_Profiler/execution_cycles_debug[12]} {Aquila_SoC/RISCV_CORE0/BPU_Profiler/execution_cycles_debug[13]} {Aquila_SoC/RISCV_CORE0/BPU_Profiler/execution_cycles_debug[14]} {Aquila_SoC/RISCV_CORE0/BPU_Profiler/execution_cycles_debug[15]} {Aquila_SoC/RISCV_CORE0/BPU_Profiler/execution_cycles_debug[16]} {Aquila_SoC/RISCV_CORE0/BPU_Profiler/execution_cycles_debug[17]} {Aquila_SoC/RISCV_CORE0/BPU_Profiler/execution_cycles_debug[18]} {Aquila_SoC/RISCV_CORE0/BPU_Profiler/execution_cycles_debug[19]} {Aquila_SoC/RISCV_CORE0/BPU_Profiler/execution_cycles_debug[20]} {Aquila_SoC/RISCV_CORE0/BPU_Profiler/execution_cycles_debug[21]} {Aquila_SoC/RISCV_CORE0/BPU_Profiler/execution_cycles_debug[22]} {Aquila_SoC/RISCV_CORE0/BPU_Profiler/execution_cycles_debug[23]} {Aquila_SoC/RISCV_CORE0/BPU_Profiler/execution_cycles_debug[24]} {Aquila_SoC/RISCV_CORE0/BPU_Profiler/execution_cycles_debug[25]} {Aquila_SoC/RISCV_CORE0/BPU_Profiler/execution_cycles_debug[26]} {Aquila_SoC/RISCV_CORE0/BPU_Profiler/execution_cycles_debug[27]} {Aquila_SoC/RISCV_CORE0/BPU_Profiler/execution_cycles_debug[28]} {Aquila_SoC/RISCV_CORE0/BPU_Profiler/execution_cycles_debug[29]} {Aquila_SoC/RISCV_CORE0/BPU_Profiler/execution_cycles_debug[30]} {Aquila_SoC/RISCV_CORE0/BPU_Profiler/execution_cycles_debug[31]} {Aquila_SoC/RISCV_CORE0/BPU_Profiler/execution_cycles_debug[32]} {Aquila_SoC/RISCV_CORE0/BPU_Profiler/execution_cycles_debug[33]} {Aquila_SoC/RISCV_CORE0/BPU_Profiler/execution_cycles_debug[34]} {Aquila_SoC/RISCV_CORE0/BPU_Profiler/execution_cycles_debug[35]} {Aquila_SoC/RISCV_CORE0/BPU_Profiler/execution_cycles_debug[36]} {Aquila_SoC/RISCV_CORE0/BPU_Profiler/execution_cycles_debug[37]} {Aquila_SoC/RISCV_CORE0/BPU_Profiler/execution_cycles_debug[38]} {Aquila_SoC/RISCV_CORE0/BPU_Profiler/execution_cycles_debug[39]} {Aquila_SoC/RISCV_CORE0/BPU_Profiler/execution_cycles_debug[40]} {Aquila_SoC/RISCV_CORE0/BPU_Profiler/execution_cycles_debug[41]} {Aquila_SoC/RISCV_CORE0/BPU_Profiler/execution_cycles_debug[42]} {Aquila_SoC/RISCV_CORE0/BPU_Profiler/execution_cycles_debug[43]} {Aquila_SoC/RISCV_CORE0/BPU_Profiler/execution_cycles_debug[44]} {Aquila_SoC/RISCV_CORE0/BPU_Profiler/execution_cycles_debug[45]} {Aquila_SoC/RISCV_CORE0/BPU_Profiler/execution_cycles_debug[46]} {Aquila_SoC/RISCV_CORE0/BPU_Profiler/execution_cycles_debug[47]} {Aquila_SoC/RISCV_CORE0/BPU_Profiler/execution_cycles_debug[48]} {Aquila_SoC/RISCV_CORE0/BPU_Profiler/execution_cycles_debug[49]} {Aquila_SoC/RISCV_CORE0/BPU_Profiler/execution_cycles_debug[50]} {Aquila_SoC/RISCV_CORE0/BPU_Profiler/execution_cycles_debug[51]} {Aquila_SoC/RISCV_CORE0/BPU_Profiler/execution_cycles_debug[52]} {Aquila_SoC/RISCV_CORE0/BPU_Profiler/execution_cycles_debug[53]} {Aquila_SoC/RISCV_CORE0/BPU_Profiler/execution_cycles_debug[54]} {Aquila_SoC/RISCV_CORE0/BPU_Profiler/execution_cycles_debug[55]} {Aquila_SoC/RISCV_CORE0/BPU_Profiler/execution_cycles_debug[56]} {Aquila_SoC/RISCV_CORE0/BPU_Profiler/execution_cycles_debug[57]} {Aquila_SoC/RISCV_CORE0/BPU_Profiler/execution_cycles_debug[58]} {Aquila_SoC/RISCV_CORE0/BPU_Profiler/execution_cycles_debug[59]} {Aquila_SoC/RISCV_CORE0/BPU_Profiler/execution_cycles_debug[60]} {Aquila_SoC/RISCV_CORE0/BPU_Profiler/execution_cycles_debug[61]} {Aquila_SoC/RISCV_CORE0/BPU_Profiler/execution_cycles_debug[62]} {Aquila_SoC/RISCV_CORE0/BPU_Profiler/execution_cycles_debug[63]} ]]
create_debug_port u_ila_0 probe
set_property port_width 64 [get_debug_ports u_ila_0/probe14]
set_property PROBE_TYPE DATA_AND_TRIGGER [get_debug_ports u_ila_0/probe14]
connect_debug_port u_ila_0/probe14 [get_nets [list {Aquila_SoC/RISCV_CORE0/BPU_Profiler/cpi_numerator_debug[0]} {Aquila_SoC/RISCV_CORE0/BPU_Profiler/cpi_numerator_debug[1]} {Aquila_SoC/RISCV_CORE0/BPU_Profiler/cpi_numerator_debug[2]} {Aquila_SoC/RISCV_CORE0/BPU_Profiler/cpi_numerator_debug[3]} {Aquila_SoC/RISCV_CORE0/BPU_Profiler/cpi_numerator_debug[4]} {Aquila_SoC/RISCV_CORE0/BPU_Profiler/cpi_numerator_debug[5]} {Aquila_SoC/RISCV_CORE0/BPU_Profiler/cpi_numerator_debug[6]} {Aquila_SoC/RISCV_CORE0/BPU_Profiler/cpi_numerator_debug[7]} {Aquila_SoC/RISCV_CORE0/BPU_Profiler/cpi_numerator_debug[8]} {Aquila_SoC/RISCV_CORE0/BPU_Profiler/cpi_numerator_debug[9]} {Aquila_SoC/RISCV_CORE0/BPU_Profiler/cpi_numerator_debug[10]} {Aquila_SoC/RISCV_CORE0/BPU_Profiler/cpi_numerator_debug[11]} {Aquila_SoC/RISCV_CORE0/BPU_Profiler/cpi_numerator_debug[12]} {Aquila_SoC/RISCV_CORE0/BPU_Profiler/cpi_numerator_debug[13]} {Aquila_SoC/RISCV_CORE0/BPU_Profiler/cpi_numerator_debug[14]} {Aquila_SoC/RISCV_CORE0/BPU_Profiler/cpi_numerator_debug[15]} {Aquila_SoC/RISCV_CORE0/BPU_Profiler/cpi_numerator_debug[16]} {Aquila_SoC/RISCV_CORE0/BPU_Profiler/cpi_numerator_debug[17]} {Aquila_SoC/RISCV_CORE0/BPU_Profiler/cpi_numerator_debug[18]} {Aquila_SoC/RISCV_CORE0/BPU_Profiler/cpi_numerator_debug[19]} {Aquila_SoC/RISCV_CORE0/BPU_Profiler/cpi_numerator_debug[20]} {Aquila_SoC/RISCV_CORE0/BPU_Profiler/cpi_numerator_debug[21]} {Aquila_SoC/RISCV_CORE0/BPU_Profiler/cpi_numerator_debug[22]} {Aquila_SoC/RISCV_CORE0/BPU_Profiler/cpi_numerator_debug[23]} {Aquila_SoC/RISCV_CORE0/BPU_Profiler/cpi_numerator_debug[24]} {Aquila_SoC/RISCV_CORE0/BPU_Profiler/cpi_numerator_debug[25]} {Aquila_SoC/RISCV_CORE0/BPU_Profiler/cpi_numerator_debug[26]} {Aquila_SoC/RISCV_CORE0/BPU_Profiler/cpi_numerator_debug[27]} {Aquila_SoC/RISCV_CORE0/BPU_Profiler/cpi_numerator_debug[28]} {Aquila_SoC/RISCV_CORE0/BPU_Profiler/cpi_numerator_debug[29]} {Aquila_SoC/RISCV_CORE0/BPU_Profiler/cpi_numerator_debug[30]} {Aquila_SoC/RISCV_CORE0/BPU_Profiler/cpi_numerator_debug[31]} {Aquila_SoC/RISCV_CORE0/BPU_Profiler/cpi_numerator_debug[32]} {Aquila_SoC/RISCV_CORE0/BPU_Profiler/cpi_numerator_debug[33]} {Aquila_SoC/RISCV_CORE0/BPU_Profiler/cpi_numerator_debug[34]} {Aquila_SoC/RISCV_CORE0/BPU_Profiler/cpi_numerator_debug[35]} {Aquila_SoC/RISCV_CORE0/BPU_Profiler/cpi_numerator_debug[36]} {Aquila_SoC/RISCV_CORE0/BPU_Profiler/cpi_numerator_debug[37]} {Aquila_SoC/RISCV_CORE0/BPU_Profiler/cpi_numerator_debug[38]} {Aquila_SoC/RISCV_CORE0/BPU_Profiler/cpi_numerator_debug[39]} {Aquila_SoC/RISCV_CORE0/BPU_Profiler/cpi_numerator_debug[40]} {Aquila_SoC/RISCV_CORE0/BPU_Profiler/cpi_numerator_debug[41]} {Aquila_SoC/RISCV_CORE0/BPU_Profiler/cpi_numerator_debug[42]} {Aquila_SoC/RISCV_CORE0/BPU_Profiler/cpi_numerator_debug[43]} {Aquila_SoC/RISCV_CORE0/BPU_Profiler/cpi_numerator_debug[44]} {Aquila_SoC/RISCV_CORE0/BPU_Profiler/cpi_numerator_debug[45]} {Aquila_SoC/RISCV_CORE0/BPU_Profiler/cpi_numerator_debug[46]} {Aquila_SoC/RISCV_CORE0/BPU_Profiler/cpi_numerator_debug[47]} {Aquila_SoC/RISCV_CORE0/BPU_Profiler/cpi_numerator_debug[48]} {Aquila_SoC/RISCV_CORE0/BPU_Profiler/cpi_numerator_debug[49]} {Aquila_SoC/RISCV_CORE0/BPU_Profiler/cpi_numerator_debug[50]} {Aquila_SoC/RISCV_CORE0/BPU_Profiler/cpi_numerator_debug[51]} {Aquila_SoC/RISCV_CORE0/BPU_Profiler/cpi_numerator_debug[52]} {Aquila_SoC/RISCV_CORE0/BPU_Profiler/cpi_numerator_debug[53]} {Aquila_SoC/RISCV_CORE0/BPU_Profiler/cpi_numerator_debug[54]} {Aquila_SoC/RISCV_CORE0/BPU_Profiler/cpi_numerator_debug[55]} {Aquila_SoC/RISCV_CORE0/BPU_Profiler/cpi_numerator_debug[56]} {Aquila_SoC/RISCV_CORE0/BPU_Profiler/cpi_numerator_debug[57]} {Aquila_SoC/RISCV_CORE0/BPU_Profiler/cpi_numerator_debug[58]} {Aquila_SoC/RISCV_CORE0/BPU_Profiler/cpi_numerator_debug[59]} {Aquila_SoC/RISCV_CORE0/BPU_Profiler/cpi_numerator_debug[60]} {Aquila_SoC/RISCV_CORE0/BPU_Profiler/cpi_numerator_debug[61]} {Aquila_SoC/RISCV_CORE0/BPU_Profiler/cpi_numerator_debug[62]} {Aquila_SoC/RISCV_CORE0/BPU_Profiler/cpi_numerator_debug[63]} ]]
create_debug_port u_ila_0 probe
set_property port_width 1 [get_debug_ports u_ila_0/probe15]
set_property PROBE_TYPE DATA_AND_TRIGGER [get_debug_ports u_ila_0/probe15]
connect_debug_port u_ila_0/probe15 [get_nets [list Aquila_SoC/RISCV_CORE0/BPU_Profiler/penalty_counting_debug ]]
save_constraints
launch_runs impl_1 -jobs 4
INFO: [Timing 38-480] Writing timing data to binary archive.
Wrote PlaceDB: Time (s): cpu = 00:00:00.05 ; elapsed = 00:00:00.01 . Memory (MB): peak = 9942.660 ; gain = 0.000 ; free physical = 3635 ; free virtual = 10891
Wrote PulsedLatchDB: Time (s): cpu = 00:00:00 ; elapsed = 00:00:00 . Memory (MB): peak = 9942.660 ; gain = 0.000 ; free physical = 3635 ; free virtual = 10891
Writing XDEF routing.
Write ShapeDB Complete: Time (s): cpu = 00:00:00.26 ; elapsed = 00:00:00.11 . Memory (MB): peak = 9942.660 ; gain = 0.000 ; free physical = 3635 ; free virtual = 10891
Writing XDEF routing logical nets.
Writing XDEF routing special nets.
Wrote RouteStorage: Time (s): cpu = 00:00:02 ; elapsed = 00:00:00.6 . Memory (MB): peak = 9942.660 ; gain = 0.000 ; free physical = 3634 ; free virtual = 10893
Wrote Netlist Cache: Time (s): cpu = 00:00:00 ; elapsed = 00:00:00 . Memory (MB): peak = 9942.660 ; gain = 0.000 ; free physical = 3634 ; free virtual = 10893
Wrote Device Cache: Time (s): cpu = 00:00:00 ; elapsed = 00:00:00 . Memory (MB): peak = 9942.660 ; gain = 0.000 ; free physical = 3634 ; free virtual = 10894
Write Physdb Complete: Time (s): cpu = 00:00:02 ; elapsed = 00:00:00.63 . Memory (MB): peak = 9942.660 ; gain = 0.000 ; free physical = 3634 ; free virtual = 10894
[Tue Oct 21 23:52:29 2025] Launched impl_1...
Run output will be captured here: /home/johnny/MPD/aquila_build/aquila_ap/aquila_ap.runs/impl_1/runme.log
launch_runs impl_1 -to_step write_bitstream -jobs 4
[Wed Oct 22 00:09:05 2025] Launched impl_1...
Run output will be captured here: /home/johnny/MPD/aquila_build/aquila_ap/aquila_ap.runs/impl_1/runme.log
set_property PROBES.FILE {/home/johnny/MPD/aquila_build/aquila_ap/aquila_ap.runs/impl_1/soc_top.ltx} [get_hw_devices xc7a100t_0]
set_property FULL_PROBES.FILE {/home/johnny/MPD/aquila_build/aquila_ap/aquila_ap.runs/impl_1/soc_top.ltx} [get_hw_devices xc7a100t_0]
set_property PROGRAM.FILE {/home/johnny/MPD/aquila_build/aquila_ap/aquila_ap.runs/impl_1/soc_top.bit} [get_hw_devices xc7a100t_0]
program_hw_devices [get_hw_devices xc7a100t_0]
INFO: [Labtools 27-3164] End of startup status: HIGH
refresh_hw_device [lindex [get_hw_devices xc7a100t_0] 0]
INFO: [Labtools 27-2302] Device xc7a100t (JTAG device index = 0) is programmed with a design that has 1 ILA core(s).
run_hw_ila [get_hw_ilas -of_objects [get_hw_devices xc7a100t_0] -filter {CELL_NAME=~"u_ila_0"}]
INFO: [Labtools 27-1964] The ILA core 'hw_ila_1' trigger was armed at 2025-Oct-22 00:11:38
wait_on_hw_ila [get_hw_ilas -of_objects [get_hw_devices xc7a100t_0] -filter {CELL_NAME=~"u_ila_0"}]
display_hw_ila_data [upload_hw_ila_data [get_hw_ilas -of_objects [get_hw_devices xc7a100t_0] -filter {CELL_NAME=~"u_ila_0"}]]
INFO: [Labtools 27-1966] The ILA core 'hw_ila_1' triggered at 2025-Oct-22 00:12:24
INFO: [Labtools 27-3304] ILA Waveform data saved to file /home/johnny/MPD/aquila_build/aquila_ap/aquila_ap.hw/backup/hw_ila_data_1.ila. Use Tcl command 'read_hw_ila_data' or Vivado File->Import->Import ILA Data menu item to import the previously saved data.
add_wave -into {hw_ila_data_1.wcfg} -radix dec { {Aquila_SoC/RISCV_CORE0/BPU_Profiler/bht_hit_rate_denominator_debug} {Aquila_SoC/RISCV_CORE0/BPU_Profiler/bht_hit_rate_numerator_debug} {Aquila_SoC/RISCV_CORE0/BPU_Profiler/bht_hits_debug} {Aquila_SoC/RISCV_CORE0/BPU_Profiler/bht_misses_debug} {Aquila_SoC/RISCV_CORE0/BPU_Profiler/correct_predictions_debug} {Aquila_SoC/RISCV_CORE0/BPU_Profiler/incorrect_predictions_debug} {Aquila_SoC/RISCV_CORE0/BPU_Profiler/mispred_penalty_debug} {Aquila_SoC/RISCV_CORE0/BPU_Profiler/prediction_accuracy_denominator_debug} {Aquila_SoC/RISCV_CORE0/BPU_Profiler/prediction_accuracy_numerator_debug} {Aquila_SoC/RISCV_CORE0/BPU_Profiler/total_branches_debug} }
add_wave -into {hw_ila_data_1.wcfg} -radix hex { {Aquila_SoC/RISCV_CORE0/BPU_Profiler/cpi_denominator_debug} {Aquila_SoC/RISCV_CORE0/BPU_Profiler/cpi_numerator_debug} {Aquila_SoC/RISCV_CORE0/BPU_Profiler/execution_cycles_debug} {Aquila_SoC/RISCV_CORE0/BPU_Profiler/fetch_pc_debug} {Aquila_SoC/RISCV_CORE0/BPU_Profiler/instruction_completed_debug} {Aquila_SoC/RISCV_CORE0/BPU_Profiler/penalty_counting_debug} }
reset_run synth_1
INFO: [Project 1-1161] Replacing file /home/johnny/MPD/aquila_build/aquila_ap/aquila_ap.srcs/utils_1/imports/synth_1/soc_top.dcp with file /home/johnny/MPD/aquila_build/aquila_ap/aquila_ap.runs/synth_1/soc_top.dcp
launch_runs impl_1 -to_step write_bitstream -jobs 4
WARNING: [Project 1-478] Design 'synth_1' is stale and will not be used when launching 'impl_1'
[Wed Oct 22 01:10:18 2025] Launched synth_1...
Run output will be captured here: /home/johnny/MPD/aquila_build/aquila_ap/aquila_ap.runs/synth_1/runme.log
[Wed Oct 22 01:10:19 2025] Launched impl_1...
Run output will be captured here: /home/johnny/MPD/aquila_build/aquila_ap/aquila_ap.runs/impl_1/runme.log
set_property PROBES.FILE {/home/johnny/MPD/aquila_build/aquila_ap/aquila_ap.runs/impl_1/soc_top.ltx} [get_hw_devices xc7a100t_0]
set_property FULL_PROBES.FILE {/home/johnny/MPD/aquila_build/aquila_ap/aquila_ap.runs/impl_1/soc_top.ltx} [get_hw_devices xc7a100t_0]
set_property PROGRAM.FILE {/home/johnny/MPD/aquila_build/aquila_ap/aquila_ap.runs/impl_1/soc_top.bit} [get_hw_devices xc7a100t_0]
program_hw_devices [get_hw_devices xc7a100t_0]
INFO: [Labtools 27-3164] End of startup status: HIGH
refresh_hw_device [lindex [get_hw_devices xc7a100t_0] 0]
INFO: [Labtools 27-2302] Device xc7a100t (JTAG device index = 0) is programmed with a design that has 1 ILA core(s).
run_hw_ila [get_hw_ilas -of_objects [get_hw_devices xc7a100t_0] -filter {CELL_NAME=~"u_ila_0"}]
INFO: [Labtools 27-1964] The ILA core 'hw_ila_1' trigger was armed at 2025-Oct-22 01:25:37
wait_on_hw_ila [get_hw_ilas -of_objects [get_hw_devices xc7a100t_0] -filter {CELL_NAME=~"u_ila_0"}]
display_hw_ila_data [upload_hw_ila_data [get_hw_ilas -of_objects [get_hw_devices xc7a100t_0] -filter {CELL_NAME=~"u_ila_0"}]]
INFO: [Labtools 27-1966] The ILA core 'hw_ila_1' triggered at 2025-Oct-22 01:26:21
INFO: [Labtools 27-3304] ILA Waveform data saved to file /home/johnny/MPD/aquila_build/aquila_ap/aquila_ap.hw/backup/hw_ila_data_1.ila. Use Tcl command 'read_hw_ila_data' or Vivado File->Import->Import ILA Data menu item to import the previously saved data.
reset_run synth_1
INFO: [Project 1-1161] Replacing file /home/johnny/MPD/aquila_build/aquila_ap/aquila_ap.srcs/utils_1/imports/synth_1/soc_top.dcp with file /home/johnny/MPD/aquila_build/aquila_ap/aquila_ap.runs/synth_1/soc_top.dcp
launch_runs impl_1 -to_step write_bitstream -jobs 4
WARNING: [Project 1-478] Design 'synth_1' is stale and will not be used when launching 'impl_1'
[Wed Oct 22 01:32:20 2025] Launched synth_1...
Run output will be captured here: /home/johnny/MPD/aquila_build/aquila_ap/aquila_ap.runs/synth_1/runme.log
[Wed Oct 22 01:32:20 2025] Launched impl_1...
Run output will be captured here: /home/johnny/MPD/aquila_build/aquila_ap/aquila_ap.runs/impl_1/runme.log
set_property PROBES.FILE {/home/johnny/MPD/aquila_build/aquila_ap/aquila_ap.runs/impl_1/soc_top.ltx} [get_hw_devices xc7a100t_0]
set_property FULL_PROBES.FILE {/home/johnny/MPD/aquila_build/aquila_ap/aquila_ap.runs/impl_1/soc_top.ltx} [get_hw_devices xc7a100t_0]
set_property PROGRAM.FILE {/home/johnny/MPD/aquila_build/aquila_ap/aquila_ap.runs/impl_1/soc_top.bit} [get_hw_devices xc7a100t_0]
program_hw_devices [get_hw_devices xc7a100t_0]
INFO: [Labtools 27-3164] End of startup status: HIGH
refresh_hw_device [lindex [get_hw_devices xc7a100t_0] 0]
INFO: [Labtools 27-2302] Device xc7a100t (JTAG device index = 0) is programmed with a design that has 1 ILA core(s).
run_hw_ila [get_hw_ilas -of_objects [get_hw_devices xc7a100t_0] -filter {CELL_NAME=~"u_ila_0"}]
INFO: [Labtools 27-1964] The ILA core 'hw_ila_1' trigger was armed at 2025-Oct-22 01:44:39
wait_on_hw_ila [get_hw_ilas -of_objects [get_hw_devices xc7a100t_0] -filter {CELL_NAME=~"u_ila_0"}]
display_hw_ila_data [upload_hw_ila_data [get_hw_ilas -of_objects [get_hw_devices xc7a100t_0] -filter {CELL_NAME=~"u_ila_0"}]]
INFO: [Labtools 27-1966] The ILA core 'hw_ila_1' triggered at 2025-Oct-22 01:45:19
INFO: [Labtools 27-3304] ILA Waveform data saved to file /home/johnny/MPD/aquila_build/aquila_ap/aquila_ap.hw/backup/hw_ila_data_1.ila. Use Tcl command 'read_hw_ila_data' or Vivado File->Import->Import ILA Data menu item to import the previously saved data.
reset_run synth_1
INFO: [Project 1-1161] Replacing file /home/johnny/MPD/aquila_build/aquila_ap/aquila_ap.srcs/utils_1/imports/synth_1/soc_top.dcp with file /home/johnny/MPD/aquila_build/aquila_ap/aquila_ap.runs/synth_1/soc_top.dcp
launch_runs impl_1 -to_step write_bitstream -jobs 4
WARNING: [Project 1-478] Design 'synth_1' is stale and will not be used when launching 'impl_1'
[Wed Oct 22 01:51:46 2025] Launched synth_1...
Run output will be captured here: /home/johnny/MPD/aquila_build/aquila_ap/aquila_ap.runs/synth_1/runme.log
[Wed Oct 22 01:51:46 2025] Launched impl_1...
Run output will be captured here: /home/johnny/MPD/aquila_build/aquila_ap/aquila_ap.runs/impl_1/runme.log
run_hw_ila [get_hw_ilas -of_objects [get_hw_devices xc7a100t_0] -filter {CELL_NAME=~"u_ila_0"}]
INFO: [Labtools 27-1964] The ILA core 'hw_ila_1' trigger was armed at 2025-Oct-22 02:12:25
set_property PROBES.FILE {/home/johnny/MPD/aquila_build/aquila_ap/aquila_ap.runs/impl_1/soc_top.ltx} [get_hw_devices xc7a100t_0]
set_property FULL_PROBES.FILE {/home/johnny/MPD/aquila_build/aquila_ap/aquila_ap.runs/impl_1/soc_top.ltx} [get_hw_devices xc7a100t_0]
set_property PROGRAM.FILE {/home/johnny/MPD/aquila_build/aquila_ap/aquila_ap.runs/impl_1/soc_top.bit} [get_hw_devices xc7a100t_0]
program_hw_devices [get_hw_devices xc7a100t_0]
INFO: [Labtools 27-3164] End of startup status: HIGH
refresh_hw_device [lindex [get_hw_devices xc7a100t_0] 0]
INFO: [Labtools 27-2302] Device xc7a100t (JTAG device index = 0) is programmed with a design that has 1 ILA core(s).
run_hw_ila [get_hw_ilas -of_objects [get_hw_devices xc7a100t_0] -filter {CELL_NAME=~"u_ila_0"}]
INFO: [Labtools 27-1964] The ILA core 'hw_ila_1' trigger was armed at 2025-Oct-22 02:12:41
wait_on_hw_ila [get_hw_ilas -of_objects [get_hw_devices xc7a100t_0] -filter {CELL_NAME=~"u_ila_0"}]
display_hw_ila_data [upload_hw_ila_data [get_hw_ilas -of_objects [get_hw_devices xc7a100t_0] -filter {CELL_NAME=~"u_ila_0"}]]
INFO: [Labtools 27-1966] The ILA core 'hw_ila_1' triggered at 2025-Oct-22 02:13:20
INFO: [Labtools 27-3304] ILA Waveform data saved to file /home/johnny/MPD/aquila_build/aquila_ap/aquila_ap.hw/backup/hw_ila_data_1.ila. Use Tcl command 'read_hw_ila_data' or Vivado File->Import->Import ILA Data menu item to import the previously saved data.
reset_run synth_1
INFO: [Project 1-1161] Replacing file /home/johnny/MPD/aquila_build/aquila_ap/aquila_ap.srcs/utils_1/imports/synth_1/soc_top.dcp with file /home/johnny/MPD/aquila_build/aquila_ap/aquila_ap.runs/synth_1/soc_top.dcp
launch_runs impl_1 -to_step write_bitstream -jobs 4
WARNING: [Project 1-478] Design 'synth_1' is stale and will not be used when launching 'impl_1'
[Wed Oct 22 02:16:45 2025] Launched synth_1...
Run output will be captured here: /home/johnny/MPD/aquila_build/aquila_ap/aquila_ap.runs/synth_1/runme.log
[Wed Oct 22 02:16:46 2025] Launched impl_1...
Run output will be captured here: /home/johnny/MPD/aquila_build/aquila_ap/aquila_ap.runs/impl_1/runme.log
set_property PROBES.FILE {/home/johnny/MPD/aquila_build/aquila_ap/aquila_ap.runs/impl_1/soc_top.ltx} [get_hw_devices xc7a100t_0]
set_property FULL_PROBES.FILE {/home/johnny/MPD/aquila_build/aquila_ap/aquila_ap.runs/impl_1/soc_top.ltx} [get_hw_devices xc7a100t_0]
set_property PROGRAM.FILE {/home/johnny/MPD/aquila_build/aquila_ap/aquila_ap.runs/impl_1/soc_top.bit} [get_hw_devices xc7a100t_0]
program_hw_devices [get_hw_devices xc7a100t_0]
INFO: [Labtools 27-3164] End of startup status: HIGH
refresh_hw_device [lindex [get_hw_devices xc7a100t_0] 0]
INFO: [Labtools 27-2302] Device xc7a100t (JTAG device index = 0) is programmed with a design that has 1 ILA core(s).
run_hw_ila [get_hw_ilas -of_objects [get_hw_devices xc7a100t_0] -filter {CELL_NAME=~"u_ila_0"}]
INFO: [Labtools 27-1964] The ILA core 'hw_ila_1' trigger was armed at 2025-Oct-22 02:39:40
wait_on_hw_ila [get_hw_ilas -of_objects [get_hw_devices xc7a100t_0] -filter {CELL_NAME=~"u_ila_0"}]
display_hw_ila_data [upload_hw_ila_data [get_hw_ilas -of_objects [get_hw_devices xc7a100t_0] -filter {CELL_NAME=~"u_ila_0"}]]
INFO: [Labtools 27-1966] The ILA core 'hw_ila_1' triggered at 2025-Oct-22 02:40:17
INFO: [Labtools 27-3304] ILA Waveform data saved to file /home/johnny/MPD/aquila_build/aquila_ap/aquila_ap.hw/backup/hw_ila_data_1.ila. Use Tcl command 'read_hw_ila_data' or Vivado File->Import->Import ILA Data menu item to import the previously saved data.
reset_run synth_1
INFO: [Project 1-1161] Replacing file /home/johnny/MPD/aquila_build/aquila_ap/aquila_ap.srcs/utils_1/imports/synth_1/soc_top.dcp with file /home/johnny/MPD/aquila_build/aquila_ap/aquila_ap.runs/synth_1/soc_top.dcp
launch_runs impl_1 -to_step write_bitstream -jobs 4
WARNING: [Project 1-478] Design 'synth_1' is stale and will not be used when launching 'impl_1'
[Wed Oct 22 02:46:58 2025] Launched synth_1...
Run output will be captured here: /home/johnny/MPD/aquila_build/aquila_ap/aquila_ap.runs/synth_1/runme.log
[Wed Oct 22 02:46:58 2025] Launched impl_1...
Run output will be captured here: /home/johnny/MPD/aquila_build/aquila_ap/aquila_ap.runs/impl_1/runme.log
set_property PROBES.FILE {/home/johnny/MPD/aquila_build/aquila_ap/aquila_ap.runs/impl_1/soc_top.ltx} [get_hw_devices xc7a100t_0]
set_property FULL_PROBES.FILE {/home/johnny/MPD/aquila_build/aquila_ap/aquila_ap.runs/impl_1/soc_top.ltx} [get_hw_devices xc7a100t_0]
set_property PROGRAM.FILE {/home/johnny/MPD/aquila_build/aquila_ap/aquila_ap.runs/impl_1/soc_top.bit} [get_hw_devices xc7a100t_0]
program_hw_devices [get_hw_devices xc7a100t_0]
INFO: [Labtools 27-3164] End of startup status: HIGH
refresh_hw_device [lindex [get_hw_devices xc7a100t_0] 0]
INFO: [Labtools 27-2302] Device xc7a100t (JTAG device index = 0) is programmed with a design that has 1 ILA core(s).
run_hw_ila [get_hw_ilas -of_objects [get_hw_devices xc7a100t_0] -filter {CELL_NAME=~"u_ila_0"}]
INFO: [Labtools 27-1964] The ILA core 'hw_ila_1' trigger was armed at 2025-Oct-22 03:20:11
wait_on_hw_ila [get_hw_ilas -of_objects [get_hw_devices xc7a100t_0] -filter {CELL_NAME=~"u_ila_0"}]
display_hw_ila_data [upload_hw_ila_data [get_hw_ilas -of_objects [get_hw_devices xc7a100t_0] -filter {CELL_NAME=~"u_ila_0"}]]
INFO: [Labtools 27-1966] The ILA core 'hw_ila_1' triggered at 2025-Oct-22 03:20:48
INFO: [Labtools 27-3304] ILA Waveform data saved to file /home/johnny/MPD/aquila_build/aquila_ap/aquila_ap.hw/backup/hw_ila_data_1.ila. Use Tcl command 'read_hw_ila_data' or Vivado File->Import->Import ILA Data menu item to import the previously saved data.
reset_run synth_1
INFO: [Project 1-1161] Replacing file /home/johnny/MPD/aquila_build/aquila_ap/aquila_ap.srcs/utils_1/imports/synth_1/soc_top.dcp with file /home/johnny/MPD/aquila_build/aquila_ap/aquila_ap.runs/synth_1/soc_top.dcp
launch_runs impl_1 -to_step write_bitstream -jobs 4
WARNING: [Project 1-478] Design 'synth_1' is stale and will not be used when launching 'impl_1'
[Wed Oct 22 03:23:12 2025] Launched synth_1...
Run output will be captured here: /home/johnny/MPD/aquila_build/aquila_ap/aquila_ap.runs/synth_1/runme.log
[Wed Oct 22 03:23:12 2025] Launched impl_1...
Run output will be captured here: /home/johnny/MPD/aquila_build/aquila_ap/aquila_ap.runs/impl_1/runme.log
ERROR: [Labtoolstcl 44-513] HW Target shutdown. Closing target: localhost:3121/xilinx_tcf/Digilent/210319B26E54A
